-64.596848
-64.599968
-64.609344
-64.596848
-64.584343
-64.596848
-64.599968
-64.596848
-64.596848
-64.590591
-64.584343
-64.568718
-64.590591
-64.596848
-64.590591
-64.584343
-64.590591
-64.590591
-64.578094
-64.587471
-64.612473
-64.590591
-64.599968
-64.584343
-64.574966
-64.559341
-64.574966
-64.574966
-64.581223
-64.581223
-64.587471
-64.587471
-64.596848
-64.606216
-64.596848
-64.599968
-64.584343
-64.581223
-64.590591
-64.599968
-64.596848
-64.581223
-64.596848
-64.593719
-64.587471
-64.593719
-64.568718
-64.584343
-64.596848
-64.587471
-64.584343
-64.571846
-64.574966
-64.574966
-64.593719
-64.584343
-64.603096
-64.603096
-64.596848
-64.615593
-64.603096
-64.599968
-64.593719
-64.584343
-64.599968
-64.606216
-64.609344
-64.606216
-64.609344
-64.587471
-64.596848
-64.593719
-64.596848
-64.596848
-64.596848
-64.596848
-64.603096
-64.596848
-64.599968
-64.606216
-64.599968
-64.609344
-64.603096
-64.584343
-64.565598
-64.590591
-64.574966
-64.574966
-64.603096
-64.612473
-64.624969
-64.621841
-64.587471
-64.606216
-64.599968
-64.593719
-64.596848
-64.584343
-64.568718
-64.581223
-64.574966
-64.578094
-64.568718
-64.546844
-64.556221
-64.578094
-64.556221
-64.571846
-64.578094
-64.584343
-64.590591
-64.584343
-64.584343
-64.596848
-64.593719
-64.590591
-64.606216
-64.599968
-64.593719
-64.574966
-64.571846
-64.568718
-64.574966
-64.568718
-64.565598
-64.553093
-64.556221
-64.556221
-64.556221
-64.581223
-64.593719
-64.587471
-64.587471
-64.609344
-64.596848
-64.599968
-64.593719
-64.584343
-64.581223
-64.596848
-64.612473
-64.618721
-64.618721
-64.615593
-64.603096
-64.603096
-64.599968
-64.599968
-64.609344
-64.606216
-64.603096
-64.599968
-64.587471
-64.596848
-64.578094
-64.587471
-64.599968
-64.609344
-64.609344
-64.621841
-64.628098
-64.606216
-64.603096
-64.596848
-64.612473
-64.615593
-64.603096
-64.603096
-64.603096
-64.603096
-64.593719
-64.596848
-64.568718
-64.565598
-64.553093
-64.537476
-64.556221
-64.534348
-64.537476
-64.546844
-64.540596
-64.528099
-64.524971
-64.531227
-64.534348
-64.543724
-64.553093
-64.562469
-64.565598
-64.565598
-64.565598
-64.543724
-64.528099
-64.559341
-64.562469
-64.553093
-64.556221
-64.546844
-64.546844
-64.537476
-64.546844
-64.543724
-64.546844
-64.546844
-64.546844
-64.531227
-64.549973
-64.568718
-64.556221
-64.546844
-64.549973
-64.546844
-64.540596
-64.537476
-64.518723
-64.512474
-64.540596
-64.553093
-64.543724
-64.549973
-64.553093
-64.537476
-64.559341
-64.546844
-64.537476
-64.534348
-64.534348
-64.515602
-64.528099
-64.503098
-64.515602
-64.509346
-64.496849
-64.490601
-64.496849
-64.503098
-64.524971
-64.509346
-64.518723
-64.515602
-64.531227
-64.518723
-64.521851
-64.546844
-64.546844
-64.549973
-64.521851
-64.546844
-64.518723
-64.503098
-64.524971
-64.515602
-64.537476
-64.531227
-64.524971
-64.503098
-64.528099
-64.528099
-64.509346
-64.534348
-64.521851
-64.512474
-64.528099
-64.537476
-64.512474
-64.521851
-64.506226
-64.546844
-64.531227
-64.496849
-64.518723
-64.524971
-64.531227
-64.546844
-64.540596
-64.521851
-64.509346
-64.503098
-64.490601
-64.512474
-64.499977
-64.515602
-64.509346
-64.496849
-64.490601
-64.487473
-64.484352
-64.509346
-64.487473
-64.496849
-64.512474
-64.515602
-64.499977
-64.493721
-64.506226
-64.496849
-64.506226
-64.521851
-64.531227
-64.515602
-64.509346
-64.528099
-64.528099
-64.528099
-64.540596
-64.531227
-64.512474
-64.534348
-64.537476
-64.534348
-64.537476
-64.528099
-64.512474
-64.546844
-64.524971
-64.534348
-64.524971
-64.512474
-64.537476
-64.515602
-64.528099
-64.524971
-64.546844
-64.528099
-64.546844
-64.549973
-64.543724
-64.546844
-64.543724
-64.512474
-64.521851
-64.496849
-64.512474
-64.515602
-64.521851
-64.534348
-64.546844
-64.506226
-64.528099
-64.546844
-64.549973
-64.559341
-64.556221
-64.543724
-64.559341
-64.553093
-64.546844
-64.546844
-64.549973
-64.571846
-64.562469
-64.553093
-64.568718
-64.571846
-64.568718
-64.571846
-64.565598
-64.553093
-64.546844
-64.559341
-64.565598
-64.559341
-64.562469
-64.559341
-64.556221
-64.553093
-64.553093
-64.568718
-64.565598
-64.562469
-64.549973
-64.540596
-64.540596
-64.540596
-64.537476
-64.534348
-64.546844
-64.546844
-64.537476
-64.521851
-64.515602
-64.528099
-64.506226
-64.490601
-64.493721
-64.509346
-64.512474
-64.515602
-64.506226
-64.484352
-64.493721
-64.503098
-64.496849
-64.506226
-64.493721
-64.496849
-64.512474
-64.521851
-64.528099
-64.518723
-64.537476
-64.524971
-64.524971
-64.509346
-64.521851
-64.512474
-64.506226
-64.493721
-64.474976
-64.490601
-64.493721
-64.493721
-64.515602
-64.512474
-64.503098
-64.506226
-64.528099
-64.512474
-64.499977
-64.515602
-64.509346
-64.512474
-64.515602
-64.515602
-64.521851
-64.518723
-64.509346
-64.537476
-64.534348
-64.521851
-64.503098
-64.512474
-64.528099
-64.537476
-64.534348
-64.528099
-64.534348
-64.515602
-64.540596
-64.540596
-64.534348
-64.540596
-64.524971
-64.543724
-64.546844
-64.531227
-64.515602
-64.546844
-64.556221
-64.559341
-64.556221
-64.556221
-64.546844
-64.559341
-64.568718
-64.553093
-64.559341
-64.559341
-64.553093
-64.540596
-64.531227
-64.537476
-64.518723
-64.524971
-64.515602
-64.518723
-64.509346
-64.512474
-64.521851
-64.521851
-64.528099
-64.515602
-64.521851
-64.499977
-64.515602
-64.518723
-64.521851
-64.540596
-64.540596
-64.531227
-64.556221
-64.546844
-64.531227
-64.534348
-64.549973
-64.546844
-64.524971
-64.546844
-64.537476
-64.531227
-64.534348
-64.528099
-64.543724
-64.528099
-64.534348
-64.546844
-64.546844
-64.531227
-64.534348
-64.531227
-64.528099
-64.521851
-64.509346
-64.503098
-64.506226
-64.521851
-64.528099
-64.546844
-64.540596
-64.528099
-64.546844
-64.546844
-64.546844
-64.559341
-64.537476
-64.549973
-64.559341
-64.540596
-64.546844
-64.568718
-64.565598
-64.556221
-64.562469
-64.543724
-64.549973
-64.559341
-64.553093
-64.540596
-64.546844
-64.524971
-64.543724
-64.537476
-64.549973
-64.553093
-64.540596
-64.549973
-64.546844
-64.528099
-64.540596
-64.537476
-64.543724
-64.528099
-64.518723
-64.537476
-64.534348
-64.537476
-64.540596
-64.528099
-64.521851
-64.534348
-64.496849
-64.512474
-64.509346
-64.521851
-64.496849
-64.506226
-64.531227
-64.521851
-64.524971
-64.534348
-64.515602
-64.496849
-64.512474
-64.499977
-64.534348
-64.521851
-64.521851
-64.543724
-64.540596
-64.515602
-64.540596
-64.534348
-64.524971
-64.546844
-64.521851
-64.537476
-64.546844
-64.537476
-64.540596
-64.518723
-64.509346
-64.521851
-64.496849
-64.496849
-64.503098
-64.506226
-64.496849
-64.512474
-64.503098
-64.515602
-64.518723
-64.509346
-64.518723
-64.496849
-64.487473
-64.503098
-64.509346
-64.503098
-64.503098
-64.521851
-64.531227
-64.534348
-64.512474
-64.499977
-64.512474
-64.503098
-64.493721
-64.506226
-64.490601
-64.487473
-64.499977
-64.496849
-64.503098
-64.512474
-64.518723
-64.518723
-64.512474
-64.524971
-64.531227
-64.540596
-64.540596
-64.546844
-64.540596
-64.521851
-64.534348
-64.512474
-64.503098
-64.509346
-64.515602
-64.521851
-64.524971
-64.531227
-64.521851
-64.518723
-64.537476
-64.528099
-64.531227
-64.518723
-64.531227
-64.537476
-64.528099
-64.515602
-64.503098
-64.515602
-64.559341
-64.531227
-64.543724
-64.546844
-64.546844
-64.556221
-64.549973
-64.546844
-64.531227
-64.543724
-64.549973
-64.553093
-64.556221
-64.559341
-64.568718
-64.546844
-64.562469
-64.553093
-64.534348
-64.531227
-64.521851
-64.509346
-64.496849
-64.509346
-64.534348
-64.521851
-64.515602
-64.503098
-64.543724
-64.534348
-64.549973
-64.553093
-64.549973
-64.528099
-64.546844
-64.534348
-64.549973
-64.543724
-64.540596
-64.543724
-64.534348
-64.553093
-64.540596
-64.524971
-64.521851
-64.537476
-64.553093
-64.546844
-64.528099
-64.528099
-64.528099
-64.546844
-64.562469
-64.531227
-64.546844
-64.549973
-64.559341
-64.549973
-64.531227
-64.537476
-64.543724
-64.549973
-64.543724
-64.543724
-64.521851
-64.534348
-64.556221
-64.540596
-64.546844
-64.565598
-64.549973
-64.562469
-64.546844
-64.559341
-64.571846
-64.565598
-64.543724
-64.553093
-64.540596
-64.546844
-64.559341
-64.565598
-64.568718
-64.571846
-64.565598
-64.581223
-64.562469
-64.556221
-64.546844
-64.559341
-64.574966
-64.578094
-64.568718
-64.562469
-64.571846
-64.568718
-64.571846
-64.574966
-64.568718
-64.556221
-64.571846
-64.543724
-64.549973
-64.590591
-64.578094
-64.596848
-64.590591
-64.584343
-64.559341
-64.546844
-64.556221
-64.553093
-64.546844
-64.549973
-64.553093
-64.559341
-64.540596
-64.553093
-64.546844
-64.537476
-64.546844
-64.528099
-64.506226
-64.537476
-64.534348
-64.524971
-64.531227
-64.512474
-64.540596
-64.531227
-64.509346
-64.531227
-64.534348
-64.534348
-64.528099
-64.537476
-64.521851
-64.515602
-64.496849
-64.521851
-64.521851
-64.509346
-64.503098
-64.518723
-64.515602
-64.521851
-64.518723
-64.503098
-64.496849
-64.506226
-64.506226
-64.512474
-64.493721
-64.496849
-64.515602
-64.484352
-64.496849
-64.499977
-64.496849
-64.531227
-64.543724
-64.543724
-64.543724
-64.556221
-64.549973
-64.556221
-64.574966
-64.578094
-64.571846
-64.559341
-64.559341
-64.578094
-64.578094
-64.565598
-64.565598
-64.546844
-64.553093
-64.549973
-64.565598
-64.559341
-64.565598
-64.556221
-64.546844
-64.553093
-64.543724
-64.537476
-64.543724
-64.534348
-64.528099
-64.531227
-64.524971
-64.543724
-64.549973
-64.540596
-64.562469
-64.565598
-64.562469
-64.562469
-64.528099
-64.543724
-64.546844
-64.537476
-64.521851
-64.531227
-64.515602
-64.521851
-64.528099
-64.512474
-64.506226
-64.490601
-64.481224
-64.499977
-64.515602
-64.528099
-64.506226
-64.503098
-64.521851
-64.518723
-64.518723
-64.518723
-64.515602
-64.496849
-64.490601
-64.499977
-64.509346
-64.521851
-64.509346
-64.493721
-64.499977
-64.515602
-64.490601
-64.493721
-64.496849
-64.496849
-64.496849
-64.496849
-64.524971
-64.524971
-64.521851
-64.509346
-64.499977
-64.506226
-64.506226
-64.499977
-64.512474
-64.515602
-64.512474
-64.506226
-64.524971
-64.503098
-64.499977
-64.503098
-64.484352
-64.484352
-64.534348
-64.515602
-64.540596
-64.528099
-64.512474
-64.524971
-64.506226
-64.531227
-64.524971
-64.521851
-64.496849
-64.506226
-64.509346
-64.515602
-64.509346
-64.496849
-64.499977
-64.515602
-64.493721
-64.496849
-64.490601
-64.493721
-64.484352
-64.509346
-64.499977
-64.503098
-64.521851
-64.506226
-64.499977
-64.499977
-64.496849
-64.518723
-64.496849
-64.509346
-64.531227
-64.531227
-64.518723
-64.537476
-64.496849
-64.518723
-64.506226
-64.499977
-64.506226
-64.512474
-64.496849
-64.512474
-64.521851
-64.521851
-64.518723
-64.524971
-64.509346
-64.503098
-64.499977
-64.490601
-64.496849
-64.496849
-64.493721
-64.493721
-64.496849
-64.484352
-64.481224
-64.484352
-64.487473
-64.484352
-64.484352
-64.493721
-64.490601
-64.481224
-64.503098
-64.496849
-64.512474
-64.512474
-64.493721
-64.493721
-64.490601
-64.487473
-64.496849
-64.484352
-64.490601
-64.487473
-64.506226
-64.518723
-64.518723
-64.540596
-64.531227
-64.546844
-64.553093
-64.528099
-64.531227
-64.506226
-64.496849
-64.512474
-64.531227
-64.524971
-64.496849
-64.509346
-64.509346
-64.503098
-64.503098
-64.512474
-64.506226
-64.546844
-64.534348
-64.512474
-64.506226
-64.512474
-64.515602
-64.493721
-64.496849
-64.484352
-64.468727
-64.484352
-64.465599
-64.449974
-64.459351
-64.446854
-64.471848
-64.478096
-64.462471
-64.496849
-64.462471
-64.471848
-64.503098
-64.503098
-64.509346
-64.515602
-64.509346
-64.496849
-64.521851
-64.509346
-64.499977
-64.496849
-64.493721
-64.493721
-64.484352
-64.493721
-64.515602
-64.509346
-64.518723
-64.524971
-64.524971
-64.528099
-64.524971
-64.531227
-64.509346
-64.528099
-64.518723
-64.543724
-64.546844
-64.546844
-64.537476
-64.562469
-64.556221
-64.546844
-64.546844
-64.540596
-64.540596
-64.540596
-64.521851
-64.509346
-64.528099
-64.503098
-64.521851
-64.515602
-64.496849
-64.512474
-64.521851
-64.515602
-64.534348
-64.521851
-64.540596
-64.540596
-64.537476
-64.534348
-64.540596
-64.509346
-64.512474
-64.524971
-64.518723
-64.528099
-64.521851
-64.534348
-64.512474
-64.503098
-64.503098
-64.543724
-64.521851
-64.512474
-64.531227
-64.528099
-64.537476
-64.524971
-64.503098
-64.506226
-64.521851
-64.506226
-64.515602
-64.521851
-64.524971
-64.512474
-64.534348
-64.531227
-64.540596
-64.531227
-64.518723
-64.518723
-64.518723
-64.528099
-64.543724
-64.534348
-64.534348
-64.543724
-64.546844
-64.546844
-64.543724
-64.524971
-64.506226
-64.503098
-64.503098
-64.496849
-64.506226
-64.509346
-64.503098
-64.509346
-64.503098
-64.515602
-64.509346
-64.496849
-64.512474
-64.515602
-64.509346
-64.509346
-64.512474
-64.518723
-64.528099
-64.515602
-64.537476
-64.521851
-64.509346
-64.512474
-64.509346
-64.518723
-64.509346
-64.512474
-64.496849
-64.499977
-64.496849
-64.499977
-64.518723
-64.506226
-64.503098
-64.534348
-64.521851
-64.518723
-64.528099
-64.521851
-64.537476
-64.509346
-64.506226
-64.496849
-64.490601
-64.481224
-64.493721
-64.496849
-64.468727
-64.487473
-64.512474
-64.506226
-64.512474
-64.503098
-64.512474
-64.518723
-64.503098
-64.503098
-64.509346
-64.490601
-64.462471
-64.471848
-64.459351
-64.481224
-64.487473
-64.481224
-64.496849
-64.503098
-64.518723
-64.515602
-64.518723
-64.503098
-64.509346
-64.499977
-64.518723
-64.490601
-64.478096
-64.503098
-64.503098
-64.503098
-64.496849
-64.496849
-64.496849
-64.518723
-64.528099
-64.518723
-64.509346
-64.515602
-64.471848
-64.481224
-64.446854
-64.465599
-64.468727
-64.478096
-64.493721
-64.503098
-64.496849
-64.478096
-64.468727
-64.465599
-64.481224
-64.481224
-64.487473
-64.490601
-64.449974
-64.468727
-64.471848
-64.465599
-64.456223
-64.484352
-64.468727
-64.490601
-64.449974
-64.459351
-64.446854
-64.453102
-64.437477
-64.434357
-64.421852
-64.42498
-64.431229
-64.446854
-64.431229
-64.440605
-64.434357
-64.434357
-64.456223
-64.459351
-64.453102
-64.437477
-64.437477
-64.449974
-64.474976
-64.474976
-64.462471
-64.490601
-64.490601
-64.496849
-64.499977
-64.493721
-64.481224
-64.471848
-64.449974
-64.468727
-64.468727
-64.465599
-64.453102
-64.456223
-64.446854
-64.446854
-64.446854
-64.446854
-64.456223
-64.462471
-64.481224
-64.468727
-64.474976
-64.468727
-64.487473
-64.481224
-64.465599
-64.471848
-64.471848
-64.474976
-64.468727
-64.471848
-64.471848
-64.471848
-64.446854
-64.456223
-64.456223
-64.437477
-64.471848
-64.449974
-64.474976
-64.474976
-64.446854
-64.484352
-64.474976
-64.456223
-64.456223
-64.443726
-64.437477
-64.449974
-64.446854
-64.446854
-64.465599
-64.449974
-64.456223
-64.449974
-64.449974
-64.449974
-64.468727
-64.453102
-64.462471
-64.453102
-64.434357
-64.446854
-64.453102
-64.468727
-64.474976
-64.474976
-64.465599
-64.503098
-64.490601
-64.478096
-64.484352
-64.471848
-64.456223
-64.456223
-64.449974
-64.449974
-64.453102
-64.443726
-64.459351
-64.453102
-64.437477
-64.456223
-64.446854
-64.446854
-64.443726
-64.434357
-64.42498
-64.453102
-64.446854
-64.471848
-64.496849
-64.493721
-64.471848
-64.490601
-64.471848
-64.490601
-64.484352
-64.478096
-64.487473
-64.490601
-64.478096
-64.471848
-64.484352
-64.462471
-64.468727
-64.462471
-64.465599
-64.459351
-64.440605
-64.446854
-64.443726
-64.434357
-64.437477
-64.446854
-64.453102
-64.437477
-64.431229
-64.434357
-64.434357
-64.446854
-64.437477
-64.449974
-64.465599
-64.453102
-64.446854
-64.453102
-64.465599
-64.437477
-64.42498
-64.418732
-64.443726
-64.428101
-64.421852
-64.434357
-64.446854
-64.443726
-64.443726
-64.421852
-64.412476
-64.406227
-64.412476
-64.409355
-64.406227
-64.42498
-64.437477
-64.434357
-64.428101
-64.428101
-64.434357
-64.440605
-64.453102
-64.446854
-64.456223
-64.459351
-64.462471
-64.474976
-64.481224
-64.449974
-64.471848
-64.481224
-64.446854
-64.459351
-64.449974
-64.431229
-64.440605
-64.449974
-64.440605
-64.453102
-64.449974
-64.465599
-64.487473
-64.471848
-64.481224
-64.481224
-64.478096
-64.456223
-64.459351
-64.465599
-64.481224
-64.474976
-64.468727
-64.468727
-64.456223
-64.446854
-64.462471
-64.456223
-64.468727
-64.462471
-64.459351
-64.474976
-64.478096
-64.468727
-64.453102
-64.471848
-64.465599
-64.465599
-64.449974
-64.431229
-64.453102
-64.459351
-64.462471
-64.465599
-64.462471
-64.449974
-64.471848
-64.487473
-64.487473
-64.490601
-64.496849
-64.506226
-64.506226
-64.518723
-64.515602
-64.521851
-64.506226
-64.534348
-64.512474
-64.515602
-64.537476
-64.528099
-64.521851
-64.521851
-64.503098
-64.503098
-64.499977
-64.509346
-64.496849
-64.512474
-64.496849
-64.468727
-64.481224
-64.493721
-64.503098
-64.509346
-64.509346
-64.534348
-64.534348
-64.518723
-64.524971
-64.537476
-64.531227
-64.518723
-64.499977
-64.490601
-64.506226
-64.499977
-64.481224
-64.478096
-64.481224
-64.484352
-64.484352
-64.487473
-64.496849
-64.512474
-64.503098
-64.496849
-64.503098
-64.499977
-64.499977
-64.496849
-64.490601
-64.512474
-64.518723
-64.496849
-64.496849
-64.506226
-64.503098
-64.496849
-64.493721
-64.524971
-64.528099
-64.528099
-64.509346
-64.524971
-64.518723
-64.534348
-64.524971
-64.515602
-64.524971
-64.499977
-64.496849
-64.496849
-64.465599
-64.503098
-64.506226
-64.496849
-64.503098
-64.515602
-64.499977
-64.493721
-64.524971
-64.481224
-64.484352
-64.474976
-64.496849
-64.490601
-64.471848
-64.446854
-64.446854
-64.459351
-64.456223
-64.453102
-64.459351
-64.459351
-64.456223
-64.487473
-64.462471
-64.453102
-64.453102
-64.449974
-64.474976
-64.484352
-64.499977
-64.490601
-64.468727
-64.453102
-64.453102
-64.453102
-64.493721
-64.484352
-64.465599
-64.468727
-64.468727
-64.462471
-64.465599
-64.478096
-64.481224
-64.487473
-64.484352
-64.484352
-64.490601
-64.474976
-64.496849
-64.493721
-64.478096
-64.493721
-64.496849
-64.487473
-64.490601
-64.481224
-64.484352
-64.496849
-64.515602
-64.496849
-64.506226
-64.521851
-64.521851
-64.531227
-64.540596
-64.521851
-64.546844
-64.528099
-64.521851
-64.534348
-64.524971
-64.531227
-64.534348
-64.531227
-64.534348
-64.534348
-64.528099
-64.546844
-64.534348
-64.537476
-64.549973
-64.546844
-64.537476
-64.540596
-64.553093
-64.556221
-64.546844
-64.556221
-64.565598
-64.596848
-64.574966
-64.593719
-64.596848
-64.590591
-64.571846
-64.546844
-64.534348
-64.543724
-64.553093
-64.559341
-64.559341
-64.556221
-64.565598
-64.559341
-64.562469
-64.571846
-64.587471
-64.565598
-64.562469
-64.571846
-64.559341
-64.549973
-64.578094
-64.571846
-64.565598
-64.556221
-64.549973
-64.559341
-64.565598
-64.565598
-64.596848
-64.581223
-64.587471
-64.578094
-64.596848
-64.584343
-64.596848
-64.581223
-64.612473
-64.593719
-64.599968
-64.609344
-64.596848
-64.574966
-64.615593
-64.634346
-64.628098
-64.640594
-64.640594
-64.643723
-64.646843
-64.646843
-64.637466
-64.640594
-64.609344
-64.621841
-64.628098
-64.621841
-64.628098
-64.628098
-64.646843
-64.646843
-64.631218
-64.596848
-64.596848
-64.562469
-64.543724
-64.556221
-64.587471
-64.584343
-64.593719
-64.593719
-64.584343
-64.621841
-64.609344
-64.618721
-64.603096
-64.581223
-64.587471
-64.593719
-64.559341
-64.568718
-64.565598
-64.574966
-64.565598
-64.568718
-64.596848
-64.590591
-64.596848
-64.584343
-64.596848
-64.581223
-64.593719
-64.578094
-64.587471
-64.562469
-64.571846
-64.556221
-64.587471
-64.578094
-64.559341
-64.578094
-64.596848
-64.571846
-64.581223
-64.565598
-64.549973
-64.571846
-64.556221
-64.565598
-64.556221
-64.553093
-64.543724
-64.553093
-64.534348
-64.553093
-64.559341
-64.546844
-64.528099
-64.556221
-64.521851
-64.540596
-64.515602
-64.512474
-64.521851
-64.509346
-64.518723
-64.546844
-64.559341
-64.549973
-64.565598
-64.546844
-64.546844
-64.546844
-64.546844
-64.571846
-64.587471
-64.584343
-64.578094
-64.584343
-64.574966
-64.584343
-64.553093
-64.553093
-64.568718
-64.571846
-64.568718
-64.587471
-64.596848
-64.596848
-64.593719
-64.584343
-64.574966
-64.590591
-64.571846
-64.578094
-64.593719
-64.587471
-64.578094
-64.562469
-64.565598
-64.546844
-64.553093
-64.553093
-64.543724
-64.546844
-64.543724
-64.546844
-64.540596
-64.571846
-64.596848
-64.596848
-64.596848
-64.596848
-64.587471
-64.565598
-64.556221
-64.571846
-64.584343
-64.590591
-64.584343
-64.596848
-64.587471
-64.571846
-64.581223
-64.571846
-64.556221
-64.568718
-64.553093
-64.574966
-64.565598
-64.578094
-64.581223
-64.562469
-64.584343
-64.584343
-64.565598
-64.562469
-64.587471
-64.581223
-64.574966
-64.596848
-64.609344
-64.596848
-64.593719
-64.606216
-64.571846
-64.574966
-64.553093
-64.540596
-64.568718
-64.546844
-64.543724
-64.546844
-64.521851
-64.509346
-64.506226
-64.471848
-64.487473
-64.484352
-64.446854
-64.471848
-64.471848
-64.453102
-64.449974
-64.443726
-64.428101
-64.412476
-64.403107
-64.39373
-64.387482
-64.384354
-64.406227
-64.390602
-64.396851
-64.399979
-64.390602
-64.378105
-64.374977
-64.340607
-64.353104
-64.340607
-64.346855
-64.334358
-64.340607
-64.353104
-64.343735
-64.353104
-64.343735
-64.356232
-64.346855
-64.337486
-64.353104
-64.346855
-64.324982
-64.334358
-64.337486
-64.309357
-64.29686
-64.29686
-64.29686
-64.309357
-64.29686
-64.306236
-64.318733
-64.324982
-64.306236
-64.281235
-64.29998
-64.284355
-64.284355
-64.284355
-64.271858
-64.259361
-64.262482
-64.278107
-64.26873
-64.278107
-64.29686
-64.293732
-64.274986
-64.281235
-64.303108
-64.312485
-64.287483
-64.284355
-64.271858
-64.306236
-64.303108
-64.309357
-64.318733
-64.321861
-64.321861
-64.324982
-64.306236
-64.318733
-64.303108
-64.303108
-64.309357
-64.321861
-64.318733
-64.324982
-64.334358
-64.321861
-64.343735
-64.340607
-64.353104
-64.365601
-64.371857
-64.368729
-64.346855
-64.349976
-64.36248
-64.353104
-64.349976
-64.368729
-64.340607
-64.32811
-64.32811
-64.32811
-64.346855
-64.353104
-64.33123
-64.353104
-64.346855
-64.346855
-64.36248
-64.368729
-64.359352
-64.371857
-64.371857
-64.353104
-64.356232
-64.346855
-64.337486
-64.356232
-64.356232
-64.356232
-64.371857
-64.381226
-64.359352
-64.353104
-64.353104
-64.374977
-64.374977
-64.371857
-64.368729
-64.384354
-64.365601
-64.346855
-64.346855
-64.33123
-64.32811
-64.334358
-64.346855
-64.371857
-64.374977
-64.371857
-64.365601
-64.356232
-64.356232
-64.353104
-64.346855
-64.36248
-64.365601
-64.368729
-64.378105
-64.368729
-64.365601
-64.384354
-64.374977
-64.36248
-64.359352
-64.368729
-64.36248
-64.365601
-64.390602
-64.396851
-64.374977
-64.384354
-64.381226
-64.396851
-64.39373
-64.378105
-64.396851
-64.353104
-64.346855
-64.359352
-64.346855
-64.353104
-64.349976
-64.356232
-64.346855
-64.346855
-64.334358
-64.346855
-64.33123
-64.315605
-64.309357
-64.290611
-64.284355
-64.29686
-64.29998
-64.321861
-64.337486
-64.334358
-64.353104
-64.359352
-64.359352
-64.365601
-64.378105
-64.346855
-64.356232
-64.356232
-64.356232
-64.368729
-64.346855
-64.346855
-64.356232
-64.365601
-64.378105
-64.384354
-64.384354
-64.374977
-64.387482
-64.368729
-64.368729
-64.378105
-64.384354
-64.371857
-64.378105
-64.365601
-64.374977
-64.356232
-64.356232
-64.368729
-64.371857
-64.374977
-64.396851
-64.39373
-64.381226
-64.381226
-64.39373
-64.36248
-64.39373
-64.390602
-64.387482
-64.396851
-64.387482
-64.396851
-64.399979
-64.415604
-64.396851
-64.368729
-64.371857
-64.368729
-64.359352
-64.353104
-64.337486
-64.353104
-64.378105
-64.371857
-64.359352
-64.365601
-64.39373
-64.409355
-64.399979
-64.421852
-64.387482
-64.415604
-64.403107
-64.396851
-64.403107
-64.387482
-64.359352
-64.371857
-64.390602
-64.39373
-64.396851
-64.387482
-64.396851
-64.381226
-64.378105
-64.39373
-64.39373
-64.378105
-64.371857
-64.365601
-64.387482
-64.399979
-64.406227
-64.396851
-64.412476
-64.406227
-64.403107
-64.396851
-64.409355
-64.403107
-64.412476
-64.418732
-64.431229
-64.434357
-64.443726
-64.440605
-64.440605
-64.428101
-64.446854
-64.428101
-64.42498
-64.443726
-64.428101
-64.421852
-64.431229
-64.437477
-64.443726
-64.443726
-64.462471
-64.449974
-64.449974
-64.428101
-64.437477
-64.428101
-64.443726
-64.440605
-64.428101
-64.409355
-64.42498
-64.39373
-64.403107
-64.39373
-64.409355
-64.406227
-64.409355
-64.403107
-64.39373
-64.39373
-64.390602
-64.387482
-64.387482
-64.396851
-64.396851
-64.39373
-64.396851
-64.384354
-64.371857
-64.359352
-64.374977
-64.356232
-64.346855
-64.368729
-64.356232
-64.356232
-64.343735
-64.36248
-64.349976
-64.353104
-64.32811
-64.315605
-64.346855
-64.324982
-64.33123
-64.315605
-64.318733
-64.312485
-64.334358
-64.32811
-64.306236
-64.334358
-64.309357
-64.33123
-64.334358
-64.340607
-64.324982
-64.309357
-64.312485
-64.321861
-64.346855
-64.32811
-64.343735
-64.36248
-64.346855
-64.349976
-64.340607
-64.315605
-64.318733
-64.306236
-64.321861
-64.312485
-64.312485
-64.315605
-64.29686
-64.32811
-64.324982
-64.334358
-64.32811
-64.324982
-64.315605
-64.346855
-64.33123
-64.32811
-64.315605
-64.309357
-64.290611
-64.29686
-64.29686
-64.29686
-64.287483
-64.318733
-64.321861
-64.334358
-64.334358
-64.340607
-64.334358
-64.346855
-64.32811
-64.340607
-64.33123
-64.315605
-64.312485
-64.312485
-64.343735
-64.356232
-64.324982
-64.324982
-64.315605
-64.281235
-64.274986
-64.278107
-64.274986
-64.29686
-64.290611
-64.29686
-64.29998
-64.29998
-64.284355
-64.290611
-64.281235
-64.284355
-64.306236
-64.303108
-64.324982
-64.309357
-64.29686
-64.29686
-64.321861
-64.309357
-64.303108
-64.309357
-64.306236
-64.324982
-64.318733
-64.334358
-64.321861
-64.32811
-64.33123
-64.340607
-64.340607
-64.346855
-64.346855
-64.343735
-64.353104
-64.337486
-64.349976
-64.353104
-64.346855
-64.346855
-64.378105
-64.356232
-64.334358
-64.318733
-64.312485
-64.309357
-64.321861
-64.318733
-64.312485
-64.324982
-64.321861
-64.324982
-64.33123
-64.303108
-64.32811
-64.315605
-64.32811
-64.33123
-64.318733
-64.321861
-64.309357
-64.315605
-64.29998
-64.29686
-64.287483
-64.290611
-64.309357
-64.318733
-64.315605
-64.32811
-64.318733
-64.32811
-64.343735
-64.346855
-64.343735
-64.32811
-64.309357
-64.324982
-64.318733
-64.29686
-64.309357
-64.318733
-64.33123
-64.33123
-64.315605
-64.318733
-64.337486
-64.312485
-64.32811
-64.334358
-64.343735
-64.340607
-64.340607
-64.321861
-64.334358
-64.318733
-64.324982
-64.33123
-64.324982
-64.309357
-64.318733
-64.315605
-64.340607
-64.334358
-64.321861
-64.33123
-64.343735
-64.32811
-64.33123
-64.337486
-64.337486
-64.334358
-64.318733
-64.306236
-64.321861
-64.309357
-64.318733
-64.33123
-64.309357
-64.315605
-64.318733
-64.29686
-64.303108
-64.306236
-64.293732
-64.309357
-64.315605
-64.303108
-64.318733
-64.315605
-64.324982
-64.324982
-64.318733
-64.306236
-64.303108
-64.309357
-64.312485
-64.337486
-64.318733
-64.343735
-64.359352
-64.340607
-64.346855
-64.346855
-64.32811
-64.346855
-64.343735
-64.340607
-64.353104
-64.356232
-64.346855
-64.346855
-64.359352
-64.340607
-64.340607
-64.349976
-64.353104
-64.371857
-64.359352
-64.359352
-64.343735
-64.334358
-64.33123
-64.32811
-64.309357
-64.29686
-64.318733
-64.32811
-64.321861
-64.306236
-64.33123
-64.324982
-64.32811
-64.309357
-64.33123
-64.32811
-64.33123
-64.365601
-64.371857
-64.356232
-64.353104
-64.346855
-64.346855
-64.346855
-64.340607
-64.340607
-64.346855
-64.33123
-64.321861
-64.343735
-64.318733
-64.321861
-64.318733
-64.32811
-64.318733
-64.303108
-64.29998
-64.29998
-64.29686
-64.281235
-64.312485
-64.303108
-64.309357
-64.315605
-64.306236
-64.321861
-64.324982
-64.312485
-64.29686
-64.293732
-64.29998
-64.318733
-64.315605
-64.29998
-64.29998
-64.303108
-64.315605
-64.315605
-64.309357
-64.312485
-64.293732
-64.29686
-64.29686
-64.312485
-64.29686
-64.315605
-64.340607
-64.337486
-64.32811
-64.337486
-64.334358
-64.353104
-64.36248
-64.365601
-64.346855
-64.346855
-64.340607
-64.346855
-64.324982
-64.321861
-64.346855
-64.346855
-64.343735
-64.346855
-64.343735
-64.346855
-64.324982
-64.337486
-64.312485
-64.32811
-64.318733
-64.309357
-64.324982
-64.321861
-64.337486
-64.32811
-64.318733
-64.318733
-64.312485
-64.346855
-64.346855
-64.346855
-64.356232
-64.353104
-64.346855
-64.32811
-64.306236
-64.32811
-64.334358
-64.32811
-64.321861
-64.321861
-64.33123
-64.346855
-64.356232
-64.33123
-64.334358
-64.334358
-64.321861
-64.315605
-64.32811
-64.346855
-64.340607
-64.334358
-64.33123
-64.343735
-64.346855
-64.32811
-64.337486
-64.33123
-64.337486
-64.33123
-64.321861
-64.318733
-64.324982
-64.324982
-64.32811
-64.337486
-64.29686
-64.312485
-64.321861
-64.309357
-64.318733
-64.315605
-64.334358
-64.346855
-64.346855
-64.349976
-64.359352
-64.318733
-64.309357
-64.324982
-64.321861
-64.321861
-64.318733
-64.306236
-64.321861
-64.318733
-64.312485
-64.309357
-64.29998
-64.29686
-64.29686
-64.303108
-64.318733
-64.306236
-64.29998
-64.321861
-64.312485
-64.32811
-64.340607
-64.334358
-64.340607
-64.346855
-64.33123
-64.334358
-64.334358
-64.32811
-64.318733
-64.321861
-64.324982
-64.32811
-64.315605
-64.318733
-64.324982
-64.318733
-64.312485
-64.29998
-64.293732
-64.29686
-64.287483
-64.293732
-64.281235
-64.274986
-64.259361
-64.26561
-64.262482
-64.284355
-64.284355
-64.278107
-64.274986
-64.259361
-64.284355
-64.26561
-64.259361
-64.256233
-64.262482
-64.26561
-64.284355
-64.278107
-64.29686
-64.293732
-64.271858
-64.284355
-64.29686
-64.287483
-64.29998
-64.29686
-64.29686
-64.324982
-64.309357
-64.29686
-64.290611
-64.29998
-64.312485
-64.312485
-64.303108
-64.293732
-64.309357
-64.32811
-64.324982
-64.334358
-64.318733
-64.334358
-64.32811
-64.334358
-64.324982
-64.337486
-64.29998
-64.315605
-64.312485
-64.324982
-64.343735
-64.346855
-64.324982
-64.346855
-64.349976
-64.353104
-64.359352
-64.356232
-64.334358
-64.346855
-64.346855
-64.346855
-64.346855
-64.346855
-64.340607
-64.368729
-64.353104
-64.343735
-64.353104
-64.346855
-64.346855
-64.346855
-64.353104
-64.349976
-64.321861
-64.318733
-64.324982
-64.32811
-64.318733
-64.346855
-64.337486
-64.321861
-64.32811
-64.321861
-64.334358
-64.337486
-64.32811
-64.33123
-64.337486
-64.33123
-64.33123
-64.321861
-64.315605
-64.315605
-64.318733
-64.318733
-64.346855
-64.312485
-64.334358
-64.33123
-64.33123
-64.309357
-64.309357
-64.318733
-64.303108
-64.29686
-64.29686
-64.318733
-64.29686
-64.290611
-64.29686
-64.284355
-64.281235
-64.293732
-64.284355
-64.309357
-64.306236
-64.312485
-64.29686
-64.324982
-64.315605
-64.306236
-64.293732
-64.29686
-64.29686
-64.29686
-64.290611
-64.290611
-64.281235
-64.281235
-64.278107
-64.262482
-64.274986
-64.29686
-64.315605
-64.315605
-64.309357
-64.334358
-64.340607
-64.346855
-64.340607
-64.346855
-64.36248
-64.359352
-64.359352
-64.346855
-64.340607
-64.340607
-64.346855
-64.346855
-64.340607
-64.36248
-64.353104
-64.346855
-64.356232
-64.346855
-64.349976
-64.337486
-64.343735
-64.343735
-64.32811
-64.306236
-64.324982
-64.309357
-64.33123
-64.340607
-64.324982
-64.32811
-64.343735
-64.334358
-64.315605
-64.337486
-64.337486
-64.324982
-64.324982
-64.321861
-64.321861
-64.32811
-64.340607
-64.337486
-64.303108
-64.306236
-64.324982
-64.334358
-64.318733
-64.303108
-64.312485
-64.312485
-64.309357
-64.312485
-64.321861
-64.309357
-64.321861
-64.33123
-64.324982
-64.324982
-64.321861
-64.309357
-64.334358
-64.321861
-64.324982
-64.32811
-64.343735
-64.318733
-64.303108
-64.312485
-64.29998
-64.309357
-64.303108
-64.29686
-64.312485
-64.306236
-64.315605
-64.33123
-64.349976
-64.356232
-64.343735
-64.343735
-64.346855
-64.371857
-64.368729
-64.374977
-64.387482
-64.371857
-64.343735
-64.343735
-64.334358
-64.306236
-64.32811
-64.32811
-64.33123
-64.346855
-64.340607
-64.33123
-64.324982
-64.32811
-64.353104
-64.32811
-64.356232
-64.353104
-64.337486
-64.346855
-64.343735
-64.334358
-64.346855
-64.349976
-64.36248
-64.356232
-64.346855
-64.353104
-64.353104
-64.353104
-64.33123
-64.343735
-64.346855
-64.33123
-64.343735
-64.340607
-64.343735
-64.321861
-64.334358
-64.346855
-64.346855
-64.356232
-64.378105
-64.387482
-64.359352
-64.371857
-64.365601
-64.356232
-64.356232
-64.353104
-64.359352
-64.390602
-64.381226
-64.365601
-64.381226
-64.353104
-64.359352
-64.346855
-64.343735
-64.368729
-64.365601
-64.365601
-64.368729
-64.378105
-64.374977
-64.374977
-64.36248
-64.359352
-64.349976
-64.36248
-64.346855
-64.356232
-64.359352
-64.365601
-64.36248
-64.359352
-64.356232
-64.346855
-64.334358
-64.353104
-64.365601
-64.36248
-64.356232
-64.334358
-64.346855
-64.36248
-64.378105
-64.374977
-64.371857
-64.368729
-64.359352
-64.374977
-64.359352
-64.349976
-64.365601
-64.384354
-64.39373
-64.39373
-64.359352
-64.343735
-64.36248
-64.334358
-64.346855
-64.365601
-64.359352
-64.378105
-64.356232
-64.346855
-64.349976
-64.356232
-64.349976
-64.36248
-64.340607
-64.359352
-64.359352
-64.356232
-64.371857
-64.365601
-64.374977
-64.384354
-64.390602
-64.403107
-64.390602
-64.390602
-64.403107
-64.406227
-64.409355
-64.381226
-64.390602
-64.403107
-64.387482
-64.396851
-64.368729
-64.384354
-64.371857
-64.353104
-64.378105
-64.396851
-64.399979
-64.374977
-64.387482
-64.390602
-64.384354
-64.378105
-64.365601
-64.384354
-64.390602
-64.378105
-64.384354
-64.381226
-64.384354
-64.371857
-64.365601
-64.387482
-64.384354
-64.374977
-64.381226
-64.365601
-64.36248
-64.390602
-64.396851
-64.381226
-64.409355
-64.399979
-64.399979
-64.42498
-64.399979
-64.396851
-64.421852
-64.399979
-64.396851
-64.381226
-64.381226
-64.399979
-64.396851
-64.387482
-64.399979
-64.39373
-64.374977
-64.381226
-64.378105
-64.368729
-64.359352
-64.365601
-64.356232
-64.359352
-64.387482
-64.365601
-64.387482
-64.365601
-64.374977
-64.374977
-64.384354
-64.406227
-64.409355
-64.374977
-64.384354
-64.39373
-64.384354
-64.384354
-64.396851
-64.381226
-64.381226
-64.39373
-64.368729
-64.390602
-64.387482
-64.365601
-64.353104
-64.356232
-64.359352
-64.378105
-64.36248
-64.378105
-64.368729
-64.346855
-64.356232
-64.359352
-64.340607
-64.378105
-64.384354
-64.381226
-64.384354
-64.384354
-64.381226
-64.387482
-64.390602
-64.403107
-64.390602
-64.387482
-64.390602
-64.390602
-64.396851
-64.39373
-64.415604
-64.403107
-64.403107
-64.390602
-64.365601
-64.368729
-64.384354
-64.387482
-64.396851
-64.406227
-64.403107
-64.412476
-64.384354
-64.371857
-64.396851
-64.409355
-64.396851
-64.396851
-64.365601
-64.365601
-64.378105
-64.390602
-64.374977
-64.36248
-64.359352
-64.384354
-64.365601
-64.387482
-64.378105
-64.365601
-64.374977
-64.381226
-64.396851
-64.399979
-64.406227
-64.396851
-64.403107
-64.412476
-64.396851
-64.374977
-64.384354
-64.387482
-64.387482
-64.387482
-64.368729
-64.371857
-64.365601
-64.371857
-64.387482
-64.378105
-64.396851
-64.39373
-64.418732
-64.412476
-64.421852
-64.418732
-64.418732
-64.421852
-64.39373
-64.39373
-64.412476
-64.39373
-64.399979
-64.403107
-64.39373
-64.390602
-64.384354
-64.39373
-64.384354
-64.378105
-64.378105
-64.403107
-64.390602
-64.396851
-64.396851
-64.396851
-64.418732
-64.42498
-64.409355
-64.384354
-64.396851
-64.396851
-64.378105
-64.378105
-64.378105
-64.378105
-64.381226
-64.36248
-64.384354
-64.368729
-64.378105
-64.381226
-64.365601
-64.371857
-64.381226
-64.346855
-64.384354
-64.39373
-64.368729
-64.378105
-64.384354
-64.403107
-64.421852
-64.406227
-64.431229
-64.418732
-64.406227
-64.42498
-64.42498
-64.446854
-64.440605
-64.446854
-64.437477
-64.443726
-64.443726
-64.415604
-64.421852
-64.418732
-64.399979
-64.421852
-64.431229
-64.446854
-64.471848
-64.468727
-64.446854
-64.446854
-64.42498
-64.434357
-64.42498
-64.42498
-64.42498
-64.446854
-64.449974
-64.440605
-64.446854
-64.428101
-64.412476
-64.418732
-64.421852
-64.403107
-64.406227
-64.434357
-64.431229
-64.434357
-64.421852
-64.421852
-64.437477
-64.428101
-64.446854
-64.446854
-64.42498
-64.421852
-64.406227
-64.418732
-64.440605
-64.42498
-64.428101
-64.415604
-64.418732
-64.428101
-64.396851
-64.387482
-64.399979
-64.390602
-64.387482
-64.39373
-64.415604
-64.384354
-64.403107
-64.39373
-64.396851
-64.396851
-64.399979
-64.384354
-64.390602
-64.390602
-64.381226
-64.371857
-64.371857
-64.374977
-64.378105
-64.378105
-64.378105
-64.368729
-64.390602
-64.384354
-64.384354
-64.396851
-64.403107
-64.399979
-64.403107
-64.403107
-64.396851
-64.406227
-64.437477
-64.428101
-64.431229
-64.421852
-64.421852
-64.403107
-64.396851
-64.384354
-64.399979
-64.399979
-64.396851
-64.396851
-64.406227
-64.428101
-64.406227
-64.412476
-64.396851
-64.412476
-64.39373
-64.387482
-64.371857
-64.353104
-64.356232
-64.356232
-64.356232
-64.371857
-64.359352
-64.368729
-64.390602
-64.374977
-64.399979
-64.412476
-64.415604
-64.409355
-64.418732
-64.418732
-64.415604
-64.443726
-64.437477
-64.418732
-64.412476
-64.403107
-64.418732
-64.399979
-64.399979
-64.396851
-64.368729
-64.378105
-64.378105
-64.39373
-64.39373
-64.399979
-64.387482
-64.406227
-64.387482
-64.409355
-64.399979
-64.403107
-64.378105
-64.381226
-64.39373
-64.365601
-64.399979
-64.390602
-64.378105
-64.387482
-64.387482
-64.378105
-64.378105
-64.368729
-64.371857
-64.359352
-64.371857
-64.365601
-64.368729
-64.356232
-64.356232
-64.359352
-64.365601
-64.374977
-64.381226
-64.371857
-64.368729
-64.374977
-64.378105
-64.378105
-64.371857
-64.346855
-64.346855
-64.343735
-64.32811
-64.318733
-64.32811
-64.340607
-64.346855
-64.32811
-64.303108
-64.334358
-64.309357
-64.306236
-64.306236
-64.321861
-64.337486
-64.349976
-64.318733
-64.318733
-64.312485
-64.306236
-64.312485
-64.324982
-64.29686
-64.303108
-64.315605
-64.312485
-64.340607
-64.334358
-64.356232
-64.365601
-64.353104
-64.343735
-64.343735
-64.321861
-64.33123
-64.334358
-64.318733
-64.309357
-64.29686
-64.309357
-64.321861
-64.293732
-64.281235
-64.32811
-64.318733
-64.321861
-64.29998
-64.303108
-64.29686
-64.321861
-64.337486
-64.337486
-64.337486
-64.337486
-64.346855
-64.346855
-64.337486
-64.353104
-64.346855
-64.343735
-64.353104
-64.337486
-64.340607
-64.346855
-64.346855
-64.359352
-64.356232
-64.324982
-64.340607
-64.340607
-64.334358
-64.32811
-64.346855
-64.346855
-64.356232
-64.346855
-64.365601
-64.378105
-64.378105
-64.359352
-64.36248
-64.318733
-64.32811
-64.346855
-64.324982
-64.337486
-64.33123
-64.29686
-64.287483
-64.290611
-64.303108
-64.318733
-64.318733
-64.318733
-64.324982
-64.337486
-64.318733
-64.343735
-64.340607
-64.36248
-64.346855
-64.32811
-64.32811
-64.318733
-64.321861
-64.33123
-64.337486
-64.346855
-64.346855
-64.337486
-64.346855
-64.356232
-64.353104
-64.334358
-64.337486
-64.32811
-64.334358
-64.33123
-64.29686
-64.306236
-64.324982
-64.29998
-64.309357
-64.312485
-64.309357
-64.303108
-64.309357
-64.312485
-64.290611
-64.29998
-64.290611
-64.321861
-64.315605
-64.340607
-64.340607
-64.343735
-64.343735
-64.334358
-64.312485
-64.315605
-64.306236
-64.303108
-64.349976
-64.353104
-64.353104
-64.356232
-64.368729
-64.374977
-64.399979
-64.396851
-64.399979
-64.390602
-64.39373
-64.390602
-64.381226
-64.371857
-64.356232
-64.371857
-64.356232
-64.368729
-64.346855
-64.356232
-64.346855
-64.346855
-64.340607
-64.318733
-64.340607
-64.32811
-64.346855
-64.33123
-64.318733
-64.33123
-64.337486
-64.343735
-64.359352
-64.356232
-64.353104
-64.346855
-64.334358
-64.334358
-64.32811
-64.334358
-64.346855
-64.353104
-64.346855
-64.353104
-64.349976
-64.346855
-64.353104
-64.346855
-64.346855
-64.36248
-64.371857
-64.359352
-64.390602
-64.378105
-64.390602
-64.399979
-64.39373
-64.39373
-64.378105
-64.384354
-64.387482
-64.396851
-64.396851
-64.390602
-64.399979
-64.381226
-64.409355
-64.396851
-64.396851
-64.39373
-64.359352
-64.371857
-64.365601
-64.343735
-64.36248
-64.368729
-64.353104
-64.356232
-64.356232
-64.356232
-64.359352
-64.371857
-64.359352
-64.39373
-64.371857
-64.365601
-64.374977
-64.368729
-64.359352
-64.353104
-64.371857
-64.349976
-64.365601
-64.359352
-64.349976
-64.337486
-64.337486
-64.33123
-64.334358
-64.321861
-64.33123
-64.32811
-64.321861
-64.33123
-64.315605
-64.318733
-64.318733
-64.318733
-64.312485
-64.321861
-64.321861
-64.321861
-64.315605
-64.318733
-64.309357
-64.32811
-64.29686
-64.303108
-64.312485
-64.340607
-64.340607
-64.337486
-64.32811
-64.343735
-64.343735
-64.306236
-64.32811
-64.306236
-64.309357
-64.303108
-64.29686
-64.306236
-64.29686
-64.293732
-64.274986
-64.290611
-64.278107
-64.29998
-64.284355
-64.284355
-64.303108
-64.306236
-64.303108
-64.29686
-64.312485
-64.32811
-64.309357
-64.324982
-64.309357
-64.309357
-64.32811
-64.315605
-64.340607
-64.32811
-64.318733
-64.324982
-64.315605
-64.318733
-64.337486
-64.337486
-64.346855
-64.343735
-64.340607
-64.340607
-64.334358
-64.349976
-64.346855
-64.32811
-64.318733
-64.321861
-64.312485
-64.312485
-64.318733
-64.306236
-64.33123
-64.337486
-64.32811
-64.312485
-64.315605
-64.303108
-64.334358
-64.315605
-64.334358
-64.337486
-64.349976
-64.343735
-64.368729
-64.343735
-64.337486
-64.36248
-64.321861
-64.334358
-64.346855
-64.340607
-64.368729
-64.359352
-64.368729
-64.378105
-64.371857
-64.371857
-64.368729
-64.359352
-64.371857
-64.36248
-64.368729
-64.368729
-64.356232
-64.384354
-64.36248
-64.368729
-64.368729
-64.36248
-64.365601
-64.371857
-64.381226
-64.371857
-64.356232
-64.356232
-64.349976
-64.353104
-64.346855
-64.36248
-64.356232
-64.365601
-64.356232
-64.337486
-64.359352
-64.356232
-64.346855
-64.343735
-64.343735
-64.353104
-64.346855
-64.340607
-64.340607
-64.346855
-64.359352
-64.368729
-64.374977
-64.371857
-64.349976
-64.381226
-64.343735
-64.365601
-64.374977
-64.356232
-64.384354
-64.36248
-64.381226
-64.371857
-64.384354
-64.365601
-64.396851
-64.384354
-64.396851
-64.396851
-64.396851
-64.387482
-64.39373
-64.368729
-64.384354
-64.365601
-64.371857
-64.371857
-64.396851
-64.396851
-64.387482
-64.39373
-64.378105
-64.381226
-64.396851
-64.39373
-64.406227
-64.390602
-64.39373
-64.403107
-64.409355
-64.396851
-64.39373
-64.368729
-64.390602
-64.396851
-64.365601
-64.378105
-64.356232
-64.359352
-64.378105
-64.396851
-64.390602
-64.39373
-64.384354
-64.368729
-64.384354
-64.374977
-64.387482
-64.387482
-64.384354
-64.381226
-64.396851
-64.387482
-64.39373
-64.396851
-64.390602
-64.384354
-64.390602
-64.371857
-64.387482
-64.406227
-64.384354
-64.396851
-64.378105
-64.384354
-64.399979
-64.365601
-64.371857
-64.384354
-64.378105
-64.390602
-64.409355
-64.378105
-64.387482
-64.374977
-64.390602
-64.396851
-64.403107
-64.406227
-64.384354
-64.403107
-64.390602
-64.403107
-64.378105
-64.387482
-64.381226
-64.349976
-64.378105
-64.418732
-64.371857
-64.368729
-64.378105
-64.371857
-64.384354
-64.396851
-64.396851
-64.406227
-64.409355
-64.378105
-64.415604
-64.409355
-64.409355
-64.396851
-64.412476
-64.428101
-64.409355
-64.412476
-64.409355
-64.443726
-64.418732
-64.443726
-64.431229
-64.428101
-64.449974
-64.446854
-64.446854
-64.449974
-64.434357
-64.409355
-64.415604
-64.403107
-64.418732
-64.374977
-64.384354
-64.381226
-64.390602
-64.396851
-64.406227
-64.418732
-64.421852
-64.409355
-64.434357
-64.415604
-64.440605
-64.440605
-64.443726
-64.446854
-64.431229
-64.415604
-64.42498
-64.399979
-64.409355
-64.434357
-64.421852
-64.428101
-64.415604
-64.421852
-64.406227
-64.403107
-64.396851
-64.434357
-64.409355
-64.396851
-64.396851
-64.415604
-64.390602
-64.381226
-64.39373
-64.403107
-64.403107
-64.412476
-64.415604
-64.440605
-64.406227
-64.421852
-64.431229
-64.409355
-64.409355
-64.434357
-64.431229
-64.42498
-64.418732
-64.415604
-64.443726
-64.440605
-64.434357
-64.418732
-64.409355
-64.396851
-64.412476
-64.42498
-64.415604
-64.431229
-64.431229
-64.431229
-64.421852
-64.418732
-64.443726
-64.437477
-64.412476
-64.403107
-64.396851
-64.396851
-64.387482
-64.390602
-64.378105
-64.387482
-64.384354
-64.403107
-64.421852
-64.409355
-64.406227
-64.399979
-64.387482
-64.396851
-64.415604
-64.403107
-64.406227
-64.418732
-64.412476
-64.42498
-64.428101
-64.415604
-64.418732
-64.399979
-64.406227
-64.434357
-64.412476
-64.42498
-64.446854
-64.431229
-64.434357
-64.437477
-64.431229
-64.443726
-64.443726
-64.440605
-64.446854
-64.428101
-64.418732
-64.443726
-64.428101
-64.434357
-64.434357
-64.42498
-64.421852
-64.428101
-64.409355
-64.42498
-64.437477
-64.431229
-64.434357
-64.434357
-64.396851
-64.412476
-64.437477
-64.418732
-64.446854
-64.443726
-64.446854
-64.443726
-64.42498
-64.421852
-64.434357
-64.409355
-64.440605
-64.431229
-64.399979
-64.412476
-64.42498
-64.412476
-64.428101
-64.418732
-64.418732
-64.418732
-64.437477
-64.421852
-64.412476
-64.409355
-64.406227
-64.412476
-64.396851
-64.415604
-64.437477
-64.412476
-64.415604
-64.412476
-64.412476
-64.396851
-64.396851
-64.409355
-64.42498
-64.443726
-64.431229
-64.440605
-64.415604
-64.403107
-64.418732
-64.406227
-64.421852
-64.42498
-64.431229
-64.421852
-64.437477
-64.434357
-64.434357
-64.462471
-64.446854
-64.446854
-64.42498
-64.437477
-64.431229
-64.440605
-64.431229
-64.434357
-64.449974
-64.443726
-64.443726
-64.443726
-64.428101
-64.434357
-64.421852
-64.434357
-64.415604
-64.418732
-64.415604
-64.428101
-64.412476
-64.387482
-64.412476
-64.418732
-64.428101
-64.428101
-64.409355
-64.399979
-64.415604
-64.396851
-64.412476
-64.42498
-64.428101
-64.428101
-64.421852
-64.406227
-64.409355
-64.418732
-64.406227
-64.421852
-64.412476
-64.412476
-64.412476
-64.412476
-64.421852
-64.431229
-64.440605
-64.431229
-64.42498
-64.434357
-64.42498
-64.431229
-64.421852
-64.453102
-64.449974
-64.478096
-64.484352
-64.462471
-64.481224
-64.478096
-64.471848
-64.465599
-64.487473
-64.465599
-64.471848
-64.465599
-64.453102
-64.446854
-64.446854
-64.465599
-64.449974
-64.462471
-64.446854
-64.465599
-64.453102
-64.453102
-64.487473
-64.503098
-64.478096
-64.471848
-64.453102
-64.468727
-64.428101
-64.443726
-64.453102
-64.465599
-64.453102
-64.478096
-64.462471
-64.446854
-64.446854
-64.443726
-64.449974
-64.449974
-64.446854
-64.421852
-64.446854
-64.440605
-64.462471
-64.446854
-64.434357
-64.440605
-64.434357
-64.437477
-64.428101
-64.446854
-64.437477
-64.462471
-64.462471
-64.446854
-64.446854
-64.449974
-64.440605
-64.437477
-64.440605
-64.449974
-64.443726
-64.437477
-64.449974
-64.443726
-64.449974
-64.449974
-64.468727
-64.462471
-64.453102
-64.446854
-64.446854
-64.459351
-64.468727
-64.468727
-64.462471
-64.465599
-64.456223
-64.462471
-64.471848
-64.446854
-64.446854
-64.449974
-64.431229
-64.459351
-64.449974
-64.459351
-64.449974
-64.431229
-64.446854
-64.443726
-64.434357
-64.456223
-64.465599
-64.443726
-64.471848
-64.471848
-64.449974
-64.446854
-64.437477
-64.440605
-64.446854
-64.446854
-64.465599
-64.462471
-64.471848
-64.468727
-64.496849
-64.474976
-64.474976
-64.496849
-64.459351
-64.487473
-64.478096
-64.468727
-64.487473
-64.471848
-64.478096
-64.496849
-64.468727
-64.478096
-64.487473
-64.484352
-64.493721
-64.484352
-64.487473
-64.496849
-64.499977
-64.509346
-64.496849
-64.484352
-64.462471
-64.484352
-64.496849
-64.518723
-64.506226
-64.503098
-64.493721
-64.493721
-64.496849
-64.493721
-64.499977
-64.490601
-64.496849
-64.490601
-64.496849
-64.499977
-64.506226
-64.506226
-64.493721
-64.490601
-64.490601
-64.509346
-64.509346
-64.515602
-64.509346
-64.524971
-64.518723
-64.518723
-64.531227
-64.515602
-64.509346
-64.512474
-64.524971
-64.534348
-64.543724
-64.543724
-64.499977
-64.496849
-64.515602
-64.512474
-64.512474
-64.509346
-64.503098
-64.503098
-64.499977
-64.496849
-64.503098
-64.496849
-64.487473
-64.493721
-64.496849
-64.474976
-64.496849
-64.481224
-64.465599
-64.478096
-64.449974
-64.443726
-64.459351
-64.456223
-64.465599
-64.465599
-64.478096
-64.468727
-64.490601
-64.481224
-64.496849
-64.496849
-64.487473
-64.456223
-64.465599
-64.456223
-64.462471
-64.446854
-64.459351
-64.471848
-64.484352
-64.468727
-64.465599
-64.453102
-64.459351
-64.468727
-64.481224
-64.462471
-64.449974
-64.449974
-64.462471
-64.459351
-64.471848
-64.459351
-64.459351
-64.459351
-64.487473
-64.471848
-64.484352
-64.490601
-64.474976
-64.459351
-64.499977
-64.474976
-64.484352
-64.481224
-64.465599
-64.465599
-64.471848
-64.468727
-64.484352
-64.484352
-64.493721
-64.490601
-64.471848
-64.478096
-64.496849
-64.478096
-64.474976
-64.459351
-64.449974
-64.465599
-64.465599
-64.471848
-64.462471
-64.481224
-64.468727
-64.484352
-64.484352
-64.493721
-64.478096
-64.484352
-64.453102
-64.493721
-64.496849
-64.496849
-64.474976
-64.474976
-64.462471
-64.446854
-64.431229
-64.449974
-64.456223
-64.446854
-64.462471
-64.474976
-64.474976
-64.456223
-64.478096
-64.493721
-64.496849
-64.478096
-64.490601
-64.496849
-64.493721
-64.496849
-64.496849
-64.478096
-64.474976
-64.449974
-64.449974
-64.459351
-64.449974
-64.456223
-64.471848
-64.468727
-64.484352
-64.484352
-64.496849
-64.503098
-64.496849
-64.496849
-64.490601
-64.484352
-64.487473
-64.468727
-64.478096
-64.459351
-64.465599
-64.471848
-64.481224
-64.474976
-64.481224
-64.446854
-64.456223
-64.465599
-64.471848
-64.474976
-64.471848
-64.446854
-64.474976
-64.474976
-64.459351
-64.478096
-64.465599
-64.453102
-64.459351
-64.456223
-64.453102
-64.446854
-64.437477
-64.437477
-64.462471
-64.456223
-64.459351
-64.474976
-64.468727
-64.478096
-64.490601
-64.484352
-64.465599
-64.465599
-64.462471
-64.459351
-64.465599
-64.449974
-64.449974
-64.456223
-64.468727
-64.481224
-64.471848
-64.468727
-64.490601
-64.490601
-64.471848
-64.440605
-64.459351
-64.453102
-64.446854
-64.434357
-64.446854
-64.449974
-64.437477
-64.453102
-64.462471
-64.453102
-64.481224
-64.459351
-64.462471
-64.471848
-64.459351
-64.453102
-64.465599
-64.446854
-64.456223
-64.446854
-64.449974
-64.449974
-64.440605
-64.42498
-64.434357
-64.42498
-64.465599
-64.471848
-64.478096
-64.471848
-64.481224
-64.471848
-64.440605
-64.449974
-64.446854
-64.415604
-64.415604
-64.418732
-64.434357
-64.42498
-64.428101
-64.412476
-64.412476
-64.428101
-64.406227
-64.415604
-64.42498
-64.443726
-64.446854
-64.42498
-64.443726
-64.434357
-64.437477
-64.449974
-64.434357
-64.446854
-64.443726
-64.453102
-64.449974
-64.453102
-64.434357
-64.440605
-64.42498
-64.440605
-64.446854
-64.431229
-64.431229
-64.42498
-64.437477
-64.434357
-64.446854
-64.453102
-64.443726
-64.468727
-64.459351
-64.440605
-64.446854
-64.446854
-64.434357
-64.431229
-64.418732
-64.412476
-64.396851
-64.387482
-64.406227
-64.418732
-64.428101
-64.431229
-64.434357
-64.396851
-64.431229
-64.421852
-64.431229
-64.418732
-64.39373
-64.39373
-64.381226
-64.384354
-64.396851
-64.403107
-64.387482
-64.396851
-64.403107
-64.409355
-64.387482
-64.368729
-64.381226
-64.359352
-64.365601
-64.371857
-64.384354
-64.390602
-64.378105
-64.409355
-64.390602
-64.409355
-64.387482
-64.384354
-64.371857
-64.406227
-64.368729
-64.356232
-64.36248
-64.378105
-64.403107
-64.39373
-64.384354
-64.390602
-64.381226
-64.36248
-64.384354
-64.384354
-64.396851
-64.39373
-64.39373
-64.381226
-64.399979
-64.396851
-64.396851
-64.390602
-64.396851
-64.399979
-64.412476
-64.409355
-64.403107
-64.396851
-64.390602
-64.431229
-64.42498
-64.431229
-64.415604
-64.415604
-64.396851
-64.399979
-64.378105
-64.378105
-64.39373
-64.396851
-64.403107
-64.412476
-64.399979
-64.390602
-64.403107
-64.384354
-64.368729
-64.381226
-64.359352
-64.349976
-64.349976
-64.356232
-64.359352
-64.353104
-64.340607
-64.346855
-64.346855
-64.359352
-64.365601
-64.349976
-64.353104
-64.374977
-64.353104
-64.365601
-64.359352
-64.334358
-64.365601
-64.346855
-64.353104
-64.356232
-64.346855
-64.337486
-64.365601
-64.334358
-64.340607
-64.343735
-64.312485
-64.318733
-64.32811
-64.315605
-64.321861
-64.340607
-64.33123
-64.343735
-64.346855
-64.340607
-64.356232
-64.349976
-64.346855
-64.353104
-64.334358
-64.321861
-64.324982
-64.318733
-64.318733
-64.33123
-64.346855
-64.324982
-64.343735
-64.346855
-64.36248
-64.365601
-64.371857
-64.368729
-64.36248
-64.334358
-64.343735
-64.343735
-64.343735
-64.353104
-64.346855
-64.349976
-64.340607
-64.32811
-64.309357
-64.32811
-64.321861
-64.324982
-64.33123
-64.334358
-64.334358
-64.334358
-64.32811
-64.32811
-64.312485
-64.29998
-64.315605
-64.309357
-64.321861
-64.337486
-64.33123
-64.340607
-64.337486
-64.334358
-64.349976
-64.359352
-64.340607
-64.346855
-64.315605
-64.306236
-64.312485
-64.29686
-64.32811
-64.334358
-64.346855
-64.32811
-64.353104
-64.337486
-64.346855
-64.340607
-64.318733
-64.324982
-64.321861
-64.318733
-64.318733
-64.346855
-64.33123
-64.334358
-64.343735
-64.324982
-64.337486
-64.32811
-64.32811
-64.334358
-64.340607
-64.349976
-64.346855
-64.334358
-64.324982
-64.321861
-64.306236
-64.321861
-64.33123
-64.324982
-64.324982
-64.32811
-64.337486
-64.346855
-64.33123
-64.321861
-64.346855
-64.356232
-64.32811
-64.340607
-64.346855
-64.32811
-64.334358
-64.324982
-64.32811
-64.337486
-64.343735
-64.337486
-64.315605
-64.33123
-64.33123
-64.340607
-64.343735
-64.346855
-64.368729
-64.343735
-64.33123
-64.334358
-64.343735
-64.346855
-64.337486
-64.315605
-64.32811
-64.321861
-64.315605
-64.346855
-64.346855
-64.346855
-64.353104
-64.353104
-64.356232
-64.353104
-64.346855
-64.346855
-64.349976
-64.359352
-64.353104
-64.324982
-64.321861
-64.324982
-64.318733
-64.318733
-64.33123
-64.33123
-64.324982
-64.321861
-64.315605
-64.312485
-64.312485
-64.318733
-64.334358
-64.315605
-64.32811
-64.334358
-64.346855
-64.33123
-64.343735
-64.334358
-64.343735
-64.346855
-64.337486
-64.33123
-64.29686
-64.29686
-64.306236
-64.309357
-64.306236
-64.312485
-64.324982
-64.29686
-64.290611
-64.293732
-64.287483
-64.303108
-64.290611
-64.312485
-64.29686
-64.321861
-64.309357
-64.309357
-64.318733
-64.309357
-64.315605
-64.315605
-64.315605
-64.33123
-64.312485
-64.324982
-64.309357
-64.287483
-64.29686
-64.26561
-64.271858
-64.290611
-64.29686
-64.29998
-64.29998
-64.29686
-64.278107
-64.309357
-64.290611
-64.262482
-64.293732
-64.271858
-64.287483
-64.29686
-64.293732
-64.29686
-64.29686
-64.274986
-64.284355
-64.26873
-64.284355
-64.290611
-64.306236
-64.306236
-64.293732
-64.284355
-64.29686
-64.29686
-64.278107
-64.278107
-64.303108
-64.287483
-64.309357
-64.29686
-64.284355
-64.29686
-64.29686
-64.303108
-64.312485
-64.309357
-64.287483
-64.303108
-64.293732
-64.309357
-64.290611
-64.284355
-64.281235
-64.293732
-64.26873
-64.290611
-64.278107
-64.278107
-64.262482
-64.271858
-64.278107
-64.293732
-64.290611
-64.281235
-64.281235
-64.249985
-64.26873
-64.274986
-64.29686
-64.306236
-64.306236
-64.274986
-64.287483
-64.293732
-64.293732
-64.278107
-64.29998
-64.312485
-64.303108
-64.309357
-64.29686
-64.306236
-64.309357
-64.29998
-64.287483
-64.29686
-64.278107
-64.293732
-64.278107
-64.284355
-64.284355
-64.274986
-64.278107
-64.29998
-64.290611
-64.290611
-64.29686
-64.29686
-64.318733
-64.29998
-64.29686
-64.274986
-64.26873
-64.256233
-64.26561
-64.287483
-64.290611
-64.303108
-64.290611
-64.293732
-64.287483
-64.274986
-64.246864
-64.256233
-64.240616
-64.246864
-64.234367
-64.243736
-64.26561
-64.284355
-64.274986
-64.303108
-64.290611
-64.271858
-64.287483
-64.26561
-64.290611
-64.29686
-64.287483
-64.284355
-64.274986
-64.26561
-64.281235
-64.287483
-64.284355
-64.284355
-64.29686
-64.278107
-64.29998
-64.29686
-64.29686
-64.293732
-64.303108
-64.290611
-64.293732
-64.29998
-64.309357
-64.309357
-64.306236
-64.309357
-64.33123
-64.334358
-64.321861
-64.318733
-64.29686
-64.29686
-64.312485
-64.29998
-64.303108
-64.29686
-64.287483
-64.293732
-64.29686
-64.29686
-64.318733
-64.318733
-64.309357
-64.315605
-64.303108
-64.312485
-64.318733
-64.309357
-64.321861
-64.334358
-64.32811
-64.324982
-64.318733
-64.306236
-64.309357
-64.321861
-64.29686
-64.318733
-64.29998
-64.29998
-64.312485
-64.312485
-64.29998
-64.303108
-64.281235
-64.262482
-64.26561
-64.26561
-64.287483
-64.284355
-64.29686
-64.321861
-64.324982
-64.321861
-64.293732
-64.29686
-64.293732
-64.29686
-64.287483
-64.274986
-64.271858
-64.26561
-64.271858
-64.290611
-64.262482
-64.259361
-64.253105
-64.246864
-64.26561
-64.246864
-64.246864
-64.26561
-64.281235
-64.259361
-64.281235
-64.281235
-64.26873
-64.26561
-64.246864
-64.253105
-64.278107
-64.278107
-64.29998
-64.306236
-64.293732
-64.278107
-64.29686
-64.287483
-64.29686
-64.306236
-64.29686
-64.321861
-64.321861
-64.281235
-64.278107
-64.293732
-64.306236
-64.303108
-64.284355
-64.271858
-64.274986
-64.293732
-64.284355
-64.29686
-64.287483
-64.281235
-64.290611
-64.262482
-64.240616
-64.26561
-64.262482
-64.26561
-64.256233
-64.274986
-64.271858
-64.293732
-64.274986
-64.290611
-64.281235
-64.259361
-64.274986
-64.253105
-64.284355
-64.284355
-64.290611
-64.29686
-64.312485
-64.293732
-64.303108
-64.287483
-64.284355
-64.278107
-64.26561
-64.26561
-64.287483
-64.278107
-64.284355
-64.29686
-64.306236
-64.29686
-64.29998
-64.293732
-64.29686
-64.29686
-64.284355
-64.284355
-64.281235
-64.26873
-64.281235
-64.29998
-64.293732
-64.29686
-64.29686
-64.29686
-64.309357
-64.287483
-64.278107
-64.274986
-64.281235
-64.287483
-64.293732
-64.29686
-64.29686
-64.303108
-64.293732
-64.274986
-64.321861
-64.309357
-64.318733
-64.315605
-64.315605
-64.29686
-64.318733
-64.334358
-64.33123
-64.315605
-64.29686
-64.315605
-64.309357
-64.315605
-64.343735
-64.346855
-64.356232
-64.343735
-64.324982
-64.324982
-64.32811
-64.315605
-64.312485
-64.306236
-64.287483
-64.29686
-64.303108
-64.315605
-64.312485
-64.318733
-64.32811
-64.321861
-64.309357
-64.315605
-64.32811
-64.324982
-64.309357
-64.303108
-64.312485
-64.324982
-64.312485
-64.309357
-64.309357
-64.303108
-64.293732
-64.321861
-64.321861
-64.309357
-64.29686
-64.274986
-64.287483
-64.29686
-64.29998
-64.293732
-64.287483
-64.287483
-64.287483
-64.26873
-64.271858
-64.274986
-64.278107
-64.26873
-64.281235
-64.293732
-64.284355
-64.290611
-64.26873
-64.249985
-64.262482
-64.26561
-64.284355
-64.284355
-64.259361
-64.274986
-64.274986
-64.271858
-64.271858
-64.262482
-64.246864
-64.246864
-64.246864
-64.243736
-64.274986
-64.262482
-64.256233
-64.231239
-64.243736
-64.231239
-64.246864
-64.237488
-64.243736
-64.231239
-64.231239
-64.237488
-64.253105
-64.256233
-64.246864
-64.253105
-64.256233
-64.256233
-64.259361
-64.234367
-64.246864
-64.234367
-64.243736
-64.246864
-64.237488
-64.26873
-64.278107
-64.281235
-64.278107
-64.271858
-64.274986
-64.29686
-64.274986
-64.249985
-64.253105
-64.253105
-64.253105
-64.224991
-64.228111
-64.234367
-64.246864
-64.231239
-64.212486
-64.240616
-64.209366
-64.224991
-64.243736
-64.231239
-64.243736
-64.253105
-64.259361
-64.262482
-64.259361
-64.278107
-64.287483
-64.278107
-64.278107
-64.281235
-64.259361
-64.256233
-64.26561
-64.274986
-64.262482
-64.26561
-64.256233
-64.253105
-64.259361
-64.26561
-64.284355
-64.281235
-64.259361
-64.256233
-64.246864
-64.249985
-64.253105
-64.246864
-64.249985
-64.243736
-64.249985
-64.259361
-64.271858
-64.262482
-64.278107
-64.29686
-64.278107
-64.287483
-64.290611
-64.26561
-64.26561
-64.290611
-64.293732
-64.290611
-64.284355
-64.287483
-64.271858
-64.293732
-64.271858
-64.29686
-64.284355
-64.284355
-64.253105
-64.26561
-64.26873
-64.26561
-64.249985
-64.284355
-64.271858
-64.26873
-64.271858
-64.281235
-64.271858
-64.274986
-64.262482
-64.246864
-64.26873
-64.274986
-64.256233
-64.26873
-64.262482
-64.274986
-64.259361
-64.249985
-64.240616
-64.249985
-64.249985
-64.249985
-64.249985
-64.262482
-64.256233
-64.253105
-64.249985
-64.259361
-64.278107
-64.26561
-64.281235
-64.281235
-64.271858
-64.271858
-64.246864
-64.256233
-64.274986
-64.281235
-64.246864
-64.228111
-64.224991
-64.209366
-64.221863
-64.237488
-64.246864
-64.256233
-64.256233
-64.29686
-64.26561
-64.271858
-64.271858
-64.293732
-64.271858
-64.271858
-64.253105
-64.240616
-64.246864
-64.26873
-64.259361
-64.274986
-64.246864
-64.237488
-64.253105
-64.246864
-64.231239
-64.246864
-64.246864
-64.234367
-64.249985
-64.249985
-64.253105
-64.253105
-64.246864
-64.246864
-64.243736
-64.237488
-64.246864
-64.240616
-64.237488
-64.249985
-64.240616
-64.243736
-64.212486
-64.231239
-64.237488
-64.237488
-64.234367
-64.249985
-64.243736
-64.231239
-64.246864
-64.246864
-64.246864
-64.253105
-64.262482
-64.246864
-64.256233
-64.237488
-64.224991
-64.231239
-64.240616
-64.221863
-64.237488
-64.221863
-64.231239
-64.240616
-64.243736
-64.246864
-64.231239
-64.246864
-64.240616
-64.243736
-64.224991
-64.224991
-64.221863
-64.224991
-64.215614
-64.246864
-64.215614
-64.228111
-64.231239
-64.243736
-64.237488
-64.224991
-64.215614
-64.237488
-64.240616
-64.228111
-64.243736
-64.206238
-64.224991
-64.187492
-64.190613
-64.215614
-64.215614
-64.203117
-64.228111
-64.228111
-64.228111
-64.237488
-64.228111
-64.209366
-64.193741
-64.190613
-64.193741
-64.209366
-64.221863
-64.237488
-64.240616
-64.228111
-64.234367
-64.237488
-64.224991
-64.240616
-64.234367
-64.271858
-64.262482
-64.246864
-64.256233
-64.26873
-64.259361
-64.246864
-64.246864
-64.240616
-64.240616
-64.224991
-64.221863
-64.237488
-64.237488
-64.212486
-64.212486
-64.196861
-64.178116
-64.171867
-64.187492
-64.203117
-64.203117
-64.206238
-64.224991
-64.231239
-64.209366
-64.221863
-64.237488
-64.224991
-64.221863
-64.212486
-64.218742
-64.221863
-64.234367
-64.243736
-64.246864
-64.243736
-64.218742
-64.224991
-64.228111
-64.221863
-64.215614
-64.234367
-64.228111
-64.228111
-64.234367
-64.234367
-64.246864
-64.237488
-64.259361
-64.26873
-64.26873
-64.259361
-64.26561
-64.246864
-64.249985
-64.240616
-64.253105
-64.246864
-64.231239
-64.221863
-64.240616
-64.243736
-64.256233
-64.256233
-64.26561
-64.26873
-64.281235
-64.253105
-64.274986
-64.284355
-64.281235
-64.287483
-64.281235
-64.287483
-64.284355
-64.293732
-64.29686
-64.293732
-64.26561
-64.256233
-64.259361
-64.262482
-64.274986
-64.281235
-64.26561
-64.262482
-64.246864
-64.215614
-64.246864
-64.237488
-64.221863
-64.237488
-64.231239
-64.212486
-64.221863
-64.221863
-64.221863
-64.237488
-64.234367
-64.218742
-64.237488
-64.228111
-64.231239
-64.231239
-64.218742
-64.231239
-64.246864
-64.240616
-64.249985
-64.253105
-64.246864
-64.246864
-64.224991
-64.221863
-64.228111
-64.209366
-64.209366
-64.209366
-64.224991
-64.203117
-64.209366
-64.218742
-64.243736
-64.246864
-64.243736
-64.246864
-64.259361
-64.249985
-64.243736
-64.259361
-64.26561
-64.240616
-64.256233
-64.243736
-64.240616
-64.240616
-64.240616
-64.262482
-64.249985
-64.249985
-64.243736
-64.228111
-64.234367
-64.221863
-64.228111
-64.224991
-64.228111
-64.209366
-64.218742
-64.199989
-64.203117
-64.212486
-64.215614
-64.215614
-64.215614
-64.224991
-64.231239
-64.246864
-64.224991
-64.224991
-64.234367
-64.237488
-64.240616
-64.237488
-64.224991
-64.234367
-64.246864
-64.262482
-64.253105
-64.246864
-64.234367
-64.237488
-64.221863
-64.231239
-64.259361
-64.271858
-64.246864
-64.253105
-64.246864
-64.246864
-64.243736
-64.256233
-64.262482
-64.262482
-64.246864
-64.259361
-64.246864
-64.249985
-64.262482
-64.259361
-64.253105
-64.26561
-64.246864
-64.243736
-64.253105
-64.249985
-64.253105
-64.253105
-64.234367
-64.221863
-64.218742
-64.209366
-64.234367
-64.234367
-64.234367
-64.212486
-64.240616
-64.246864
-64.228111
-64.237488
-64.221863
-64.237488
-64.246864
-64.231239
-64.246864
-64.249985
-64.228111
-64.256233
-64.228111
-64.224991
-64.221863
-64.221863
-64.218742
-64.221863
-64.231239
-64.246864
-64.256233
-64.240616
-64.246864
-64.262482
-64.243736
-64.249985
-64.234367
-64.246864
-64.231239
-64.246864
-64.253105
-64.243736
-64.240616
-64.243736
-64.243736
-64.221863
-64.246864
-64.246864
-64.256233
-64.271858
-64.246864
-64.246864
-64.221863
-64.243736
-64.243736
-64.256233
-64.243736
-64.246864
-64.253105
-64.249985
-64.259361
-64.249985
-64.253105
-64.246864
-64.240616
-64.253105
-64.259361
-64.284355
-64.274986
-64.271858
-64.293732
-64.284355
-64.293732
-64.274986
-64.26561
-64.284355
-64.271858
-64.271858
-64.274986
-64.284355
-64.281235
-64.281235
-64.293732
-64.29686
-64.29686
-64.29686
-64.306236
-64.278107
-64.256233
-64.262482
-64.249985
-64.271858
-64.259361
-64.253105
-64.246864
-64.243736
-64.246864
-64.259361
-64.271858
-64.256233
-64.26561
-64.246864
-64.231239
-64.218742
-64.243736
-64.253105
-64.259361
-64.243736
-64.240616
-64.243736
-64.234367
-64.234367
-64.224991
-64.234367
-64.253105
-64.243736
-64.240616
-64.224991
-64.256233
-64.256233
-64.253105
-64.253105
-64.26873
-64.278107
-64.259361
-64.26873
-64.284355
-64.281235
-64.26561
-64.243736
-64.231239
-64.237488
-64.259361
-64.249985
-64.246864
-64.246864
-64.26561
-64.29686
-64.287483
-64.26561
-64.246864
-64.249985
-64.253105
-64.243736
-64.218742
-64.215614
-64.240616
-64.231239
-64.190613
-64.203117
-64.206238
-64.206238
-64.199989
-64.199989
-64.209366
-64.215614
-64.228111
-64.234367
-64.234367
-64.231239
-64.234367
-64.243736
-64.256233
-64.240616
-64.253105
-64.234367
-64.246864
-64.240616
-64.231239
-64.246864
-64.246864
-64.243736
-64.224991
-64.246864
-64.259361
-64.259361
-64.262482
-64.271858
-64.253105
-64.253105
-64.253105
-64.274986
-64.253105
-64.259361
-64.256233
-64.246864
-64.26561
-64.287483
-64.26561
-64.281235
-64.26873
-64.271858
-64.26873
-64.262482
-64.256233
-64.26561
-64.259361
-64.271858
-64.253105
-64.274986
-64.287483
-64.271858
-64.249985
-64.249985
-64.256233
-64.243736
-64.246864
-64.256233
-64.262482
-64.278107
-64.26561
-64.253105
-64.271858
-64.281235
-64.26561
-64.287483
-64.290611
-64.293732
-64.312485
-64.293732
-64.26873
-64.284355
-64.256233
-64.278107
-64.284355
-64.26873
-64.29998
-64.293732
-64.274986
-64.26561
-64.259361
-64.26873
-64.281235
-64.259361
-64.246864
-64.256233
-64.249985
-64.246864
-64.26873
-64.274986
-64.293732
-64.290611
-64.26561
-64.281235
-64.281235
-64.26873
-64.274986
-64.259361
-64.246864
-64.253105
-64.246864
-64.246864
-64.26561
-64.262482
-64.256233
-64.287483
-64.271858
-64.284355
-64.29686
-64.274986
-64.287483
-64.29686
-64.29998
-64.303108
-64.315605
-64.29686
-64.306236
-64.309357
-64.290611
-64.306236
-64.312485
-64.318733
-64.324982
-64.324982
-64.334358
-64.334358
-64.334358
-64.343735
-64.334358
-64.321861
-64.340607
-64.337486
-64.33123
-64.29686
-64.29686
-64.315605
-64.315605
-64.306236
-64.29686
-64.29686
-64.306236
-64.303108
-64.29686
-64.303108
-64.321861
-64.306236
-64.318733
-64.29998
-64.315605
-64.312485
-64.29686
-64.29686
-64.293732
-64.29686
-64.29686
-64.29686
-64.309357
-64.306236
-64.318733
-64.321861
-64.29686
-64.315605
-64.29998
-64.290611
-64.312485
-64.29686
-64.29998
-64.293732
-64.309357
-64.303108
-64.287483
-64.303108
-64.278107
-64.271858
-64.274986
-64.256233
-64.26873
-64.26561
-64.262482
-64.271858
-64.26561
-64.246864
-64.246864
-64.228111
-64.234367
-64.224991
-64.203117
-64.168739
-64.174988
-64.181236
-64.181236
-64.184364
-64.190613
-64.212486
-64.203117
-64.184364
-64.193741
-64.153114
-64.162491
-64.174988
-64.146866
-64.149986
-64.178116
-64.184364
-64.153114
-64.165611
-64.159363
-64.162491
-64.146866
-64.118744
-64.12812
-64.12812
-64.124992
-64.137497
-64.140617
-64.112495
-64.124992
-64.115616
-64.134369
-64.146866
-64.162491
-64.149986
-64.140617
-64.137497
-64.131241
-64.146866
-64.131241
-64.115616
-64.118744
-64.124992
-64.115616
-64.143745
-64.124992
-64.118744
-64.099991
-64.109367
-64.103119
-64.103119
-64.109367
-64.121872
-64.115616
-64.109367
-64.131241
-64.140617
-64.137497
-64.131241
-64.118744
-64.143745
-64.146866
-64.134369
-64.124992
-64.121872
-64.099991
-64.106247
-64.099991
-64.087494
-64.109367
-64.103119
-64.121872
-64.137497
-64.115616
-64.112495
-64.09687
-64.09687
-64.09687
-64.09687
-64.09687
-64.112495
-64.103119
-64.103119
-64.103119
-64.121872
-64.115616
-64.099991
-64.103119
-64.09687
-64.109367
-64.109367
-64.12812
-64.115616
-64.09687
-64.093742
-64.115616
-64.121872
-64.134369
-64.112495
-64.093742
-64.112495
-64.112495
-64.12812
-64.115616
-64.124992
-64.103119
-64.134369
-64.124992
-64.099991
-64.09687
-64.081245
-64.106247
-64.12812
-64.118744
-64.140617
-64.134369
-64.134369
-64.159363
-64.162491
-64.134369
-64.137497
-64.146866
-64.146866
-64.165611
-64.165611
-64.159363
-64.162491
-64.165611
-64.162491
-64.171867
-64.171867
-64.178116
-64.168739
-64.156242
-64.162491
-64.149986
-64.146866
-64.165611
-64.159363
-64.149986
-64.162491
-64.178116
-64.174988
-64.174988
-64.156242
-64.165611
-64.162491
-64.153114
-64.171867
-64.153114
-64.134369
-64.134369
-64.121872
-64.112495
-64.131241
-64.115616
-64.093742
-64.109367
-64.090622
-64.109367
-64.12812
-64.09687
-64.109367
-64.099991
-64.112495
-64.106247
-64.118744
-64.146866
-64.146866
-64.137497
-64.131241
-64.131241
-64.143745
-64.131241
-64.131241
-64.137497
-64.156242
-64.171867
-64.153114
-64.146866
-64.146866
-64.143745
-64.140617
-64.146866
-64.143745
-64.146866
-64.153114
-64.156242
-64.149986
-64.140617
-64.115616
-64.103119
-64.121872
-64.106247
-64.124992
-64.143745
-64.134369
-64.143745
-64.140617
-64.146866
-64.156242
-64.178116
-64.174988
-64.193741
-64.187492
-64.184364
-64.190613
-64.184364
-64.184364
-64.181236
-64.184364
-64.187492
-64.165611
-64.171867
-64.165611
-64.153114
-64.174988
-64.146866
-64.162491
-64.159363
-64.153114
-64.140617
-64.149986
-64.159363
-64.162491
-64.159363
-64.146866
-64.146866
-64.137497
-64.146866
-64.143745
-64.137497
-64.149986
-64.156242
-64.146866
-64.149986
-64.165611
-64.165611
-64.187492
-64.181236
-64.187492
-64.184364
-64.153114
-64.165611
-64.143745
-64.171867
-64.174988
-64.181236
-64.184364
-64.171867
-64.168739
-64.168739
-64.159363
-64.153114
-64.165611
-64.162491
-64.162491
-64.159363
-64.153114
-64.153114
-64.165611
-64.159363
-64.156242
-64.140617
-64.134369
-64.137497
-64.146866
-64.165611
-64.165611
-64.156242
-64.156242
-64.149986
-64.165611
-64.153114
-64.168739
-64.146866
-64.140617
-64.168739
-64.165611
-64.174988
-64.184364
-64.181236
-64.159363
-64.159363
-64.146866
-64.159363
-64.159363
-64.168739
-64.165611
-64.153114
-64.137497
-64.156242
-64.162491
-64.146866
-64.165611
-64.171867
-64.178116
-64.187492
-64.162491
-64.153114
-64.137497
-64.137497
-64.12812
-64.140617
-64.140617
-64.153114
-64.153114
-64.153114
-64.178116
-64.184364
-64.174988
-64.181236
-64.168739
-64.153114
-64.174988
-64.159363
-64.159363
-64.190613
-64.153114
-64.149986
-64.159363
-64.153114
-64.171867
-64.174988
-64.162491
-64.153114
-64.156242
-64.162491
-64.153114
-64.153114
-64.149986
-64.153114
-64.184364
-64.162491
-64.178116
-64.196861
-64.193741
-64.184364
-64.187492
-64.187492
-64.203117
-64.199989
-64.203117
-64.196861
-64.193741
-64.196861
-64.171867
-64.196861
-64.187492
-64.178116
-64.196861
-64.171867
-64.178116
-64.178116
-64.196861
-64.190613
-64.190613
-64.184364
-64.174988
-64.165611
-64.193741
-64.187492
-64.165611
-64.178116
-64.165611
-64.153114
-64.168739
-64.156242
-64.149986
-64.168739
-64.168739
-64.206238
-64.190613
-64.190613
-64.171867
-64.162491
-64.181236
-64.187492
-64.193741
-64.178116
-64.162491
-64.156242
-64.149986
-64.168739
-64.190613
-64.193741
-64.174988
-64.156242
-64.162491
-64.146866
-64.159363
-64.153114
-64.143745
-64.174988
-64.162491
-64.165611
-64.171867
-64.178116
-64.187492
-64.193741
-64.184364
-64.156242
-64.168739
-64.153114
-64.153114
-64.149986
-64.159363
-64.149986
-64.153114
-64.174988
-64.159363
-64.171867
-64.193741
-64.178116
-64.190613
-64.184364
-64.206238
-64.218742
-64.212486
-64.196861
-64.199989
-64.196861
-64.209366
-64.196861
-64.181236
-64.190613
-64.209366
-64.215614
-64.228111
-64.215614
-64.215614
-64.246864
-64.234367
-64.231239
-64.240616
-64.234367
-64.218742
-64.234367
-64.221863
-64.231239
-64.234367
-64.218742
-64.212486
-64.218742
-64.224991
-64.240616
-64.240616
-64.246864
-64.246864
-64.243736
-64.243736
-64.240616
-64.240616
-64.237488
-64.246864
-64.262482
-64.256233
-64.259361
-64.262482
-64.26561
-64.274986
-64.262482
-64.256233
-64.284355
-64.256233
-64.262482
-64.278107
-64.287483
-64.29998
-64.29686
-64.303108
-64.321861
-64.312485
-64.306236
-64.315605
-64.309357
-64.293732
-64.29998
-64.309357
-64.29686
-64.29686
-64.284355
-64.284355
-64.287483
-64.287483
-64.271858
-64.26873
-64.26561
-64.26561
-64.287483
-64.271858
-64.26561
-64.278107
-64.253105
-64.26873
-64.284355
-64.293732
-64.281235
-64.278107
-64.246864
-64.26561
-64.246864
-64.256233
-64.246864
-64.246864
-64.253105
-64.259361
-64.256233
-64.259361
-64.253105
-64.246864
-64.240616
-64.259361
-64.249985
-64.259361
-64.262482
-64.256233
-64.274986
-64.26873
-64.26561
-64.26873
-64.262482
-64.249985
-64.26561
-64.259361
-64.253105
-64.256233
-64.253105
-64.253105
-64.253105
-64.271858
-64.281235
-64.278107
-64.262482
-64.271858
-64.259361
-64.262482
-64.26561
-64.246864
-64.249985
-64.278107
-64.246864
-64.262482
-64.26561
-64.271858
-64.262482
-64.256233
-64.253105
-64.26873
-64.278107
-64.287483
-64.290611
-64.290611
-64.271858
-64.262482
-64.290611
-64.284355
-64.293732
-64.278107
-64.26561
-64.26561
-64.262482
-64.253105
-64.246864
-64.246864
-64.246864
-64.259361
-64.262482
-64.281235
-64.303108
-64.29686
-64.29686
-64.278107
-64.281235
-64.271858
-64.26561
-64.274986
-64.26873
-64.290611
-64.274986
-64.293732
-64.29998
-64.284355
-64.284355
-64.262482
-64.29998
-64.324982
-64.287483
-64.287483
-64.293732
-64.290611
-64.29686
-64.284355
-64.290611
-64.287483
-64.274986
-64.26561
-64.271858
-64.290611
-64.29686
-64.29686
-64.281235
-64.284355
-64.29686
-64.281235
-64.281235
-64.284355
-64.287483
-64.287483
-64.26561
-64.26873
-64.284355
-64.287483
-64.278107
-64.29686
-64.29998
-64.256233
-64.271858
-64.26873
-64.271858
-64.274986
-64.26873
-64.249985
-64.274986
-64.256233
-64.26873
-64.253105
-64.259361
-64.271858
-64.284355
-64.26873
-64.271858
-64.26873
-64.249985
-64.259361
-64.26561
-64.262482
-64.26561
-64.234367
-64.246864
-64.256233
-64.237488
-64.253105
-64.240616
-64.240616
-64.246864
-64.249985
-64.231239
-64.243736
-64.237488
-64.228111
-64.246864
-64.246864
-64.256233
-64.274986
-64.271858
-64.253105
-64.253105
-64.243736
-64.262482
-64.262482
-64.246864
-64.26561
-64.246864
-64.234367
-64.253105
-64.253105
-64.237488
-64.246864
-64.246864
-64.246864
-64.249985
-64.234367
-64.224991
-64.228111
-64.221863
-64.199989
-64.193741
-64.206238
-64.212486
-64.215614
-64.196861
-64.196861
-64.196861
-64.206238
-64.212486
-64.215614
-64.215614
-64.237488
-64.237488
-64.240616
-64.240616
-64.240616
-64.246864
-64.234367
-64.234367
-64.221863
-64.228111
-64.246864
-64.259361
-64.231239
-64.221863
-64.256233
-64.253105
-64.249985
-64.256233
-64.274986
-64.259361
-64.281235
-64.26561
-64.281235
-64.278107
-64.271858
-64.274986
-64.290611
-64.287483
-64.287483
-64.290611
-64.293732
-64.29686
-64.29686
-64.281235
-64.26873
-64.293732
-64.29686
-64.293732
-64.293732
-64.29686
-64.306236
-64.274986
-64.287483
-64.284355
-64.290611
-64.29686
-64.29686
-64.271858
-64.259361
-64.26873
-64.26561
-64.262482
-64.253105
-64.262482
-64.278107
-64.253105
-64.253105
-64.26561
-64.271858
-64.29998
-64.290611
-64.293732
-64.293732
-64.284355
-64.29686
-64.306236
-64.315605
-64.309357
-64.321861
-64.334358
-64.309357
-64.309357
-64.309357
-64.312485
-64.309357
-64.306236
-64.309357
-64.315605
-64.318733
-64.29686
-64.29998
-64.312485
-64.309357
-64.29686
-64.303108
-64.312485
-64.303108
-64.281235
-64.29686
-64.303108
-64.309357
-64.318733
-64.315605
-64.312485
-64.309357
-64.32811
-64.324982
-64.337486
-64.32811
-64.315605
-64.315605
-64.321861
-64.334358
-64.321861
-64.306236
-64.315605
-64.324982
-64.318733
-64.321861
-64.324982
-64.309357
-64.318733
-64.315605
-64.312485
-64.321861
-64.29998
-64.29998
-64.312485
-64.312485
-64.29998
-64.29998
-64.29686
-64.309357
-64.321861
-64.303108
-64.346855
-64.337486
-64.32811
-64.346855
-64.337486
-64.312485
-64.303108
-64.284355
-64.284355
-64.274986
-64.262482
-64.278107
-64.306236
-64.29686
-64.312485
-64.321861
-64.312485
-64.290611
-64.303108
-64.303108
-64.309357
-64.306236
-64.290611
-64.306236
-64.303108
-64.303108
-64.324982
-64.309357
-64.315605
-64.312485
-64.29998
-64.29686
-64.312485
-64.271858
-64.284355
-64.303108
-64.303108
-64.324982
-64.340607
-64.33123
-64.318733
-64.315605
-64.334358
-64.315605
-64.334358
-64.32811
-64.324982
-64.337486
-64.315605
-64.315605
-64.346855
-64.340607
-64.349976
-64.334358
-64.343735
-64.353104
-64.346855
-64.353104
-64.356232
-64.324982
-64.303108
-64.29686
-64.29686
-64.290611
-64.293732
-64.271858
-64.271858
-64.284355
-64.274986
-64.274986
-64.262482
-64.274986
-64.26561
-64.271858
-64.281235
-64.274986
-64.284355
-64.281235
-64.274986
-64.26561
-64.287483
-64.287483
-64.284355
-64.309357
-64.293732
-64.29998
-64.284355
-64.278107
-64.259361
-64.259361
-64.262482
-64.271858
-64.281235
-64.309357
-64.309357
-64.293732
-64.29998
-64.306236
-64.29998
-64.29686
-64.315605
-64.321861
-64.321861
-64.343735
-64.356232
-64.356232
-64.343735
-64.334358
-64.346855
-64.346855
-64.337486
-64.346855
-64.346855
-64.33123
-64.315605
-64.324982
-64.318733
-64.334358
-64.324982
-64.33123
-64.306236
-64.318733
-64.321861
-64.337486
-64.340607
-64.337486
-64.340607
-64.334358
-64.340607
-64.36248
-64.349976
-64.349976
-64.349976
-64.343735
-64.359352
-64.346855
-64.349976
-64.36248
-64.365601
-64.337486
-64.343735
-64.343735
-64.365601
-64.346855
-64.349976
-64.343735
-64.340607
-64.346855
-64.349976
-64.365601
-64.346855
-64.343735
-64.353104
-64.359352
-64.359352
-64.343735
-64.343735
-64.33123
-64.32811
-64.324982
-64.337486
-64.32811
-64.318733
-64.324982
-64.321861
-64.33123
-64.349976
-64.324982
-64.318733
-64.32811
-64.33123
-64.337486
-64.340607
-64.337486
-64.33123
-64.321861
-64.340607
-64.356232
-64.343735
-64.324982
-64.321861
-64.321861
-64.334358
-64.315605
-64.306236
-64.315605
-64.29686
-64.29686
-64.287483
-64.29686
-64.290611
-64.29686
-64.309357
-64.29998
-64.318733
-64.321861
-64.306236
-64.29686
-64.303108
-64.309357
-64.306236
-64.29998
-64.287483
-64.33123
-64.340607
-64.312485
-64.346855
-64.315605
-64.315605
-64.306236
-64.293732
-64.271858
-64.262482
-64.278107
-64.284355
-64.29686
-64.26561
-64.29998
-64.303108
-64.29998
-64.321861
-64.321861
-64.29686
-64.321861
-64.312485
-64.278107
-64.309357
-64.315605
-64.315605
-64.33123
-64.321861
-64.303108
-64.303108
-64.293732
-64.29686
-64.290611
-64.29998
-64.312485
-64.309357
-64.29686
-64.29686
-64.303108
-64.306236
-64.303108
-64.29686
-64.306236
-64.312485
-64.312485
-64.309357
-64.337486
-64.321861
-64.321861
-64.321861
-64.306236
-64.312485
-64.321861
-64.29998
-64.29998
-64.309357
-64.315605
-64.33123
-64.324982
-64.29686
-64.306236
-64.284355
-64.271858
-64.290611
-64.290611
-64.29686
-64.321861
-64.306236
-64.33123
-64.29686
-64.315605
-64.29998
-64.303108
-64.309357
-64.293732
-64.306236
-64.29686
-64.312485
-64.29686
-64.293732
-64.29686
-64.278107
-64.29686
-64.303108
-64.29998
-64.303108
-64.318733
-64.318733
-64.337486
-64.337486
-64.321861
-64.337486
-64.343735
-64.318733
-64.324982
-64.303108
-64.29686
-64.303108
-64.29686
-64.293732
-64.303108
-64.281235
-64.29686
-64.29686
-64.278107
-64.29686
-64.309357
-64.315605
-64.315605
-64.306236
-64.284355
-64.309357
-64.29686
-64.29686
-64.287483
-64.284355
-64.278107
-64.29998
-64.29998
-64.290611
-64.290611
-64.293732
-64.293732
-64.293732
-64.290611
-64.29686
-64.29686
-64.29998
-64.303108
-64.281235
-64.26561
-64.271858
-64.284355
-64.284355
-64.284355
-64.274986
-64.26873
-64.287483
-64.271858
-64.246864
-64.253105
-64.253105
-64.26561
-64.287483
-64.271858
-64.274986
-64.293732
-64.293732
-64.26561
-64.26561
-64.26873
-64.274986
-64.26873
-64.284355
-64.271858
-64.278107
-64.29998
-64.29686
-64.284355
-64.284355
-64.287483
-64.293732
-64.284355
-64.293732
-64.303108
-64.29686
-64.303108
-64.309357
-64.29686
-64.29686
-64.287483
-64.306236
-64.309357
-64.293732
-64.284355
-64.26873
-64.26561
-64.271858
-64.293732
-64.271858
-64.287483
-64.278107
-64.290611
-64.293732
-64.284355
-64.290611
-64.309357
-64.303108
-64.29998
-64.293732
-64.284355
-64.303108
-64.309357
-64.309357
-64.303108
-64.293732
-64.284355
-64.309357
-64.303108
-64.29998
-64.29998
-64.29686
-64.303108
-64.293732
-64.290611
-64.29686
-64.324982
-64.315605
-64.29686
-64.29998
-64.303108
-64.312485
-64.318733
-64.29998
-64.312485
-64.278107
-64.284355
-64.290611
-64.293732
-64.29686
-64.29686
-64.284355
-64.287483
-64.278107
-64.262482
-64.262482
-64.26873
-64.287483
-64.281235
-64.26561
-64.26873
-64.26873
-64.262482
-64.271858
-64.287483
-64.290611
-64.278107
-64.271858
-64.246864
-64.256233
-64.256233
-64.26873
-64.26561
-64.262482
-64.246864
-64.256233
-64.26873
-64.271858
-64.274986
-64.281235
-64.278107
-64.274986
-64.259361
-64.259361
-64.290611
-64.287483
-64.29686
-64.287483
-64.284355
-64.271858
-64.281235
-64.284355
-64.284355
-64.262482
-64.259361
-64.249985
-64.271858
-64.249985
-64.246864
-64.249985
-64.246864
-64.274986
-64.290611
-64.29686
-64.29686
-64.309357
-64.306236
-64.324982
-64.33123
-64.334358
-64.321861
-64.309357
-64.312485
-64.29686
-64.318733
-64.318733
-64.315605
-64.293732
-64.290611
-64.278107
-64.246864
-64.26561
-64.253105
-64.253105
-64.262482
-64.246864
-64.249985
-64.240616
-64.26561
-64.249985
-64.259361
-64.253105
-64.271858
-64.26873
-64.253105
-64.271858
-64.274986
-64.278107
-64.278107
-64.29686
-64.284355
-64.287483
-64.281235
-64.281235
-64.29686
-64.271858
-64.281235
-64.29998
-64.26873
-64.26873
-64.284355
-64.287483
-64.278107
-64.26873
-64.26561
-64.26873
-64.26873
-64.26561
-64.26561
-64.26561
-64.281235
-64.29686
-64.29686
-64.29998
-64.293732
-64.287483
-64.293732
-64.290611
-64.274986
-64.293732
-64.315605
-64.29686
-64.29998
-64.306236
-64.303108
-64.303108
-64.29998
-64.315605
-64.33123
-64.312485
-64.315605
-64.312485
-64.312485
-64.293732
-64.29998
-64.321861
-64.340607
-64.340607
-64.33123
-64.337486
-64.309357
-64.318733
-64.321861
-64.309357
-64.306236
-64.315605
-64.29686
-64.306236
-64.321861
-64.33123
-64.315605
-64.306236
-64.303108
-64.293732
-64.29686
-64.29686
-64.29686
-64.29686
-64.306236
-64.303108
-64.29686
-64.290611
-64.287483
-64.271858
-64.26873
-64.284355
-64.26873
-64.281235
-64.256233
-64.246864
-64.243736
-64.26873
-64.281235
-64.278107
-64.293732
-64.29686
-64.262482
-64.293732
-64.26873
-64.290611
-64.278107
-64.26873
-64.271858
-64.284355
-64.278107
-64.274986
-64.278107
-64.271858
-64.274986
-64.26873
-64.253105
-64.274986
-64.259361
-64.26561
-64.281235
-64.287483
-64.290611
-64.29998
-64.29686
-64.29686
-64.29686
-64.29686
-64.309357
-64.29998
-64.293732
-64.306236
-64.29998
-64.29998
-64.309357
-64.309357
-64.303108
-64.309357
-64.29686
-64.29686
-64.315605
-64.29686
-64.29686
-64.33123
-64.293732
-64.287483
-64.281235
-64.284355
-64.293732
-64.290611
-64.278107
-64.284355
-64.287483
-64.284355
-64.271858
-64.284355
-64.278107
-64.281235
-64.278107
-64.284355
-64.306236
-64.309357
-64.312485
-64.321861
-64.293732
-64.293732
-64.309357
-64.29998
-64.312485
-64.306236
-64.309357
-64.33123
-64.318733
-64.334358
-64.33123
-64.306236
-64.315605
-64.321861
-64.33123
-64.340607
-64.324982
-64.315605
-64.309357
-64.346855
-64.318733
-64.349976
-64.334358
-64.324982
-64.315605
-64.321861
-64.321861
-64.33123
-64.324982
-64.321861
-64.32811
-64.306236
-64.29686
-64.290611
-64.278107
-64.278107
-64.26561
-64.253105
-64.290611
-64.271858
-64.271858
-64.29686
-64.29686
-64.315605
-64.33123
-64.312485
-64.309357
-64.349976
-64.346855
-64.32811
-64.318733
-64.303108
-64.29686
-64.29686
-64.29686
-64.29686
-64.324982
-64.306236
-64.303108
-64.29998
-64.29998
-64.281235
-64.271858
-64.271858
-64.281235
-64.26561
-64.271858
-64.287483
-64.281235
-64.293732
-64.278107
-64.29686
-64.281235
-64.29998
-64.293732
-64.29686
-64.29998
-64.315605
-64.306236
-64.309357
-64.309357
-64.315605
-64.312485
-64.303108
-64.303108
-64.29686
-64.306236
-64.29686
-64.290611
-64.29686
-64.290611
-64.290611
-64.290611
-64.29998
-64.29686
-64.29998
-64.29686
-64.290611
-64.287483
-64.29686
-64.284355
-64.287483
-64.293732
-64.324982
-64.318733
-64.315605
-64.312485
-64.315605
-64.312485
-64.309357
-64.303108
-64.29998
-64.303108
-64.29686
-64.287483
-64.290611
-64.303108
-64.321861
-64.334358
-64.309357
-64.315605
-64.32811
-64.324982
-64.315605
-64.303108
-64.312485
-64.29686
-64.309357
-64.303108
-64.29998
-64.318733
-64.309357
-64.29998
-64.29686
-64.293732
-64.287483
-64.287483
-64.287483
-64.29998
-64.318733
-64.312485
-64.29686
-64.29998
-64.29686
-64.315605
-64.29686
-64.312485
-64.315605
-64.287483
-64.293732
-64.29998
-64.284355
-64.274986
-64.281235
-64.259361
-64.281235
-64.293732
-64.29686
-64.290611
-64.274986
-64.278107
-64.26873
-64.281235
-64.284355
-64.278107
-64.281235
-64.287483
-64.287483
-64.287483
-64.293732
-64.29686
-64.287483
-64.284355
-64.287483
-64.278107
-64.278107
-64.29686
-64.293732
-64.306236
-64.306236
-64.306236
-64.318733
-64.318733
-64.306236
-64.303108
-64.293732
-64.306236
-64.318733
-64.318733
-64.318733
-64.321861
-64.321861
-64.29686
-64.29686
-64.293732
-64.29998
-64.29686
-64.303108
-64.318733
-64.306236
-64.29998
-64.315605
-64.315605
-64.334358
-64.32811
-64.303108
-64.33123
-64.334358
-64.315605
-64.312485
-64.303108
-64.306236
-64.312485
-64.321861
-64.303108
-64.293732
-64.32811
-64.334358
-64.321861
-64.29998
-64.29686
-64.303108
-64.315605
-64.303108
-64.318733
-64.303108
-64.309357
-64.337486
-64.318733
-64.32811
-64.334358
-64.321861
-64.29686
-64.309357
-64.29998
-64.321861
-64.312485
-64.321861
-64.324982
-64.346855
-64.346855
-64.359352
-64.36248
-64.365601
-64.346855
-64.337486
-64.356232
-64.359352
-64.346855
-64.359352
-64.353104
-64.321861
-64.337486
-64.33123
-64.312485
-64.321861
-64.315605
-64.303108
-64.318733
-64.33123
-64.324982
-64.334358
-64.324982
-64.337486
-64.337486
-64.324982
-64.321861
-64.32811
-64.306236
-64.321861
-64.334358
-64.309357
-64.312485
-64.29686
-64.29686
-64.287483
-64.309357
-64.29998
-64.315605
-64.29686
-64.29998
-64.321861
-64.309357
-64.309357
-64.315605
-64.32811
-64.318733
-64.324982
-64.29686
-64.306236
-64.284355
-64.303108
-64.306236
-64.306236
-64.284355
-64.29686
-64.306236
-64.315605
-64.32811
-64.33123
-64.32811
-64.337486
-64.324982
-64.321861
-64.321861
-64.318733
-64.306236
-64.306236
-64.29998
-64.29998
-64.29998
-64.293732
-64.284355
-64.287483
-64.29686
-64.303108
-64.306236
-64.287483
-64.312485
-64.303108
-64.303108
-64.29686
-64.284355
-64.29686
-64.281235
-64.287483
-64.293732
-64.281235
-64.290611
-64.293732
-64.29686
-64.29686
-64.29686
-64.29998
-64.29686
-64.29998
-64.29686
-64.284355
-64.281235
-64.278107
-64.290611
-64.29686
-64.303108
-64.315605
-64.315605
-64.29686
-64.293732
-64.303108
-64.281235
-64.303108
-64.29686
-64.284355
-64.287483
-64.293732
-64.287483
-64.29686
-64.284355
-64.29686
-64.303108
-64.290611
-64.306236
-64.315605
-64.29686
-64.315605
-64.324982
-64.29998
-64.315605
-64.29686
-64.303108
-64.315605
-64.303108
-64.33123
-64.343735
-64.337486
-64.312485
-64.29998
-64.303108
-64.312485
-64.324982
-64.309357
-64.33123
-64.33123
-64.312485
-64.309357
-64.33123
-64.315605
-64.315605
-64.340607
-64.32811
-64.32811
-64.353104
-64.324982
-64.33123
-64.33123
-64.318733
-64.32811
-64.334358
-64.33123
-64.324982
-64.315605
-64.312485
-64.32811
-64.312485
-64.315605
-64.321861
-64.315605
-64.303108
-64.303108
-64.29998
-64.321861
-64.318733
-64.309357
-64.315605
-64.281235
-64.290611
-64.278107
-64.281235
-64.281235
-64.274986
-64.281235
-64.278107
-64.262482
-64.249985
-64.256233
-64.278107
-64.312485
-64.309357
-64.303108
-64.306236
-64.287483
-64.293732
-64.284355
-64.29686
-64.29686
-64.29686
-64.303108
-64.312485
-64.321861
-64.303108
-64.284355
-64.278107
-64.290611
-64.293732
-64.284355
-64.321861
-64.309357
-64.29686
-64.29686
-64.293732
-64.281235
-64.281235
-64.259361
-64.306236
-64.312485
-64.306236
-64.284355
-64.271858
-64.284355
-64.274986
-64.287483
-64.271858
-64.281235
-64.293732
-64.278107
-64.290611
-64.293732
-64.281235
-64.278107
-64.281235
-64.284355
-64.271858
-64.284355
-64.29686
-64.278107
-64.281235
-64.281235
-64.26561
-64.253105
-64.278107
-64.281235
-64.29686
-64.293732
-64.284355
-64.312485
-64.303108
-64.315605
-64.321861
-64.29998
-64.290611
-64.309357
-64.312485
-64.321861
-64.315605
-64.309357
-64.309357
-64.29998
-64.281235
-64.290611
-64.290611
-64.29686
-64.290611
-64.309357
-64.312485
-64.318733
-64.309357
-64.29686
-64.32811
-64.32811
-64.337486
-64.32811
-64.33123
-64.318733
-64.334358
-64.32811
-64.315605
-64.306236
-64.318733
-64.321861
-64.321861
-64.293732
-64.293732
-64.290611
-64.278107
-64.29998
-64.303108
-64.306236
-64.29998
-64.315605
-64.312485
-64.312485
-64.324982
-64.321861
-64.349976
-64.334358
-64.32811
-64.334358
-64.324982
-64.318733
-64.334358
-64.312485
-64.315605
-64.321861
-64.309357
-64.334358
-64.32811
-64.346855
-64.349976
-64.324982
-64.33123
-64.337486
-64.33123
-64.29998
-64.293732
-64.284355
-64.262482
-64.281235
-64.271858
-64.253105
-64.262482
-64.246864
-64.253105
-64.262482
-64.259361
-64.26873
-64.26873
-64.26561
-64.26561
-64.249985
-64.271858
-64.29686
-64.290611
-64.26873
-64.287483
-64.274986
-64.249985
-64.237488
-64.221863
-64.249985
-64.249985
-64.234367
-64.243736
-64.26561
-64.256233
-64.274986
-64.281235
-64.281235
-64.271858
-64.284355
-64.278107
-64.274986
-64.253105
-64.278107
-64.26873
-64.274986
-64.284355
-64.29686
-64.293732
-64.271858
-64.259361
-64.253105
-64.26873
-64.26561
-64.259361
-64.271858
-64.274986
-64.243736
-64.249985
-64.246864
-64.253105
-64.271858
-64.26873
-64.284355
-64.271858
-64.259361
-64.256233
-64.262482
-64.253105
-64.256233
-64.249985
-64.259361
-64.274986
-64.271858
-64.26873
-64.284355
-64.278107
-64.26561
-64.281235
-64.284355
-64.262482
-64.287483
-64.278107
-64.262482
-64.26873
-64.246864
-64.246864
-64.237488
-64.224991
-64.234367
-64.246864
-64.228111
-64.240616
-64.234367
-64.240616
-64.271858
-64.29686
-64.271858
-64.287483
-64.287483
-64.284355
-64.306236
-64.26873
-64.278107
-64.26873
-64.274986
-64.26561
-64.287483
-64.26561
-64.259361
-64.284355
-64.284355
-64.26873
-64.29686
-64.309357
-64.29686
-64.306236
-64.290611
-64.287483
-64.29686
-64.29686
-64.290611
-64.290611
-64.293732
-64.26561
-64.246864
-64.249985
-64.259361
-64.246864
-64.246864
-64.259361
-64.249985
-64.26561
-64.284355
-64.284355
-64.29686
-64.287483
-64.290611
-64.306236
-64.303108
-64.29686
-64.303108
-64.281235
-64.290611
-64.293732
-64.271858
-64.278107
-64.287483
-64.29686
-64.309357
-64.318733
-64.324982
-64.33123
-64.312485
-64.306236
-64.321861
-64.303108
-64.29686
-64.334358
-64.293732
-64.281235
-64.306236
-64.29686
-64.278107
-64.278107
-64.281235
-64.293732
-64.287483
-64.281235
-64.278107
-64.29686
-64.284355
-64.284355
-64.26561
-64.249985
-64.256233
-64.259361
-64.281235
-64.26561
-64.274986
-64.26561
-64.290611
-64.26873
-64.246864
-64.26561
-64.281235
-64.284355
-64.281235
-64.259361
-64.259361
-64.271858
-64.284355
-64.26873
-64.259361
-64.274986
-64.253105
-64.246864
-64.240616
-64.246864
-64.231239
-64.246864
-64.234367
-64.224991
-64.231239
-64.231239
-64.206238
-64.215614
-64.228111
-64.231239
-64.234367
-64.240616
-64.237488
-64.231239
-64.262482
-64.26561
-64.26561
-64.284355
-64.253105
-64.262482
-64.249985
-64.262482
-64.237488
-64.240616
-64.246864
-64.246864
-64.246864
-64.253105
-64.26873
-64.26873
-64.281235
-64.290611
-64.26873
-64.29998
-64.284355
-64.281235
-64.281235
-64.26873
-64.234367
-64.228111
-64.228111
-64.224991
-64.228111
-64.224991
-64.240616
-64.253105
-64.249985
-64.253105
-64.246864
-64.243736
-64.246864
-64.246864
-64.243736
-64.240616
-64.256233
-64.240616
-64.240616
-64.246864
-64.259361
-64.240616
-64.231239
-64.246864
-64.221863
-64.224991
-64.253105
-64.256233
-64.240616
-64.281235
-64.26873
-64.26873
-64.26873
-64.259361
-64.26561
-64.274986
-64.249985
-64.26873
-64.249985
-64.256233
-64.271858
-64.26873
-64.26873
-64.271858
-64.259361
-64.256233
-64.271858
-64.281235
-64.293732
-64.26561
-64.287483
-64.290611
-64.274986
-64.293732
-64.290611
-64.293732
-64.290611
-64.29686
-64.318733
-64.318733
-64.321861
-64.318733
-64.306236
-64.290611
-64.312485
-64.287483
-64.278107
-64.271858
-64.281235
-64.29686
-64.303108
-64.29686
-64.303108
-64.284355
-64.29686
-64.287483
-64.284355
-64.281235
-64.303108
-64.287483
-64.29686
-64.29686
-64.287483
-64.293732
-64.312485
-64.293732
-64.293732
-64.293732
-64.29686
-64.340607
-64.32811
-64.346855
-64.356232
-64.349976
-64.346855
-64.33123
-64.337486
-64.33123
-64.324982
-64.340607
-64.343735
-64.340607
-64.340607
-64.346855
-64.343735
-64.337486
-64.321861
-64.340607
-64.312485
-64.312485
-64.318733
-64.32811
-64.346855
-64.33123
-64.324982
-64.315605
-64.290611
-64.33123
-64.321861
-64.303108
-64.318733
-64.32811
-64.346855
-64.340607
-64.346855
-64.337486
-64.340607
-64.346855
-64.33123
-64.374977
-64.36248
-64.353104
-64.396851
-64.349976
-64.356232
-64.359352
-64.346855
-64.340607
-64.340607
-64.346855
-64.353104
-64.343735
-64.32811
-64.32811
-64.334358
-64.32811
-64.346855
-64.368729
-64.359352
-64.371857
-64.384354
-64.381226
-64.378105
-64.396851
-64.371857
-64.374977
-64.368729
-64.371857
-64.365601
-64.387482
-64.384354
-64.39373
-64.368729
-64.39373
-64.39373
-64.403107
-64.387482
-64.387482
-64.390602
-64.39373
-64.378105
-64.378105
-64.39373
-64.381226
-64.371857
-64.374977
-64.390602
-64.390602
-64.403107
-64.399979
-64.403107
-64.412476
-64.384354
-64.378105
-64.381226
-64.371857
-64.399979
-64.409355
-64.387482
-64.412476
-64.387482
-64.381226
-64.387482
-64.387482
-64.378105
-64.365601
-64.303108
-64.271858
-64.271858
-64.253105
-64.256233
-64.274986
-64.26873
-64.290611
-64.29686
-64.303108
-64.306236
-64.33123
-64.315605
-64.315605
-64.29686
-64.287483
-64.303108
-64.29686
-64.306236
-64.312485
-64.312485
-64.318733
-64.29998
-64.303108
-64.293732
-64.29686
-64.306236
-64.303108
-64.293732
-64.29686
-64.306236
-64.306236
-64.312485
-64.321861
-64.318733
-64.315605
-64.32811
-64.309357
-64.29686
-64.315605
-64.321861
-64.324982
-64.33123
-64.32811
-64.324982
-64.321861
-64.334358
-64.353104
-64.343735
-64.340607
-64.337486
-64.346855
-64.334358
-64.343735
-64.334358
-64.32811
-64.346855
-64.346855
-64.346855
-64.365601
-64.359352
-64.343735
-64.346855
-64.337486
-64.318733
-64.33123
-64.321861
-64.356232
-64.346855
-64.343735
-64.353104
-64.349976
-64.387482
-64.359352
-64.346855
-64.346855
-64.36248
-64.349976
-64.353104
-64.346855
-64.337486
-64.349976
-64.346855
-64.349976
-64.359352
-64.378105
-64.36248
-64.371857
-64.353104
-64.340607
-64.334358
-64.337486
-64.359352
-64.356232
-64.365601
-64.356232
-64.378105
-64.356232
-64.337486
-64.359352
-64.359352
-64.359352
-64.337486
-64.340607
-64.346855
-64.346855
-64.346855
-64.356232
-64.353104
-64.346855
-64.343735
-64.346855
-64.340607
-64.346855
-64.356232
-64.356232
-64.356232
-64.349976
-64.346855
-64.349976
-64.346855
-64.337486
-64.334358
-64.349976
-64.359352
-64.343735
-64.346855
-64.359352
-64.337486
-64.353104
-64.353104
-64.349976
-64.368729
-64.368729
-64.368729
-64.356232
-64.374977
-64.371857
-64.356232
-64.381226
-64.378105
-64.368729
-64.371857
-64.356232
-64.346855
-64.334358
-64.343735
-64.340607
-64.343735
-64.337486
-64.359352
-64.378105
-64.346855
-64.371857
-64.349976
-64.346855
-64.368729
-64.368729
-64.368729
-64.378105
-64.365601
-64.374977
-64.356232
-64.343735
-64.365601
-64.356232
-64.365601
-64.359352
-64.381226
-64.368729
-64.368729
-64.374977
-64.371857
-64.374977
-64.396851
-64.371857
-64.381226
-64.374977
-64.378105
-64.396851
-64.387482
-64.396851
-64.412476
-64.390602
-64.396851
-64.396851
-64.399979
-64.371857
-64.371857
-64.381226
-64.390602
-64.396851
-64.390602
-64.378105
-64.365601
-64.359352
-64.384354
-64.36248
-64.356232
-64.356232
-64.359352
-64.36248
-64.340607
-64.346855
-64.368729
-64.359352
-64.346855
-64.371857
-64.334358
-64.36248
-64.359352
-64.378105
-64.368729
-64.374977
-64.371857
-64.381226
-64.396851
-64.374977
-64.340607
-64.36248
-64.368729
-64.36248
-64.365601
-64.384354
-64.396851
-64.399979
-64.371857
-64.387482
-64.374977
-64.374977
-64.390602
-64.371857
-64.340607
-64.371857
-64.381226
-64.381226
-64.365601
-64.359352
-64.346855
-64.340607
-64.349976
-64.346855
-64.346855
-64.340607
-64.356232
-64.356232
-64.365601
-64.390602
-64.381226
-64.387482
-64.396851
-64.39373
-64.387482
-64.384354
-64.36248
-64.371857
-64.384354
-64.384354
-64.399979
-64.387482
-64.390602
-64.390602
-64.390602
-64.374977
-64.36248
-64.374977
-64.356232
-64.365601
-64.371857
-64.371857
-64.378105
-64.368729
-64.365601
-64.378105
-64.359352
-64.349976
-64.359352
-64.36248
-64.349976
-64.356232
-64.346855
-64.365601
-64.371857
-64.374977
-64.365601
-64.381226
-64.371857
-64.387482
-64.371857
-64.374977
-64.384354
-64.384354
-64.396851
-64.399979
-64.403107
-64.399979
-64.406227
-64.406227
-64.403107
-64.399979
-64.381226
-64.384354
-64.390602
-64.406227
-64.409355
-64.403107
-64.421852
-64.396851
-64.406227
-64.399979
-64.418732
-64.421852
-64.421852
-64.409355
-64.384354
-64.371857
-64.371857
-64.390602
-64.396851
-64.39373
-64.39373
-64.390602
-64.387482
-64.371857
-64.368729
-64.384354
-64.371857
-64.39373
-64.384354
-64.39373
-64.399979
-64.39373
-64.39373
-64.403107
-64.403107
-64.412476
-64.390602
-64.403107
-64.403107
-64.39373
-64.396851
-64.415604
-64.409355
-64.396851
-64.396851
-64.406227
-64.415604
-64.406227
-64.387482
-64.371857
-64.384354
-64.39373
-64.396851
-64.390602
-64.371857
-64.374977
-64.381226
-64.39373
-64.39373
-64.378105
-64.365601
-64.359352
-64.359352
-64.36248
-64.368729
-64.359352
-64.371857
-64.359352
-64.343735
-64.365601
-64.374977
-64.356232
-64.359352
-64.356232
-64.337486
-64.340607
-64.359352
-64.343735
-64.346855
-64.353104
-64.353104
-64.365601
-64.356232
-64.340607
-64.368729
-64.36248
-64.371857
-64.387482
-64.371857
-64.371857
-64.390602
-64.359352
-64.368729
-64.396851
-64.39373
-64.384354
-64.374977
-64.384354
-64.384354
-64.396851
-64.399979
-64.399979
-64.403107
-64.396851
-64.396851
-64.381226
-64.368729
-64.374977
-64.36248
-64.359352
-64.390602
-64.384354
-64.409355
-64.406227
-64.399979
-64.409355
-64.39373
-64.384354
-64.384354
-64.349976
-64.365601
-64.356232
-64.353104
-64.349976
-64.346855
-64.353104
-64.349976
-64.359352
-64.346855
-64.368729
-64.36248
-64.353104
-64.381226
-64.359352
-64.368729
-64.365601
-64.36248
-64.368729
-64.36248
-64.359352
-64.346855
-64.359352
-64.346855
-64.349976
-64.340607
-64.343735
-64.343735
-64.365601
-64.349976
-64.353104
-64.353104
-64.356232
-64.356232
-64.334358
-64.343735
-64.349976
-64.371857
-64.353104
-64.343735
-64.359352
-64.365601
-64.359352
-64.356232
-64.346855
-64.346855
-64.349976
-64.36248
-64.368729
-64.374977
-64.371857
-64.365601
-64.365601
-64.396851
-64.403107
-64.374977
-64.368729
-64.396851
-64.381226
-64.381226
-64.384354
-64.381226
-64.387482
-64.365601
-64.356232
-64.368729
-64.36248
-64.365601
-64.359352
-64.337486
-64.349976
-64.371857
-64.356232
-64.359352
-64.384354
-64.36248
-64.356232
-64.346855
-64.346855
-64.349976
-64.343735
-64.36248
-64.356232
-64.356232
-64.334358
-64.349976
-64.356232
-64.346855
-64.353104
-64.346855
-64.346855
-64.346855
-64.359352
-64.368729
-64.356232
-64.371857
-64.381226
-64.390602
-64.378105
-64.396851
-64.421852
-64.403107
-64.396851
-64.412476
-64.390602
-64.403107
-64.403107
-64.409355
-64.396851
-64.371857
-64.371857
-64.36248
-64.368729
-64.359352
-64.371857
-64.349976
-64.374977
-64.390602
-64.396851
-64.39373
-64.371857
-64.390602
-64.384354
-64.39373
-64.368729
-64.365601
-64.356232
-64.356232
-64.349976
-64.343735
-64.356232
-64.371857
-64.371857
-64.371857
-64.356232
-64.334358
-64.359352
-64.343735
-64.340607
-64.346855
-64.365601
-64.368729
-64.371857
-64.346855
-64.387482
-64.368729
-64.356232
-64.365601
-64.378105
-64.381226
-64.374977
-64.371857
-64.381226
-64.378105
-64.371857
-64.381226
-64.368729
-64.365601
-64.365601
-64.371857
-64.381226
-64.374977
-64.368729
-64.365601
-64.353104
-64.356232
-64.359352
-64.365601
-64.374977
-64.36248
-64.359352
-64.371857
-64.359352
-64.39373
-64.403107
-64.406227
-64.409355
-64.412476
-64.39373
-64.396851
-64.36248
-64.349976
-64.381226
-64.378105
-64.396851
-64.39373
-64.39373
-64.396851
-64.371857
-64.371857
-64.371857
-64.365601
-64.353104
-64.359352
-64.365601
-64.346855
-64.356232
-64.356232
-64.359352
-64.365601
-64.356232
-64.349976
-64.365601
-64.346855
-64.346855
-64.356232
-64.349976
-64.349976
-64.359352
-64.334358
-64.346855
-64.346855
-64.33123
-64.346855
-64.353104
-64.359352
-64.387482
-64.371857
-64.374977
-64.356232
-64.356232
-64.346855
-64.365601
-64.346855
-64.368729
-64.365601
-64.36248
-64.371857
-64.365601
-64.356232
-64.378105
-64.359352
-64.359352
-64.346855
-64.340607
-64.334358
-64.337486
-64.334358
-64.343735
-64.346855
-64.334358
-64.337486
-64.32811
-64.346855
-64.346855
-64.368729
-64.368729
-64.36248
-64.365601
-64.371857
-64.371857
-64.353104
-64.381226
-64.353104
-64.359352
-64.356232
-64.378105
-64.36248
-64.359352
-64.356232
-64.359352
-64.381226
-64.384354
-64.36248
-64.368729
-64.368729
-64.368729
-64.378105
-64.368729
-64.36248
-64.349976
-64.368729
-64.36248
-64.374977
-64.368729
-64.346855
-64.356232
-64.340607
-64.346855
-64.306236
-64.315605
-64.340607
-64.33123
-64.346855
-64.346855
-64.346855
-64.356232
-64.356232
-64.368729
-64.343735
-64.340607
-64.324982
-64.33123
-64.334358
-64.32811
-64.324982
-64.33123
-64.33123
-64.32811
-64.321861
-64.318733
-64.343735
-64.337486
-64.33123
-64.349976
-64.340607
-64.340607
-64.36248
-64.346855
-64.315605
-64.324982
-64.33123
-64.318733
-64.346855
-64.321861
-64.33123
-64.312485
-64.309357
-64.309357
-64.346855
-64.318733
-64.32811
-64.318733
-64.284355
-64.293732
-64.271858
-64.271858
-64.29686
-64.29686
-64.303108
-64.303108
-64.309357
-64.318733
-64.318733
-64.287483
-64.287483
-64.29686
-64.29686
-64.281235
-64.309357
-64.284355
-64.29686
-64.29686
-64.293732
-64.29998
-64.278107
-64.274986
-64.274986
-64.259361
-64.274986
-64.271858
-64.274986
-64.287483
-64.29686
-64.290611
-64.303108
-64.321861
-64.315605
-64.303108
-64.309357
-64.318733
-64.303108
-64.303108
-64.284355
-64.293732
-64.29686
-64.287483
-64.29686
-64.306236
-64.343735
-64.334358
-64.312485
-64.309357
-64.303108
-64.29998
-64.33123
-64.324982
-64.312485
-64.306236
-64.303108
-64.318733
-64.321861
-64.318733
-64.309357
-64.318733
-64.321861
-64.318733
-64.346855
-64.32811
-64.321861
-64.356232
-64.346855
-64.343735
-64.340607
-64.343735
-64.353104
-64.371857
-64.346855
-64.340607
-64.343735
-64.349976
-64.346855
-64.33123
-64.340607
-64.349976
-64.346855
-64.349976
-64.368729
-64.349976
-64.365601
-64.387482
-64.374977
-64.384354
-64.36248
-64.365601
-64.343735
-64.356232
-64.359352
-64.346855
-64.356232
-64.353104
-64.340607
-64.340607
-64.324982
-64.337486
-64.33123
-64.309357
-64.32811
-64.36248
-64.346855
-64.353104
-64.359352
-64.359352
-64.374977
-64.371857
-64.368729
-64.349976
-64.340607
-64.321861
-64.353104
-64.346855
-64.346855
-64.365601
-64.353104
-64.353104
-64.324982
-64.346855
-64.349976
-64.349976
-64.353104
-64.346855
-64.343735
-64.346855
-64.349976
-64.340607
-64.32811
-64.33123
-64.33123
-64.334358
-64.343735
-64.337486
-64.349976
-64.353104
-64.349976
-64.36248
-64.374977
-64.371857
-64.371857
-64.371857
-64.368729
-64.371857
-64.365601
-64.359352
-64.359352
-64.349976
-64.32811
-64.315605
-64.324982
-64.343735
-64.334358
-64.346855
-64.359352
-64.359352
-64.353104
-64.356232
-64.356232
-64.346855
-64.346855
-64.337486
-64.353104
-64.371857
-64.374977
-64.381226
-64.353104
-64.356232
-64.356232
-64.365601
-64.371857
-64.378105
-64.374977
-64.378105
-64.368729
-64.365601
-64.378105
-64.374977
-64.368729
-64.371857
-64.36248
-64.371857
-64.378105
-64.368729
-64.371857
-64.387482
-64.387482
-64.396851
-64.387482
-64.387482
-64.353104
-64.349976
-64.346855
-64.346855
-64.346855
-64.346855
-64.343735
-64.346855
-64.346855
-64.33123
-64.340607
-64.346855
-64.340607
-64.337486
-64.324982
-64.346855
-64.359352
-64.359352
-64.349976
-64.374977
-64.368729
-64.340607
-64.340607
-64.343735
-64.36248
-64.32811
-64.33123
-64.321861
-64.318733
-64.315605
-64.337486
-64.340607
-64.346855
-64.334358
-64.29998
-64.29686
-64.32811
-64.32811
-64.321861
-64.324982
-64.318733
-64.315605
-64.334358
-64.343735
-64.349976
-64.337486
-64.321861
-64.334358
-64.32811
-64.340607
-64.337486
-64.349976
-64.353104
-64.346855
-64.334358
-64.334358
-64.346855
-64.349976
-64.349976
-64.346855
-64.340607
-64.334358
-64.321861
-64.321861
-64.315605
-64.309357
-64.318733
-64.334358
-64.303108
-64.312485
-64.315605
-64.29998
-64.303108
-64.324982
-64.318733
-64.321861
-64.318733
-64.318733
-64.321861
-64.33123
-64.318733
-64.321861
-64.312485
-64.29686
-64.306236
-64.303108
-64.287483
-64.290611
-64.278107
-64.290611
-64.29686
-64.29686
-64.318733
-64.321861
-64.321861
-64.293732
-64.29686
-64.293732
-64.278107
-64.271858
-64.274986
-64.284355
-64.29686
-64.29686
-64.29686
-64.287483
-64.293732
-64.306236
-64.29686
-64.284355
-64.29686
-64.318733
-64.290611
-64.290611
-64.29686
-64.29686
-64.309357
-64.306236
-64.29998
-64.309357
-64.29686
-64.315605
-64.29686
-64.284355
-64.29686
-64.290611
-64.274986
-64.281235
-64.256233
-64.281235
-64.284355
-64.26561
-64.29686
-64.278107
-64.278107
-64.281235
-64.29998
-64.29686
-64.306236
-64.29686
-64.29686
-64.303108
-64.293732
-64.284355
-64.306236
-64.312485
-64.315605
-64.324982
-64.312485
-64.29686
-64.312485
-64.312485
-64.29998
-64.306236
-64.306236
-64.29686
-64.29686
-64.259361
-64.284355
-64.271858
-64.26873
-64.256233
-64.271858
-64.259361
-64.287483
-64.281235
-64.290611
-64.284355
-64.287483
-64.278107
-64.29686
-64.26873
-64.29686
-64.29686
-64.290611
-64.287483
-64.309357
-64.29998
-64.303108
-64.306236
-64.309357
-64.290611
-64.281235
-64.253105
-64.253105
-64.253105
-64.246864
-64.253105
-64.253105
-64.26873
-64.278107
-64.243736
-64.259361
-64.259361
-64.259361
-64.287483
-64.284355
-64.281235
-64.281235
-64.271858
-64.259361
-64.26873
-64.274986
-64.253105
-64.26561
-64.243736
-64.256233
-64.274986
-64.26873
-64.274986
-64.29686
-64.29998
-64.290611
-64.293732
-64.29686
-64.306236
-64.306236
-64.290611
-64.290611
-64.29686
-64.29686
-64.309357
-64.318733
-64.318733
-64.32811
-64.321861
-64.306236
-64.303108
-64.312485
-64.315605
-64.309357
-64.318733
-64.318733
-64.315605
-64.306236
-64.321861
-64.315605
-64.309357
-64.306236
-64.29686
-64.287483
-64.309357
-64.290611
-64.306236
-64.309357
-64.29998
-64.290611
-64.284355
-64.278107
-64.26873
-64.290611
-64.274986
-64.29686
-64.309357
-64.29686
-64.287483
-64.259361
-64.256233
-64.26561
-64.26561
-64.259361
-64.281235
-64.284355
-64.278107
-64.26873
-64.253105
-64.259361
-64.271858
-64.29686
-64.29686
-64.29686
-64.293732
-64.290611
-64.290611
-64.290611
-64.284355
-64.278107
-64.281235
-64.284355
-64.274986
-64.26873
-64.274986
-64.26561
-64.256233
-64.253105
-64.26561
-64.259361
-64.26561
-64.253105
-64.271858
-64.287483
-64.259361
-64.271858
-64.271858
-64.246864
-64.249985
-64.240616
-64.246864
-64.256233
-64.246864
-64.228111
-64.249985
-64.246864
-64.243736
-64.256233
-64.246864
-64.246864
-64.243736
-64.259361
-64.253105
-64.26561
-64.246864
-64.240616
-64.240616
-64.240616
-64.246864
-64.259361
-64.246864
-64.253105
-64.246864
-64.246864
-64.26873
-64.246864
-64.246864
-64.281235
-64.271858
-64.262482
-64.262482
-64.249985
-64.259361
-64.271858
-64.262482
-64.26873
-64.274986
-64.278107
-64.26873
-64.284355
-64.271858
-64.29686
-64.293732
-64.290611
-64.287483
-64.243736
-64.259361
-64.281235
-64.26561
-64.290611
-64.281235
-64.290611
-64.29686
-64.303108
-64.29686
-64.312485
-64.312485
-64.29998
-64.32811
-64.32811
-64.324982
-64.318733
-64.334358
-64.346855
-64.334358
-64.334358
-64.309357
-64.324982
-64.321861
-64.315605
-64.312485
-64.29686
-64.315605
-64.29686
-64.312485
-64.321861
-64.32811
-64.318733
-64.318733
-64.33123
-64.312485
-64.309357
-64.293732
-64.29686
-64.287483
-64.290611
-64.293732
-64.293732
-64.284355
-64.29686
-64.278107
-64.274986
-64.274986
-64.274986
-64.26561
-64.271858
-64.26873
-64.271858
-64.281235
-64.274986
-64.281235
-64.271858
-64.281235
-64.293732
-64.290611
-64.29998
-64.303108
-64.33123
-64.29686
-64.29686
-64.281235
-64.26873
-64.281235
-64.287483
-64.29686
-64.287483
-64.278107
-64.246864
-64.271858
-64.278107
-64.287483
-64.29686
-64.281235
-64.281235
-64.274986
-64.26561
-64.26561
-64.271858
-64.26873
-64.26561
-64.259361
-64.26561
-64.271858
-64.281235
-64.278107
-64.287483
-64.287483
-64.287483
-64.290611
-64.29686
-64.29686
-64.290611
-64.29686
-64.281235
-64.26873
-64.271858
-64.256233
-64.249985
-64.262482
-64.249985
-64.293732
-64.256233
-64.271858
-64.271858
-64.278107
-64.26873
-64.256233
-64.262482
-64.281235
-64.271858
-64.262482
-64.26561
-64.26561
-64.253105
-64.26561
-64.274986
-64.259361
-64.278107
-64.262482
-64.271858
-64.278107
-64.259361
-64.246864
-64.246864
-64.218742
-64.246864
-64.224991
-64.231239
-64.253105
-64.240616
-64.246864
-64.262482
-64.256233
-64.246864
-64.253105
-64.256233
-64.256233
-64.26561
-64.246864
-64.246864
-64.256233
-64.243736
-64.237488
-64.246864
-64.249985
-64.243736
-64.249985
-64.246864
-64.228111
-64.228111
-64.206238
-64.228111
-64.224991
-64.246864
-64.224991
-64.231239
-64.212486
-64.234367
-64.221863
-64.240616
-64.243736
-64.256233
-64.262482
-64.26873
-64.278107
-64.259361
-64.243736
-64.234367
-64.224991
-64.215614
-64.212486
-64.228111
-64.218742
-64.234367
-64.246864
-64.240616
-64.249985
-64.221863
-64.224991
-64.224991
-64.221863
-64.228111
-64.215614
-64.224991
-64.243736
-64.259361
-64.262482
-64.249985
-64.253105
-64.246864
-64.26561
-64.256233
-64.246864
-64.231239
-64.246864
-64.228111
-64.234367
-64.206238
-64.209366
-64.221863
-64.212486
-64.212486
-64.224991
-64.228111
-64.231239
-64.221863
-64.209366
-64.221863
-64.228111
-64.212486
-64.218742
-64.224991
-64.212486
-64.203117
-64.203117
-64.184364
-64.190613
-64.187492
-64.184364
-64.193741
-64.206238
-64.190613
-64.203117
-64.199989
-64.190613
-64.206238
-64.206238
-64.215614
-64.203117
-64.206238
-64.228111
-64.228111
-64.224991
-64.221863
-64.206238
-64.215614
-64.212486
-64.215614
-64.212486
-64.203117
-64.212486
-64.203117
-64.215614
-64.234367
-64.218742
-64.228111
-64.218742
-64.237488
-64.243736
-64.262482
-64.256233
-64.240616
-64.228111
-64.231239
-64.240616
-64.228111
-64.221863
-64.237488
-64.196861
-64.174988
-64.153114
-64.134369
-64.153114
-64.178116
-64.187492
-64.215614
-64.231239
-64.246864
-64.26561
-64.246864
-64.253105
-64.284355
-64.29686
-64.303108
-64.318733
-64.324982
-64.346855
-64.349976
-64.353104
-64.374977
-64.381226
-64.403107
-64.415604
-64.409355
-64.415604
-64.431229
-64.440605
-64.453102
-64.465599
-64.465599
-64.462471
-64.487473
-64.496849
-64.496849
-64.503098
-64.509346
-64.528099
-64.540596
-64.546844
-64.559341
-64.534348
-64.528099
-64.546844
-64.562469
-64.559341
-64.568718
-64.568718
-64.581223
-64.596848
-64.596848
-64.590591
-64.640594
-64.634346
-64.634346
-64.618721
-64.628098
-64.671837
-64.646843
-64.665588
-64.69059
-64.687462
-64.703087
-64.696838
-64.715591
-64.734337
-64.734337
-64.728088
-64.740593
-64.746834
-64.743713
-64.746834
-64.765587
-64.746834
-64.746834
-64.75621
-64.762459
-64.784332
-64.796837
-64.81871
-64.837456
-64.840584
-64.821831
-64.834335
-64.849953
-64.849953
-64.846832
-64.856201
-64.859329
-64.871826
-64.849953
-64.871826
-64.878082
-64.881203
-64.881203
-64.878082
-64.881203
-64.896828
-64.884331
-64.878082
-64.890579
-64.890579
-64.890579
-64.896828
-64.909332
-64.928078
-64.946823
-64.962448
-64.9562
-64.978073
-64.996826
-65.006203
-65.009323
-64.990578
-64.984322
-64.984322
-64.968697
-64.978073
-64.968697
-64.953072
-64.962448
-64.943703
-64.934326
-64.915581
-64.881203
-64.878082
-64.862457
-64.837456
-64.821831
-64.806206
-64.796837
-64.796837
-64.793709
-64.781212
-64.765587
-64.746834
-64.724968
-64.743713
-64.759331
-64.753082
-64.75621
-64.746834
-64.743713
-64.740593
-64.743713
-64.696838
-64.72184
-64.740593
-64.765587
-64.774956
-64.784332
-64.765587
-64.778084
-64.746834
-64.762459
-64.790581
-64.781212
-64.803085
-64.796837
-64.790581
-64.793709
-64.796837
-64.796837
-64.815582
-64.828087
-64.821831
-64.831207
-64.843712
-64.840584
-64.859329
-64.859329
-64.871826
-64.893707
-64.890579
-64.899956
-64.912453
-64.890579
-64.896828
-64.918701
-64.934326
-64.959328
-64.959328
-64.946823
-64.965576
-64.965576
-64.959328
-64.978073
-64.971825
-64.996826
-64.999947
-64.981201
-64.999947
-64.996826
-64.993698
-65.012451
-65.015572
-65.034325
-65.021828
-65.003075
-65.0187
-65.024948
-65.028076
-65.040573
-65.040573
-65.037453
-65.05307
-65.068695
-65.090569
-65.096817
-65.087448
-65.096817
-65.096817
-65.096817
-65.103073
-65.109322
-65.096817
-65.103073
-65.109322
-65.109322
-65.096817
-65.099945
-65.11557
-65.11557
-65.121819
-65.131195
-65.134323
-65.128067
-65.106194
-65.118698
-65.121819
-65.131195
-65.146812
-65.162437
-65.184319
-65.21244
-65.209312
-65.21244
-65.209312
-65.224937
-65.231194
-65.249931
-65.268684
-65.274933
-65.274933
-65.259308
-65.262436
-65.265556
-65.274933
-65.259308
-65.281181
-65.281181
-65.296806
-65.290558
-65.278061
-65.278061
-65.296806
-65.309311
-65.324936
-65.337433
-65.331184
-65.312431
-65.309311
-65.293686
-65.315559
-65.312431
-65.318687
-65.312431
-65.318687
-65.331184
-65.346802
-65.34993
-65.334312
-65.356178
-65.343681
-65.356178
-65.353058
-65.353058
-65.365555
-65.368683
-65.353058
-65.38118
-65.390556
-65.403053
-65.403053
-65.396805
-65.41243
-65.421806
-65.393677
-65.418678
-65.406181
-65.409302
-65.409302
-65.393677
-65.396805
-65.396805
-65.421806
-65.424927
-65.428055
-65.428055
-65.418678
-65.431183
-65.44368
-65.424927
-65.453049
-65.449928
-65.468674
-65.487427
-65.484299
-65.493675
-65.499924
-65.515549
-65.534302
-65.518677
-65.531174
-65.553047
-65.524925
-65.546799
-65.537422
-65.546799
-65.546799
-65.543678
-65.528053
-65.556168
-65.546799
-65.543678
-65.553047
-65.556168
-65.546799
-65.562424
-65.574921
-65.553047
-65.565544
-65.574921
-65.587418
-65.603043
-65.615547
-65.606171
-65.596794
-65.578049
-65.578049
-65.590546
-65.587418
-65.584297
-65.593674
-65.599922
-65.596794
-65.615547
-65.624924
-65.615547
-65.609299
-65.615547
-65.631172
-65.646797
-65.618668
-65.662415
-65.649918
-65.646797
-65.659294
-65.659294
-65.659294
-65.671791
-65.668663
-65.690544
-65.703041
-65.731163
-65.712418
-65.696793
-65.684288
-65.703041
-65.706169
-65.721794
-65.753036
-65.756157
-65.746788
-65.749908
-65.746788
-65.768661
-65.746788
-65.746788
-65.768661
-65.771782
-65.778038
-65.768661
-65.765533
-65.746788
-65.759285
-65.756157
-65.756157
-65.781158
-65.784286
-65.762413
-65.762413
-65.765533
-65.77491
-65.790535
-65.799911
-65.812408
-65.83741
-65.809288
-65.80616
-65.815536
-65.809288
-65.812408
-65.821785
-65.812408
-65.818657
-65.853027
-65.834282
-65.83741
-65.818657
-65.815536
-65.831161
-65.846786
-65.846786
-65.856155
-65.846786
-65.840538
-65.859283
-65.856155
-65.874908
-65.874908
-65.846786
-65.853027
-65.849907
-65.853027
-65.862404
-65.868652
-65.87178
-65.87178
-65.874908
-65.87178
-65.896782
-65.896782
-65.918655
-65.921783
-65.912407
-65.928032
-65.921783
-65.928032
-65.906158
-65.918655
-65.921783
-65.915527
-65.918655
-65.93428
-65.959274
-65.971779
-65.968651
-65.981148
-65.981148
-65.962402
-65.968651
-65.981148
-65.953026
-65.968651
-65.965523
-65.962402
-65.959274
-65.959274
-65.971779
-65.990524
-65.984276
-65.981148
-65.956154
-65.971779
-65.993652
-65.993652
-66.018654
-66.018654
-66.018654
-66.015526
-66.015526
-65.999901
-65.990524
-65.971779
-65.968651
-65.987404
-66.006149
-66.012398
-66.015526
-66.031151
-66.021774
-66.028023
-66.018654
-66.012398
-66.034279
-66.024902
-66.028023
-66.040527
-66.031151
-66.037399
-66.028023
-66.015526
-66.031151
-66.046776
-66.034279
-66.056145
-66.07177
-66.059273
-66.053024
-66.096771
-66.078018
-66.07177
-66.084274
-66.084274
-66.096771
-66.090523
-66.10302
-66.10302
-66.099899
-66.096771
-66.10302
-66.093643
-66.10302
-66.096771
-66.109268
-66.124893
-66.13427
-66.112396
-66.121773
-66.13427
-66.146767
-66.146767
-66.146767
-66.131149
-66.140518
-66.137398
-66.146767
-66.137398
-66.121773
-66.124893
-66.137398
-66.13427
-66.146767
-66.140518
-66.124893
-66.121773
-66.131149
-66.121773
-66.153015
-66.146767
-66.156143
-66.162392
-66.156143
-66.143646
-66.174889
-66.171768
-66.156143
-66.159264
-66.16864
-66.149895
-66.16552
-66.146767
-66.143646
-66.159264
-66.16552
-66.159264
-66.143646
-66.13427
-66.156143
-66.146767
-66.153015
-66.16864
-66.174889
-66.16552
-66.174889
-66.174889
-66.156143
-66.178017
-66.178017
-66.184265
-66.203018
-66.19677
-66.203018
-66.23114
-66.234268
-66.23114
-66.234268
-66.209267
-66.234268
-66.19677
-66.221764
-66.221764
-66.206139
-66.212395
-66.218643
-66.212395
-66.22802
-66.249886
-66.246765
-66.253014
-66.274887
-66.265511
-66.246765
-66.246765
-66.259262
-66.278008
-66.268639
-66.256134
-66.265511
-66.274887
-66.271759
-66.274887
-66.249886
-66.256134
-66.262383
-66.249886
-66.246765
-66.274887
-66.274887
-66.281136
-66.290512
-66.262383
-66.265511
-66.281136
-66.271759
-66.284264
-66.281136
-66.281136
-66.296761
-66.284264
-66.278008
-66.296761
-66.281136
-66.259262
-66.293633
-66.274887
-66.293633
-66.296761
-66.306137
-66.296761
-66.321762
-66.296761
-66.318634
-66.293633
-66.271759
-66.284264
-66.296761
-66.299889
-66.306137
-66.299889
-66.281136
-66.278008
-66.296761
-66.312386
-66.309258
-66.299889
-66.296761
-66.306137
-66.296761
-66.296761
-66.315514
-66.303009
-66.306137
-66.321762
-66.318634
-66.353004
-66.346756
-66.346756
-66.356133
-66.337387
-66.337387
-66.343636
-66.346756
-66.315514
-66.328011
-66.287384
-66.299889
-66.309258
-66.315514
-66.331139
-66.346756
-66.346756
-66.353004
-66.349884
-66.346756
-66.346756
-66.365509
-66.353004
-66.346756
-66.346756
-66.340508
-66.349884
-66.346756
-66.359253
-66.368629
-66.381134
-66.371758
-66.390503
-66.406128
-66.409256
-66.418633
-66.412384
-66.412384
-66.409256
-66.406128
-66.387383
-66.409256
-66.390503
-66.393631
-66.406128
-66.415504
-66.418633
-66.412384
-66.415504
-66.409256
-66.403008
-66.399879
-66.396759
-66.396759
-66.396759
-66.396759
-66.399879
-66.396759
-66.403008
-66.393631
-66.412384
-66.396759
-66.434258
-66.440506
-66.412384
-66.415504
-66.396759
-66.396759
-66.393631
-66.412384
-66.406128
-66.393631
-66.390503
-66.387383
-66.390503
-66.399879
-66.403008
-66.418633
-66.431129
-66.421753
-66.428009
-66.403008
-66.428009
-66.415504
-66.384254
-66.396759
-66.396759
-66.409256
-66.387383
-66.418633
-66.428009
-66.403008
-66.403008
-66.424881
-66.424881
-66.446754
-66.443634
-66.453003
-66.440506
-66.434258
-66.431129
-66.431129
-66.406128
-66.424881
-66.446754
-66.434258
-66.434258
-66.446754
-66.453003
-66.446754
-66.468628
-66.478004
-66.462379
-66.453003
-66.4655
-66.478004
-66.453003
-66.471748
-66.462379
-66.462379
-66.453003
-66.456123
-66.456123
-66.481125
-66.49675
-66.509254
-66.493629
-66.471748
-66.4655
-66.4655
-66.481125
-66.4655
-66.478004
-66.468628
-66.490501
-66.487373
-66.468628
-66.478004
-66.481125
-66.481125
-66.468628
-66.453003
-66.468628
-66.493629
-66.499878
-66.49675
-66.521751
-66.512375
-66.518623
-66.528
-66.515503
-66.509254
-66.478004
-66.462379
-66.49675
-66.493629
-66.474876
-66.449875
-66.471748
-66.474876
-66.474876
-66.474876
-66.4655
-66.484253
-66.490501
-66.49675
-66.490501
-66.490501
-66.502998
-66.493629
-66.478004
-66.484253
-66.493629
-66.490501
-66.506126
-66.49675
-66.474876
-66.471748
-66.478004
-66.484253
-66.468628
-66.471748
-66.478004
-66.487373
-66.471748
-66.459251
-66.462379
-66.468628
-66.4655
-66.468628
-66.474876
-66.484253
-66.484253
-66.468628
-66.462379
-66.4655
-66.471748
-66.478004
-66.478004
-66.478004
-66.484253
-66.478004
-66.4655
-66.487373
-66.468628
-66.474876
-66.487373
-66.493629
-66.509254
-66.509254
-66.49675
-66.490501
-66.499878
-66.49675
-66.487373
-66.468628
-66.459251
-66.4655
-66.4655
-66.471748
-66.487373
-66.471748
-66.462379
-66.493629
-66.474876
-66.478004
-66.49675
-66.49675
-66.487373
-66.490501
-66.481125
-66.49675
-66.515503
-66.49675
-66.515503
-66.478004
-66.468628
-66.471748
-66.4655
-66.434258
-66.453003
-66.443634
-66.424881
-66.443634
-66.443634
-66.474876
-66.478004
-66.4655
-66.481125
-66.484253
-66.4655
-66.481125
-66.471748
-66.478004
-66.49675
-66.493629
-66.484253
-66.468628
-66.4655
-66.484253
-66.478004
-66.468628
-66.484253
-66.493629
-66.49675
-66.502998
-66.506126
-66.478004
-66.462379
-66.4655
-66.471748
-66.468628
-66.490501
-66.484253
-66.49675
-66.487373
-66.471748
-66.493629
-66.487373
-66.499878
-66.509254
-66.509254
-66.506126
-66.521751
-66.49675
-66.490501
-66.490501
-66.484253
-66.512375
-66.509254
-66.481125
-66.493629
-66.493629
-66.484253
-66.490501
-66.49675
-66.49675
-66.499878
-66.49675
-66.502998
-66.499878
-66.524879
-66.531128
-66.502998
-66.512375
-66.49675
-66.49675
-66.478004
-66.509254
-66.49675
-66.490501
-66.49675
-66.506126
-66.487373
-66.509254
-66.49675
-66.509254
-66.502998
-66.509254
-66.506126
-66.518623
-66.528
-66.528
-66.549873
-66.531128
-66.549873
-66.521751
-66.518623
-66.540504
-66.537376
-66.537376
-66.55925
-66.552994
-66.546745
-66.549873
-66.552994
-66.543625
-66.546745
-66.549873
-66.528
-66.524879
-66.540504
-66.524879
-66.577995
-66.574875
-66.581123
-66.587372
-66.565498
-66.549873
-66.546745
-66.521751
-66.506126
-66.487373
-66.493629
-66.459251
-66.446754
-66.412384
-66.403008
-66.396759
-66.390503
-66.393631
-66.378006
-66.356133
-66.353004
-66.312386
-66.318634
-66.318634
-66.318634
-66.296761
-66.312386
-66.309258
-66.312386
-66.284264
-66.262383
-66.259262
-66.243645
-66.22802
-66.237389
-66.218643
-66.206139
-66.209267
-66.203018
-66.187393
-66.190514
-66.171768
-66.16552
-66.149895
-66.124893
-66.143646
-66.159264
-66.143646
-66.159264
-66.137398
-66.121773
-66.118645
-66.124893
-66.131149
-66.140518
-66.128021
-66.118645
-66.118645
-66.124893
-66.131149
-66.10302
-66.096771
-66.078018
-66.090523
-66.078018
-66.074898
-66.056145
-66.040527
-66.043648
-66.031151
-66.015526
-66.015526
-65.981148
-65.990524
-66.003029
-65.993652
-65.996773
-65.999901
-65.978027
-65.968651
-65.993652
-65.974899
-65.962402
-65.949898
-65.953026
-65.946777
-65.943657
-65.928032
-65.943657
-65.931152
-65.928032
-65.918655
-65.915527
-65.93428
-65.909279
-65.918655
-65.924904
-65.921783
-65.896782
-65.893654
-65.887405
-65.859283
-65.846786
-65.840538
-65.831161
-65.828033
-65.812408
-65.787407
-65.787407
-65.765533
-65.762413
-65.768661
-65.77491
-65.756157
-65.737419
-65.724915
-65.721794
-65.728043
-65.70929
-65.70929
-65.715538
-65.687416
-65.699913
-65.703041
-65.696793
-65.703041
-65.681168
-65.696793
-65.690544
-65.684288
-65.684288
-65.668663
-65.656166
-65.659294
-65.649918
-65.656166
-65.67804
-65.674919
-65.674919
-65.671791
-65.649918
-65.640549
-65.659294
-65.659294
-65.646797
-65.631172
-65.612419
-65.596794
-65.578049
-65.603043
-65.581169
-65.596794
-65.609299
-65.628044
-65.621796
-65.621796
-65.599922
-65.584297
-65.553047
-65.546799
-65.565544
-65.584297
-65.584297
-65.571793
-65.556168
-65.565544
-65.559296
-65.546799
-65.553047
-65.543678
-65.54055
-65.54055
-65.512428
-65.512428
-65.524925
-65.518677
-65.5093
-65.521797
-65.512428
-65.496803
-65.496803
-65.490547
-65.490547
-65.503052
-65.487427
-65.481178
-65.462425
-65.446808
-65.456177
-65.474922
-65.459297
-65.47805
-65.449928
-65.434303
-65.428055
-65.431183
-65.415558
-65.409302
-65.390556
-65.41243
-65.390556
-65.384308
-65.38118
-65.393677
-65.378052
-65.368683
-65.359306
-65.346802
-65.34993
-65.359306
-65.343681
-65.346802
-65.365555
-65.346802
-65.343681
-65.337433
-65.340561
-65.318687
-65.306183
-65.296806
-65.306183
-65.296806
-65.293686
-65.290558
-65.296806
-65.293686
-65.274933
-65.24369
-65.256187
-65.231194
-65.262436
-65.268684
-65.271812
-65.278061
-65.268684
-65.268684
-65.268684
-65.284309
-65.284309
-65.284309
-65.265556
-65.268684
-65.253059
-65.253059
-65.253059
-65.262436
-65.24369
-65.21244
-65.24369
-65.237442
-65.228065
-65.237442
-65.224937
-65.221817
-65.228065
-65.218689
-65.199944
-65.206192
-65.187439
-65.187439
-65.168694
-65.174942
-65.171814
-65.162437
-65.159317
-65.128067
-65.112442
-65.109322
-65.112442
-65.121819
-65.124947
-65.11557
-65.099945
-65.106194
-65.090569
-65.090569
-65.096817
-65.087448
-65.106194
-65.096817
-65.096817
-65.087448
-65.08432
-65.08432
-65.08432
-65.071823
-65.071823
-65.087448
-65.096817
-65.081192
-65.065567
-65.068695
-65.068695
-65.068695
-65.081192
-65.062447
-65.065567
-65.056198
-65.056198
-65.046822
-65.05307
-65.040573
-65.031197
-65.031197
-64.996826
-65.031197
-65.006203
-65.009323
-65.034325
-65.015572
-65.028076
-65.024948
-64.98745
-65.003075
-65.0187
-65.021828
-65.015572
-65.0187
-65.009323
-65.015572
-64.993698
-64.98745
-64.990578
-64.999947
-64.98745
-64.984322
-64.98745
-64.993698
-64.981201
-64.981201
-64.978073
-64.965576
-64.962448
-64.9562
-64.946823
-64.928078
-64.940582
-64.934326
-64.918701
-64.921829
-64.931206
-64.931206
-64.946823
-64.946823
-64.940582
-64.924957
-64.934326
-64.924957
-64.928078
-64.915581
-64.921829
-64.937454
-64.924957
-64.912453
-64.921829
-64.924957
-64.937454
-64.909332
-64.899956
-64.881203
-64.881203
-64.893707
-64.899956
-64.874954
-64.884331
-64.884331
-64.874954
-64.868706
-64.871826
-64.846832
-64.862457
-64.865578
-64.865578
-64.862457
-64.840584
-64.862457
-64.862457
-64.859329
-64.849953
-64.846832
-64.853081
-64.856201
-64.843712
-64.840584
-64.843712
-64.846832
-64.846832
-64.846832
-64.865578
-64.840584
-64.843712
-64.837456
-64.831207
-64.828087
-64.837456
-64.824959
-64.837456
-64.843712
-64.846832
-64.846832
-64.846832
-64.831207
-64.849953
-64.834335
-64.843712
-64.846832
-64.846832
-64.821831
-64.812462
-64.799957
-64.806206
-64.815582
-64.81871
-64.837456
-64.843712
-64.834335
-64.831207
-64.815582
-64.812462
-64.81871
-64.806206
-64.790581
-64.793709
-64.803085
-64.774956
-64.790581
-64.78746
-64.784332
-64.793709
-64.781212
-64.781212
-64.78746
-64.75621
-64.771835
-64.771835
-64.774956
-64.768707
-64.778084
-64.771835
-64.765587
-64.765587
-64.762459
-64.759331
-64.768707
-64.778084
-64.78746
-64.746834
-64.746834
-64.740593
-64.724968
-64.737465
-64.746834
-64.743713
-64.749962
-64.731216
-64.728088
-64.737465
-64.728088
-64.72184
-64.706215
-64.715591
-64.699966
-64.696838
-64.703087
-64.696838
-64.69059
-64.696838
-64.703087
-64.696838
-64.693718
-64.709343
-64.684341
-64.681213
-64.668716
-64.674965
-64.628098
-64.662468
-64.643723
-64.646843
-64.640594
-64.646843
-64.646843
-64.662468
-64.646843
-64.665588
-64.662468
-64.656212
-64.662468
-64.662468
-64.662468
-64.65934
-64.668716
-64.668716
-64.668716
-64.646843
-64.640594
-64.646843
-64.643723
-64.631218
-64.637466
-64.628098
-64.634346
-64.646843
-64.646843
-64.646843
-64.643723
-64.624969
-64.640594
-64.643723
-64.631218
-64.618721
-64.621841
-64.612473
-64.621841
-64.587471
-64.615593
-64.618721
-64.612473
-64.599968
-64.596848
-64.593719
-64.599968
-64.609344
-64.590591
-64.596848
-64.596848
-64.596848
-64.612473
-64.612473
-64.624969
-64.596848
-64.599968
-64.593719
-64.615593
-64.596848
-64.596848
-64.603096
-64.596848
-64.587471
-64.596848
-64.609344
-64.590591
-64.596848
-64.581223
-64.584343
-64.578094
-64.571846
-64.590591
-64.593719
-64.578094
-64.581223
-64.584343
-64.562469
-64.559341
-64.546844
-64.528099
-64.540596
-64.543724
-64.524971
-64.543724
-64.515602
-64.518723
-64.515602
-64.515602
-64.506226
-64.518723
-64.493721
-64.528099
-64.518723
-64.506226
-64.518723
-64.509346
-64.509346
-64.528099
-64.509346
-64.493721
-64.487473
-64.490601
-64.481224
-64.478096
-64.462471
-64.456223
-64.496849
-64.496849
-64.496849
-64.484352
-64.496849
-64.490601
-64.493721
-64.484352
-64.503098
-64.499977
-64.474976
-64.487473
-64.481224
-64.484352
-64.490601
-64.453102
-64.446854
-64.456223
-64.462471
-64.481224
-64.471848
-64.462471
-64.449974
-64.462471
-64.443726
-64.440605
-64.449974
-64.428101
-64.446854
-64.468727
-64.468727
-64.459351
-64.443726
-64.440605
-64.459351
-64.471848
-64.471848
-64.471848
-64.446854
-64.446854
-64.437477
-64.431229
-64.431229
-64.437477
-64.446854
-64.468727
-64.456223
-64.446854
-64.446854
-64.440605
-64.446854
-64.440605
-64.437477
-64.421852
-64.428101
-64.428101
-64.434357
-64.431229
-64.428101
-64.431229
-64.434357
-64.42498
-64.431229
-64.434357
-64.453102
-64.434357
-64.42498
-64.431229
-64.446854
-64.443726
-64.437477
-64.434357
-64.440605
-64.431229
-64.434357
-64.415604
-64.42498
-64.434357
-64.437477
-64.431229
-64.453102
-64.428101
-64.415604
-64.409355
-64.384354
-64.396851
-64.396851
-64.384354
-64.384354
-64.39373
-64.396851
-64.396851
-64.409355
-64.412476
-64.421852
-64.421852
-64.418732
-64.446854
-64.418732
-64.437477
-64.440605
-64.440605
-64.437477
-64.446854
-64.421852
-64.437477
-64.428101
-64.399979
-64.409355
-64.384354
-64.368729
-64.396851
-64.387482
-64.390602
-64.415604
-64.384354
-64.406227
-64.421852
-64.406227
-64.399979
-64.374977
-64.365601
-64.387482
-64.346855
-64.353104
-64.36248
-64.378105
-64.349976
-64.346855
-64.32811
-64.321861
-64.337486
-64.346855
-64.340607
-64.349976
-64.356232
-64.368729
-64.368729
-64.359352
-64.36248
-64.359352
-64.36248
-64.346855
-64.33123
-64.343735
-64.374977
-64.359352
-64.349976
-64.346855
-64.349976
-64.346855
-64.356232
-64.343735
-64.359352
-64.374977
-64.365601
-64.353104
-64.346855
-64.349976
-64.368729
-64.39373
-64.390602
-64.399979
-64.403107
-64.399979
-64.39373
-64.399979
-64.374977
-64.396851
-64.374977
-64.374977
-64.396851
-64.406227
-64.409355
-64.403107
-64.390602
-64.384354
-64.384354
-64.381226
-64.368729
-64.374977
-64.374977
-64.365601
-64.346855
-64.353104
-64.349976
-64.365601
-64.349976
-64.365601
-64.359352
-64.374977
-64.378105
-64.371857
-64.371857
-64.378105
-64.353104
-64.371857
-64.378105
-64.356232
-64.374977
-64.396851
-64.365601
-64.374977
-64.384354
-64.36248
-64.349976
-64.353104
-64.343735
-64.353104
-64.371857
-64.353104
-64.365601
-64.359352
-64.368729
-64.365601
-64.353104
-64.353104
-64.343735
-64.33123
-64.306236
-64.334358
-64.337486
-64.337486
-64.321861
-64.324982
-64.312485
-64.318733
-64.309357
-64.29998
-64.290611
-64.287483
-64.293732
-64.29686
-64.29686
-64.290611
-64.312485
-64.334358
-64.318733
-64.318733
-64.321861
-64.321861
-64.306236
-64.334358
-64.29998
-64.29686
-64.274986
-64.26561
-64.246864
-64.249985
-64.293732
-64.26873
-64.256233
-64.287483
-64.284355
-64.29686
-64.281235
-64.290611
-64.284355
-64.271858
-64.274986
-64.256233
-64.243736
-64.256233
-64.259361
-64.249985
-64.287483
-64.274986
-64.26873
-64.281235
-64.249985
-64.259361
-64.262482
-64.259361
-64.259361
-64.243736
-64.246864
-64.246864
-64.246864
-64.246864
-64.256233
-64.259361
-64.246864
-64.253105
-64.246864
-64.243736
-64.246864
-64.259361
-64.262482
-64.249985
-64.246864
-64.234367
-64.240616
-64.231239
-64.237488
-64.253105
-64.243736
-64.234367
-64.246864
-64.237488
-64.221863
-64.215614
-64.209366
-64.228111
-64.221863
-64.209366
-64.212486
-64.215614
-64.190613
-64.196861
-64.159363
-64.178116
-64.193741
-64.156242
-64.159363
-64.156242
-64.168739
-64.181236
-64.181236
-64.178116
-64.184364
-64.190613
-64.199989
-64.215614
-64.212486
-64.228111
-64.246864
-64.234367
-64.231239
-64.193741
-64.184364
-64.187492
-64.190613
-64.162491
-64.165611
-64.171867
-64.153114
-64.146866
-64.153114
-64.159363
-64.178116
-64.168739
-64.159363
-64.193741
-64.190613
-64.190613
-64.184364
-64.184364
-64.165611
-64.174988
-64.149986
-64.165611
-64.174988
-64.159363
-64.146866
-64.184364
-64.168739
-64.171867
-64.171867
-64.162491
-64.190613
-64.178116
-64.174988
-64.149986
-64.171867
-64.159363
-64.178116
-64.159363
-64.165611
-64.146866
-64.146866
-64.149986
-64.146866
-64.140617
-64.140617
-64.140617
-64.134369
-64.124992
-64.134369
-64.146866
-64.171867
-64.174988
-64.159363
-64.140617
-64.140617
-64.146866
-64.134369
-64.131241
-64.146866
-64.131241
-64.115616
-64.118744
-64.124992
-64.12812
-64.149986
-64.140617
-64.143745
-64.171867
-64.146866
-64.134369
-64.146866
-64.159363
-64.143745
-64.181236
-64.159363
-64.162491
-64.178116
-64.156242
-64.156242
-64.162491
-64.165611
-64.168739
-64.196861
-64.181236
-64.184364
-64.171867
-64.203117
-64.184364
-64.178116
-64.171867
-64.178116
-64.181236
-64.171867
-64.181236
-64.174988
-64.146866
-64.156242
-64.168739
-64.156242
-64.149986
-64.143745
-64.162491
-64.149986
-64.153114
-64.174988
-64.174988
-64.162491
-64.168739
-64.156242
-64.134369
-64.140617
-64.115616
-64.115616
-64.124992
-64.140617
-64.143745
-64.153114
-64.146866
-64.146866
-64.181236
-64.181236
-64.178116
-64.168739
-64.162491
-64.171867
-64.149986
-64.153114
-64.153114
-64.153114
-64.159363
-64.159363
-64.149986
-64.143745
-64.165611
-64.149986
-64.149986
-64.140617
-64.146866
-64.131241
-64.134369
-64.121872
-64.140617
-64.137497
-64.140617
-64.131241
-64.140617
-64.149986
-64.165611
-64.137497
-64.121872
-64.134369
-64.137497
-64.146866
-64.131241
-64.146866
-64.146866
-64.146866
-64.146866
-64.134369
-64.12812
-64.115616
-64.124992
-64.146866
-64.143745
-64.143745
-64.143745
-64.134369
-64.140617
-64.134369
-64.140617
-64.137497
-64.137497
-64.146866
-64.140617
-64.137497
-64.143745
-64.156242
-64.149986
-64.162491
-64.165611
-64.162491
-64.156242
-64.153114
-64.134369
-64.140617
-64.137497
-64.115616
-64.12812
-64.112495
-64.09687
-64.099991
-64.090622
-64.09687
-64.112495
-64.087494
-64.106247
-64.103119
-64.09687
-64.121872
-64.124992
-64.109367
-64.112495
-64.09687
-64.12812
-64.134369
-64.140617
-64.146866
-64.146866
-64.137497
-64.134369
-64.159363
-64.12812
-64.131241
-64.146866
-64.115616
-64.121872
-64.112495
-64.121872
-64.109367
-64.103119
-64.103119
-64.09687
-64.112495
-64.118744
-64.12812
-64.115616
-64.12812
-64.12812
-64.153114
-64.12812
-64.137497
-64.118744
-64.118744
-64.124992
-64.131241
-64.109367
-64.121872
-64.106247
-64.106247
-64.124992
-64.099991
-64.121872
-64.112495
-64.09687
-64.118744
-64.115616
-64.12812
-64.124992
-64.131241
-64.12812
-64.143745
-64.12812
-64.137497
-64.12812
-64.134369
-64.12812
-64.103119
-64.115616
-64.12812
-64.115616
-64.093742
-64.078117
-64.09687
-64.09687
-64.090622
-64.081245
-64.071869
-64.081245
-64.078117
-64.078117
-64.081245
-64.084366
-64.078117
-64.078117
-64.074997
-64.090622
-64.078117
-64.081245
-64.068741
-64.068741
-64.078117
-64.081245
-64.06562
-64.068741
-64.084366
-64.081245
-64.106247
-64.09687
-64.087494
-64.09687
-64.06562
-64.093742
-64.078117
-64.090622
-64.068741
-64.081245
-64.074997
-64.059372
-64.081245
-64.078117
-64.06562
-64.071869
-64.068741
-64.062492
-64.071869
-64.049995
-64.059372
-64.078117
-64.062492
-64.056244
-64.046875
-64.049995
-64.056244
-64.046875
-64.068741
-64.06562
-64.09687
-64.090622
-64.090622
-64.087494
-64.078117
-64.109367
-64.112495
-64.090622
-64.078117
-64.093742
-64.084366
-64.090622
-64.081245
-64.087494
-64.103119
-64.090622
-64.09687
-64.081245
-64.093742
-64.068741
-64.084366
-64.084366
-64.09687
-64.081245
-64.068741
-64.06562
-64.046875
-64.053116
-64.046875
-64.049995
-64.046875
-64.03125
-64.037498
-64.037498
-64.046875
-64.040627
-64.037498
-64.03437
-64.025002
-64.03125
-64.046875
-64.03437
-64.025002
-64.040627
-64.040627
-64.046875
-64.03125
-64.009377
-64.040627
-64.037498
-64.028122
-64.028122
-64.056244
-64.056244
-64.043747
-64.046875
-64.056244
-64.037498
-64.040627
-64.028122
-64.046875
-64.03125
-64.037498
-64.046875
-64.03125
-64.049995
-64.037498
-63.996872
-64.040627
-64.049995
-64.028122
-64.037498
-64.03437
-64.053116
-64.053116
-64.037498
-64.037498
-64.046875
-64.053116
-64.06562
-64.078117
-64.046875
-64.037498
-64.028122
-63.996872
-64.03125
-64.015625
-63.996872
-63.996872
-64.009377
-64.00312
-64.040627
-64.046875
-64.037498
-64.037498
-64.043747
-64.049995
-64.059372
-64.049995
-64.046875
-64.053116
-64.03437
-64.040627
-64.03437
-64.028122
-64.009377
-63.996872
-63.990623
-63.996872
-63.987499
-63.978123
-63.96875
-63.971874
-63.984375
-64.00312
-64.009377
-64.015625
-64.028122
-64.021873
-64.015625
-64.015625
-64.009377
-64.006248
-64.006248
-63.996872
-64.028122
-64.043747
-64.046875
-64.059372
-64.053116
-64.040627
-64.059372
-64.059372
-64.056244
-64.06562
-64.06562
-64.071869
-64.062492
-64.046875
-64.068741
-64.056244
-64.053116
-64.053116
-64.046875
-64.06562
-64.09687
-64.068741
-64.068741
-64.071869
-64.062492
-64.074997
-64.078117
-64.062492
-64.071869
-64.068741
-64.056244
-64.068741
-64.071869
-64.056244
-64.074997
-64.081245
-64.081245
-64.059372
-64.078117
-64.071869
-64.071869
-64.071869
-64.071869
-64.099991
-64.109367
-64.115616
-64.137497
-64.099991
-64.103119
-64.109367
-64.093742
-64.090622
-64.093742
-64.078117
-64.081245
-64.103119
-64.084366
-64.084366
-64.084366
-64.09687
-64.078117
-64.074997
-64.078117
-64.093742
-64.09687
-64.09687
-64.099991
-64.087494
-64.087494
-64.084366
-64.074997
-64.084366
-64.090622
-64.099991
-64.093742
-64.09687
-64.09687
-64.090622
-64.081245
-64.068741
-64.081245
-64.074997
-64.078117
-64.087494
-64.068741
-64.06562
-64.053116
-64.06562
-64.071869
-64.084366
-64.068741
-64.078117
-64.081245
-64.081245
-64.087494
-64.084366
-64.078117
-64.081245
-64.09687
-64.09687
-64.099991
-64.081245
-64.087494
-64.081245
-64.078117
-64.084366
-64.093742
-64.093742
-64.081245
-64.090622
-64.06562
-64.056244
-64.056244
-64.059372
-64.078117
-64.068741
-64.062492
-64.090622
-64.090622
-64.099991
-64.103119
-64.093742
-64.093742
-64.084366
-64.081245
-64.103119
-64.103119
-64.087494
-64.106247
-64.143745
-64.112495
-64.124992
-64.121872
-64.109367
-64.109367
-64.09687
-64.093742
-64.109367
-64.09687
-64.09687
-64.106247
-64.106247
-64.118744
-64.124992
-64.09687
-64.106247
-64.093742
-64.087494
-64.103119
-64.106247
-64.103119
-64.078117
-64.084366
-64.062492
-64.053116
-64.062492
-64.056244
-64.053116
-64.046875
-64.059372
-64.046875
-64.053116
-64.046875
-64.062492
-64.081245
-64.078117
-64.068741
-64.06562
-64.081245
-64.09687
-64.099991
-64.118744
-64.112495
-64.109367
-64.103119
-64.087494
-64.084366
-64.109367
-64.093742
-64.103119
-64.093742
-64.090622
-64.081245
-64.087494
-64.062492
-64.068741
-64.087494
-64.078117
-64.084366
-64.078117
-64.059372
-64.081245
-64.093742
-64.09687
-64.103119
-64.09687
-64.087494
-64.084366
-64.068741
-64.093742
-64.081245
-64.071869
-64.093742
-64.081245
-64.074997
-64.078117
-64.090622
-64.068741
-64.071869
-64.068741
-64.053116
-64.081245
-64.046875
-64.040627
-64.053116
-64.056244
-64.081245
-64.078117
-64.074997
-64.06562
-64.081245
-64.078117
-64.046875
-64.059372
-64.046875
-64.059372
-64.071869
-64.046875
-64.068741
-64.053116
-64.06562
-64.081245
-64.06562
-64.059372
-64.078117
-64.078117
-64.062492
-64.049995
-64.062492
-64.046875
-64.056244
-64.043747
-64.046875
-64.059372
-64.040627
-64.046875
-64.056244
-64.084366
-64.074997
-64.062492
-64.071869
-64.071869
-64.090622
-64.090622
-64.103119
-64.074997
-64.056244
-64.087494
-64.068741
-64.062492
-64.062492
-64.06562
-64.056244
-64.06562
-64.081245
-64.056244
-64.06562
-64.049995
-64.06562
-64.06562
-64.059372
-64.071869
-64.071869
-64.059372
-64.059372
-64.06562
-64.049995
-64.049995
-64.046875
-64.021873
-64.053116
-64.046875
-64.068741
-64.056244
-64.084366
-64.071869
-64.071869
-64.037498
-64.046875
-64.06562
-64.053116
-64.087494
-64.087494
-64.090622
-64.071869
-64.090622
-64.103119
-64.099991
-64.081245
-64.084366
-64.074997
-64.046875
-64.03125
-64.068741
-64.040627
-64.06562
-64.071869
-64.074997
-64.059372
-64.06562
-64.09687
-64.093742
-64.09687
-64.093742
-64.099991
-64.109367
-64.106247
-64.131241
-64.12812
-64.118744
-64.106247
-64.103119
-64.131241
-64.109367
-64.124992
-64.134369
-64.112495
-64.09687
-64.112495
-64.109367
-64.09687
-64.068741
-64.068741
-64.053116
-64.06562
-64.071869
-64.099991
-64.106247
-64.09687
-64.093742
-64.084366
-64.062492
-64.081245
-64.068741
-64.046875
-64.043747
-64.053116
-64.059372
-64.084366
-64.093742
-64.087494
-64.090622
-64.093742
-64.09687
-64.09687
-64.09687
-64.09687
-64.081245
-64.087494
-64.09687
-64.109367
-64.112495
-64.09687
-64.112495
-64.103119
-64.112495
-64.106247
-64.09687
-64.118744
-64.124992
-64.12812
-64.12812
-64.103119
-64.099991
-64.09687
-64.090622
-64.099991
-64.103119
-64.103119
-64.093742
-64.084366
-64.084366
-64.09687
-64.081245
-64.068741
-64.090622
-64.06562
-64.053116
-64.059372
-64.068741
-64.078117
-64.084366
-64.056244
-64.074997
-64.087494
-64.078117
-64.121872
-64.112495
-64.106247
-64.121872
-64.121872
-64.09687
-64.09687
-64.084366
-64.074997
-64.099991
-64.087494
-64.068741
-64.071869
-64.053116
-64.043747
-64.046875
-64.053116
-64.046875
-64.056244
-64.062492
-64.078117
-64.068741
-64.081245
-64.09687
-64.084366
-64.09687
-64.109367
-64.103119
-64.084366
-64.062492
-64.068741
-64.06562
-64.062492
-64.040627
-64.03437
-64.068741
-64.062492
-64.059372
-64.068741
-64.062492
-64.06562
-64.071869
-64.074997
-64.071869
-64.074997
-64.099991
-64.106247
-64.109367
-64.099991
-64.112495
-64.106247
-64.09687
-64.103119
-64.09687
-64.099991
-64.093742
-64.093742
-64.078117
-64.071869
-64.081245
-64.090622
-64.084366
-64.071869
-64.053116
-64.068741
-64.068741
-64.078117
-64.06562
-64.081245
-64.090622
-64.09687
-64.084366
-64.078117
-64.059372
-64.068741
-64.074997
-64.087494
-64.09687
-64.090622
-64.071869
-64.084366
-64.062492
-64.049995
-64.062492
-64.06562
-64.06562
-64.084366
-64.074997
-64.078117
-64.087494
-64.078117
-64.074997
-64.078117
-64.090622
-64.106247
-64.09687
-64.09687
-64.103119
-64.106247
-64.09687
-64.081245
-64.074997
-64.087494
-64.09687
-64.090622
-64.087494
-64.081245
-64.06562
-64.068741
-64.06562
-64.062492
-64.071869
-64.081245
-64.078117
-64.074997
-64.074997
-64.084366
-64.093742
-64.084366
-64.071869
-64.078117
-64.06562
-64.068741
-64.078117
-64.06562
-64.059372
-64.087494
-64.081245
-64.068741
-64.049995
-64.046875
-64.059372
-64.071869
-64.06562
-64.074997
-64.062492
-64.059372
-64.059372
-64.062492
-64.062492
-64.049995
-64.059372
-64.056244
-64.062492
-64.040627
-64.025002
-64.03125
-64.012497
-63.996872
-64.018745
-64.012497
-64.040627
-64.046875
-64.043747
-64.056244
-64.053116
-64.071869
-64.06562
-64.062492
-64.049995
-64.071869
-64.056244
-64.053116
-64.046875
-64.043747
-64.03437
-64.040627
-64.046875
-64.046875
-64.046875
-64.049995
-64.043747
-64.06562
-64.068741
-64.053116
-64.049995
-64.062492
-64.074997
-64.068741
-64.074997
-64.071869
-64.046875
-64.046875
-64.049995
-64.040627
-64.03437
-64.056244
-64.056244
-64.046875
-64.049995
-64.040627
-64.046875
-64.025002
-64.03437
-64.040627
-64.03437
-64.046875
-64.046875
-64.040627
-64.046875
-64.043747
-64.056244
-64.046875
-64.046875
-64.046875
-64.03437
-64.049995
-64.040627
-64.046875
-64.053116
-64.043747
-64.03125
-64.040627
-64.018745
-64.015625
-64.021873
-64.009377
-64.012497
-64.012497
-63.996872
-63.996872
-63.978123
-63.990623
-64.009377
-63.990623
-63.996872
-64.00312
-64.015625
-64.046875
-64.056244
-64.043747
-64.046875
-64.03125
-64.037498
-64.012497
-64.015625
-64.018745
-64.00312
-64.021873
-63.996872
-63.993748
-64.006248
-63.984375
-64.006248
-63.996872
-64.015625
-63.996872
-63.990623
-63.984375
-63.984375
-63.984375
-63.974998
-63.993748
-63.978123
-63.996872
-63.996872
-63.993748
-63.996872
-63.996872
-63.996872
-63.984375
-64.012497
-63.996872
-63.996872
-63.987499
-63.996872
-63.993748
-63.996872
-63.996872
-63.996872
-63.996872
-63.990623
-63.987499
-63.965622
-63.974998
-63.974998
-63.962498
-63.96875
-63.96875
-63.953125
-63.996872
-63.981247
-63.996872
-63.996872
-63.996872
-63.996872
-63.996872
-63.981247
-63.996872
-63.993748
-63.990623
-63.984375
-63.981247
-63.965622
-63.971874
-63.965622
-63.962498
-63.978123
-64.006248
-64.009377
-64.015625
-64.015625
-64.021873
-64.012497
-64.006248
-64.03437
-64.03125
-64.028122
-64.025002
-64.028122
-64.03125
-64.03125
-64.021873
-64.040627
-64.046875
-64.049995
-64.06562
-64.062492
-64.040627
-64.040627
-64.043747
-64.025002
-64.03437
-64.040627
-64.03125
-64.03437
-64.03125
-64.009377
-64.009377
-64.012497
-63.978123
-63.965622
-63.987499
-63.96875
-63.981247
-63.984375
-63.987499
-63.996872
-63.996872
-64.006248
-64.006248
-63.990623
-63.990623
-63.987499
-63.984375
-63.996872
-64.018745
-64.025002
-64.018745
-64.009377
-64.018745
-64.025002
-64.006248
-64.009377
-64
-64.006248
-64.015625
-63.996872
-64.012497
-64.012497
-64.012497
-64.006248
-63.996872
-64.03125
-64.03437
-64.021873
-64.046875
-64.012497
-64.015625
-64.03437
-64.015625
-64.043747
-64.03437
-64.021873
-64.025002
-64.028122
-64.03437
-64.037498
-64.03125
-64.040627
-64.043747
-64.037498
-64.028122
-64.046875
-64.046875
-64.025002
-64.021873
-63.990623
-63.990623
-63.996872
-63.996872
-63.996872
-63.996872
-63.996872
-64.009377
-64.015625
-64.025002
-64.037498
-64.021873
-64.025002
-64.053116
-64.025002
-64.028122
-64.012497
-64.03125
-64.006248
-63.996872
-63.981247
-63.987499
-63.993748
-63.993748
-63.996872
-63.993748
-63.990623
-64.009377
-64.012497
-64.015625
-64.015625
-63.996872
-63.996872
-63.990623
-63.996872
-64.03437
-64.021873
-64.025002
-64.025002
-64.025002
-64.021873
-64.015625
-64.03437
-64.03437
-64.009377
-64.03437
-64.03125
-64.021873
-64.025002
-64.015625
-63.996872
-64.015625
-64.021873
-64.025002
-64.03437
-64.025002
-64.028122
-64.015625
-64.025002
-64.03437
-64.015625
-64.021873
-64.006248
-64.03125
-64.03125
-64.021873
-64.028122
-64.03437
-64.021873
-64.037498
-64.040627
-64.040627
-64.040627
-64.049995
-64.059372
-64.046875
-64.046875
-64.049995
-64.06562
-64.046875
-64.053116
-64.046875
-64.046875
-64.025002
-64.056244
-64.049995
-64.046875
-64.03125
-64.037498
-64.046875
-64.049995
-64.040627
-64.043747
-64.046875
-64.059372
-64.056244
-64.081245
-64.071869
-64.081245
-64.06562
-64.059372
-64.059372
-64.071869
-64.06562
-64.068741
-64.053116
-64.043747
-64.046875
-64.037498
-64.037498
-64.043747
-64.043747
-64.03437
-64.037498
-64.037498
-64.028122
-64.015625
-64.040627
-64.059372
-64.053116
-64.053116
-64.059372
-64.056244
-64.03125
-64.049995
-64.046875
-64.062492
-64.059372
-64.040627
-64.03125
-64.03437
-64.040627
-64.046875
-64.068741
-64.059372
-64.056244
-64.062492
-64.062492
-64.074997
-64.081245
-64.068741
-64.06562
-64.049995
-64.025002
-64.040627
-64.028122
-64.025002
-64.037498
-64.03125
-64.03437
-64.046875
-64.056244
-64.046875
-64.046875
-64.049995
-64.06562
-64.071869
-64.06562
-64.071869
-64.087494
-64.068741
-64.084366
-64.068741
-64.059372
-64.056244
-64.081245
-64.078117
-64.093742
-64.09687
-64.078117
-64.081245
-64.06562
-64.046875
-64.043747
-64.053116
-64.071869
-64.068741
-64.049995
-64.078117
-64.09687
-64.06562
-64.078117
-64.056244
-64.059372
-64.068741
-64.071869
-64.062492
-64.078117
-64.046875
-64.053116
-64.053116
-64.056244
-64.071869
-64.071869
-64.071869
-64.06562
-64.093742
-64.093742
-64.081245
-64.087494
-64.074997
-64.074997
-64.090622
-64.062492
-64.106247
-64.078117
-64.06562
-64.087494
-64.09687
-64.084366
-64.087494
-64.09687
-64.09687
-64.099991
-64.09687
-64.103119
-64.103119
-64.121872
-64.12812
-64.153114
-64.106247
-64.103119
-64.087494
-64.093742
-64.124992
-64.112495
-64.109367
-64.109367
-64.106247
-64.093742
-64.112495
-64.093742
-64.078117
-64.09687
-64.090622
-64.093742
-64.109367
-64.09687
-64.093742
-64.103119
-64.103119
-64.09687
-64.09687
-64.078117
-64.087494
-64.074997
-64.068741
-64.084366
-64.071869
-64.084366
-64.087494
-64.087494
-64.099991
-64.103119
-64.106247
-64.124992
-64.124992
-64.112495
-64.121872
-64.109367
-64.093742
-64.099991
-64.112495
-64.143745
-64.137497
-64.140617
-64.131241
-64.146866
-64.121872
-64.103119
-64.103119
-64.078117
-64.09687
-64.087494
-64.078117
-64.099991
-64.093742
-64.103119
-64.112495
-64.087494
-64.078117
-64.084366
-64.090622
-64.081245
-64.09687
-64.09687
-64.09687
-64.115616
-64.087494
-64.090622
-64.124992
-64.106247
-64.106247
-64.109367
-64.106247
-64.106247
-64.112495
-64.112495
-64.115616
-64.118744
-64.140617
-64.137497
-64.149986
-64.146866
-64.159363
-64.146866
-64.121872
-64.146866
-64.149986
-64.143745
-64.137497
-64.131241
-64.12812
-64.134369
-64.143745
-64.131241
-64.121872
-64.115616
-64.106247
-64.103119
-64.103119
-64.103119
-64.09687
-64.090622
-64.09687
-64.084366
-64.09687
-64.090622
-64.109367
-64.115616
-64.118744
-64.106247
-64.106247
-64.109367
-64.121872
-64.146866
-64.143745
-64.131241
-64.140617
-64.118744
-64.115616
-64.124992
-64.103119
-64.106247
-64.109367
-64.115616
-64.124992
-64.131241
-64.137497
-64.146866
-64.146866
-64.124992
-64.109367
-64.099991
-64.099991
-64.112495
-64.146866
-64.137497
-64.112495
-64.118744
-64.112495
-64.140617
-64.124992
-64.146866
-64.134369
-64.090622
-64.090622
-64.087494
-64.071869
-64.090622
-64.093742
-64.087494
-64.103119
-64.121872
-64.09687
-64.118744
-64.109367
-64.121872
-64.140617
-64.134369
-64.146866
-64.131241
-64.112495
-64.09687
-64.099991
-64.084366
-64.09687
-64.09687
-64.106247
-64.121872
-64.124992
-64.124992
-64.12812
-64.131241
-64.118744
-64.146866
-64.137497
-64.118744
-64.131241
-64.134369
-64.134369
-64.131241
-64.137497
-64.146866
-64.121872
-64.115616
-64.112495
-64.131241
-64.12812
-64.131241
-64.118744
-64.099991
-64.124992
-64.143745
-64.143745
-64.131241
-64.106247
-64.099991
-64.09687
-64.09687
-64.099991
-64.106247
-64.090622
-64.087494
-64.112495
-64.093742
-64.118744
-64.090622
-64.09687
-64.09687
-64.112495
-64.115616
-64.121872
-64.12812
-64.131241
-64.146866
-64.140617
-64.118744
-64.134369
-64.121872
-64.124992
-64.09687
-64.090622
-64.081245
-64.078117
-64.087494
-64.081245
-64.09687
-64.112495
-64.109367
-64.099991
-64.099991
-64.099991
-64.106247
-64.09687
-64.09687
-64.078117
-64.059372
-64.06562
-64.059372
-64.071869
-64.062492
-64.053116
-64.071869
-64.068741
-64.06562
-64.062492
-64.037498
-64.043747
-64.062492
-64.053116
-64.046875
-64.046875
-64.043747
-64.025002
-64.046875
-64.040627
-64.028122
-64.056244
-64.043747
-64.049995
-64.046875
-64.03437
-64.03437
-64.043747
-64.037498
-64.043747
-64.053116
-64.037498
-64.046875
-64.040627
-64.015625
-64.043747
-64.059372
-64.053116
-64.059372
-64.046875
-64.037498
-64.046875
-64.040627
-64.040627
-64.015625
-64.015625
-64.028122
-64.046875
-64.012497
-64.037498
-64.040627
-64.043747
-64.043747
-64.040627
-64.03125
-64.03437
-64.03437
-64.025002
-63.996872
-64.015625
-64.021873
-64.03125
-64.037498
-64.040627
-64.053116
-64.049995
-64.062492
-64.06562
-64.062492
-64.056244
-64.049995
-64.046875
-64.040627
-64.03125
-64.015625
-64.028122
-64.028122
-64.046875
-64.046875
-64.03125
-64.037498
-64.03125
-64.025002
-64.015625
-64.015625
-63.996872
-64.012497
-64.006248
-63.996872
-64.009377
-64.009377
-63.996872
-64.021873
-64.018745
-64.028122
-64.03437
-64.037498
-64.025002
-64.025002
-64.028122
-64.028122
-64.025002
-64.040627
-64.043747
-64.056244
-64.049995
-64.049995
-64.056244
-64.071869
-64.062492
-64.078117
-64.062492
-64.078117
-64.09687
-64.078117
-64.084366
-64.103119
-64.09687
-64.074997
-64.059372
-64.056244
-64.074997
-64.078117
-64.081245
-64.06562
-64.059372
-64.071869
-64.062492
-64.090622
-64.081245
-64.071869
-64.059372
-64.078117
-64.084366
-64.090622
-64.109367
-64.093742
-64.053116
-64.046875
-64.043747
-64.037498
-64.028122
-64.043747
-64.056244
-64.046875
-64.049995
-64.046875
-64.059372
-64.056244
-64.071869
-64.081245
-64.056244
-64.078117
-64.084366
-64.068741
-64.090622
-64.078117
-64.056244
-64.06562
-64.049995
-64.06562
-64.062492
-64.078117
-64.074997
-64.087494
-64.068741
-64.084366
-64.074997
-64.06562
-64.081245
-64.074997
-64.053116
-64.056244
-64.056244
-64.049995
-64.068741
-64.043747
-64.053116
-64.06562
-64.056244
-64.06562
-64.084366
-64.078117
-64.099991
-64.112495
-64.118744
-64.118744
-64.09687
-64.09687
-64.081245
-64.074997
-64.06562
-64.081245
-64.078117
-64.059372
-64.068741
-64.081245
-64.062492
-64.081245
-64.068741
-64.099991
-64.093742
-64.081245
-64.071869
-64.087494
-64.081245
-64.078117
-64.09687
-64.09687
-64.106247
-64.09687
-64.103119
-64.09687
-64.09687
-64.087494
-64.109367
-64.09687
-64.09687
-64.103119
-64.087494
-64.090622
-64.09687
-64.09687
-64.106247
-64.09687
-64.09687
-64.115616
-64.112495
-64.09687
-64.103119
-64.099991
-64.09687
-64.109367
-64.115616
-64.099991
-64.118744
-64.118744
-64.106247
-64.134369
-64.12812
-64.131241
-64.131241
-64.121872
-64.103119
-64.106247
-64.087494
-64.09687
-64.103119
-64.09687
-64.103119
-64.09687
-64.090622
-64.09687
-64.103119
-64.103119
-64.103119
-64.103119
-64.099991
-64.093742
-64.09687
-64.090622
-64.099991
-64.087494
-64.084366
-64.09687
-64.09687
-64.103119
-64.109367
-64.112495
-64.121872
-64.106247
-64.09687
-64.109367
-64.090622
-64.112495
-64.115616
-64.115616
-64.099991
-64.118744
-64.112495
-64.112495
-64.106247
-64.09687
-64.09687
-64.099991
-64.09687
-64.109367
-64.118744
-64.118744
-64.106247
-64.09687
-64.099991
-64.103119
-64.09687
-64.121872
-64.118744
-64.12812
-64.149986
-64.149986
-64.121872
-64.112495
-64.134369
-64.131241
-64.146866
-64.143745
-64.109367
-64.149986
-64.156242
-64.143745
-64.153114
-64.140617
-64.134369
-64.131241
-64.134369
-64.124992
-64.137497
-64.12812
-64.131241
-64.124992
-64.121872
-64.118744
-64.115616
-64.121872
-64.103119
-64.109367
-64.131241
-64.112495
-64.106247
-64.12812
-64.12812
-64.103119
-64.106247
-64.118744
-64.09687
-64.093742
-64.093742
-64.106247
-64.106247
-64.09687
-64.09687
-64.09687
-64.090622
-64.087494
-64.093742
-64.087494
-64.071869
-64.09687
-64.090622
-64.078117
-64.071869
-64.059372
-64.062492
-64.071869
-64.078117
-64.062492
-64.062492
-64.068741
-64.046875
-64.074997
-64.049995
-64.056244
-64.046875
-64.046875
-64.053116
-64.06562
-64.06562
-64.093742
-64.084366
-64.084366
-64.090622
-64.09687
-64.093742
-64.099991
-64.081245
-64.09687
-64.093742
-64.093742
-64.106247
-64.112495
-64.093742
-64.109367
-64.099991
-64.090622
-64.093742
-64.071869
-64.103119
-64.093742
-64.099991
-64.09687
-64.124992
-64.134369
-64.131241
-64.109367
-64.099991
-64.084366
-64.090622
-64.084366
-64.090622
-64.093742
-64.099991
-64.131241
-64.12812
-64.124992
-64.146866
-64.146866
-64.149986
-64.121872
-64.143745
-64.131241
-64.146866
-64.12812
-64.140617
-64.134369
-64.143745
-64.137497
-64.140617
-64.146866
-64.12812
-64.134369
-64.146866
-64.140617
-64.153114
-64.146866
-64.165611
-64.153114
-64.146866
-64.12812
-64.143745
-64.140617
-64.12812
-64.121872
-64.124992
-64.137497
-64.146866
-64.146866
-64.156242
-64.149986
-64.165611
-64.181236
-64.162491
-64.159363
-64.174988
-64.174988
-64.159363
-64.159363
-64.153114
-64.153114
-64.143745
-64.153114
-64.165611
-64.153114
-64.171867
-64.165611
-64.149986
-64.168739
-64.187492
-64.187492
-64.190613
-64.184364
-64.190613
-64.190613
-64.199989
-64.181236
-64.203117
-64.199989
-64.174988
-64.181236
-64.165611
-64.190613
-64.196861
-64.199989
-64.196861
-64.199989
-64.196861
-64.181236
-64.181236
-64.165611
-64.168739
-64.181236
-64.156242
-64.162491
-64.156242
-64.165611
-64.165611
-64.159363
-64.178116
-64.149986
-64.165611
-64.156242
-64.171867
-64.168739
-64.168739
-64.159363
-64.146866
-64.153114
-64.159363
-64.165611
-64.156242
-64.178116
-64.156242
-64.159363
-64.174988
-64.162491
-64.190613
-64.159363
-64.153114
-64.165611
-64.153114
-64.162491
-64.153114
-64.168739
-64.165611
-64.187492
-64.190613
-64.184364
-64.178116
-64.168739
-64.168739
-64.181236
-64.187492
-64.171867
-64.178116
-64.171867
-64.178116
-64.162491
-64.171867
-64.162491
-64.165611
-64.171867
-64.162491
-64.174988
-64.168739
-64.181236
-64.184364
-64.190613
-64.174988
-64.171867
-64.199989
-64.190613
-64.174988
-64.171867
-64.171867
-64.165611
-64.178116
-64.184364
-64.171867
-64.184364
-64.178116
-64.187492
-64.190613
-64.190613
-64.184364
-64.193741
-64.171867
-64.181236
-64.218742
-64.199989
-64.199989
-64.193741
-64.168739
-64.190613
-64.184364
-64.190613
-64.206238
-64.209366
-64.196861
-64.215614
-64.203117
-64.212486
-64.196861
-64.215614
-64.212486
-64.190613
-64.203117
-64.199989
-64.196861
-64.187492
-64.218742
-64.190613
-64.190613
-64.212486
-64.224991
-64.228111
-64.215614
-64.215614
-64.237488
-64.221863
-64.199989
-64.221863
-64.234367
-64.212486
-64.228111
-64.215614
-64.215614
-64.221863
-64.209366
-64.215614
-64.221863
-64.243736
-64.234367
-64.246864
-64.249985
-64.234367
-64.231239
-64.221863
-64.234367
-64.224991
-64.224991
-64.240616
-64.240616
-64.246864
-64.26561
-64.259361
-64.246864
-64.246864
-64.221863
-64.224991
-64.231239
-64.240616
-64.240616
-64.246864
-64.262482
-64.246864
-64.240616
-64.218742
-64.231239
-64.240616
-64.231239
-64.253105
-64.26873
-64.249985
-64.246864
-64.246864
-64.240616
-64.228111
-64.246864
-64.237488
-64.243736
-64.259361
-64.246864
-64.249985
-64.231239
-64.224991
-64.246864
-64.228111
-64.243736
-64.249985
-64.246864
-64.246864
-64.246864
-64.228111
-64.221863
-64.240616
-64.215614
-64.243736
-64.228111
-64.215614
-64.218742
-64.218742
-64.193741
-64.215614
-64.209366
-64.203117
-64.212486
-64.215614
-64.212486
-64.231239
-64.231239
-64.218742
-64.215614
-64.184364
-64.206238
-64.212486
-64.203117
-64.206238
-64.231239
-64.212486
-64.215614
-64.206238
-64.206238
-64.224991
-64.212486
-64.215614
-64.203117
-64.203117
-64.199989
-64.212486
-64.190613
-64.218742
-64.228111
-64.221863
-64.243736
-64.246864
-64.237488
-64.221863
-64.221863
-64.203117
-64.234367
-64.224991
-64.209366
-64.212486
-64.221863
-64.221863
-64.206238
-64.196861
-64.196861
-64.193741
-64.181236
-64.209366
-64.206238
-64.206238
-64.209366
-64.196861
-64.187492
-64.199989
-64.199989
-64.193741
-64.196861
-64.190613
-64.184364
-64.203117
-64.196861
-64.193741
-64.206238
-64.199989
-64.215614
-64.206238
-64.193741
-64.206238
-64.218742
-64.215614
-64.228111
-64.221863
-64.212486
-64.221863
-64.215614
-64.228111
-64.215614
-64.206238
-64.203117
-64.215614
-64.215614
-64.218742
-64.224991
-64.221863
-64.231239
-64.246864
-64.240616
-64.243736
-64.221863
-64.221863
-64.231239
-64.224991
-64.221863
-64.203117
-64.196861
-64.212486
-64.196861
-64.181236
-64.184364
-64.190613
-64.184364
-64.184364
-64.190613
-64.193741
-64.171867
-64.190613
-64.184364
-64.165611
-64.156242
-64.149986
-64.171867
-64.168739
-64.162491
-64.153114
-64.153114
-64.153114
-64.156242
-64.140617
-64.146866
-64.156242
-64.162491
-64.159363
-64.143745
-64.140617
-64.12812
-64.121872
-64.134369
-64.121872
-64.109367
-64.090622
-64.09687
-64.09687
-64.121872
-64.149986
-64.121872
-64.109367
-64.12812
-64.12812
-64.146866
-64.162491
-64.156242
-64.146866
-64.146866
-64.146866
-64.143745
-64.140617
-64.121872
-64.131241
-64.137497
-64.103119
-64.118744
-64.156242
-64.146866
-64.156242
-64.149986
-64.137497
-64.143745
-64.140617
-64.124992
-64.134369
-64.137497
-64.134369
-64.146866
-64.121872
-64.149986
-64.146866
-64.134369
-64.137497
-64.124992
-64.099991
-64.134369
-64.137497
-64.131241
-64.140617
-64.137497
-64.131241
-64.146866
-64.121872
-64.137497
-64.146866
-64.131241
-64.12812
-64.115616
-64.12812
-64.131241
-64.146866
-64.12812
-64.112495
-64.137497
-64.12812
-64.124992
-64.112495
-64.081245
-64.093742
-64.109367
-64.118744
-64.115616
-64.115616
-64.106247
-64.118744
-64.134369
-64.118744
-64.12812
-64.112495
-64.124992
-64.112495
-64.137497
-64.115616
-64.109367
-64.112495
-64.093742
-64.093742
-64.09687
-64.109367
-64.106247
-64.106247
-64.134369
-64.112495
-64.124992
-64.131241
-64.112495
-64.146866
-64.134369
-64.131241
-64.137497
-64.156242
-64.134369
-64.140617
-64.143745
-64.131241
-64.143745
-64.140617
-64.143745
-64.146866
-64.146866
-64.156242
-64.146866
-64.124992
-64.124992
-64.131241
-64.099991
-64.099991
-64.106247
-64.093742
-64.109367
-64.09687
-64.09687
-64.103119
-64.09687
-64.099991
-64.112495
-64.121872
-64.124992
-64.121872
-64.106247
-64.106247
-64.112495
-64.112495
-64.109367
-64.09687
-64.093742
-64.084366
-64.078117
-64.103119
-64.115616
-64.124992
-64.140617
-64.118744
-64.124992
-64.115616
-64.12812
-64.103119
-64.115616
-64.121872
-64.146866
-64.131241
-64.156242
-64.146866
-64.146866
-64.146866
-64.112495
-64.131241
-64.12812
-64.124992
-64.153114
-64.159363
-64.131241
-64.121872
-64.131241
-64.146866
-64.165611
-64.156242
-64.153114
-64.146866
-64.143745
-64.143745
-64.146866
-64.124992
-64.121872
-64.115616
-64.090622
-64.09687
-64.106247
-64.12812
-64.131241
-64.121872
-64.112495
-64.118744
-64.109367
-64.103119
-64.09687
-64.09687
-64.09687
-64.084366
-64.081245
-64.09687
-64.109367
-64.115616
-64.109367
-64.118744
-64.118744
-64.124992
-64.115616
-64.137497
-64.134369
-64.137497
-64.112495
-64.109367
-64.09687
-64.115616
-64.112495
-64.106247
-64.081245
-64.084366
-64.078117
-64.078117
-64.103119
-64.081245
-64.071869
-64.084366
-64.071869
-64.06562
-64.068741
-64.081245
-64.071869
-64.087494
-64.084366
-64.084366
-64.087494
-64.084366
-64.106247
-64.074997
-64.074997
-64.078117
-64.046875
-64.059372
-64.056244
-64.043747
-64.059372
-64.074997
-64.081245
-64.068741
-64.06562
-64.053116
-64.06562
-64.093742
-64.084366
-64.084366
-64.074997
-64.062492
-64.074997
-64.046875
-64.053116
-64.053116
-64.056244
-64.059372
-64.062492
-64.053116
-64.081245
-64.068741
-64.06562
-64.06562
-64.084366
-64.074997
-64.081245
-64.062492
-64.062492
-64.071869
-64.071869
-64.06562
-64.084366
-64.078117
-64.09687
-64.074997
-64.068741
-64.06562
-64.078117
-64.099991
-64.109367
-64.115616
-64.109367
-64.109367
-64.103119
-64.090622
-64.087494
-64.099991
-64.093742
-64.106247
-64.093742
-64.093742
-64.099991
-64.093742
-64.090622
-64.112495
-64.099991
-64.109367
-64.112495
-64.09687
-64.078117
-64.046875
-64.06562
-64.078117
-64.087494
-64.09687
-64.099991
-64.115616
-64.115616
-64.12812
-64.124992
-64.112495
-64.118744
-64.115616
-64.131241
-64.118744
-64.093742
-64.109367
-64.118744
-64.099991
-64.081245
-64.068741
-64.062492
-64.078117
-64.078117
-64.053116
-64.068741
-64.068741
-64.062492
-64.071869
-64.056244
-64.06562
-64.074997
-64.084366
-64.068741
-64.074997
-64.053116
-64.062492
-64.078117
-64.093742
-64.093742
-64.103119
-64.090622
-64.121872
-64.124992
-64.09687
-64.093742
-64.093742
-64.103119
-64.09687
-64.09687
-64.09687
-64.124992
-64.106247
-64.131241
-64.12812
-64.137497
-64.134369
-64.131241
-64.153114
-64.153114
-64.146866
-64.149986
-64.131241
-64.137497
-64.134369
-64.137497
-64.121872
-64.115616
-64.131241
-64.109367
-64.115616
-64.124992
-64.112495
-64.115616
-64.121872
-64.115616
-64.112495
-64.109367
-64.109367
-64.109367
-64.093742
-64.078117
-64.093742
-64.106247
-64.09687
-64.118744
-64.084366
-64.084366
-64.09687
-64.084366
-64.078117
-64.090622
-64.084366
-64.081245
-64.106247
-64.106247
-64.12812
-64.103119
-64.112495
-64.115616
-64.121872
-64.090622
-64.115616
-64.112495
-64.124992
-64.115616
-64.099991
-64.103119
-64.118744
-64.103119
-64.106247
-64.099991
-64.093742
-64.090622
-64.090622
-64.09687
-64.09687
-64.093742
-64.09687
-64.099991
-64.09687
-64.099991
-64.115616
-64.109367
-64.112495
-64.106247
-64.109367
-64.099991
-64.131241
-64.112495
-64.115616
-64.121872
-64.121872
-64.121872
-64.12812
-64.121872
-64.115616
-64.093742
-64.09687
-64.099991
-64.121872
-64.121872
-64.131241
-64.112495
-64.124992
-64.12812
-64.121872
-64.09687
-64.106247
-64.103119
-64.112495
-64.106247
-64.093742
-64.087494
-64.09687
-64.093742
-64.084366
-64.087494
-64.09687
-64.074997
-64.081245
-64.093742
-64.090622
-64.06562
-64.059372
-64.062492
-64.068741
-64.074997
-64.081245
-64.084366
-64.087494
-64.087494
-64.090622
-64.106247
-64.09687
-64.093742
-64.093742
-64.09687
-64.084366
-64.074997
-64.068741
-64.071869
-64.056244
-64.046875
-64.053116
-64.084366
-64.078117
-64.090622
-64.109367
-64.106247
-64.124992
-64.121872
-64.137497
-64.099991
-64.115616
-64.09687
-64.090622
-64.106247
-64.106247
-64.112495
-64.090622
-64.112495
-64.140617
-64.12812
-64.112495
-64.146866
-64.134369
-64.12812
-64.137497
-64.109367
-64.124992
-64.12812
-64.12812
-64.140617
-64.146866
-64.118744
-64.12812
-64.12812
-64.112495
-64.103119
-64.074997
-64.078117
-64.068741
-64.056244
-64.059372
-64.09687
-64.099991
-64.09687
-64.087494
-64.078117
-64.093742
-64.093742
-64.06562
-64.087494
-64.071869
-64.06562
-64.06562
-64.084366
-64.087494
-64.099991
-64.09687
-64.09687
-64.09687
-64.09687
-64.09687
-64.078117
-64.090622
-64.068741
-64.09687
-64.093742
-64.074997
-64.071869
-64.062492
-64.056244
-64.06562
-64.046875
-64.068741
-64.071869
-64.049995
-64.059372
-64.059372
-64.059372
-64.081245
-64.062492
-64.062492
-64.053116
-64.046875
-64.056244
-64.049995
-64.068741
-64.06562
-64.049995
-64.053116
-64.06562
-64.084366
-64.071869
-64.059372
-64.062492
-64.062492
-64.084366
-64.087494
-64.09687
-64.084366
-64.071869
-64.068741
-64.090622
-64.071869
-64.09687
-64.112495
-64.087494
-64.103119
-64.090622
-64.087494
-64.090622
-64.09687
-64.106247
-64.103119
-64.099991
-64.09687
-64.106247
-64.106247
-64.099991
-64.115616
-64.103119
-64.090622
-64.112495
-64.087494
-64.106247
-64.09687
-64.103119
-64.118744
-64.109367
-64.118744
-64.12812
-64.121872
-64.106247
-64.109367
-64.112495
-64.09687
-64.118744
-64.12812
-64.099991
-64.09687
-64.112495
-64.099991
-64.112495
-64.106247
-64.103119
-64.121872
-64.106247
-64.099991
-64.103119
-64.087494
-64.121872
-64.093742
-64.103119
-64.109367
-64.106247
-64.099991
-64.124992
-64.124992
-64.12812
-64.143745
-64.118744
-64.103119
-64.09687
-64.084366
-64.106247
-64.115616
-64.093742
-64.09687
-64.109367
-64.099991
-64.109367
-64.121872
-64.12812
-64.143745
-64.146866
-64.146866
-64.134369
-64.12812
-64.137497
-64.143745
-64.140617
-64.146866
-64.146866
-64.140617
-64.146866
-64.131241
-64.131241
-64.143745
-64.140617
-64.115616
-64.131241
-64.137497
-64.12812
-64.137497
-64.131241
-64.106247
-64.134369
-64.115616
-64.121872
-64.109367
-64.109367
-64.109367
-64.121872
-64.121872
-64.140617
-64.149986
-64.143745
-64.143745
-64.149986
-64.143745
-64.159363
-64.146866
-64.140617
-64.149986
-64.146866
-64.146866
-64.153114
-64.149986
-64.153114
-64.159363
-64.156242
-64.165611
-64.168739
-64.153114
-64.171867
-64.159363
-64.171867
-64.187492
-64.168739
-64.156242
-64.174988
-64.174988
-64.162491
-64.178116
-64.153114
-64.162491
-64.193741
-64.187492
-64.181236
-64.168739
-64.162491
-64.168739
-64.190613
-64.178116
-64.187492
-64.168739
-64.162491
-64.171867
-64.153114
-64.149986
-64.165611
-64.181236
-64.156242
-64.165611
-64.171867
-64.159363
-64.143745
-64.165611
-64.156242
-64.159363
-64.149986
-64.146866
-64.143745
-64.146866
-64.165611
-64.146866
-64.134369
-64.149986
-64.153114
-64.162491
-64.159363
-64.171867
-64.165611
-64.181236
-64.178116
-64.178116
-64.162491
-64.149986
-64.156242
-64.146866
-64.143745
-64.159363
-64.159363
-64.146866
-64.146866
-64.153114
-64.162491
-64.162491
-64.171867
-64.171867
-64.181236
-64.184364
-64.184364
-64.178116
-64.174988
-64.171867
-64.168739
-64.153114
-64.149986
-64.159363
-64.162491
-64.165611
-64.156242
-64.149986
-64.149986
-64.134369
-64.149986
-64.162491
-64.168739
-64.162491
-64.165611
-64.143745
-64.153114
-64.143745
-64.146866
-64.146866
-64.165611
-64.146866
-64.146866
-64.143745
-64.103119
-64.118744
-64.118744
-64.099991
-64.131241
-64.149986
-64.149986
-64.165611
-64.174988
-64.184364
-64.196861
-64.203117
-64.190613
-64.181236
-64.178116
-64.181236
-64.196861
-64.168739
-64.184364
-64.187492
-64.193741
-64.196861
-64.181236
-64.181236
-64.174988
-64.171867
-64.184364
-64.190613
-64.187492
-64.193741
-64.196861
-64.193741
-64.187492
-64.171867
-64.178116
-64.149986
-64.146866
-64.165611
-64.174988
-64.168739
-64.171867
-64.190613
-64.187492
-64.156242
-64.162491
-64.146866
-64.146866
-64.165611
-64.146866
-64.134369
-64.146866
-64.149986
-64.153114
-64.146866
-64.137497
-64.140617
-64.159363
-64.143745
-64.143745
-64.159363
-64.149986
-64.178116
-64.184364
-64.184364
-64.187492
-64.209366
-64.193741
-64.209366
-64.212486
-64.196861
-64.199989
-64.184364
-64.156242
-64.156242
-64.153114
-64.153114
-64.162491
-64.162491
-64.190613
-64.174988
-64.153114
-64.178116
-64.168739
-64.159363
-64.184364
-64.174988
-64.171867
-64.181236
-64.162491
-64.171867
-64.187492
-64.165611
-64.178116
-64.190613
-64.187492
-64.199989
-64.199989
-64.199989
-64.206238
-64.187492
-64.184364
-64.203117
-64.196861
-64.199989
-64.215614
-64.196861
-64.184364
-64.199989
-64.168739
-64.159363
-64.162491
-64.174988
-64.190613
-64.184364
-64.156242
-64.168739
-64.187492
-64.168739
-64.159363
-64.178116
-64.171867
-64.190613
-64.190613
-64.178116
-64.196861
-64.184364
-64.209366
-64.228111
-64.209366
-64.218742
-64.224991
-64.199989
-64.199989
-64.196861
-64.193741
-64.178116
-64.171867
-64.171867
-64.162491
-64.171867
-64.153114
-64.190613
-64.168739
-64.156242
-64.181236
-64.168739
-64.181236
-64.184364
-64.178116
-64.174988
-64.187492
-64.181236
-64.181236
-64.181236
-64.181236
-64.156242
-64.184364
-64.140617
-64.168739
-64.181236
-64.165611
-64.178116
-64.187492
-64.168739
-64.146866
-64.168739
-64.146866
-64.187492
-64.171867
-64.156242
-64.178116
-64.187492
-64.178116
-64.168739
-64.193741
-64.174988
-64.190613
-64.181236
-64.187492
-64.184364
-64.196861
-64.193741
-64.181236
-64.178116
-64.199989
-64.199989
-64.187492
-64.187492
-64.193741
-64.178116
-64.190613
-64.181236
-64.171867
-64.174988
-64.153114
-64.140617
-64.134369
-64.143745
-64.143745
-64.146866
-64.149986
-64.149986
-64.162491
-64.146866
-64.168739
-64.178116
-64.171867
-64.181236
-64.178116
-64.190613
-64.190613
-64.203117
-64.190613
-64.190613
-64.165611
-64.178116
-64.168739
-64.206238
-64.209366
-64.209366
-64.203117
-64.234367
-64.231239
-64.240616
-64.246864
-64.218742
-64.212486
-64.234367
-64.206238
-64.212486
-64.215614
-64.215614
-64.218742
-64.215614
-64.203117
-64.203117
-64.203117
-64.209366
-64.215614
-64.221863
-64.224991
-64.231239
-64.221863
-64.224991
-64.224991
-64.231239
-64.218742
-64.196861
-64.221863
-64.224991
-64.246864
-64.256233
-64.256233
-64.249985
-64.237488
-64.253105
-64.253105
-64.249985
-64.249985
-64.287483
-64.284355
-64.271858
-64.253105
-64.240616
-64.237488
-64.243736
-64.228111
-64.237488
-64.221863
-64.228111
-64.234367
-64.240616
-64.249985
-64.262482
-64.249985
-64.246864
-64.234367
-64.221863
-64.237488
-64.228111
-64.243736
-64.249985
-64.256233
-64.249985
-64.271858
-64.249985
-64.246864
-64.259361
-64.256233
-64.259361
-64.271858
-64.271858
-64.262482
-64.246864
-64.253105
-64.246864
-64.259361
-64.26873
-64.281235
-64.271858
-64.278107
-64.278107
-64.259361
-64.26873
-64.278107
-64.26873
-64.259361
-64.278107
-64.253105
-64.26561
-64.253105
-64.246864
-64.256233
-64.249985
-64.253105
-64.26873
-64.249985
-64.243736
-64.249985
-64.240616
-64.221863
-64.237488
-64.246864
-64.243736
-64.234367
-64.228111
-64.234367
-64.246864
-64.278107
-64.26561
-64.26561
-64.246864
-64.274986
-64.274986
-64.26873
-64.253105
-64.253105
-64.249985
-64.281235
-64.26873
-64.278107
-64.271858
-64.256233
-64.256233
-64.278107
-64.271858
-64.262482
-64.274986
-64.284355
-64.303108
-64.312485
-64.293732
-64.29686
-64.306236
-64.303108
-64.290611
-64.293732
-64.278107
-64.293732
-64.306236
-64.284355
-64.290611
-64.278107
-64.293732
-64.29998
-64.29686
-64.29686
-64.281235
-64.287483
-64.271858
-64.287483
-64.29686
-64.290611
-64.29686
-64.318733
-64.303108
-64.29686
-64.290611
-64.29686
-64.29998
-64.29686
-64.284355
-64.278107
-64.287483
-64.293732
-64.256233
-64.274986
-64.262482
-64.246864
-64.246864
-64.259361
-64.262482
-64.246864
-64.26561
-64.26873
-64.271858
-64.256233
-64.262482
-64.271858
-64.259361
-64.271858
-64.26873
-64.249985
-64.256233
-64.26561
-64.262482
-64.249985
-64.26561
-64.290611
-64.29686
-64.293732
-64.281235
-64.29686
-64.29686
-64.29686
-64.293732
-64.284355
-64.284355
-64.29686
-64.281235
-64.29686
-64.290611
-64.262482
-64.246864
-64.256233
-64.237488
-64.237488
-64.256233
-64.240616
-64.253105
-64.253105
-64.237488
-64.234367
-64.215614
-64.221863
-64.234367
-64.246864
-64.249985
-64.278107
-64.26561
-64.256233
-64.246864
-64.256233
-64.271858
-64.271858
-64.240616
-64.253105
-64.237488
-64.234367
-64.259361
-64.278107
-64.249985
-64.259361
-64.259361
-64.256233
-64.249985
-64.246864
-64.249985
-64.240616
-64.243736
-64.253105
-64.26873
-64.246864
-64.246864
-64.256233
-64.26873
-64.259361
-64.256233
-64.237488
-64.249985
-64.246864
-64.228111
-64.237488
-64.240616
-64.253105
-64.26561
-64.253105
-64.26561
-64.274986
-64.262482
-64.259361
-64.26873
-64.26561
-64.262482
-64.259361
-64.259361
-64.26873
-64.26873
-64.256233
-64.246864
-64.262482
-64.246864
-64.221863
-64.249985
-64.246864
-64.221863
-64.231239
-64.228111
-64.231239
-64.215614
-64.246864
-64.237488
-64.237488
-64.231239
-64.246864
-64.249985
-64.249985
-64.246864
-64.249985
-64.26561
-64.259361
-64.253105
-64.262482
-64.249985
-64.249985
-64.246864
-64.237488
-64.246864
-64.240616
-64.224991
-64.240616
-64.243736
-64.237488
-64.228111
-64.240616
-64.218742
-64.218742
-64.228111
-64.228111
-64.228111
-64.231239
-64.234367
-64.237488
-64.237488
-64.240616
-64.221863
-64.228111
-64.199989
-64.215614
-64.212486
-64.224991
-64.224991
-64.209366
-64.221863
-64.218742
-64.209366
-64.228111
-64.221863
-64.215614
-64.203117
-64.215614
-64.246864
-64.234367
-64.224991
-64.212486
-64.246864
-64.26561
-64.246864
-64.249985
-64.246864
-64.228111
-64.221863
-64.237488
-64.246864
-64.243736
-64.237488
-64.243736
-64.249985
-64.26561
-64.237488
-64.237488
-64.215614
-64.240616
-64.215614
-64.215614
-64.206238
-64.190613
-64.181236
-64.193741
-64.196861
-64.199989
-64.190613
-64.196861
-64.206238
-64.206238
-64.209366
-64.224991
-64.203117
-64.206238
-64.212486
-64.196861
-64.199989
-64.206238
-64.184364
-64.171867
-64.190613
-64.190613
-64.193741
-64.221863
-64.196861
-64.184364
-64.221863
-64.224991
-64.228111
-64.224991
-64.206238
-64.193741
-64.190613
-64.190613
-64.218742
-64.206238
-64.196861
-64.190613
-64.206238
-64.190613
-64.212486
-64.209366
-64.203117
-64.218742
-64.203117
-64.206238
-64.199989
-64.212486
-64.206238
-64.196861
-64.162491
-64.171867
-64.178116
-64.153114
-64.178116
-64.181236
-64.190613
-64.190613
-64.193741
-64.187492
-64.196861
-64.181236
-64.178116
-64.181236
-64.146866
-64.146866
-64.149986
-64.149986
-64.171867
-64.168739
-64.162491
-64.165611
-64.168739
-64.165611
-64.162491
-64.146866
-64.153114
-64.146866
-64.140617
-64.146866
-64.137497
-64.143745
-64.143745
-64.12812
-64.140617
-64.149986
-64.153114
-64.149986
-64.162491
-64.162491
-64.159363
-64.168739
-64.146866
-64.146866
-64.146866
-64.146866
-64.149986
-64.149986
-64.134369
-64.153114
-64.149986
-64.149986
-64.137497
-64.156242
-64.146866
-64.153114
-64.134369
-64.134369
-64.146866
-64.124992
-64.12812
-64.137497
-64.153114
-64.140617
-64.12812
-64.143745
-64.140617
-64.137497
-64.121872
-64.109367
-64.137497
-64.131241
-64.124992
-64.118744
-64.118744
-64.109367
-64.112495
-64.109367
-64.103119
-64.106247
-64.099991
-64.124992
-64.134369
-64.140617
-64.12812
-64.124992
-64.149986
-64.162491
-64.162491
-64.165611
-64.165611
-64.146866
-64.159363
-64.143745
-64.12812
-64.134369
-64.121872
-64.118744
-64.115616
-64.124992
-64.115616
-64.121872
-64.106247
-64.115616
-64.137497
-64.131241
-64.140617
-64.137497
-64.12812
-64.146866
-64.140617
-64.143745
-64.143745
-64.146866
-64.134369
-64.146866
-64.146866
-64.146866
-64.165611
-64.168739
-64.162491
-64.159363
-64.156242
-64.149986
-64.159363
-64.140617
-64.140617
-64.153114
-64.143745
-64.159363
-64.159363
-64.146866
-64.140617
-64.153114
-64.146866
-64.153114
-64.153114
-64.137497
-64.12812
-64.140617
-64.115616
-64.109367
-64.121872
-64.115616
-64.109367
-64.115616
-64.115616
-64.118744
-64.115616
-64.121872
-64.115616
-64.109367
-64.124992
-64.118744
-64.115616
-64.140617
-64.124992
-64.118744
-64.146866
-64.131241
-64.121872
-64.118744
-64.131241
-64.115616
-64.115616
-64.115616
-64.09687
-64.118744
-64.124992
-64.121872
-64.124992
-64.112495
-64.134369
-64.09687
-64.106247
-64.121872
-64.131241
-64.106247
-64.112495
-64.115616
-64.112495
-64.103119
-64.106247
-64.106247
-64.115616
-64.099991
-64.103119
-64.103119
-64.093742
-64.09687
-64.099991
-64.115616
-64.109367
-64.103119
-64.09687
-64.09687
-64.09687
-64.078117
-64.093742
-64.081245
-64.078117
-64.093742
-64.090622
-64.099991
-64.103119
-64.087494
-64.084366
-64.059372
-64.071869
-64.068741
-64.040627
-64.046875
-64.046875
-64.053116
-64.046875
-64.078117
-64.099991
-64.09687
-64.103119
-64.106247
-64.081245
-64.06562
-64.062492
-64.056244
-64.084366
-64.071869
-64.087494
-64.09687
-64.09687
-64.090622
-64.071869
-64.049995
-64.053116
-64.049995
-64.053116
-64.078117
-64.087494
-64.084366
-64.093742
-64.093742
-64.071869
-64.09687
-64.084366
-64.071869
-64.056244
-64.062492
-64.043747
-64.056244
-64.040627
-64.037498
-64.03125
-64.03437
-64.03125
-64.040627
-64.028122
-64.078117
-64.062492
-64.068741
-64.053116
-64.053116
-64.03437
-64.053116
-64.056244
-64.062492
-64.059372
-64.056244
-64.037498
-64.040627
-64.046875
-64.062492
-64.062492
-64.068741
-64.068741
-64.081245
-64.084366
-64.090622
-64.090622
-64.087494
-64.078117
-64.078117
-64.081245
-64.090622
-64.074997
-64.071869
-64.087494
-64.087494
-64.109367
-64.099991
-64.103119
-64.087494
-64.09687
-64.084366
-64.06562
-64.081245
-64.078117
-64.071869
-64.087494
-64.081245
-64.093742
-64.084366
-64.087494
-64.093742
-64.078117
-64.081245
-64.071869
-64.056244
-64.078117
-64.071869
-64.084366
-64.109367
-64.103119
-64.106247
-64.103119
-64.099991
-64.084366
-64.084366
-64.09687
-64.090622
-64.084366
-64.093742
-64.099991
-64.099991
-64.090622
-64.084366
-64.084366
-64.062492
-64.06562
-64.071869
-64.068741
-64.06562
-64.062492
-64.059372
-64.06562
-64.078117
-64.059372
-64.046875
-64.071869
-64.081245
-64.071869
-64.087494
-64.09687
-64.09687
-64.087494
-64.081245
-64.093742
-64.071869
-64.090622
-64.093742
-64.056244
-64.093742
-64.062492
-64.074997
-64.071869
-64.059372
-64.053116
-64.081245
-64.068741
-64.062492
-64.081245
-64.074997
-64.09687
-64.087494
-64.078117
-64.071869
-64.049995
-64.059372
-64.062492
-64.084366
-64.093742
-64.093742
-64.093742
-64.09687
-64.103119
-64.090622
-64.078117
-64.09687
-64.090622
-64.09687
-64.081245
-64.059372
-64.090622
-64.103119
-64.099991
-64.099991
-64.109367
-64.099991
-64.09687
-64.081245
-64.078117
-64.081245
-64.081245
-64.084366
-64.084366
-64.103119
-64.09687
-64.109367
-64.109367
-64.109367
-64.112495
-64.106247
-64.103119
-64.115616
-64.109367
-64.121872
-64.115616
-64.106247
-64.09687
-64.09687
-64.078117
-64.087494
-64.093742
-64.09687
-64.115616
-64.087494
-64.087494
-64.093742
-64.090622
-64.074997
-64.084366
-64.078117
-64.081245
-64.06562
-64.071869
-64.059372
-64.093742
-64.068741
-64.043747
-64.046875
-64.040627
-64.043747
-64.028122
-64.015625
-64.03437
-64.046875
-64.049995
-64.078117
-64.090622
-64.084366
-64.09687
-64.099991
-64.09687
-64.09687
-64.09687
-64.103119
-64.09687
-64.084366
-64.090622
-64.071869
-64.087494
-64.074997
-64.084366
-64.081245
-64.087494
-64.090622
-64.071869
-64.071869
-64.053116
-64.049995
-64.046875
-64.03125
-64.046875
-64.049995
-64.043747
-64.03437
-64.006248
-63.996872
-64.021873
-64.03125
-64.021873
-64.028122
-64.03125
-64.03437
-64.025002
-64.028122
-64.012497
-64.015625
-64.03125
-64.018745
-64.028122
-64.012497
-64.046875
-64.025002
-64.015625
-64.00312
-64.012497
-64.03125
-64.00312
-64.03125
-64.021873
-64.006248
-64.009377
-64.00312
-64.009377
-63.990623
-63.996872
-63.978123
-63.971874
-63.96875
-63.996872
-63.971874
-63.978123
-63.984375
-63.971874
-63.962498
-63.956249
-63.946873
-63.940628
-63.940628
-63.953125
-63.949997
-63.949997
-63.946873
-63.965622
-63.959373
-63.978123
-63.981247
-63.953125
-63.971874
-63.96875
-63.943752
-63.940628
-63.946873
-63.943752
-63.956249
-63.946873
-63.940628
-63.962498
-63.946873
-63.962498
-63.974998
-63.962498
-63.971874
-63.981247
-63.993748
-63.974998
-63.974998
-63.953125
-63.946873
-63.946873
-63.946873
-63.940628
-63.921879
-63.90313
-63.91563
-63.931255
-63.93438
-63.918755
-63.946873
-63.946873
-63.931255
-63.928127
-63.940628
-63.940628
-63.925003
-63.965622
-63.959373
-63.946873
-63.953125
-63.959373
-63.96875
-63.956249
-63.971874
-63.946873
-63.943752
-63.918755
-63.921879
-63.928127
-63.931255
-63.93438
-63.937504
-63.93438
-63.912502
-63.931255
-63.93438
-63.937504
-63.931255
-63.931255
-63.949997
-63.959373
-63.949997
-63.953125
-63.949997
-63.946873
-63.946873
-63.956249
-63.946873
-63.959373
-63.937504
-63.93438
-63.959373
-63.953125
-63.953125
-63.956249
-63.965622
-63.949997
-63.971874
-63.959373
-63.96875
-63.959373
-63.965622
-63.96875
-63.956249
-63.96875
-63.949997
-63.953125
-63.953125
-63.96875
-63.946873
-63.943752
-63.956249
-63.949997
-63.953125
-63.943752
-63.93438
-63.943752
-63.928127
-63.946873
-63.949997
-63.931255
-63.893753
-63.896877
-63.875004
-63.878128
-63.887505
-63.887505
-63.896877
-63.896877
-63.878128
-63.909378
-63.906254
-63.90313
-63.91563
-63.931255
-63.906254
-63.921879
-63.912502
-63.896877
-63.906254
-63.928127
-63.937504
-63.928127
-63.91563
-63.91563
-63.90313
-63.896877
-63.878128
-63.88438
-63.896877
-63.88438
-63.91563
-63.890629
-63.90313
-63.91563
-63.909378
-63.91563
-63.921879
-63.921879
-63.909378
-63.893753
-63.890629
-63.88438
-63.890629
-63.887505
-63.890629
-63.896877
-63.906254
-63.896877
-63.90313
-63.906254
-63.896877
-63.893753
-63.900005
-63.90313
-63.909378
-63.909378
-63.90313
-63.896877
-63.90313
-63.921879
-63.912502
-63.921879
-63.918755
-63.912502
-63.928127
-63.943752
-63.940628
-63.946873
-63.946873
-63.937504
-63.953125
-63.965622
-63.953125
-63.946873
-63.937504
-63.93438
-63.931255
-63.931255
-63.918755
-63.946873
-63.937504
-63.946873
-63.943752
-63.928127
-63.918755
-63.91563
-63.887505
-63.893753
-63.875004
-63.875004
-63.893753
-63.88438
-63.893753
-63.896877
-63.912502
-63.896877
-63.909378
-63.896877
-63.890629
-63.918755
-63.925003
-63.896877
-63.900005
-63.887505
-63.878128
-63.887505
-63.859379
-63.878128
-63.875004
-63.865627
-63.896877
-63.921879
-63.918755
-63.91563
-63.896877
-63.918755
-63.90313
-63.896877
-63.912502
-63.912502
-63.909378
-63.912502
-63.949997
-63.959373
-63.943752
-63.956249
-63.925003
-63.921879
-63.91563
-63.912502
-63.909378
-63.91563
-63.925003
-63.940628
-63.921879
-63.93438
-63.943752
-63.953125
-63.946873
-63.946873
-63.943752
-63.946873
-63.943752
-63.928127
-63.946873
-63.946873
-63.959373
-63.96875
-63.974998
-63.978123
-63.953125
-63.937504
-63.943752
-63.943752
-63.918755
-63.928127
-63.921879
-63.91563
-63.909378
-63.906254
-63.93438
-63.928127
-63.921879
-63.940628
-63.940628
-63.940628
-63.946873
-63.965622
-63.965622
-63.959373
-63.946873
-63.946873
-63.959373
-63.984375
-63.959373
-63.956249
-63.946873
-63.965622
-63.971874
-63.965622
-63.953125
-63.946873
-63.946873
-63.946873
-63.940628
-63.921879
-63.93438
-63.943752
-63.937504
-63.93438
-63.912502
-63.912502
-63.912502
-63.937504
-63.918755
-63.91563
-63.943752
-63.940628
-63.921879
-63.921879
-63.93438
-63.921879
-63.918755
-63.91563
-63.931255
-63.946873
-63.937504
-63.943752
-63.93438
-63.928127
-63.943752
-63.921879
-63.928127
-63.921879
-63.918755
-63.937504
-63.953125
-63.925003
-63.931255
-63.928127
-63.940628
-63.946873
-63.93438
-63.946873
-63.956249
-63.940628
-63.925003
-63.940628
-63.946873
-63.956249
-63.956249
-63.940628
-63.937504
-63.962498
-63.962498
-63.946873
-63.953125
-63.962498
-63.971874
-63.96875
-63.965622
-63.984375
-63.981247
-63.962498
-63.965622
-63.978123
-63.971874
-63.971874
-63.953125
-63.962498
-63.971874
-63.943752
-63.959373
-63.984375
-63.962498
-63.974998
-63.96875
-63.974998
-63.971874
-63.981247
-63.981247
-63.987499
-63.971874
-63.974998
-63.978123
-63.96875
-63.96875
-63.996872
-63.993748
-63.993748
-64.00312
-63.971874
-63.990623
-63.984375
-63.974998
-63.959373
-63.946873
-63.953125
-63.946873
-63.949997
-63.949997
-63.96875
-63.946873
-63.984375
-63.984375
-63.984375
-63.987499
-63.984375
-63.971874
-63.990623
-63.981247
-63.996872
-64.00312
-63.996872
-63.996872
-63.996872
-63.996872
-63.993748
-63.996872
-63.996872
-63.978123
-63.996872
-63.996872
-63.990623
-63.996872
-63.984375
-63.971874
-63.984375
-63.971874
-63.971874
-63.956249
-63.965622
-63.946873
-63.962498
-63.959373
-63.946873
-63.959373
-63.971874
-63.974998
-63.978123
-63.974998
-63.981247
-63.974998
-63.965622
-63.965622
-63.971874
-63.959373
-63.96875
-63.984375
-63.984375
-63.959373
-63.965622
-63.937504
-63.946873
-63.946873
-63.953125
-63.946873
-63.953125
-63.956249
-63.946873
-63.937504
-63.953125
-63.946873
-63.931255
-63.937504
-63.937504
-63.918755
-63.928127
-63.912502
-63.946873
-63.953125
-63.953125
-63.946873
-63.953125
-63.956249
-63.940628
-63.946873
-63.956249
-63.959373
-63.96875
-63.965622
-63.959373
-63.953125
-63.965622
-63.953125
-63.959373
-63.965622
-63.959373
-63.946873
-63.962498
-63.971874
-63.946873
-63.96875
-63.953125
-63.949997
-63.959373
-63.978123
-63.959373
-63.965622
-63.946873
-63.943752
-63.946873
-63.940628
-63.959373
-63.959373
-63.962498
-63.987499
-63.981247
-63.990623
-63.984375
-63.984375
-63.978123
-63.987499
-63.996872
-63.971874
-63.990623
-63.978123
-63.984375
-63.996872
-64.009377
-64.015625
-64.018745
-64.021873
-64.009377
-63.996872
-63.996872
-63.987499
-63.987499
-63.990623
-63.981247
-63.990623
-63.996872
-64.006248
-64.018745
-64.006248
-64.012497
-64.012497
-63.993748
-63.996872
-63.987499
-63.981247
-63.993748
-63.981247
-63.984375
-63.996872
-63.996872
-63.996872
-64.015625
-63.990623
-63.984375
-63.974998
-63.956249
-63.974998
-63.974998
-63.959373
-63.978123
-63.965622
-63.953125
-63.971874
-63.953125
-63.953125
-63.949997
-63.956249
-63.981247
-63.987499
-63.984375
-63.978123
-63.971874
-63.990623
-63.987499
-63.974998
-63.978123
-63.959373
-63.959373
-63.953125
-63.962498
-63.971874
-63.971874
-63.996872
-63.984375
-63.971874
-63.981247
-63.978123
-63.962498
-63.953125
-63.937504
-63.965622
-63.946873
-63.96875
-63.974998
-63.96875
-63.953125
-63.987499
-63.984375
-63.956249
-63.965622
-63.953125
-63.971874
-63.984375
-63.953125
-63.978123
-63.993748
-63.996872
-64.00312
-64.012497
-63.990623
-63.996872
-64.006248
-63.993748
-64.009377
-64.00312
-63.996872
-63.996872
-63.996872
-64.012497
-64.015625
-64.018745
-64.028122
-63.996872
-63.990623
-63.984375
-63.981247
-63.996872
-63.996872
-64.006248
-63.984375
-63.96875
-63.965622
-63.974998
-63.996872
-63.996872
-63.984375
-63.971874
-63.990623
-63.96875
-63.984375
-63.993748
-63.984375
-63.996872
-63.974998
-63.990623
-63.996872
-63.996872
-63.996872
-63.993748
-63.987499
-63.996872
-64.018745
-64.009377
-63.996872
-63.996872
-63.993748
-63.996872
-63.996872
-63.996872
-63.990623
-63.990623
-64.015625
-63.996872
-63.981247
-63.996872
-64.006248
-64.009377
-64.00312
-64.009377
-64.015625
-64.03125
-64.046875
-64.015625
-64.03125
-64.006248
-63.996872
-64.012497
-63.987499
-63.990623
-63.981247
-63.965622
-63.962498
-63.978123
-63.959373
-63.956249
-63.96875
-63.978123
-63.996872
-63.993748
-63.996872
-64.018745
-64.028122
-64.025002
-64.046875
-64.03437
-64.025002
-64.028122
-64.03125
-64.046875
-64.03437
-64.03125
-64.025002
-64.062492
-64.046875
-64.046875
-64.028122
-64.03437
-64.028122
-64.046875
-64.046875
-64.046875
-64.056244
-64.043747
-64.062492
-64.046875
-64.040627
-64.03437
-64.015625
-64.009377
-64.025002
-64.043747
-64.06562
-64.06562
-64.040627
-64.028122
-64.046875
-64.021873
-64.046875
-64.071869
-64.049995
-64.062492
-64.056244
-64.06562
-64.068741
-64.053116
-64.053116
-64.06562
-64.068741
-64.046875
-64.053116
-64.06562
-64.053116
-64.056244
-64.046875
-64.062492
-64.078117
-64.074997
-64.068741
-64.087494
-64.074997
-64.081245
-64.06562
-64.056244
-64.062492
-64.068741
-64.093742
-64.099991
-64.09687
-64.099991
-64.112495
-64.103119
-64.084366
-64.074997
-64.084366
-64.049995
-64.059372
-64.06562
-64.078117
-64.071869
-64.068741
-64.078117
-64.084366
-64.074997
-64.084366
-64.071869
-64.062492
-64.062492
-64.062492
-64.062492
-64.068741
-64.078117
-64.081245
-64.090622
-64.084366
-64.078117
-64.090622
-64.081245
-64.078117
-64.059372
-64.071869
-64.084366
-64.074997
-64.090622
-64.068741
-64.074997
-64.084366
-64.099991
-64.099991
-64.099991
-64.074997
-64.112495
-64.109367
-64.090622
-64.103119
-64.087494
-64.09687
-64.074997
-64.087494
-64.06562
-64.046875
-64.046875
-64.056244
-64.068741
-64.06562
-64.059372
-64.053116
-64.06562
-64.059372
-64.059372
-64.068741
-64.078117
-64.071869
-64.053116
-64.078117
-64.090622
-64.071869
-64.062492
-64.074997
-64.071869
-64.068741
-64.081245
-64.074997
-64.059372
-64.071869
-64.068741
-64.084366
-64.115616
-64.12812
-64.137497
-64.121872
-64.099991
-64.090622
-64.09687
-64.071869
-64.099991
-64.09687
-64.093742
-64.093742
-64.078117
-64.084366
-64.078117
-64.090622
-64.087494
-64.103119
-64.09687
-64.099991
-64.093742
-64.093742
-64.087494
-64.09687
-64.062492
-64.056244
-64.06562
-64.078117
-64.081245
-64.093742
-64.093742
-64.118744
-64.103119
-64.084366
-64.09687
-64.062492
-64.087494
-64.081245
-64.071869
-64.090622
-64.06562
-64.053116
-64.046875
-64.074997
-64.056244
-64.053116
-64.06562
-64.037498
-64.049995
-64.03125
-64.028122
-64.046875
-64.046875
-64.046875
-64.046875
-64.046875
-64.053116
-64.046875
-64.046875
-64.03437
-64.03437
-64.043747
-64.046875
-64.06562
-64.078117
-64.106247
-64.09687
-64.103119
-64.09687
-64.121872
-64.109367
-64.099991
-64.090622
-64.099991
-64.093742
-64.09687
-64.099991
-64.09687
-64.078117
-64.093742
-64.118744
-64.099991
-64.09687
-64.106247
-64.137497
-64.140617
-64.09687
-64.112495
-64.124992
-64.112495
-64.115616
-64.09687
-64.103119
-64.09687
-64.078117
-64.053116
-64.056244
-64.071869
-64.056244
-64.046875
-64.049995
-64.049995
-64.078117
-64.068741
-64.074997
-64.081245
-64.074997
-64.062492
-64.062492
-64.056244
-64.053116
-64.078117
-64.068741
-64.074997
-64.06562
-64.046875
-64.062492
-64.053116
-64.046875
-64.03437
-64.049995
-64.046875
-64.059372
-64.062492
-64.053116
-64.040627
-64.046875
-64.068741
-64.071869
-64.046875
-64.037498
-64.046875
-64.037498
-64.049995
-64.062492
-64.053116
-64.056244
-64.074997
-64.078117
-64.046875
-64.071869
-64.071869
-64.074997
-64.078117
-64.078117
-64.059372
-64.081245
-64.071869
-64.078117
-64.084366
-64.071869
-64.062492
-64.040627
-64.040627
-64.028122
-64.040627
-64.043747
-64.056244
-64.046875
-64.049995
-64.046875
-64.043747
-64.053116
-64.056244
-64.049995
-64.059372
-64.046875
-64.056244
-64.06562
-64.062492
-64.078117
-64.068741
-64.06562
-64.059372
-64.087494
-64.078117
-64.090622
-64.084366
-64.062492
-64.053116
-64.06562
-64.046875
-64.059372
-64.068741
-64.049995
-64.081245
-64.06562
-64.049995
-64.046875
-64.053116
-64.049995
-64.081245
-64.043747
-64.053116
-64.049995
-64.06562
-64.068741
-64.06562
-64.056244
-64.059372
-64.053116
-64.025002
-64.009377
-64.025002
-64.037498
-64.046875
-64.049995
-64.028122
-64.046875
-64.053116
-64.056244
-64.06562
-64.049995
-64.018745
-64.040627
-64.025002
-64.03125
-64.043747
-64.028122
-64.037498
-64.046875
-64.03125
-64.037498
-64.046875
-64.046875
-64.059372
-64.046875
-64.040627
-64.046875
-64.046875
-64.049995
-64.059372
-64.037498
-64.046875
-64.062492
-64.068741
-64.053116
-64.06562
-64.056244
-64.040627
-64.03437
-64.006248
-64.025002
-64.03437
-64.018745
-64.021873
-64.012497
-64.03125
-64.040627
-64.028122
-64.025002
-64.046875
-64.037498
-64.040627
-64.021873
-63.996872
-64.009377
-64.015625
-64.028122
-64.03125
-64.028122
-64.03125
-64.046875
-64.028122
-64.028122
-64.049995
-64.053116
-64.059372
-64.062492
-64.074997
-64.081245
-64.081245
-64.046875
-64.03125
-64.025002
-63.996872
-64.025002
-64.018745
-64.006248
-64.021873
-64.006248
-64.012497
-64.03437
-64.021873
-64.025002
-64.037498
-64.040627
-64.03437
-64.040627
-64.046875
-64.053116
-64.043747
-64.049995
-64.049995
-64.087494
-64.062492
-64.071869
-64.074997
-64.06562
-64.081245
-64.087494
-64.06562
-64.056244
-64.071869
-64.062492
-64.074997
-64.078117
-64.078117
-64.068741
-64.046875
-64.049995
-64.06562
-64.046875
-64.053116
-64.068741
-64.078117
-64.071869
-64.087494
-64.090622
-64.081245
-64.056244
-64.043747
-64.053116
-64.059372
-64.062492
-64.081245
-64.053116
-64.028122
-64.046875
-64.040627
-64.062492
-64.059372
-64.043747
-64.053116
-64.053116
-64.053116
-64.046875
-64.049995
-64.043747
-64.059372
-64.078117
-64.074997
-64.078117
-64.078117
-64.081245
-64.081245
-64.087494
-64.09687
-64.09687
-64.106247
-64.109367
-64.09687
-64.062492
-64.068741
-64.059372
-64.068741
-64.087494
-64.090622
-64.078117
-64.078117
-64.078117
-64.068741
-64.084366
-64.071869
-64.081245
-64.090622
-64.081245
-64.068741
-64.053116
-64.062492
-64.068741
-64.078117
-64.059372
-64.078117
-64.043747
-64.046875
-64.049995
-64.021873
-64.021873
-64.028122
-64.021873
-64.037498
-64.046875
-64.040627
-64.043747
-64.040627
-64.062492
-64.074997
-64.059372
-64.043747
-64.046875
-64.06562
-64.059372
-64.056244
-64.078117
-64.053116
-64.087494
-64.046875
-64.046875
-64.046875
-64.059372
-64.059372
-64.053116
-64.028122
-64.046875
-64.053116
-64.068741
-64.071869
-64.081245
-64.078117
-64.074997
-64.068741
-64.053116
-64.046875
-64.037498
-64.03437
-64.046875
-64.03125
-64.03125
-64.040627
-64.037498
-64.040627
-64.037498
-64.03125
-64.021873
-64.028122
-64.021873
-64.037498
-64.040627
-64.009377
-64.03437
-64.03437
-64.03437
-64.037498
-64.046875
-64.037498
-64.078117
-64.084366
-64.090622
-64.056244
-64.06562
-64.078117
-64.071869
-64.059372
-64.071869
-64.062492
-64.053116
-64.074997
-64.06562
-64.037498
-64.06562
-64.06562
-64.084366
-64.084366
-64.081245
-64.068741
-64.090622
-64.078117
-64.062492
-64.059372
-64.062492
-64.084366
-64.081245
-64.090622
-64.068741
-64.056244
-64.074997
-64.093742
-64.071869
-64.059372
-64.053116
-64.059372
-64.046875
-64.06562
-64.046875
-64.040627
-64.059372
-64.046875
-64.049995
-64.046875
-64.062492
-64.06562
-64.071869
-64.046875
-64.053116
-64.053116
-64.03125
-64.049995
-64.046875
-64.053116
-64.053116
-64.040627
-64.025002
-64.040627
-64.043747
-64.028122
-64.053116
-64.056244
-64.049995
-64.053116
-64.03437
-64.021873
-64.015625
-64.025002
-64.03125
-64.040627
-64.021873
-64.025002
-64.03125
-64.03437
-64.046875
-64.053116
-64.068741
-64.081245
-64.081245
-64.068741
-64.06562
-64.071869
-64.078117
-64.062492
-64.053116
-64.062492
-64.062492
-64.062492
-64.053116
-64.062492
-64.046875
-64.046875
-64.049995
-64.056244
-64.071869
-64.078117
-64.084366
-64.087494
-64.09687
-64.071869
-64.06562
-64.049995
-64.074997
-64.078117
-64.090622
-64.090622
-64.074997
-64.053116
-64.053116
-64.081245
-64.087494
-64.090622
-64.093742
-64.090622
-64.074997
-64.06562
-64.046875
-64.049995
-64.053116
-64.062492
-64.062492
-64.074997
-64.049995
-64.068741
-64.06562
-64.06562
-64.087494
-64.081245
-64.09687
-64.090622
-64.053116
-64.059372
-64.059372
-64.074997
-64.081245
-64.081245
-64.071869
-64.087494
-64.074997
-64.081245
-64.078117
-64.084366
-64.103119
-64.09687
-64.09687
-64.09687
-64.087494
-64.078117
-64.078117
-64.093742
-64.084366
-64.087494
-64.106247
-64.084366
-64.09687
-64.084366
-64.06562
-64.09687
-64.093742
-64.093742
-64.093742
-64.087494
-64.093742
-64.115616
-64.074997
-64.099991
-64.121872
-64.131241
-64.12812
-64.12812
-64.109367
-64.106247
-64.09687
-64.090622
-64.087494
-64.081245
-64.093742
-64.09687
-64.103119
-64.106247
-64.099991
-64.099991
-64.081245
-64.09687
-64.087494
-64.09687
-64.099991
-64.071869
-64.090622
-64.09687
-64.087494
-64.093742
-64.09687
-64.106247
-64.112495
-64.118744
-64.115616
-64.118744
-64.09687
-64.09687
-64.112495
-64.106247
-64.12812
-64.09687
-64.09687
-64.09687
-64.099991
-64.074997
-64.071869
-64.062492
-64.074997
-64.06562
-64.046875
-64.056244
-64.053116
-64.068741
-64.074997
-64.074997
-64.06562
-64.049995
-64.056244
-64.059372
-64.06562
-64.06562
-64.090622
-64.087494
-64.09687
-64.087494
-64.071869
-64.087494
-64.084366
-64.084366
-64.09687
-64.068741
-64.090622
-64.081245
-64.074997
-64.093742
-64.090622
-64.071869
-64.081245
-64.071869
-64.046875
-64.062492
-64.049995
-64.059372
-64.071869
-64.099991
-64.09687
-64.084366
-64.087494
-64.087494
-64.071869
-64.049995
-64.053116
-64.056244
-64.043747
-64.071869
-64.068741
-64.046875
-64.071869
-64.074997
-64.090622
-64.078117
-64.078117
-64.090622
-64.087494
-64.09687
-64.084366
-64.071869
-64.062492
-64.087494
-64.106247
-64.09687
-64.099991
-64.09687
-64.090622
-64.084366
-64.090622
-64.081245
-64.090622
-64.059372
-64.06562
-64.068741
-64.078117
-64.09687
-64.09687
-64.099991
-64.103119
-64.099991
-64.081245
-64.09687
-64.093742
-64.056244
-64.084366
-64.074997
-64.078117
-64.081245
-64.093742
-64.087494
-64.093742
-64.071869
-64.06562
-64.046875
-64.056244
-64.078117
-64.093742
-64.093742
-64.112495
-64.118744
-64.09687
-64.109367
-64.115616
-64.109367
-64.109367
-64.115616
-64.09687
-64.124992
-64.099991
-64.09687
-64.109367
-64.118744
-64.121872
-64.112495
-64.115616
-64.12812
-64.12812
-64.09687
-64.099991
-64.093742
-64.09687
-64.078117
-64.078117
-64.081245
-64.103119
-64.084366
-64.109367
-64.134369
-64.115616
-64.106247
-64.109367
-64.09687
-64.071869
-64.09687
-64.081245
-64.106247
-64.087494
-64.084366
-64.09687
-64.106247
-64.09687
-64.078117
-64.071869
-64.06562
-64.074997
-64.071869
-64.087494
-64.103119
-64.087494
-64.090622
-64.106247
-64.121872
-64.121872
-64.124992
-64.112495
-64.118744
-64.099991
-64.09687
-64.093742
-64.106247
-64.093742
-64.109367
-64.09687
-64.134369
-64.131241
-64.115616
-64.109367
-64.118744
-64.112495
-64.106247
-64.109367
-64.093742
-64.078117
-64.093742
-64.087494
-64.078117
-64.090622
-64.071869
-64.081245
-64.09687
-64.090622
-64.09687
-64.071869
-64.084366
-64.081245
-64.09687
-64.087494
-64.081245
-64.074997
-64.103119
-64.12812
-64.109367
-64.093742
-64.109367
-64.106247
-64.106247
-64.112495
-64.099991
-64.118744
-64.137497
-64.115616
-64.115616
-64.112495
-64.118744
-64.109367
-64.103119
-64.112495
-64.115616
-64.103119
-64.106247
-64.112495
-64.12812
-64.137497
-64.106247
-64.093742
-64.106247
-64.106247
-64.112495
-64.099991
-64.084366
-64.106247
-64.137497
-64.134369
-64.131241
-64.143745
-64.146866
-64.146866
-64.146866
-64.137497
-64.140617
-64.149986
-64.124992
-64.149986
-64.149986
-64.124992
-64.12812
-64.121872
-64.118744
-64.137497
-64.131241
-64.12812
-64.146866
-64.143745
-64.162491
-64.149986
-64.121872
-64.137497
-64.149986
-64.146866
-64.149986
-64.146866
-64.12812
-64.146866
-64.143745
-64.143745
-64.146866
-64.134369
-64.12812
-64.146866
-64.149986
-64.134369
-64.121872
-64.115616
-64.115616
-64.121872
-64.143745
-64.118744
-64.146866
-64.124992
-64.134369
-64.134369
-64.131241
-64.137497
-64.134369
-64.12812
-64.153114
-64.153114
-64.146866
-64.137497
-64.137497
-64.131241
-64.146866
-64.137497
-64.146866
-64.143745
-64.146866
-64.140617
-64.162491
-64.153114
-64.149986
-64.165611
-64.171867
-64.178116
-64.178116
-64.184364
-64.168739
-64.153114
-64.159363
-64.165611
-64.174988
-64.174988
-64.184364
-64.174988
-64.171867
-64.165611
-64.146866
-64.165611
-64.174988
-64.171867
-64.178116
-64.165611
-64.162491
-64.171867
-64.181236
-64.162491
-64.159363
-64.149986
-64.156242
-64.146866
-64.134369
-64.115616
-64.124992
-64.140617
-64.159363
-64.168739
-64.140617
-64.162491
-64.171867
-64.171867
-64.168739
-64.165611
-64.190613
-64.199989
-64.199989
-64.174988
-64.184364
-64.156242
-64.171867
-64.187492
-64.162491
-64.190613
-64.190613
-64.184364
-64.181236
-64.178116
-64.159363
-64.168739
-64.168739
-64.156242
-64.162491
-64.181236
-64.178116
-64.165611
-64.149986
-64.162491
-64.187492
-64.165611
-64.159363
-64.159363
-64.165611
-64.149986
-64.181236
-64.178116
-64.181236
-64.196861
-64.199989
-64.196861
-64.190613
-64.178116
-64.209366
-64.212486
-64.209366
-64.215614
-64.224991
-64.203117
-64.181236
-64.178116
-64.162491
-64.174988
-64.159363
-64.156242
-64.153114
-64.159363
-64.159363
-64.159363
-64.153114
-64.181236
-64.190613
-64.171867
-64.178116
-64.146866
-64.146866
-64.156242
-64.156242
-64.140617
-64.156242
-64.156242
-64.140617
-64.146866
-64.146866
-64.146866
-64.165611
-64.140617
-64.149986
-64.171867
-64.149986
-64.162491
-64.165611
-64.153114
-64.165611
-64.168739
-64.181236
-64.184364
-64.190613
-64.199989
-64.215614
-64.193741
-64.165611
-64.190613
-64.178116
-64.190613
-64.206238
-64.184364
-64.184364
-64.178116
-64.193741
-64.206238
-64.190613
-64.168739
-64.184364
-64.184364
-64.168739
-64.187492
-64.184364
-64.171867
-64.203117
-64.212486
-64.187492
-64.190613
-64.181236
-64.174988
-64.181236
-64.190613
-64.196861
-64.218742
-64.206238
-64.203117
-64.184364
-64.193741
-64.174988
-64.184364
-64.168739
-64.199989
-64.196861
-64.193741
-64.215614
-64.190613
-64.196861
-64.206238
-64.209366
-64.218742
-64.218742
-64.228111
-64.246864
-64.262482
-64.228111
-64.231239
-64.218742
-64.184364
-64.196861
-64.196861
-64.168739
-64.196861
-64.181236
-64.174988
-64.181236
-64.171867
-64.165611
-64.165611
-64.171867
-64.193741
-64.168739
-64.159363
-64.168739
-64.146866
-64.12812
-64.134369
-64.131241
-64.115616
-64.121872
-64.137497
-64.146866
-64.159363
-64.124992
-64.146866
-64.140617
-64.121872
-64.121872
-64.118744
-64.103119
-64.124992
-64.121872
-64.137497
-64.121872
-64.131241
-64.124992
-64.115616
-64.118744
-64.124992
-64.118744
-64.115616
-64.112495
-64.121872
-64.109367
-64.137497
-64.146866
-64.137497
-64.137497
-64.146866
-64.131241
-64.118744
-64.131241
-64.103119
-64.118744
-64.137497
-64.12812
-64.159363
-64.143745
-64.131241
-64.134369
-64.134369
-64.131241
-64.131241
-64.146866
-64.156242
-64.146866
-64.156242
-64.146866
-64.165611
-64.146866
-64.146866
-64.143745
-64.149986
-64.134369
-64.140617
-64.146866
-64.146866
-64.165611
-64.156242
-64.174988
-64.187492
-64.184364
-64.184364
-64.168739
-64.162491
-64.162491
-64.149986
-64.146866
-64.146866
-64.137497
-64.146866
-64.165611
-64.171867
-64.190613
-64.196861
-64.187492
-64.199989
-64.184364
-64.168739
-64.168739
-64.153114
-64.153114
-64.146866
-64.153114
-64.143745
-64.153114
-64.149986
-64.165611
-64.165611
-64.162491
-64.165611
-64.159363
-64.140617
-64.171867
-64.165611
-64.156242
-64.153114
-64.156242
-64.159363
-64.178116
-64.181236
-64.178116
-64.168739
-64.178116
-64.168739
-64.153114
-64.146866
-64.146866
-64.146866
-64.134369
-64.118744
-64.143745
-64.12812
-64.131241
-64.137497
-64.131241
-64.146866
-64.143745
-64.143745
-64.149986
-64.156242
-64.159363
-64.146866
-64.143745
-64.149986
-64.146866
-64.134369
-64.124992
-64.131241
-64.121872
-64.146866
-64.146866
-64.124992
-64.134369
-64.121872
-64.134369
-64.134369
-64.140617
-64.153114
-64.156242
-64.159363
-64.146866
-64.146866
-64.131241
-64.134369
-64.134369
-64.131241
-64.12812
-64.156242
-64.146866
-64.137497
-64.143745
-64.12812
-64.140617
-64.143745
-64.124992
-64.118744
-64.106247
-64.09687
-64.131241
-64.137497
-64.12812
-64.109367
-64.099991
-64.106247
-64.109367
-64.115616
-64.131241
-64.134369
-64.137497
-64.146866
-64.156242
-64.146866
-64.146866
-64.153114
-64.153114
-64.149986
-64.12812
-64.124992
-64.137497
-64.140617
-64.149986
-64.156242
-64.146866
-64.146866
-64.146866
-64.124992
-64.124992
-64.118744
-64.112495
-64.137497
-64.146866
-64.140617
-64.143745
-64.181236
-64.159363
-64.165611
-64.153114
-64.149986
-64.153114
-64.146866
-64.159363
-64.162491
-64.149986
-64.146866
-64.143745
-64.121872
-64.131241
-64.137497
-64.12812
-64.131241
-64.12812
-64.12812
-64.12812
-64.118744
-64.124992
-64.134369
-64.146866
-64.131241
-64.156242
-64.131241
-64.146866
-64.146866
-64.134369
-64.159363
-64.153114
-64.153114
-64.159363
-64.153114
-64.174988
-64.178116
-64.159363
-64.171867
-64.162491
-64.171867
-64.146866
-64.159363
-64.153114
-64.140617
-64.171867
-64.159363
-64.171867
-64.178116
-64.165611
-64.162491
-64.174988
-64.178116
-64.193741
-64.187492
-64.162491
-64.181236
-64.159363
-64.156242
-64.178116
-64.162491
-64.174988
-64.190613
-64.162491
-64.171867
-64.162491
-64.162491
-64.156242
-64.149986
-64.12812
-64.12812
-64.112495
-64.109367
-64.124992
-64.131241
-64.124992
-64.12812
-64.121872
-64.106247
-64.131241
-64.112495
-64.124992
-64.143745
-64.124992
-64.121872
-64.112495
-64.112495
-64.134369
-64.131241
-64.137497
-64.146866
-64.165611
-64.159363
-64.168739
-64.153114
-64.146866
-64.168739
-64.159363
-64.146866
-64.162491
-64.156242
-64.134369
-64.153114
-64.146866
-64.153114
-64.143745
-64.131241
-64.156242
-64.146866
-64.140617
-64.12812
-64.149986
-64.115616
-64.115616
-64.103119
-64.099991
-64.112495
-64.115616
-64.131241
-64.140617
-64.137497
-64.137497
-64.146866
-64.165611
-64.146866
-64.143745
-64.131241
-64.118744
-64.134369
-64.118744
-64.112495
-64.146866
-64.124992
-64.134369
-64.134369
-64.121872
-64.112495
-64.118744
-64.081245
-64.124992
-64.118744
-64.112495
-64.099991
-64.103119
-64.09687
-64.115616
-64.106247
-64.124992
-64.12812
-64.134369
-64.140617
-64.134369
-64.112495
-64.115616
-64.09687
-64.124992
-64.134369
-64.12812
-64.106247
-64.109367
-64.087494
-64.090622
-64.078117
-64.084366
-64.09687
-64.087494
-64.081245
-64.084366
-64.106247
-64.081245
-64.09687
-64.087494
-64.090622
-64.093742
-64.106247
-64.109367
-64.09687
-64.090622
-64.087494
-64.099991
-64.09687
-64.074997
-64.093742
-64.068741
-64.087494
-64.090622
-64.093742
-64.112495
-64.12812
-64.118744
-64.143745
-64.134369
-64.121872
-64.146866
-64.137497
-64.143745
-64.153114
-64.140617
-64.124992
-64.115616
-64.106247
-64.109367
-64.121872
-64.103119
-64.124992
-64.124992
-64.103119
-64.12812
-64.115616
-64.121872
-64.146866
-64.159363
-64.137497
-64.149986
-64.149986
-64.131241
-64.121872
-64.118744
-64.124992
-64.106247
-64.12812
-64.118744
-64.137497
-64.143745
-64.153114
-64.162491
-64.174988
-64.165611
-64.146866
-64.146866
-64.131241
-64.140617
-64.124992
-64.134369
-64.124992
-64.137497
-64.149986
-64.146866
-64.153114
-64.146866
-64.140617
-64.143745
-64.146866
-64.118744
-64.146866
-64.131241
-64.153114
-64.143745
-64.149986
-64.149986
-64.149986
-64.156242
-64.143745
-64.168739
-64.165611
-64.149986
-64.156242
-64.153114
-64.146866
-64.146866
-64.143745
-64.140617
-64.146866
-64.12812
-64.12812
-64.153114
-64.168739
-64.171867
-64.184364
-64.165611
-64.159363
-64.146866
-64.153114
-64.146866
-64.146866
-64.159363
-64.171867
-64.168739
-64.165611
-64.146866
-64.168739
-64.153114
-64.171867
-64.143745
-64.174988
-64.156242
-64.146866
-64.168739
-64.159363
-64.146866
-64.168739
-64.159363
-64.159363
-64.156242
-64.168739
-64.171867
-64.159363
-64.165611
-64.153114
-64.159363
-64.165611
-64.165611
-64.146866
-64.181236
-64.165611
-64.168739
-64.153114
-64.162491
-64.143745
-64.143745
-64.162491
-64.149986
-64.149986
-64.146866
-64.156242
-64.159363
-64.174988
-64.162491
-64.181236
-64.165611
-64.174988
-64.181236
-64.190613
-64.193741
-64.178116
-64.168739
-64.153114
-64.171867
-64.146866
-64.146866
-64.156242
-64.153114
-64.174988
-64.159363
-64.187492
-64.181236
-64.174988
-64.178116
-64.181236
-64.174988
-64.165611
-64.168739
-64.178116
-64.156242
-64.159363
-64.146866
-64.140617
-64.134369
-64.146866
-64.140617
-64.156242
-64.140617
-64.146866
-64.153114
-64.146866
-64.146866
-64.146866
-64.146866
-64.149986
-64.168739
-64.146866
-64.134369
-64.153114
-64.146866
-64.146866
-64.134369
-64.118744
-64.149986
-64.137497
-64.137497
-64.140617
-64.146866
-64.143745
-64.149986
-64.143745
-64.146866
-64.149986
-64.140617
-64.140617
-64.143745
-64.124992
-64.12812
-64.131241
-64.115616
-64.115616
-64.118744
-64.121872
-64.134369
-64.121872
-64.12812
-64.134369
-64.121872
-64.12812
-64.118744
-64.115616
-64.131241
-64.143745
-64.118744
-64.124992
-64.131241
-64.12812
-64.137497
-64.131241
-64.134369
-64.09687
-64.087494
-64.093742
-64.103119
-64.12812
-64.12812
-64.115616
-64.118744
-64.115616
-64.140617
-64.118744
-64.115616
-64.118744
-64.093742
-64.09687
-64.106247
-64.084366
-64.090622
-64.078117
-64.068741
-64.093742
-64.09687
-64.093742
-64.087494
-64.071869
-64.059372
-64.059372
-64.037498
-64.040627
-64.056244
-64.046875
-64.056244
-64.056244
-64.062492
-64.071869
-64.078117
-64.06562
-64.068741
-64.081245
-64.074997
-64.071869
-64.071869
-64.062492
-64.078117
-64.071869
-64.068741
-64.081245
-64.059372
-64.059372
-64.068741
-64.081245
-64.06562
-64.06562
-64.074997
-64.090622
-64.112495
-64.106247
-64.109367
-64.131241
-64.131241
-64.140617
-64.124992
-64.115616
-64.112495
-64.115616
-64.093742
-64.115616
-64.106247
-64.124992
-64.109367
-64.112495
-64.118744
-64.115616
-64.093742
-64.093742
-64.099991
-64.090622
-64.074997
-64.081245
-64.09687
-64.084366
-64.074997
-64.071869
-64.06562
-64.06562
-64.049995
-64.049995
-64.040627
-64.046875
-64.049995
-64.062492
-64.062492
-64.046875
-64.049995
-64.062492
-64.046875
-64.021873
-64.037498
-64.046875
-64.025002
-64.028122
-64.040627
-64.046875
-64.062492
-64.071869
-64.071869
-64.056244
-64.053116
-64.06562
-64.078117
-64.071869
-64.071869
-64.090622
-64.078117
-64.081245
-64.09687
-64.09687
-64.106247
-64.084366
-64.09687
-64.093742
-64.099991
-64.103119
-64.118744
-64.099991
-64.112495
-64.124992
-64.09687
-64.090622
-64.099991
-64.09687
-64.081245
-64.059372
-64.056244
-64.068741
-64.078117
-64.068741
-64.084366
-64.074997
-64.071869
-64.074997
-64.081245
-64.087494
-64.09687
-64.078117
-64.062492
-64.078117
-64.071869
-64.071869
-64.078117
-64.078117
-64.103119
-64.09687
-64.115616
-64.12812
-64.109367
-64.103119
-64.09687
-64.099991
-64.090622
-64.09687
-64.071869
-64.068741
-64.059372
-64.059372
-64.056244
-64.059372
-64.043747
-64.049995
-64.046875
-64.046875
-64.043747
-64.046875
-64.046875
-64.046875
-64.049995
-64.056244
-64.046875
-64.056244
-64.068741
-64.056244
-64.053116
-64.037498
-64.059372
-64.056244
-64.078117
-64.106247
-64.106247
-64.112495
-64.09687
-64.090622
-64.068741
-64.084366
-64.068741
-64.071869
-64.049995
-64.043747
-64.059372
-64.059372
-64.049995
-64.059372
-64.049995
-64.046875
-64.049995
-64.056244
-64.053116
-64.056244
-64.046875
-64.046875
-64.056244
-64.056244
-64.068741
-64.046875
-64.046875
-64.062492
-64.046875
-64.062492
-64.059372
-64.056244
-64.059372
-64.081245
-64.068741
-64.059372
-64.062492
-64.046875
-64.028122
-64.040627
-64.03437
-64.056244
-64.046875
-64.043747
-64.06562
-64.071869
-64.053116
-64.062492
-64.062492
-64.081245
-64.103119
-64.093742
-64.090622
-64.090622
-64.090622
-64.078117
-64.071869
-64.074997
-64.071869
-64.093742
-64.087494
-64.099991
-64.093742
-64.081245
-64.081245
-64.09687
-64.084366
-64.106247
-64.093742
-64.081245
-64.118744
-64.09687
-64.093742
-64.09687
-64.103119
-64.09687
-64.093742
-64.09687
-64.093742
-64.081245
-64.093742
-64.09687
-64.093742
-64.090622
-64.099991
-64.093742
-64.106247
-64.115616
-64.09687
-64.099991
-64.09687
-64.087494
-64.074997
-64.06562
-64.074997
-64.084366
-64.115616
-64.106247
-64.112495
-64.115616
-64.112495
-64.118744
-64.106247
-64.103119
-64.124992
-64.124992
-64.103119
-64.09687
-64.109367
-64.109367
-64.137497
-64.106247
-64.093742
-64.09687
-64.071869
-64.103119
-64.103119
-64.115616
-64.112495
-64.09687
-64.103119
-64.09687
-64.093742
-64.071869
-64.06562
-64.084366
-64.081245
-64.109367
-64.109367
-64.103119
-64.09687
-64.099991
-64.090622
-64.09687
-64.090622
-64.081245
-64.084366
-64.078117
-64.06562
-64.109367
-64.112495
-64.109367
-64.093742
-64.093742
-64.109367
-64.099991
-64.106247
-64.115616
-64.140617
-64.121872
-64.109367
-64.103119
-64.112495
-64.109367
-64.12812
-64.118744
-64.121872
-64.099991
-64.099991
-64.093742
-64.090622
-64.106247
-64.112495
-64.099991
-64.074997
-64.084366
-64.09687
-64.103119
-64.081245
-64.084366
-64.09687
-64.093742
-64.09687
-64.09687
-64.112495
-64.087494
-64.090622
-64.078117
-64.106247
-64.093742
-64.074997
-64.090622
-64.09687
-64.090622
-64.103119
-64.09687
-64.106247
-64.109367
-64.103119
-64.09687
-64.115616
-64.099991
-64.112495
-64.109367
-64.121872
-64.131241
-64.124992
-64.106247
-64.09687
-64.106247
-64.09687
-64.112495
-64.090622
-64.081245
-64.09687
-64.09687
-64.106247
-64.121872
-64.09687
-64.106247
-64.087494
-64.081245
-64.090622
-64.090622
-64.084366
-64.106247
-64.09687
-64.099991
-64.09687
-64.09687
-64.103119
-64.090622
-64.078117
-64.093742
-64.099991
-64.074997
-64.078117
-64.053116
-64.06562
-64.081245
-64.078117
-64.078117
-64.081245
-64.071869
-64.071869
-64.09687
-64.099991
-64.074997
-64.09687
-64.078117
-64.093742
-64.106247
-64.09687
-64.090622
-64.090622
-64.09687
-64.093742
-64.09687
-64.09687
-64.115616
-64.12812
-64.131241
-64.149986
-64.121872
-64.124992
-64.137497
-64.121872
-64.124992
-64.12812
-64.121872
-64.124992
-64.131241
-64.118744
-64.099991
-64.109367
-64.093742
-64.112495
-64.106247
-64.106247
-64.121872
-64.137497
-64.12812
-64.131241
-64.137497
-64.12812
-64.112495
-64.121872
-64.109367
-64.09687
-64.103119
-64.118744
-64.134369
-64.143745
-64.131241
-64.137497
-64.118744
-64.124992
-64.131241
-64.112495
-64.103119
-64.12812
-64.118744
-64.112495
-64.124992
-64.121872
-64.12812
-64.131241
-64.140617
-64.143745
-64.137497
-64.121872
-64.121872
-64.115616
-64.109367
-64.112495
-64.121872
-64.12812
-64.109367
-64.09687
-64.103119
-64.115616
-64.099991
-64.09687
-64.099991
-64.106247
-64.106247
-64.103119
-64.121872
-64.12812
-64.115616
-64.124992
-64.140617
-64.124992
-64.109367
-64.124992
-64.103119
-64.103119
-64.115616
-64.081245
-64.103119
-64.103119
-64.09687
-64.099991
-64.099991
-64.099991
-64.109367
-64.118744
-64.121872
-64.118744
-64.131241
-64.115616
-64.137497
-64.121872
-64.12812
-64.137497
-64.109367
-64.12812
-64.124992
-64.099991
-64.112495
-64.103119
-64.106247
-64.115616
-64.12812
-64.12812
-64.149986
-64.134369
-64.115616
-64.124992
-64.121872
-64.118744
-64.124992
-64.106247
-64.109367
-64.09687
-64.103119
-64.106247
-64.115616
-64.09687
-64.106247
-64.109367
-64.090622
-64.090622
-64.090622
-64.071869
-64.099991
-64.109367
-64.099991
-64.118744
-64.121872
-64.115616
-64.112495
-64.12812
-64.09687
-64.090622
-64.081245
-64.081245
-64.099991
-64.084366
-64.109367
-64.112495
-64.103119
-64.103119
-64.099991
-64.103119
-64.109367
-64.109367
-64.115616
-64.09687
-64.09687
-64.099991
-64.09687
-64.106247
-64.109367
-64.103119
-64.084366
-64.103119
-64.081245
-64.056244
-64.043747
-64.071869
-64.053116
-64.078117
-64.068741
-64.059372
-64.068741
-64.062492
-64.068741
-64.09687
-64.090622
-64.087494
-64.071869
-64.062492
-64.081245
-64.071869
-64.056244
-64.074997
-64.084366
-64.084366
-64.087494
-64.09687
-64.090622
-64.074997
-64.068741
-64.053116
-64.062492
-64.062492
-64.049995
-64.049995
-64.056244
-64.059372
-64.068741
-64.074997
-64.078117
-64.078117
-64.053116
-64.053116
-64.046875
-64.043747
-64.025002
-64.040627
-64.046875
-64.06562
-64.06562
-64.046875
-64.059372
-64.037498
-64.046875
-64.046875
-64.028122
-64.046875
-64.03437
-64.046875
-64.043747
-64.040627
-64.025002
-64.03125
-64.021873
-64.015625
-64.006248
-64.025002
-64.028122
-64.018745
-64.012497
-63.996872
-64.015625
-64.025002
-64.009377
-64.028122
-64.009377
-64.012497
-64.015625
-64.018745
-64.037498
-64.049995
-64.03125
-64.028122
-64.046875
-64.056244
-64.068741
-64.056244
-64.053116
-64.062492
-64.040627
-64.049995
-64.049995
-64.049995
-64.037498
-64.049995
-64.043747
-64.053116
-64.056244
-64.071869
-64.056244
-64.081245
-64.06562
-64.071869
-64.074997
-64.046875
-64.056244
-64.043747
-64.03125
-64.043747
-64.053116
-64.06562
-64.071869
-64.068741
-64.062492
-64.062492
-64.056244
-64.059372
-64.090622
-64.078117
-64.071869
-64.06562
-64.081245
-64.081245
-64.059372
-64.074997
-64.09687
-64.093742
-64.099991
-64.09687
-64.09687
-64.074997
-64.09687
-64.090622
-64.106247
-64.112495
-64.109367
-64.115616
-64.103119
-64.099991
-64.087494
-64.09687
-64.087494
-64.103119
-64.084366
-64.09687
-64.115616
-64.112495
-64.084366
-64.084366
-64.081245
-64.056244
-64.074997
-64.074997
-64.084366
-64.09687
-64.099991
-64.12812
-64.115616
-64.109367
-64.134369
-64.12812
-64.131241
-64.137497
-64.131241
-64.106247
-64.140617
-64.106247
-64.109367
-64.112495
-64.087494
-64.09687
-64.103119
-64.087494
-64.090622
-64.09687
-64.090622
-64.09687
-64.093742
-64.093742
-64.124992
-64.140617
-64.103119
-64.118744
-64.099991
-64.106247
-64.09687
-64.099991
-64.103119
-64.124992
-64.112495
-64.09687
-64.109367
-64.084366
-64.090622
-64.131241
-64.099991
-64.115616
-64.118744
-64.103119
-64.099991
-64.099991
-64.09687
-64.134369
-64.131241
-64.12812
-64.12812
-64.134369
-64.118744
-64.106247
-64.099991
-64.084366
-64.093742
-64.084366
-64.084366
-64.090622
-64.090622
-64.09687
-64.099991
-64.09687
-64.099991
-64.109367
-64.121872
-64.124992
-64.118744
-64.115616
-64.146866
-64.149986
-64.146866
-64.137497
-64.137497
-64.109367
-64.121872
-64.103119
-64.087494
-64.115616
-64.09687
-64.124992
-64.115616
-64.115616
-64.146866
-64.146866
-64.121872
-64.115616
-64.121872
-64.103119
-64.09687
-64.078117
-64.084366
-64.09687
-64.099991
-64.090622
-64.103119
-64.09687
-64.106247
-64.103119
-64.09687
-64.09687
-64.09687
-64.099991
-64.078117
-64.093742
-64.09687
-64.099991
-64.099991
-64.087494
-64.09687
-64.081245
-64.087494
-64.090622
-64.109367
-64.112495
-64.131241
-64.118744
-64.093742
-64.109367
-64.106247
-64.09687
-64.068741
-64.059372
-64.078117
-64.081245
-64.071869
-64.071869
-64.056244
-64.049995
-64.059372
-64.056244
-64.056244
-64.043747
-64.046875
-64.056244
-64.074997
-64.071869
-64.068741
-64.06562
-64.046875
-64.062492
-64.062492
-64.046875
-64.059372
-64.062492
-64.021873
-64.046875
-64.037498
-64.043747
-64.046875
-64.046875
-64.059372
-64.062492
-64.046875
-64.056244
-64.081245
-64.049995
-64.053116
-64.062492
-64.053116
-64.062492
-64.071869
-64.071869
-64.06562
-64.071869
-64.049995
-64.09687
-64.084366
-64.09687
-64.099991
-64.09687
-64.099991
-64.093742
-64.103119
-64.081245
-64.09687
-64.090622
-64.099991
-64.093742
-64.093742
-64.084366
-64.062492
-64.046875
-64.046875
-64.046875
-64.043747
-64.053116
-64.046875
-64.046875
-64.056244
-64.040627
-64.046875
-64.062492
-64.062492
-64.074997
-64.078117
-64.062492
-64.06562
-64.056244
-64.046875
-64.06562
-64.074997
-64.078117
-64.081245
-64.074997
-64.056244
-64.090622
-64.071869
-64.06562
-64.09687
-64.071869
-64.068741
-64.074997
-64.071869
-64.053116
-64.056244
-64.053116
-64.071869
-64.074997
-64.06562
-64.071869
-64.078117
-64.074997
-64.078117
-64.099991
-64.099991
-64.106247
-64.081245
-64.068741
-64.109367
-64.099991
-64.084366
-64.099991
-64.09687
-64.093742
-64.084366
-64.090622
-64.09687
-64.103119
-64.093742
-64.09687
-64.087494
-64.074997
-64.062492
-64.053116
-64.046875
-64.053116
-64.059372
-64.046875
-64.056244
-64.062492
-64.06562
-64.099991
-64.09687
-64.090622
-64.09687
-64.071869
-64.062492
-64.06562
-64.06562
-64.06562
-64.046875
-64.043747
-64.053116
-64.056244
-64.056244
-64.053116
-64.062492
-64.074997
-64.09687
-64.093742
-64.081245
-64.078117
-64.068741
-64.062492
-64.059372
-64.053116
-64.062492
-64.046875
-64.046875
-64.046875
-64.043747
-64.03437
-64.046875
-64.043747
-64.037498
-64.056244
-64.056244
-64.059372
-64.062492
-64.053116
-64.074997
-64.059372
-64.06562
-64.062492
-64.06562
-64.068741
-64.090622
-64.074997
-64.078117
-64.093742
-64.087494
-64.078117
-64.078117
-64.062492
-64.062492
-64.068741
-64.053116
-64.068741
-64.087494
-64.084366
-64.087494
-64.087494
-64.090622
-64.078117
-64.06562
-64.046875
-64.046875
-64.040627
-64.037498
-64.059372
-64.049995
-64.037498
-64.068741
-64.06562
-64.068741
-64.081245
-64.06562
-64.074997
-64.053116
-64.056244
-64.040627
-64.059372
-64.068741
-64.062492
-64.062492
-64.071869
-64.056244
-64.053116
-64.049995
-64.062492
-64.053116
-64.043747
-64.059372
-64.056244
-64.056244
-64.053116
-64.053116
-64.062492
-64.068741
-64.071869
-64.068741
-64.043747
-64.043747
-64.040627
-64.03437
-64.018745
-64.018745
-64.043747
-64.021873
-64.037498
-64.049995
-64.056244
-64.040627
-64.03437
-64.03437
-64.03125
-64.025002
-64.021873
-64.03437
-63.996872
-64.009377
-64.03125
-64.021873
-64.037498
-64.040627
-64.028122
-64.03437
-64.037498
-64.043747
-64.03437
-64.009377
-63.996872
-64.018745
-64.009377
-64.015625
-64.037498
-64.049995
-64.053116
-64.062492
-64.046875
-64.043747
-64.046875
-64.046875
-64.037498
-64.043747
-64.043747
-64.046875
-64.040627
-64.046875
-64.028122
-63.996872
-64.006248
-64.009377
-63.978123
-64.012497
-64.009377
-63.996872
-63.993748
-63.987499
-63.996872
-64.006248
-64.021873
-63.996872
-64.025002
-64.012497
-63.996872
-64.018745
-64.018745
-64.006248
-64.028122
-64.025002
-64.028122
-64.046875
-64.056244
-64.053116
-64.062492
-64.043747
-64.046875
-64.053116
-64.046875
-64.059372
-64.053116
-64.037498
-64.03437
-64.021873
-64.021873
-64.049995
-64.056244
-64.053116
-64.043747
-64.049995
-64.056244
-64.062492
-64.071869
-64.043747
-64.037498
-64.053116
-64.053116
-64.062492
-64.059372
-64.068741
-64.084366
-64.071869
-64.09687
-64.115616
-64.112495
-64.112495
-64.118744
-64.093742
-64.099991
-64.084366
-64.090622
-64.084366
-64.074997
-64.059372
-64.084366
-64.062492
-64.074997
-64.074997
-64.053116
-64.059372
-64.084366
-64.059372
-64.06562
-64.068741
-64.062492
-64.068741
-64.06562
-64.03125
-64.037498
-64.046875
-64.059372
-64.056244
-64.046875
-64.056244
-64.081245
-64.046875
-64.062492
-64.078117
-64.06562
-64.074997
-64.056244
-64.081245
-64.068741
-64.074997
-64.078117
-64.068741
-64.084366
-64.093742
-64.115616
-64.109367
-64.103119
-64.093742
-64.071869
-64.087494
-64.099991
-64.099991
-64.103119
-64.109367
-64.09687
-64.099991
-64.090622
-64.084366
-64.081245
-64.06562
-64.062492
-64.046875
-64.046875
-64.03125
-64.056244
-64.046875
-64.046875
-64.059372
-64.059372
-64.049995
-64.056244
-64.046875
-64.06562
-64.078117
-64.053116
-64.068741
-64.059372
-64.03437
-64.053116
-64.037498
-64.03125
-64.03437
-64.028122
-64.021873
-64.03437
-64.040627
-64.046875
-64.049995
-64.043747
-64.053116
-64.062492
-64.046875
-64.049995
-64.071869
-64.071869
-64.090622
-64.078117
-64.112495
-64.090622
-64.09687
-64.099991
-64.084366
-64.106247
-64.103119
-64.109367
-64.078117
-64.081245
-64.074997
-64.090622
-64.078117
-64.093742
-64.087494
-64.084366
-64.071869
-64.081245
-64.09687
-64.081245
-64.087494
-64.093742
-64.078117
-64.081245
-64.09687
-64.093742
-64.087494
-64.090622
-64.071869
-64.081245
-64.087494
-64.053116
-64.078117
-64.099991
-64.103119
-64.131241
-64.140617
-64.137497
-64.137497
-64.121872
-64.131241
-64.134369
-64.12812
-64.146866
-64.165611
-64.165611
-64.156242
-64.165611
-64.171867
-64.165611
-64.146866
-64.131241
-64.115616
-64.146866
-64.140617
-64.146866
-64.134369
-64.134369
-64.146866
-64.124992
-64.109367
-64.124992
-64.109367
-64.112495
-64.09687
-64.099991
-64.09687
-64.12812
-64.112495
-64.124992
-64.121872
-64.137497
-64.146866
-64.143745
-64.121872
-64.118744
-64.109367
-64.118744
-64.106247
-64.09687
-64.084366
-64.09687
-64.090622
-64.093742
-64.084366
-64.090622
-64.084366
-64.09687
-64.062492
-64.087494
-64.118744
-64.112495
-64.118744
-64.09687
-64.090622
-64.078117
-64.103119
-64.093742
-64.121872
-64.118744
-64.09687
-64.115616
-64.112495
-64.09687
-64.106247
-64.09687
-64.074997
-64.059372
-64.056244
-64.071869
-64.06562
-64.049995
-64.059372
-64.078117
-64.062492
-64.074997
-64.078117
-64.087494
-64.081245
-64.084366
-64.090622
-64.103119
-64.109367
-64.106247
-64.109367
-64.09687
-64.109367
-64.112495
-64.099991
-64.09687
-64.112495
-64.09687
-64.084366
-64.093742
-64.090622
-64.099991
-64.103119
-64.099991
-64.071869
-64.059372
-64.068741
-64.078117
-64.071869
-64.068741
-64.09687
-64.081245
-64.090622
-64.09687
-64.084366
-64.112495
-64.112495
-64.093742
-64.103119
-64.09687
-64.068741
-64.074997
-64.068741
-64.084366
-64.093742
-64.099991
-64.09687
-64.137497
-64.149986
-64.140617
-64.134369
-64.124992
-64.143745
-64.121872
-64.118744
-64.112495
-64.12812
-64.12812
-64.146866
-64.140617
-64.124992
-64.12812
-64.118744
-64.121872
-64.106247
-64.103119
-64.099991
-64.099991
-64.087494
-64.09687
-64.099991
-64.090622
-64.112495
-64.112495
-64.103119
-64.081245
-64.09687
-64.090622
-64.087494
-64.084366
-64.087494
-64.068741
-64.078117
-64.078117
-64.074997
-64.074997
-64.081245
-64.087494
-64.078117
-64.09687
-64.109367
-64.118744
-64.109367
-64.09687
-64.099991
-64.121872
-64.12812
-64.140617
-64.121872
-64.137497
-64.115616
-64.103119
-64.078117
-64.09687
-64.12812
-64.124992
-64.109367
-64.106247
-64.103119
-64.09687
-64.121872
-64.121872
-64.109367
-64.121872
-64.109367
-64.09687
-64.112495
-64.09687
-64.09687
-64.124992
-64.115616
-64.109367
-64.118744
-64.121872
-64.124992
-64.109367
-64.134369
-64.12812
-64.109367
-64.12812
-64.131241
-64.140617
-64.131241
-64.121872
-64.115616
-64.118744
-64.115616
-64.106247
-64.109367
-64.09687
-64.090622
-64.081245
-64.093742
-64.093742
-64.084366
-64.081245
-64.090622
-64.103119
-64.106247
-64.124992
-64.084366
-64.087494
-64.090622
-64.087494
-64.081245
-64.103119
-64.09687
-64.093742
-64.09687
-64.09687
-64.09687
-64.09687
-64.09687
-64.09687
-64.099991
-64.118744
-64.109367
-64.106247
-64.09687
-64.09687
-64.115616
-64.121872
-64.12812
-64.143745
-64.115616
-64.12812
-64.124992
-64.099991
-64.084366
-64.084366
-64.081245
-64.062492
-64.068741
-64.068741
-64.062492
-64.06562
-64.062492
-64.078117
-64.059372
-64.084366
-64.078117
-64.084366
-64.093742
-64.09687
-64.090622
-64.099991
-64.118744
-64.121872
-64.09687
-64.090622
-64.090622
-64.093742
-64.068741
-64.053116
-64.068741
-64.059372
-64.062492
-64.093742
-64.093742
-64.090622
-64.09687
-64.087494
-64.074997
-64.081245
-64.062492
-64.068741
-64.074997
-64.078117
-64.093742
-64.046875
-64.062492
-64.071869
-64.084366
-64.084366
-64.087494
-64.056244
-64.068741
-64.06562
-64.059372
-64.078117
-64.078117
-64.084366
-64.074997
-64.06562
-64.074997
-64.084366
-64.084366
-64.078117
-64.090622
-64.084366
-64.078117
-64.071869
-64.056244
-64.081245
-64.087494
-64.09687
-64.093742
-64.090622
-64.084366
-64.078117
-64.09687
-64.090622
-64.081245
-64.087494
-64.078117
-64.084366
-64.062492
-64.046875
-64.049995
-64.040627
-64.043747
-64.040627
-64.03125
-64.043747
-64.06562
-64.06562
-64.040627
-64.062492
-64.046875
-64.03125
-64.018745
-64.03437
-64.03437
-64.037498
-64.021873
-64.03437
-64.049995
-64.062492
-64.068741
-64.046875
-64.046875
-64.046875
-64.046875
-64.059372
-64.053116
-64.049995
-64.046875
-64.059372
-64.046875
-64.028122
-64.03437
-64.040627
-64.037498
-64.056244
-64.059372
-64.053116
-64.049995
-64.03125
-64.03125
-64.028122
-63.996872
-63.993748
-63.990623
-63.984375
-63.993748
-63.993748
-64.015625
-64.037498
-64.03125
-64.046875
-64.046875
-64.021873
-64.037498
-64.028122
-64.015625
-64.006248
-64.009377
-63.990623
-64.009377
-63.996872
-64.00312
-63.990623
-63.984375
-63.990623
-63.987499
-63.996872
-64.028122
-64.03437
-64.025002
-64.025002
-64.009377
-64.018745
-63.996872
-64.018745
-64.006248
-64.018745
-64.012497
-63.996872
-63.996872
-64.037498
-64.046875
-64.049995
-64.046875
-64.037498
-64.037498
-64.03437
-64.043747
-64.025002
-64.025002
-64.040627
-64.012497
-64.015625
-64.015625
-63.996872
-64.021873
-64.025002
-64.006248
-64.012497
-64.03125
-64.046875
-64.059372
-64.053116
-64.043747
-64.043747
-64.037498
-64.040627
-64.040627
-64.059372
-64.03125
-64.040627
-64.03437
-64.037498
-64.049995
-64.046875
-64.056244
-64.046875
-64.049995
-64.046875
-64.059372
-64.056244
-64.053116
-64.059372
-64.074997
-64.071869
-64.062492
-64.06562
-64.078117
-64.059372
-64.062492
-64.071869
-64.062492
-64.056244
-64.062492
-64.03437
-64.043747
-64.046875
-64.028122
-64.056244
-64.046875
-64.037498
-64.046875
-64.046875
-64.021873
-64.040627
-64.040627
-64.015625
-64.03125
-64.037498
-64.012497
-64.021873
-64.009377
-64.018745
-64.009377
-64.037498
-64.046875
-64.046875
-64.046875
-64.03125
-64.037498
-64.025002
-64.015625
-64.046875
-64.046875
-64.078117
-64.084366
-64.071869
-64.087494
-64.09687
-64.084366
-64.099991
-64.093742
-64.06562
-64.074997
-64.071869
-64.062492
-64.093742
-64.099991
-64.09687
-64.09687
-64.062492
-64.053116
-64.068741
-64.046875
-64.046875
-64.056244
-64.049995
-64.071869
-64.062492
-64.06562
-64.062492
-64.043747
-64.043747
-64.046875
-64.053116
-64.059372
-64.056244
-64.037498
-64.043747
-64.078117
-64.081245
-64.074997
-64.090622
-64.093742
-64.112495
-64.109367
-64.090622
-64.084366
-64.09687
-64.09687
-64.103119
-64.112495
-64.093742
-64.081245
-64.087494
-64.087494
-64.090622
-64.059372
-64.053116
-64.049995
-64.049995
-64.040627
-64.040627
-64.028122
-64.025002
-64.03125
-64.021873
-64.049995
-64.046875
-64.03437
-64.043747
-64.062492
-64.056244
-64.040627
-64.025002
-64.015625
-64.040627
-64.03437
-64.021873
-64.053116
-64.046875
-64.062492
-64.053116
-64.040627
-64.056244
-64.068741
-64.049995
-64.043747
-64.056244
-64.049995
-64.049995
-64.046875
-64.062492
-64.059372
-64.046875
-64.043747
-64.068741
-64.040627
-64.046875
-64.049995
-64.049995
-64.046875
-64.046875
-64.059372
-64.053116
-64.071869
-64.056244
-64.071869
-64.068741
-64.06562
-64.078117
-64.071869
-64.093742
-64.09687
-64.09687
-64.093742
-64.084366
-64.078117
-64.093742
-64.093742
-64.078117
-64.078117
-64.078117
-64.053116
-64.040627
-64.046875
-64.043747
-64.06562
-64.056244
-64.059372
-64.068741
-64.059372
-64.068741
-64.087494
-64.062492
-64.068741
-64.056244
-64.074997
-64.074997
-64.071869
-64.053116
-64.056244
-64.068741
-64.068741
-64.059372
-64.056244
-64.053116
-64.053116
-64.053116
-64.046875
-64.062492
-64.068741
-64.081245
-64.099991
-64.084366
-64.090622
-64.06562
-64.056244
-64.043747
-64.062492
-64.046875
-64.040627
-64.046875
-64.056244
-64.06562
-64.049995
-64.059372
-64.059372
-64.059372
-64.081245
-64.078117
-64.062492
-64.046875
-64.046875
-64.062492
-64.068741
-64.068741
-64.053116
-64.053116
-64.062492
-64.043747
-64.056244
-64.068741
-64.074997
-64.068741
-64.074997
-64.074997
-64.071869
-64.06562
-64.059372
-64.084366
-64.068741
-64.071869
-64.087494
-64.053116
-64.046875
-64.037498
-64.046875
-64.021873
-64.012497
-63.996872
-64.009377
-63.996872
-63.996872
-63.993748
-63.990623
-63.996872
-63.996872
-63.990623
-64.00312
-63.996872
-64.012497
-64.021873
-64.028122
-64.028122
-64.046875
-64.053116
-64.046875
-64.040627
-64.056244
-64.037498
-64.043747
-64.040627
-64.046875
-64.040627
-64.037498
-64.040627
-64.040627
-64.046875
-64.043747
-64.046875
-64.046875
-64.056244
-64.053116
-64.049995
-64.046875
-64.040627
-64.006248
-64.018745
-64.018745
-64.009377
-64.021873
-64.012497
-63.996872
-64.009377
-63.996872
-63.996872
-64.037498
-64.028122
-64.046875
-64.040627
-64.046875
-64.037498
-64.037498
-64.009377
-64.012497
-64.012497
-64.021873
-64.021873
-64.028122
-64.03125
-64.03437
-64.040627
-64.03125
-64.018745
-64.018745
-64.028122
-64.046875
-64.059372
-64.046875
-64.071869
-64.053116
-64.043747
-64.03437
-64.043747
-64.046875
-64.056244
-64.053116
-64.06562
-64.053116
-64.062492
-64.090622
-64.081245
-64.06562
-64.059372
-64.046875
-64.053116
-64.049995
-64.046875
-64.071869
-64.081245
-64.06562
-64.056244
-64.046875
-64.046875
-64.03437
-64.037498
-64.040627
-64.021873
