-64.42498
-64.440605
-64.440605
-64.440605
-64.446854
-64.412476
-64.415604
-64.42498
-64.421852
-64.396851
-64.409355
-64.399979
-64.412476
-64.403107
-64.418732
-64.42498
-64.431229
-64.415604
-64.403107
-64.403107
-64.421852
-64.453102
-64.443726
-64.456223
-64.465599
-64.459351
-64.459351
-64.471848
-64.478096
-64.487473
-64.490601
-64.478096
-64.478096
-64.487473
-64.478096
-64.468727
-64.456223
-64.446854
-64.449974
-64.456223
-64.449974
-64.449974
-64.459351
-64.456223
-64.462471
-64.437477
-64.415604
-64.446854
-64.449974
-64.465599
-64.490601
-64.496849
-64.496849
-64.481224
-64.493721
-64.487473
-64.484352
-64.471848
-64.474976
-64.484352
-64.478096
-64.493721
-64.487473
-64.484352
-64.509346
-64.503098
-64.496849
-64.496849
-64.484352
-64.487473
-64.490601
-64.484352
-64.478096
-64.474976
-64.468727
-64.465599
-64.474976
-64.465599
-64.449974
-64.453102
-64.434357
-64.443726
-64.446854
-64.418732
-64.471848
-64.484352
-64.478096
-64.471848
-64.459351
-64.462471
-64.468727
-64.465599
-64.462471
-64.456223
-64.474976
-64.481224
-64.487473
-64.484352
-64.493721
-64.490601
-64.496849
-64.487473
-64.493721
-64.474976
-64.474976
-64.493721
-64.506226
-64.496849
-64.478096
-64.493721
-64.481224
-64.449974
-64.446854
-64.443726
-64.446854
-64.437477
-64.440605
-64.456223
-64.459351
-64.449974
-64.462471
-64.462471
-64.471848
-64.496849
-64.528099
-64.506226
-64.499977
-64.512474
-64.518723
-64.496849
-64.515602
-64.503098
-64.493721
-64.512474
-64.512474
-64.524971
-64.509346
-64.506226
-64.506226
-64.503098
-64.503098
-64.496849
-64.487473
-64.484352
-64.487473
-64.496849
-64.493721
-64.499977
-64.487473
-64.468727
-64.481224
-64.490601
-64.506226
-64.528099
-64.521851
-64.506226
-64.528099
-64.506226
-64.499977
-64.499977
-64.496849
-64.509346
-64.515602
-64.506226
-64.503098
-64.499977
-64.506226
-64.518723
-64.503098
-64.521851
-64.546844
-64.546844
-64.534348
-64.546844
-64.518723
-64.528099
-64.509346
-64.506226
-64.487473
-64.503098
-64.509346
-64.506226
-64.521851
-64.493721
-64.506226
-64.518723
-64.524971
-64.509346
-64.512474
-64.506226
-64.515602
-64.496849
-64.521851
-64.556221
-64.546844
-64.546844
-64.528099
-64.518723
-64.518723
-64.528099
-64.515602
-64.512474
-64.528099
-64.515602
-64.534348
-64.524971
-64.506226
-64.518723
-64.496849
-64.496849
-64.512474
-64.503098
-64.487473
-64.490601
-64.490601
-64.496849
-64.506226
-64.499977
-64.503098
-64.496849
-64.503098
-64.515602
-64.518723
-64.515602
-64.528099
-64.534348
-64.515602
-64.524971
-64.521851
-64.503098
-64.518723
-64.499977
-64.509346
-64.512474
-64.496849
-64.521851
-64.512474
-64.506226
-64.503098
-64.496849
-64.496849
-64.496849
-64.521851
-64.524971
-64.546844
-64.515602
-64.540596
-64.556221
-64.556221
-64.540596
-64.540596
-64.537476
-64.556221
-64.559341
-64.549973
-64.546844
-64.549973
-64.540596
-64.559341
-64.565598
-64.553093
-64.559341
-64.559341
-64.543724
-64.553093
-64.546844
-64.553093
-64.559341
-64.546844
-64.568718
-64.546844
-64.549973
-64.546844
-64.546844
-64.540596
-64.531227
-64.540596
-64.524971
-64.528099
-64.537476
-64.515602
-64.521851
-64.534348
-64.521851
-64.499977
-64.512474
-64.512474
-64.521851
-64.528099
-64.537476
-64.540596
-64.515602
-64.518723
-64.506226
-64.528099
-64.540596
-64.540596
-64.531227
-64.537476
-64.534348
-64.531227
-64.531227
-64.534348
-64.540596
-64.531227
-64.540596
-64.534348
-64.543724
-64.546844
-64.540596
-64.537476
-64.537476
-64.540596
-64.540596
-64.509346
-64.531227
-64.549973
-64.543724
-64.531227
-64.496849
-64.499977
-64.496849
-64.521851
-64.528099
-64.528099
-64.531227
-64.496849
-64.518723
-64.509346
-64.496849
-64.503098
-64.496849
-64.512474
-64.487473
-64.484352
-64.490601
-64.496849
-64.465599
-64.465599
-64.512474
-64.506226
-64.506226
-64.515602
-64.484352
-64.496849
-64.484352
-64.490601
-64.496849
-64.493721
-64.496849
-64.496849
-64.509346
-64.521851
-64.515602
-64.518723
-64.490601
-64.499977
-64.515602
-64.521851
-64.549973
-64.540596
-64.543724
-64.543724
-64.534348
-64.534348
-64.524971
-64.509346
-64.540596
-64.528099
-64.506226
-64.499977
-64.484352
-64.487473
-64.509346
-64.506226
-64.524971
-64.543724
-64.534348
-64.534348
-64.512474
-64.515602
-64.518723
-64.534348
-64.515602
-64.518723
-64.503098
-64.499977
-64.496849
-64.506226
-64.524971
-64.521851
-64.540596
-64.546844
-64.556221
-64.559341
-64.543724
-64.540596
-64.549973
-64.534348
-64.540596
-64.537476
-64.531227
-64.546844
-64.537476
-64.537476
-64.543724
-64.528099
-64.534348
-64.512474
-64.528099
-64.549973
-64.518723
-64.540596
-64.540596
-64.553093
-64.553093
-64.568718
-64.546844
-64.553093
-64.546844
-64.553093
-64.553093
-64.562469
-64.565598
-64.556221
-64.543724
-64.546844
-64.565598
-64.546844
-64.562469
-64.578094
-64.553093
-64.546844
-64.534348
-64.549973
-64.546844
-64.537476
-64.546844
-64.556221
-64.553093
-64.562469
-64.553093
-64.553093
-64.559341
-64.543724
-64.537476
-64.531227
-64.540596
-64.543724
-64.543724
-64.549973
-64.549973
-64.556221
-64.553093
-64.546844
-64.559341
-64.562469
-64.568718
-64.578094
-64.571846
-64.553093
-64.540596
-64.540596
-64.521851
-64.528099
-64.531227
-64.518723
-64.509346
-64.490601
-64.509346
-64.487473
-64.490601
-64.496849
-64.518723
-64.528099
-64.537476
-64.534348
-64.524971
-64.528099
-64.528099
-64.524971
-64.531227
-64.531227
-64.524971
-64.515602
-64.531227
-64.512474
-64.515602
-64.512474
-64.509346
-64.546844
-64.543724
-64.521851
-64.521851
-64.531227
-64.534348
-64.537476
-64.503098
-64.506226
-64.518723
-64.499977
-64.496849
-64.503098
-64.493721
-64.509346
-64.540596
-64.534348
-64.543724
-64.546844
-64.521851
-64.534348
-64.528099
-64.528099
-64.540596
-64.546844
-64.543724
-64.540596
-64.553093
-64.534348
-64.534348
-64.524971
-64.506226
-64.512474
-64.521851
-64.515602
-64.518723
-64.509346
-64.521851
-64.509346
-64.496849
-64.509346
-64.515602
-64.524971
-64.521851
-64.506226
-64.531227
-64.528099
-64.509346
-64.499977
-64.509346
-64.528099
-64.506226
-64.515602
-64.496849
-64.493721
-64.490601
-64.446854
-64.459351
-64.468727
-64.484352
-64.474976
-64.484352
-64.490601
-64.496849
-64.503098
-64.496849
-64.515602
-64.499977
-64.503098
-64.515602
-64.506226
-64.509346
-64.506226
-64.496849
-64.496849
-64.506226
-64.496849
-64.496849
-64.496849
-64.506226
-64.496849
-64.496849
-64.493721
-64.518723
-64.515602
-64.537476
-64.528099
-64.537476
-64.543724
-64.540596
-64.515602
-64.543724
-64.546844
-64.546844
-64.540596
-64.528099
-64.499977
-64.512474
-64.528099
-64.528099
-64.518723
-64.528099
-64.521851
-64.515602
-64.512474
-64.528099
-64.534348
-64.518723
-64.515602
-64.543724
-64.549973
-64.559341
-64.546844
-64.515602
-64.531227
-64.518723
-64.518723
-64.509346
-64.490601
-64.499977
-64.496849
-64.493721
-64.503098
-64.499977
-64.512474
-64.509346
-64.518723
-64.518723
-64.521851
-64.506226
-64.496849
-64.512474
-64.496849
-64.512474
-64.518723
-64.537476
-64.524971
-64.515602
-64.509346
-64.493721
-64.515602
-64.512474
-64.506226
-64.518723
-64.521851
-64.521851
-64.534348
-64.521851
-64.509346
-64.499977
-64.512474
-64.512474
-64.509346
-64.496849
-64.509346
-64.512474
-64.512474
-64.496849
-64.496849
-64.499977
-64.528099
-64.531227
-64.534348
-64.543724
-64.531227
-64.524971
-64.534348
-64.506226
-64.509346
-64.481224
-64.453102
-64.459351
-64.474976
-64.456223
-64.468727
-64.462471
-64.481224
-64.490601
-64.490601
-64.481224
-64.471848
-64.456223
-64.465599
-64.456223
-64.449974
-64.443726
-64.443726
-64.449974
-64.468727
-64.459351
-64.453102
-64.459351
-64.468727
-64.471848
-64.474976
-64.484352
-64.487473
-64.496849
-64.493721
-64.509346
-64.518723
-64.546844
-64.515602
-64.515602
-64.506226
-64.496849
-64.487473
-64.490601
-64.481224
-64.490601
-64.459351
-64.446854
-64.456223
-64.487473
-64.490601
-64.484352
-64.490601
-64.484352
-64.481224
-64.465599
-64.465599
-64.465599
-64.465599
-64.478096
-64.471848
-64.462471
-64.462471
-64.446854
-64.456223
-64.449974
-64.449974
-64.459351
-64.468727
-64.459351
-64.496849
-64.503098
-64.474976
-64.499977
-64.487473
-64.496849
-64.496849
-64.471848
-64.484352
-64.481224
-64.484352
-64.456223
-64.471848
-64.468727
-64.456223
-64.487473
-64.462471
-64.443726
-64.431229
-64.418732
-64.412476
-64.446854
-64.446854
-64.449974
-64.465599
-64.474976
-64.471848
-64.456223
-64.446854
-64.446854
-64.42498
-64.456223
-64.446854
-64.446854
-64.462471
-64.468727
-64.453102
-64.456223
-64.462471
-64.453102
-64.446854
-64.449974
-64.437477
-64.434357
-64.453102
-64.446854
-64.453102
-64.449974
-64.465599
-64.465599
-64.446854
-64.431229
-64.446854
-64.437477
-64.453102
-64.456223
-64.431229
-64.443726
-64.471848
-64.446854
-64.446854
-64.443726
-64.440605
-64.459351
-64.449974
-64.449974
-64.453102
-64.443726
-64.446854
-64.437477
-64.446854
-64.446854
-64.456223
-64.437477
-64.418732
-64.42498
-64.428101
-64.434357
-64.440605
-64.446854
-64.446854
-64.428101
-64.428101
-64.446854
-64.42498
-64.418732
-64.440605
-64.446854
-64.453102
-64.446854
-64.446854
-64.453102
-64.446854
-64.418732
-64.403107
-64.428101
-64.42498
-64.434357
-64.437477
-64.459351
-64.471848
-64.462471
-64.462471
-64.465599
-64.459351
-64.446854
-64.468727
-64.446854
-64.453102
-64.471848
-64.459351
-64.453102
-64.453102
-64.443726
-64.453102
-64.453102
-64.446854
-64.468727
-64.468727
-64.471848
-64.493721
-64.493721
-64.462471
-64.471848
-64.468727
-64.474976
-64.471848
-64.462471
-64.453102
-64.446854
-64.446854
-64.440605
-64.453102
-64.474976
-64.471848
-64.462471
-64.446854
-64.456223
-64.462471
-64.468727
-64.478096
-64.462471
-64.459351
-64.478096
-64.471848
-64.456223
-64.459351
-64.446854
-64.443726
-64.437477
-64.434357
-64.421852
-64.418732
-64.390602
-64.403107
-64.406227
-64.428101
-64.428101
-64.418732
-64.412476
-64.399979
-64.415604
-64.409355
-64.418732
-64.421852
-64.415604
-64.42498
-64.412476
-64.428101
-64.437477
-64.434357
-64.434357
-64.42498
-64.412476
-64.421852
-64.440605
-64.415604
-64.418732
-64.428101
-64.434357
-64.431229
-64.409355
-64.409355
-64.406227
-64.409355
-64.381226
-64.412476
-64.406227
-64.378105
-64.371857
-64.365601
-64.365601
-64.381226
-64.381226
-64.396851
-64.390602
-64.406227
-64.409355
-64.415604
-64.384354
-64.387482
-64.381226
-64.371857
-64.387482
-64.387482
-64.374977
-64.378105
-64.374977
-64.381226
-64.387482
-64.381226
-64.409355
-64.403107
-64.39373
-64.399979
-64.418732
-64.412476
-64.412476
-64.415604
-64.387482
-64.378105
-64.387482
-64.390602
-64.39373
-64.399979
-64.396851
-64.415604
-64.384354
-64.381226
-64.396851
-64.374977
-64.384354
-64.396851
-64.396851
-64.403107
-64.403107
-64.384354
-64.384354
-64.365601
-64.381226
-64.365601
-64.368729
-64.374977
-64.371857
-64.36248
-64.353104
-64.371857
-64.353104
-64.349976
-64.359352
-64.340607
-64.33123
-64.337486
-64.346855
-64.346855
-64.374977
-64.353104
-64.365601
-64.384354
-64.368729
-64.381226
-64.384354
-64.365601
-64.36248
-64.359352
-64.36248
-64.381226
-64.359352
-64.346855
-64.340607
-64.343735
-64.378105
-64.340607
-64.334358
-64.334358
-64.353104
-64.337486
-64.353104
-64.359352
-64.343735
-64.365601
-64.356232
-64.346855
-64.368729
-64.36248
-64.349976
-64.340607
-64.337486
-64.334358
-64.346855
-64.33123
-64.33123
-64.349976
-64.334358
-64.340607
-64.353104
-64.343735
-64.343735
-64.349976
-64.337486
-64.346855
-64.346855
-64.346855
-64.36248
-64.356232
-64.346855
-64.309357
-64.29686
-64.29686
-64.315605
-64.334358
-64.334358
-64.303108
-64.306236
-64.306236
-64.32811
-64.318733
-64.318733
-64.33123
-64.309357
-64.318733
-64.309357
-64.303108
-64.334358
-64.340607
-64.349976
-64.340607
-64.340607
-64.340607
-64.346855
-64.343735
-64.334358
-64.321861
-64.318733
-64.312485
-64.29998
-64.29686
-64.303108
-64.293732
-64.29686
-64.284355
-64.29686
-64.29686
-64.33123
-64.306236
-64.284355
-64.312485
-64.315605
-64.315605
-64.318733
-64.315605
-64.343735
-64.349976
-64.337486
-64.349976
-64.371857
-64.365601
-64.359352
-64.390602
-64.396851
-64.412476
-64.396851
-64.403107
-64.42498
-64.418732
-64.409355
-64.42498
-64.431229
-64.415604
-64.403107
-64.406227
-64.406227
-64.396851
-64.378105
-64.387482
-64.409355
-64.390602
-64.378105
-64.378105
-64.356232
-64.387482
-64.384354
-64.387482
-64.396851
-64.390602
-64.390602
-64.403107
-64.396851
-64.390602
-64.396851
-64.387482
-64.390602
-64.396851
-64.412476
-64.412476
-64.418732
-64.381226
-64.39373
-64.39373
-64.390602
-64.403107
-64.406227
-64.374977
-64.387482
-64.403107
-64.39373
-64.412476
-64.399979
-64.378105
-64.415604
-64.39373
-64.396851
-64.39373
-64.409355
-64.396851
-64.403107
-64.39373
-64.403107
-64.406227
-64.396851
-64.390602
-64.399979
-64.396851
-64.406227
-64.412476
-64.415604
-64.412476
-64.406227
-64.428101
-64.415604
-64.428101
-64.412476
-64.437477
-64.421852
-64.418732
-64.446854
-64.415604
-64.406227
-64.434357
-64.446854
-64.42498
-64.418732
-64.431229
-64.443726
-64.421852
-64.434357
-64.446854
-64.453102
-64.465599
-64.440605
-64.446854
-64.440605
-64.437477
-64.446854
-64.446854
-64.434357
-64.434357
-64.434357
-64.431229
-64.418732
-64.446854
-64.421852
-64.409355
-64.403107
-64.387482
-64.387482
-64.396851
-64.39373
-64.371857
-64.374977
-64.39373
-64.406227
-64.415604
-64.412476
-64.434357
-64.443726
-64.437477
-64.446854
-64.459351
-64.446854
-64.449974
-64.449974
-64.449974
-64.449974
-64.453102
-64.456223
-64.446854
-64.459351
-64.440605
-64.462471
-64.453102
-64.440605
-64.431229
-64.406227
-64.428101
-64.42498
-64.399979
-64.409355
-64.403107
-64.374977
-64.384354
-64.387482
-64.387482
-64.418732
-64.434357
-64.431229
-64.437477
-64.421852
-64.409355
-64.431229
-64.406227
-64.412476
-64.418732
-64.406227
-64.399979
-64.396851
-64.412476
-64.403107
-64.399979
-64.387482
-64.390602
-64.371857
-64.346855
-64.343735
-64.356232
-64.343735
-64.349976
-64.334358
-64.349976
-64.36248
-64.381226
-64.36248
-64.371857
-64.368729
-64.368729
-64.371857
-64.371857
-64.365601
-64.353104
-64.359352
-64.349976
-64.359352
-64.368729
-64.387482
-64.384354
-64.378105
-64.374977
-64.346855
-64.353104
-64.346855
-64.36248
-64.36248
-64.365601
-64.365601
-64.381226
-64.399979
-64.378105
-64.390602
-64.390602
-64.396851
-64.378105
-64.356232
-64.381226
-64.371857
-64.378105
-64.359352
-64.387482
-64.378105
-64.374977
-64.371857
-64.36248
-64.346855
-64.346855
-64.343735
-64.353104
-64.353104
-64.353104
-64.374977
-64.365601
-64.349976
-64.346855
-64.349976
-64.356232
-64.356232
-64.365601
-64.346855
-64.337486
-64.337486
-64.334358
-64.33123
-64.33123
-64.343735
-64.343735
-64.346855
-64.334358
-64.343735
-64.340607
-64.334358
-64.340607
-64.33123
-64.334358
-64.340607
-64.340607
-64.346855
-64.340607
-64.324982
-64.343735
-64.343735
-64.346855
-64.349976
-64.32811
-64.33123
-64.29686
-64.278107
-64.271858
-64.29686
-64.29686
-64.293732
-64.293732
-64.29686
-64.29686
-64.312485
-64.284355
-64.324982
-64.309357
-64.321861
-64.318733
-64.321861
-64.334358
-64.32811
-64.318733
-64.32811
-64.32811
-64.334358
-64.343735
-64.337486
-64.315605
-64.346855
-64.334358
-64.318733
-64.318733
-64.303108
-64.318733
-64.334358
-64.334358
-64.324982
-64.343735
-64.318733
-64.337486
-64.346855
-64.349976
-64.337486
-64.334358
-64.340607
-64.346855
-64.343735
-64.340607
-64.334358
-64.346855
-64.334358
-64.346855
-64.346855
-64.340607
-64.334358
-64.353104
-64.343735
-64.33123
-64.29686
-64.306236
-64.321861
-64.32811
-64.32811
-64.318733
-64.318733
-64.334358
-64.312485
-64.324982
-64.340607
-64.32811
-64.315605
-64.309357
-64.309357
-64.306236
-64.318733
-64.309357
-64.309357
-64.312485
-64.318733
-64.315605
-64.312485
-64.29998
-64.312485
-64.318733
-64.321861
-64.315605
-64.321861
-64.309357
-64.324982
-64.340607
-64.33123
-64.334358
-64.318733
-64.334358
-64.334358
-64.334358
-64.340607
-64.356232
-64.346855
-64.343735
-64.36248
-64.374977
-64.384354
-64.396851
-64.359352
-64.346855
-64.359352
-64.371857
-64.39373
-64.390602
-64.384354
-64.359352
-64.359352
-64.346855
-64.349976
-64.353104
-64.324982
-64.315605
-64.315605
-64.315605
-64.312485
-64.33123
-64.324982
-64.353104
-64.346855
-64.343735
-64.334358
-64.321861
-64.318733
-64.315605
-64.309357
-64.321861
-64.32811
-64.343735
-64.340607
-64.340607
-64.340607
-64.346855
-64.346855
-64.321861
-64.337486
-64.349976
-64.343735
-64.334358
-64.33123
-64.340607
-64.321861
-64.346855
-64.349976
-64.356232
-64.346855
-64.346855
-64.343735
-64.340607
-64.32811
-64.312485
-64.303108
-64.33123
-64.318733
-64.337486
-64.343735
-64.337486
-64.353104
-64.374977
-64.346855
-64.334358
-64.343735
-64.337486
-64.334358
-64.334358
-64.324982
-64.337486
-64.346855
-64.32811
-64.340607
-64.343735
-64.359352
-64.346855
-64.334358
-64.32811
-64.346855
-64.346855
-64.33123
-64.359352
-64.353104
-64.381226
-64.368729
-64.353104
-64.359352
-64.346855
-64.346855
-64.359352
-64.36248
-64.368729
-64.356232
-64.359352
-64.334358
-64.343735
-64.340607
-64.343735
-64.365601
-64.346855
-64.356232
-64.346855
-64.353104
-64.346855
-64.346855
-64.337486
-64.340607
-64.321861
-64.315605
-64.315605
-64.33123
-64.334358
-64.343735
-64.321861
-64.29686
-64.315605
-64.29686
-64.29686
-64.312485
-64.284355
-64.284355
-64.293732
-64.284355
-64.290611
-64.293732
-64.315605
-64.29998
-64.309357
-64.306236
-64.293732
-64.293732
-64.312485
-64.318733
-64.318733
-64.312485
-64.321861
-64.303108
-64.29998
-64.29686
-64.318733
-64.32811
-64.318733
-64.29998
-64.29686
-64.315605
-64.293732
-64.303108
-64.29998
-64.303108
-64.29998
-64.306236
-64.306236
-64.278107
-64.26561
-64.256233
-64.262482
-64.246864
-64.262482
-64.262482
-64.26873
-64.262482
-64.278107
-64.290611
-64.274986
-64.281235
-64.256233
-64.256233
-64.256233
-64.256233
-64.271858
-64.246864
-64.249985
-64.26873
-64.278107
-64.274986
-64.29686
-64.312485
-64.293732
-64.281235
-64.256233
-64.234367
-64.259361
-64.253105
-64.246864
-64.253105
-64.240616
-64.240616
-64.253105
-64.259361
-64.274986
-64.259361
-64.281235
-64.262482
-64.246864
-64.271858
-64.26561
-64.256233
-64.246864
-64.249985
-64.253105
-64.256233
-64.278107
-64.274986
-64.29686
-64.287483
-64.287483
-64.29686
-64.290611
-64.293732
-64.262482
-64.278107
-64.253105
-64.278107
-64.271858
-64.26561
-64.274986
-64.281235
-64.271858
-64.262482
-64.243736
-64.262482
-64.249985
-64.256233
-64.237488
-64.249985
-64.249985
-64.228111
-64.256233
-64.246864
-64.240616
-64.218742
-64.221863
-64.224991
-64.234367
-64.221863
-64.212486
-64.209366
-64.206238
-64.215614
-64.228111
-64.240616
-64.221863
-64.215614
-64.196861
-64.218742
-64.218742
-64.215614
-64.228111
-64.209366
-64.206238
-64.187492
-64.174988
-64.203117
-64.196861
-64.203117
-64.206238
-64.203117
-64.215614
-64.221863
-64.218742
-64.234367
-64.224991
-64.231239
-64.237488
-64.228111
-64.190613
-64.199989
-64.199989
-64.206238
-64.218742
-64.203117
-64.209366
-64.196861
-64.203117
-64.209366
-64.240616
-64.228111
-64.215614
-64.181236
-64.165611
-64.165611
-64.190613
-64.190613
-64.218742
-64.228111
-64.231239
-64.231239
-64.209366
-64.212486
-64.215614
-64.212486
-64.196861
-64.181236
-64.168739
-64.174988
-64.178116
-64.193741
-64.184364
-64.209366
-64.196861
-64.203117
-64.196861
-64.181236
-64.171867
-64.181236
-64.190613
-64.209366
-64.212486
-64.209366
-64.206238
-64.187492
-64.187492
-64.181236
-64.184364
-64.162491
-64.165611
-64.146866
-64.162491
-64.174988
-64.156242
-64.137497
-64.156242
-64.146866
-64.153114
-64.168739
-64.143745
-64.143745
-64.153114
-64.134369
-64.146866
-64.134369
-64.140617
-64.153114
-64.12812
-64.137497
-64.131241
-64.153114
-64.159363
-64.168739
-64.165611
-64.168739
-64.159363
-64.137497
-64.162491
-64.146866
-64.146866
-64.137497
-64.140617
-64.134369
-64.121872
-64.134369
-64.124992
-64.140617
-64.137497
-64.118744
-64.12812
-64.143745
-64.134369
-64.143745
-64.112495
-64.112495
-64.103119
-64.090622
-64.093742
-64.09687
-64.099991
-64.112495
-64.109367
-64.081245
-64.090622
-64.090622
-64.09687
-64.106247
-64.078117
-64.103119
-64.12812
-64.121872
-64.103119
-64.103119
-64.118744
-64.09687
-64.103119
-64.09687
-64.109367
-64.118744
-64.112495
-64.131241
-64.134369
-64.121872
-64.118744
-64.118744
-64.121872
-64.121872
-64.09687
-64.124992
-64.115616
-64.118744
-64.118744
-64.140617
-64.131241
-64.109367
-64.118744
-64.118744
-64.112495
-64.131241
-64.134369
-64.140617
-64.115616
-64.118744
-64.118744
-64.12812
-64.109367
-64.124992
-64.09687
-64.124992
-64.131241
-64.112495
-64.140617
-64.146866
-64.134369
-64.121872
-64.112495
-64.09687
-64.09687
-64.112495
-64.109367
-64.093742
-64.106247
-64.099991
-64.115616
-64.134369
-64.112495
-64.131241
-64.115616
-64.118744
-64.118744
-64.112495
-64.118744
-64.121872
-64.121872
-64.146866
-64.162491
-64.140617
-64.146866
-64.168739
-64.159363
-64.153114
-64.184364
-64.156242
-64.178116
-64.193741
-64.187492
-64.187492
-64.184364
-64.171867
-64.171867
-64.159363
-64.153114
-64.159363
-64.178116
-64.178116
-64.187492
-64.162491
-64.178116
-64.181236
-64.165611
-64.153114
-64.159363
-64.153114
-64.140617
-64.143745
-64.146866
-64.146866
-64.146866
-64.137497
-64.140617
-64.149986
-64.153114
-64.190613
-64.181236
-64.193741
-64.187492
-64.165611
-64.181236
-64.174988
-64.184364
-64.178116
-64.159363
-64.153114
-64.156242
-64.171867
-64.171867
-64.146866
-64.165611
-64.156242
-64.156242
-64.165611
-64.171867
-64.181236
-64.165611
-64.159363
-64.181236
-64.190613
-64.184364
-64.184364
-64.165611
-64.171867
-64.193741
-64.203117
-64.190613
-64.190613
-64.193741
-64.199989
-64.221863
-64.231239
-64.243736
-64.224991
-64.221863
-64.228111
-64.228111
-64.221863
-64.215614
-64.206238
-64.196861
-64.212486
-64.212486
-64.196861
-64.174988
-64.168739
-64.165611
-64.181236
-64.178116
-64.174988
-64.171867
-64.193741
-64.196861
-64.209366
-64.199989
-64.199989
-64.199989
-64.171867
-64.196861
-64.196861
-64.196861
-64.209366
-64.199989
-64.203117
-64.215614
-64.193741
-64.178116
-64.199989
-64.209366
-64.196861
-64.218742
-64.196861
-64.193741
-64.196861
-64.171867
-64.181236
-64.168739
-64.181236
-64.199989
-64.196861
-64.196861
-64.190613
-64.206238
-64.199989
-64.184364
-64.184364
-64.193741
-64.190613
-64.171867
-64.184364
-64.178116
-64.168739
-64.174988
-64.165611
-64.162491
-64.168739
-64.159363
-64.159363
-64.162491
-64.181236
-64.184364
-64.196861
-64.162491
-64.196861
-64.196861
-64.184364
-64.184364
-64.190613
-64.174988
-64.184364
-64.184364
-64.187492
-64.206238
-64.209366
-64.209366
-64.221863
-64.218742
-64.212486
-64.209366
-64.215614
-64.193741
-64.206238
-64.209366
-64.212486
-64.212486
-64.206238
-64.209366
-64.224991
-64.209366
-64.196861
-64.174988
-64.193741
-64.199989
-64.203117
-64.206238
-64.212486
-64.190613
-64.199989
-64.196861
-64.215614
-64.237488
-64.218742
-64.231239
-64.224991
-64.218742
-64.228111
-64.253105
-64.228111
-64.215614
-64.206238
-64.199989
-64.174988
-64.168739
-64.165611
-64.159363
-64.146866
-64.153114
-64.174988
-64.165611
-64.174988
-64.174988
-64.196861
-64.181236
-64.178116
-64.203117
-64.187492
-64.203117
-64.221863
-64.209366
-64.218742
-64.203117
-64.221863
-64.206238
-64.209366
-64.206238
-64.221863
-64.218742
-64.224991
-64.215614
-64.215614
-64.206238
-64.206238
-64.193741
-64.190613
-64.193741
-64.168739
-64.178116
-64.174988
-64.165611
-64.184364
-64.190613
-64.190613
-64.181236
-64.181236
-64.187492
-64.196861
-64.215614
-64.203117
-64.196861
-64.199989
-64.218742
-64.234367
-64.199989
-64.196861
-64.187492
-64.206238
-64.209366
-64.203117
-64.209366
-64.218742
-64.196861
-64.196861
-64.209366
-64.206238
-64.199989
-64.215614
-64.199989
-64.187492
-64.178116
-64.181236
-64.184364
-64.178116
-64.196861
-64.196861
-64.206238
-64.174988
-64.184364
-64.190613
-64.178116
-64.174988
-64.171867
-64.184364
-64.203117
-64.196861
-64.206238
-64.215614
-64.224991
-64.224991
-64.243736
-64.228111
-64.218742
-64.212486
-64.171867
-64.181236
-64.171867
-64.156242
-64.165611
-64.178116
-64.171867
-64.168739
-64.159363
-64.162491
-64.168739
-64.168739
-64.174988
-64.178116
-64.153114
-64.149986
-64.165611
-64.137497
-64.146866
-64.156242
-64.149986
-64.168739
-64.193741
-64.196861
-64.199989
-64.187492
-64.193741
-64.174988
-64.159363
-64.134369
-64.162491
-64.159363
-64.146866
-64.149986
-64.121872
-64.121872
-64.124992
-64.137497
-64.131241
-64.143745
-64.137497
-64.137497
-64.143745
-64.131241
-64.12812
-64.12812
-64.112495
-64.121872
-64.124992
-64.124992
-64.146866
-64.140617
-64.137497
-64.134369
-64.134369
-64.106247
-64.115616
-64.124992
-64.124992
-64.146866
-64.153114
-64.143745
-64.140617
-64.137497
-64.140617
-64.140617
-64.124992
-64.143745
-64.134369
-64.112495
-64.137497
-64.134369
-64.115616
-64.118744
-64.106247
-64.09687
-64.109367
-64.121872
-64.112495
-64.112495
-64.09687
-64.115616
-64.12812
-64.112495
-64.124992
-64.134369
-64.109367
-64.131241
-64.131241
-64.131241
-64.112495
-64.09687
-64.09687
-64.106247
-64.109367
-64.124992
-64.146866
-64.134369
-64.112495
-64.118744
-64.115616
-64.131241
-64.156242
-64.143745
-64.143745
-64.124992
-64.146866
-64.137497
-64.134369
-64.153114
-64.156242
-64.146866
-64.134369
-64.143745
-64.143745
-64.143745
-64.140617
-64.124992
-64.118744
-64.112495
-64.106247
-64.09687
-64.106247
-64.099991
-64.106247
-64.103119
-64.103119
-64.118744
-64.124992
-64.121872
-64.143745
-64.146866
-64.159363
-64.165611
-64.146866
-64.146866
-64.140617
-64.106247
-64.124992
-64.121872
-64.106247
-64.106247
-64.12812
-64.115616
-64.146866
-64.124992
-64.121872
-64.131241
-64.12812
-64.143745
-64.149986
-64.146866
-64.124992
-64.12812
-64.131241
-64.12812
-64.12812
-64.12812
-64.124992
-64.124992
-64.118744
-64.106247
-64.121872
-64.131241
-64.149986
-64.146866
-64.134369
-64.131241
-64.118744
-64.103119
-64.109367
-64.112495
-64.118744
-64.112495
-64.112495
-64.09687
-64.103119
-64.09687
-64.093742
-64.081245
-64.093742
-64.087494
-64.09687
-64.090622
-64.071869
-64.093742
-64.084366
-64.09687
-64.115616
-64.099991
-64.106247
-64.109367
-64.12812
-64.112495
-64.115616
-64.109367
-64.12812
-64.137497
-64.124992
-64.124992
-64.121872
-64.09687
-64.081245
-64.078117
-64.062492
-64.084366
-64.087494
-64.093742
-64.090622
-64.09687
-64.106247
-64.115616
-64.09687
-64.106247
-64.084366
-64.084366
-64.068741
-64.06562
-64.103119
-64.09687
-64.09687
-64.103119
-64.118744
-64.118744
-64.118744
-64.109367
-64.121872
-64.115616
-64.109367
-64.112495
-64.109367
-64.090622
-64.106247
-64.121872
-64.12812
-64.099991
-64.131241
-64.140617
-64.143745
-64.168739
-64.159363
-64.159363
-64.156242
-64.140617
-64.134369
-64.134369
-64.134369
-64.146866
-64.146866
-64.153114
-64.153114
-64.156242
-64.162491
-64.190613
-64.203117
-64.209366
-64.215614
-64.190613
-64.187492
-64.171867
-64.156242
-64.146866
-64.146866
-64.168739
-64.156242
-64.171867
-64.181236
-64.190613
-64.171867
-64.156242
-64.171867
-64.168739
-64.168739
-64.174988
-64.159363
-64.156242
-64.165611
-64.146866
-64.162491
-64.184364
-64.178116
-64.156242
-64.181236
-64.178116
-64.206238
-64.209366
-64.206238
-64.224991
-64.209366
-64.209366
-64.218742
-64.199989
-64.196861
-64.199989
-64.178116
-64.181236
-64.199989
-64.184364
-64.178116
-64.196861
-64.212486
-64.196861
-64.206238
-64.187492
-64.193741
-64.196861
-64.184364
-64.215614
-64.209366
-64.203117
-64.224991
-64.234367
-64.231239
-64.237488
-64.243736
-64.234367
-64.246864
-64.231239
-64.228111
-64.246864
-64.234367
-64.246864
-64.243736
-64.262482
-64.26873
-64.246864
-64.259361
-64.253105
-64.253105
-64.246864
-64.256233
-64.262482
-64.237488
-64.240616
-64.237488
-64.256233
-64.262482
-64.271858
-64.271858
-64.26873
-64.262482
-64.246864
-64.240616
-64.234367
-64.224991
-64.249985
-64.228111
-64.237488
-64.224991
-64.224991
-64.240616
-64.243736
-64.246864
-64.246864
-64.221863
-64.256233
-64.271858
-64.256233
-64.243736
-64.249985
-64.262482
-64.26561
-64.253105
-64.246864
-64.246864
-64.253105
-64.240616
-64.243736
-64.249985
-64.246864
-64.246864
-64.246864
-64.246864
-64.246864
-64.234367
-64.246864
-64.237488
-64.228111
-64.234367
-64.249985
-64.256233
-64.271858
-64.284355
-64.284355
-64.26561
-64.278107
-64.26873
-64.26873
-64.240616
-64.231239
-64.234367
-64.243736
-64.246864
-64.246864
-64.234367
-64.234367
-64.240616
-64.253105
-64.243736
-64.240616
-64.218742
-64.237488
-64.224991
-64.215614
-64.221863
-64.221863
-64.209366
-64.228111
-64.228111
-64.234367
-64.237488
-64.249985
-64.246864
-64.262482
-64.284355
-64.281235
-64.284355
-64.293732
-64.278107
-64.278107
-64.278107
-64.281235
-64.29686
-64.315605
-64.287483
-64.256233
-64.271858
-64.278107
-64.262482
-64.246864
-64.253105
-64.246864
-64.243736
-64.234367
-64.231239
-64.246864
-64.243736
-64.249985
-64.243736
-64.234367
-64.218742
-64.218742
-64.212486
-64.209366
-64.246864
-64.249985
-64.234367
-64.237488
-64.237488
-64.221863
-64.212486
-64.199989
-64.203117
-64.221863
-64.221863
-64.206238
-64.190613
-64.162491
-64.140617
-64.134369
-64.112495
-64.099991
-64.084366
-64.062492
-64.053116
-64.071869
-64.049995
-64.03125
-64.009377
-63.993748
-63.959373
-63.96875
-63.946873
-63.946873
-63.925003
-63.906254
-63.896877
-63.896877
-63.868755
-63.865627
-63.846882
-63.846882
-63.840633
-63.850002
-63.856255
-63.81876
-63.809383
-63.809383
-63.78751
-63.781258
-63.784382
-63.793758
-63.793758
-63.775009
-63.759384
-63.759384
-63.753132
-63.746883
-63.737514
-63.715637
-63.703136
-63.715637
-63.715637
-63.700012
-63.693764
-63.696888
-63.681263
-63.696888
-63.671886
-63.665638
-63.671886
-63.671886
-63.665638
-63.662514
-63.634392
-63.628143
-63.618767
-63.625019
-63.631268
-63.646893
-63.63752
-63.621895
-63.621895
-63.625019
-63.628143
-63.634392
-63.621895
-63.615643
-63.621895
-63.612518
-63.618767
-63.60627
-63.581268
-63.593769
-63.590645
-63.609394
-63.590645
-63.600018
-63.603142
-63.593769
-63.612518
-63.618767
-63.60627
-63.612518
-63.618767
-63.615643
-63.612518
-63.643768
-63.631268
-63.60627
-63.609394
-63.596893
-63.578144
-63.590645
-63.590645
-63.562519
-63.571892
-63.584393
-63.578144
-63.584393
-63.556267
-63.568768
-63.57502
-63.584393
-63.584393
-63.568768
-63.578144
-63.578144
-63.584393
-63.593769
-63.590645
-63.603142
-63.609394
-63.634392
-63.63752
-63.646893
-63.662514
-63.646893
-63.650013
-63.646893
-63.643768
-63.621895
-63.653137
-63.643768
-63.646893
-63.646893
-63.634392
-63.662514
-63.646893
-63.659389
-63.671886
-63.690639
-63.681263
-63.681263
-63.693764
-63.681263
-63.690639
-63.671886
-63.687511
-63.693764
-63.684387
-63.678139
-63.668762
-63.681263
-63.690639
-63.709389
-63.721889
-63.740639
-63.731262
-63.734386
-63.725014
-63.715637
-63.690639
-63.690639
-63.690639
-63.681263
-63.696888
-63.712513
-63.706264
-63.721889
-63.715637
-63.712513
-63.734386
-63.753132
-63.753132
-63.75626
-63.765633
-63.759384
-63.737514
-63.728138
-63.728138
-63.743763
-63.746883
-63.746883
-63.746883
-63.731262
-63.740639
-63.731262
-63.721889
-63.740639
-63.731262
-63.737514
-63.740639
-63.743763
-63.721889
-63.703136
-63.718761
-63.715637
-63.725014
-63.715637
-63.718761
-63.715637
-63.712513
-63.712513
-63.718761
-63.725014
-63.740639
-63.750008
-63.753132
-63.762508
-63.743763
-63.746883
-63.762508
-63.746883
-63.746883
-63.768757
-63.781258
-63.771885
-63.775009
-63.796883
-63.796883
-63.815632
-63.803135
-63.793758
-63.793758
-63.796883
-63.809383
-63.796883
-63.784382
-63.81876
-63.793758
-63.784382
-63.790634
-63.771885
-63.775009
-63.796883
-63.781258
-63.781258
-63.796883
-63.812508
-63.815632
-63.796883
-63.784382
-63.790634
-63.768757
-63.778133
-63.784382
-63.778133
-63.775009
-63.778133
-63.775009
-63.790634
-63.781258
-63.815632
-63.815632
-63.821884
-63.815632
-63.840633
-63.850002
-63.828133
-63.821884
-63.803135
-63.796883
-63.800007
-63.793758
-63.796883
-63.81876
-63.803135
-63.821884
-63.81876
-63.821884
-63.809383
-63.809383
-63.812508
-63.843758
-63.850002
-63.834385
-63.846882
-63.846882
-63.850002
-63.85313
-63.834385
-63.821884
-63.85313
-63.850002
-63.834385
-63.865627
-63.850002
-63.856255
-63.87188
-63.85313
-63.875004
-63.868755
-63.846882
-63.85313
-63.846882
-63.856255
-63.868755
-63.868755
-63.875004
-63.887505
-63.87188
-63.865627
-63.87188
-63.856255
-63.862503
-63.865627
-63.85313
-63.837509
-63.850002
-63.834385
-63.846882
-63.843758
-63.843758
-63.846882
-63.859379
-63.87188
-63.859379
-63.88438
-63.875004
-63.878128
-63.881252
-63.90313
-63.896877
-63.887505
-63.88438
-63.896877
-63.896877
-63.90313
-63.896877
-63.887505
-63.893753
-63.912502
-63.896877
-63.912502
-63.896877
-63.88438
-63.896877
-63.90313
-63.906254
-63.906254
-63.890629
-63.890629
-63.896877
-63.896877
-63.896877
-63.890629
-63.893753
-63.88438
-63.875004
-63.865627
-63.878128
-63.88438
-63.887505
-63.896877
-63.88438
-63.881252
-63.896877
-63.881252
-63.890629
-63.887505
-63.88438
-63.896877
-63.896877
-63.896877
-63.909378
-63.946873
-63.949997
-63.931255
-63.971874
-63.956249
-63.96875
-63.962498
-63.940628
-63.946873
-63.959373
-63.965622
-63.959373
-63.953125
-63.949997
-63.949997
-63.953125
-63.959373
-63.953125
-63.953125
-63.965622
-63.959373
-63.946873
-63.946873
-63.959373
-63.928127
-63.940628
-63.946873
-63.946873
-63.953125
-63.971874
-63.943752
-63.946873
-63.946873
-63.940628
-63.93438
-63.937504
-63.946873
-63.956249
-63.953125
-63.953125
-63.937504
-63.943752
-63.962498
-63.956249
-63.946873
-63.940628
-63.946873
-63.946873
-63.946873
-63.956249
-63.943752
-63.962498
-63.959373
-63.956249
-63.953125
-63.946873
-63.962498
-63.946873
-63.931255
-63.946873
-63.946873
-63.962498
-63.978123
-63.996872
-63.990623
-64.006248
-64.009377
-63.996872
-63.996872
-63.990623
-63.974998
-63.996872
-63.993748
-63.981247
-63.981247
-63.978123
-63.984375
-63.987499
-63.974998
-63.971874
-63.971874
-63.956249
-63.971874
-63.987499
-63.981247
-63.971874
-63.959373
-63.946873
-63.949997
-63.946873
-63.940628
-63.937504
-63.940628
-63.943752
-63.956249
-63.96875
-63.953125
-63.946873
-63.940628
-63.940628
-63.959373
-63.971874
-63.996872
-63.996872
-63.996872
-63.974998
-63.984375
-63.984375
-63.981247
-63.996872
-63.984375
-63.996872
-63.993748
-63.974998
-63.987499
-63.984375
-63.996872
-63.996872
-63.996872
-63.990623
-63.987499
-63.984375
-63.987499
-63.965622
-63.984375
-63.978123
-63.984375
-63.962498
-63.978123
-63.96875
-63.987499
-63.990623
-63.996872
-63.996872
-63.996872
-63.987499
-63.996872
-63.996872
-64.00312
-64.009377
-64.028122
-64.012497
-64.028122
-64.03437
-64.043747
-64.028122
-64.046875
-64.046875
-64.043747
-64.028122
-64.015625
-64.03437
-64.043747
-64.040627
-64.043747
-64.049995
-64.074997
-64.068741
-64.084366
-64.093742
-64.071869
-64.087494
-64.087494
-64.09687
-64.081245
-64.09687
-64.115616
-64.084366
-64.090622
-64.06562
-64.071869
-64.081245
-64.062492
-64.06562
-64.062492
-64.056244
-64.068741
-64.093742
-64.084366
-64.093742
-64.103119
-64.103119
-64.131241
-64.106247
-64.09687
-64.115616
-64.124992
-64.106247
-64.118744
-64.106247
-64.112495
-64.106247
-64.099991
-64.09687
-64.112495
-64.09687
-64.09687
-64.06562
-64.053116
-64.053116
-64.078117
-64.068741
-64.078117
-64.103119
-64.09687
-64.087494
-64.109367
-64.099991
-64.12812
-64.121872
-64.124992
-64.140617
-64.106247
-64.090622
-64.099991
-64.09687
-64.099991
-64.09687
-64.09687
-64.099991
-64.099991
-64.09687
-64.09687
-64.109367
-64.090622
-64.084366
-64.099991
-64.074997
-64.121872
-64.109367
-64.084366
-64.093742
-64.09687
-64.087494
-64.093742
-64.090622
-64.068741
-64.062492
-64.06562
-64.068741
-64.071869
-64.078117
-64.084366
-64.109367
-64.09687
-64.112495
-64.115616
-64.118744
-64.118744
-64.109367
-64.124992
-64.134369
-64.137497
-64.115616
-64.12812
-64.124992
-64.124992
-64.137497
-64.134369
-64.137497
-64.140617
-64.134369
-64.118744
-64.12812
-64.121872
-64.112495
-64.09687
-64.106247
-64.099991
-64.109367
-64.112495
-64.103119
-64.106247
-64.09687
-64.118744
-64.109367
-64.112495
-64.121872
-64.121872
-64.12812
-64.146866
-64.137497
-64.134369
-64.137497
-64.124992
-64.159363
-64.162491
-64.162491
-64.146866
-64.149986
-64.140617
-64.137497
-64.134369
-64.12812
-64.140617
-64.146866
-64.146866
-64.165611
-64.165611
-64.153114
-64.165611
-64.174988
-64.165611
-64.174988
-64.168739
-64.190613
-64.190613
-64.196861
-64.190613
-64.196861
-64.190613
-64.181236
-64.162491
-64.146866
-64.153114
-64.159363
-64.137497
-64.131241
-64.124992
-64.146866
-64.143745
-64.140617
-64.159363
-64.162491
-64.156242
-64.168739
-64.187492
-64.165611
-64.178116
-64.171867
-64.165611
-64.184364
-64.162491
-64.181236
-64.193741
-64.174988
-64.149986
-64.178116
-64.171867
-64.159363
-64.153114
-64.165611
-64.171867
-64.178116
-64.159363
-64.153114
-64.159363
-64.168739
-64.165611
-64.171867
-64.149986
-64.162491
-64.181236
-64.187492
-64.187492
-64.178116
-64.156242
-64.156242
-64.156242
-64.156242
-64.146866
-64.162491
-64.178116
-64.162491
-64.146866
-64.143745
-64.159363
-64.146866
-64.165611
-64.156242
-64.146866
-64.159363
-64.149986
-64.171867
-64.174988
-64.149986
-64.134369
-64.137497
-64.153114
-64.149986
-64.162491
-64.149986
-64.149986
-64.162491
-64.153114
-64.156242
-64.171867
-64.178116
-64.171867
-64.190613
-64.171867
-64.171867
-64.159363
-64.134369
-64.134369
-64.146866
-64.156242
-64.171867
-64.168739
-64.165611
-64.171867
-64.165611
-64.162491
-64.184364
-64.159363
-64.140617
-64.165611
-64.146866
-64.146866
-64.146866
-64.146866
-64.134369
-64.146866
-64.153114
-64.159363
-64.146866
-64.165611
-64.168739
-64.168739
-64.184364
-64.171867
-64.165611
-64.162491
-64.143745
-64.137497
-64.156242
-64.153114
-64.137497
-64.134369
-64.146866
-64.146866
-64.162491
-64.187492
-64.168739
-64.199989
-64.199989
-64.212486
-64.212486
-64.203117
-64.203117
-64.228111
-64.218742
-64.228111
-64.209366
-64.203117
-64.228111
-64.209366
-64.196861
-64.206238
-64.196861
-64.187492
-64.203117
-64.206238
-64.193741
-64.196861
-64.190613
-64.190613
-64.215614
-64.203117
-64.193741
-64.190613
-64.196861
-64.190613
-64.196861
-64.196861
-64.196861
-64.209366
-64.203117
-64.212486
-64.215614
-64.234367
-64.234367
-64.243736
-64.221863
-64.231239
-64.224991
-64.228111
-64.221863
-64.221863
-64.224991
-64.221863
-64.215614
-64.228111
-64.231239
-64.212486
-64.209366
-64.206238
-64.165611
-64.171867
-64.178116
-64.153114
-64.153114
-64.149986
-64.153114
-64.178116
-64.174988
-64.174988
-64.174988
-64.174988
-64.178116
-64.181236
-64.196861
-64.184364
-64.215614
-64.199989
-64.196861
-64.193741
-64.190613
-64.193741
-64.212486
-64.171867
-64.171867
-64.203117
-64.181236
-64.178116
-64.199989
-64.196861
-64.209366
-64.196861
-64.209366
-64.209366
-64.206238
-64.209366
-64.221863
-64.218742
-64.234367
-64.234367
-64.231239
-64.203117
-64.184364
-64.203117
-64.196861
-64.196861
-64.171867
-64.181236
-64.174988
-64.165611
-64.181236
-64.168739
-64.165611
-64.171867
-64.181236
-64.203117
-64.212486
-64.193741
-64.196861
-64.212486
-64.228111
-64.221863
-64.212486
-64.215614
-64.221863
-64.231239
-64.231239
-64.231239
-64.237488
-64.221863
-64.212486
-64.224991
-64.237488
-64.249985
-64.246864
-64.262482
-64.246864
-64.246864
-64.271858
-64.26561
-64.256233
-64.262482
-64.256233
-64.256233
-64.26561
-64.246864
-64.271858
-64.274986
-64.26561
-64.259361
-64.246864
-64.246864
-64.237488
-64.240616
-64.249985
-64.234367
-64.256233
-64.253105
-64.253105
-64.246864
-64.246864
-64.246864
-64.246864
-64.240616
-64.246864
-64.246864
-64.234367
-64.228111
-64.246864
-64.237488
-64.240616
-64.240616
-64.237488
-64.237488
-64.243736
-64.249985
-64.26561
-64.246864
-64.249985
-64.253105
-64.228111
-64.243736
-64.246864
-64.243736
-64.259361
-64.246864
-64.231239
-64.237488
-64.221863
-64.212486
-64.231239
-64.212486
-64.228111
-64.221863
-64.206238
-64.231239
-64.234367
-64.240616
-64.259361
-64.237488
-64.234367
-64.240616
-64.240616
-64.224991
-64.224991
-64.240616
-64.218742
-64.234367
-64.228111
-64.224991
-64.224991
-64.228111
-64.246864
-64.246864
-64.26873
-64.259361
-64.234367
-64.237488
-64.231239
-64.259361
-64.218742
-64.203117
-64.224991
-64.224991
-64.231239
-64.240616
-64.234367
-64.249985
-64.246864
-64.234367
-64.240616
-64.231239
-64.234367
-64.218742
-64.203117
-64.212486
-64.206238
-64.206238
-64.196861
-64.199989
-64.196861
-64.221863
-64.221863
-64.231239
-64.243736
-64.234367
-64.203117
-64.218742
-64.221863
-64.228111
-64.253105
-64.246864
-64.228111
-64.243736
-64.231239
-64.237488
-64.234367
-64.243736
-64.234367
-64.234367
-64.240616
-64.243736
-64.249985
-64.246864
-64.253105
-64.278107
-64.246864
-64.249985
-64.246864
-64.256233
-64.271858
-64.243736
-64.249985
-64.26561
-64.253105
-64.253105
-64.259361
-64.243736
-64.246864
-64.246864
-64.228111
-64.228111
-64.237488
-64.249985
-64.26873
-64.287483
-64.287483
-64.287483
-64.29686
-64.29686
-64.26873
-64.26873
-64.246864
-64.256233
-64.240616
-64.246864
-64.246864
-64.253105
-64.262482
-64.274986
-64.293732
-64.293732
-64.26873
-64.259361
-64.246864
-64.262482
-64.253105
-64.253105
-64.243736
-64.243736
-64.259361
-64.259361
-64.26561
-64.26873
-64.246864
-64.240616
-64.240616
-64.224991
-64.218742
-64.228111
-64.215614
-64.224991
-64.224991
-64.218742
-64.231239
-64.215614
-64.218742
-64.212486
-64.196861
-64.199989
-64.243736
-64.246864
-64.259361
-64.259361
-64.237488
-64.243736
-64.246864
-64.243736
-64.259361
-64.26873
-64.246864
-64.246864
-64.256233
-64.240616
-64.256233
-64.259361
-64.281235
-64.293732
-64.303108
-64.315605
-64.340607
-64.315605
-64.309357
-64.29998
-64.287483
-64.287483
-64.29686
-64.293732
-64.29998
-64.29686
-64.26873
-64.290611
-64.309357
-64.281235
-64.306236
-64.309357
-64.29998
-64.29998
-64.284355
-64.29686
-64.29686
-64.290611
-64.290611
-64.303108
-64.309357
-64.29998
-64.312485
-64.306236
-64.29686
-64.29998
-64.303108
-64.29998
-64.274986
-64.271858
-64.274986
-64.26561
-64.26873
-64.249985
-64.246864
-64.262482
-64.26561
-64.287483
-64.284355
-64.287483
-64.271858
-64.278107
-64.259361
-64.271858
-64.278107
-64.293732
-64.26873
-64.26561
-64.259361
-64.246864
-64.240616
-64.237488
-64.237488
-64.237488
-64.218742
-64.215614
-64.218742
-64.231239
-64.246864
-64.271858
-64.259361
-64.256233
-64.240616
-64.228111
-64.221863
-64.243736
-64.246864
-64.253105
-64.243736
-64.231239
-64.240616
-64.253105
-64.246864
-64.234367
-64.259361
-64.253105
-64.271858
-64.26561
-64.26873
-64.262482
-64.262482
-64.246864
-64.243736
-64.246864
-64.243736
-64.256233
-64.228111
-64.240616
-64.240616
-64.209366
-64.240616
-64.243736
-64.228111
-64.240616
-64.259361
-64.246864
-64.246864
-64.231239
-64.246864
-64.246864
-64.259361
-64.271858
-64.29998
-64.306236
-64.29686
-64.284355
-64.26873
-64.26873
-64.262482
-64.281235
-64.293732
-64.287483
-64.293732
-64.284355
-64.290611
-64.284355
-64.26873
-64.278107
-64.271858
-64.262482
-64.259361
-64.26873
-64.26873
-64.262482
-64.259361
-64.26561
-64.259361
-64.271858
-64.26873
-64.259361
-64.26561
-64.26561
-64.249985
-64.281235
-64.26873
-64.243736
-64.228111
-64.218742
-64.212486
-64.231239
-64.231239
-64.237488
-64.240616
-64.240616
-64.253105
-64.240616
-64.221863
-64.234367
-64.26873
-64.26561
-64.26561
-64.249985
-64.249985
-64.256233
-64.246864
-64.253105
-64.243736
-64.240616
-64.234367
-64.234367
-64.246864
-64.246864
-64.246864
-64.256233
-64.234367
-64.262482
-64.262482
-64.246864
-64.249985
-64.234367
-64.246864
-64.243736
-64.243736
-64.231239
-64.253105
-64.246864
-64.243736
-64.246864
-64.237488
-64.237488
-64.228111
-64.228111
-64.240616
-64.237488
-64.215614
-64.218742
-64.203117
-64.193741
-64.206238
-64.221863
-64.215614
-64.234367
-64.231239
-64.215614
-64.228111
-64.212486
-64.224991
-64.218742
-64.228111
-64.237488
-64.231239
-64.212486
-64.215614
-64.209366
-64.203117
-64.228111
-64.206238
-64.221863
-64.224991
-64.218742
-64.234367
-64.228111
-64.237488
-64.221863
-64.209366
-64.224991
-64.234367
-64.228111
-64.218742
-64.206238
-64.209366
-64.224991
-64.243736
-64.221863
-64.228111
-64.221863
-64.221863
-64.228111
-64.228111
-64.231239
-64.237488
-64.237488
-64.249985
-64.243736
-64.246864
-64.262482
-64.253105
-64.246864
-64.256233
-64.256233
-64.240616
-64.228111
-64.209366
-64.209366
-64.203117
-64.215614
-64.187492
-64.221863
-64.215614
-64.199989
-64.206238
-64.199989
-64.190613
-64.184364
-64.165611
-64.187492
-64.193741
-64.209366
-64.199989
-64.203117
-64.203117
-64.209366
-64.215614
-64.215614
-64.218742
-64.240616
-64.224991
-64.243736
-64.26561
-64.259361
-64.249985
-64.256233
-64.259361
-64.284355
-64.262482
-64.259361
-64.246864
-64.253105
-64.246864
-64.246864
-64.246864
-64.224991
-64.246864
-64.246864
-64.243736
-64.256233
-64.246864
-64.262482
-64.26561
-64.249985
-64.274986
-64.262482
-64.253105
-64.259361
-64.253105
-64.246864
-64.253105
-64.243736
-64.231239
-64.228111
-64.215614
-64.215614
-64.224991
-64.221863
-64.228111
-64.228111
-64.218742
-64.221863
-64.218742
-64.199989
-64.221863
-64.228111
-64.228111
-64.234367
-64.228111
-64.231239
-64.224991
-64.212486
-64.221863
-64.218742
-64.209366
-64.224991
-64.243736
-64.246864
-64.271858
-64.26561
-64.243736
-64.249985
-64.243736
-64.262482
-64.253105
-64.256233
-64.246864
-64.256233
-64.253105
-64.231239
-64.243736
-64.243736
-64.243736
-64.234367
-64.240616
-64.246864
-64.256233
-64.249985
-64.281235
-64.274986
-64.246864
-64.253105
-64.256233
-64.243736
-64.246864
-64.237488
-64.234367
-64.274986
-64.281235
-64.249985
-64.259361
-64.253105
-64.234367
-64.231239
-64.231239
-64.221863
-64.237488
-64.228111
-64.228111
-64.218742
-64.234367
-64.231239
-64.231239
-64.203117
-64.231239
-64.221863
-64.228111
-64.231239
-64.215614
-64.221863
-64.237488
-64.221863
-64.237488
-64.234367
-64.231239
-64.221863
-64.246864
-64.243736
-64.234367
-64.221863
-64.212486
-64.215614
-64.199989
-64.212486
-64.228111
-64.253105
-64.228111
-64.246864
-64.234367
-64.237488
-64.246864
-64.256233
-64.26561
-64.262482
-64.259361
-64.259361
-64.246864
-64.243736
-64.249985
-64.246864
-64.246864
-64.249985
-64.243736
-64.246864
-64.259361
-64.246864
-64.259361
-64.246864
-64.237488
-64.246864
-64.26561
-64.262482
-64.26561
-64.281235
-64.278107
-64.26873
-64.284355
-64.281235
-64.290611
-64.303108
-64.315605
-64.303108
-64.312485
-64.318733
-64.324982
-64.318733
-64.321861
-64.321861
-64.321861
-64.32811
-64.343735
-64.315605
-64.303108
-64.324982
-64.309357
-64.29686
-64.274986
-64.26561
-64.26561
-64.278107
-64.26561
-64.246864
-64.243736
-64.231239
-64.259361
-64.246864
-64.243736
-64.249985
-64.246864
-64.253105
-64.249985
-64.256233
-64.271858
-64.29998
-64.309357
-64.284355
-64.287483
-64.287483
-64.284355
-64.29686
-64.290611
-64.293732
-64.284355
-64.278107
-64.274986
-64.278107
-64.271858
-64.274986
-64.237488
-64.231239
-64.237488
-64.246864
-64.246864
-64.256233
-64.246864
-64.246864
-64.246864
-64.243736
-64.249985
-64.271858
-64.26873
-64.271858
-64.271858
-64.262482
-64.262482
-64.246864
-64.246864
-64.26873
-64.253105
-64.249985
-64.271858
-64.259361
-64.271858
-64.278107
-64.278107
-64.281235
-64.271858
-64.262482
-64.253105
-64.246864
-64.246864
-64.262482
-64.253105
-64.249985
-64.271858
-64.26561
-64.246864
-64.240616
-64.246864
-64.246864
-64.243736
-64.231239
-64.224991
-64.224991
-64.224991
-64.231239
-64.228111
-64.237488
-64.228111
-64.240616
-64.246864
-64.249985
-64.234367
-64.218742
-64.240616
-64.262482
-64.26561
-64.287483
-64.259361
-64.246864
-64.249985
-64.240616
-64.234367
-64.243736
-64.237488
-64.231239
-64.243736
-64.234367
-64.246864
-64.259361
-64.253105
-64.271858
-64.246864
-64.237488
-64.243736
-64.234367
-64.231239
-64.231239
-64.246864
-64.237488
-64.259361
-64.240616
-64.243736
-64.246864
-64.221863
-64.215614
-64.234367
-64.224991
-64.237488
-64.240616
-64.234367
-64.243736
-64.228111
-64.231239
-64.231239
-64.240616
-64.237488
-64.256233
-64.224991
-64.243736
-64.237488
-64.246864
-64.243736
-64.259361
-64.262482
-64.274986
-64.253105
-64.249985
-64.26561
-64.274986
-64.256233
-64.262482
-64.259361
-64.231239
-64.228111
-64.215614
-64.221863
-64.228111
-64.246864
-64.249985
-64.246864
-64.221863
-64.228111
-64.231239
-64.234367
-64.231239
-64.240616
-64.218742
-64.212486
-64.209366
-64.196861
-64.196861
-64.196861
-64.184364
-64.203117
-64.196861
-64.206238
-64.193741
-64.187492
-64.168739
-64.165611
-64.178116
-64.190613
-64.206238
-64.206238
-64.215614
-64.221863
-64.209366
-64.212486
-64.206238
-64.206238
-64.203117
-64.218742
-64.187492
-64.187492
-64.187492
-64.190613
-64.203117
-64.199989
-64.193741
-64.162491
-64.184364
-64.153114
-64.159363
-64.146866
-64.165611
-64.181236
-64.146866
-64.178116
-64.159363
-64.162491
-64.156242
-64.146866
-64.146866
-64.162491
-64.162491
-64.165611
-64.153114
-64.156242
-64.143745
-64.174988
-64.159363
-64.174988
-64.171867
-64.156242
-64.181236
-64.168739
-64.162491
-64.171867
-64.156242
-64.159363
-64.171867
-64.156242
-64.143745
-64.149986
-64.137497
-64.156242
-64.146866
-64.146866
-64.12812
-64.140617
-64.153114
-64.171867
-64.159363
-64.146866
-64.159363
-64.165611
-64.146866
-64.159363
-64.143745
-64.140617
-64.140617
-64.146866
-64.137497
-64.162491
-64.146866
-64.140617
-64.137497
-64.146866
-64.146866
-64.153114
-64.165611
-64.168739
-64.181236
-64.184364
-64.190613
-64.196861
-64.171867
-64.168739
-64.165611
-64.171867
-64.165611
-64.162491
-64.156242
-64.181236
-64.165611
-64.184364
-64.190613
-64.184364
-64.178116
-64.193741
-64.193741
-64.196861
-64.209366
-64.193741
-64.209366
-64.199989
-64.190613
-64.221863
-64.212486
-64.156242
-64.178116
-64.174988
-64.181236
-64.168739
-64.178116
-64.184364
-64.193741
-64.184364
-64.178116
-64.199989
-64.190613
-64.181236
-64.184364
-64.199989
-64.187492
-64.224991
-64.215614
-64.221863
-64.215614
-64.209366
-64.193741
-64.193741
-64.174988
-64.187492
-64.209366
-64.193741
-64.206238
-64.193741
-64.203117
-64.224991
-64.237488
-64.246864
-64.259361
-64.240616
-64.237488
-64.228111
-64.231239
-64.237488
-64.243736
-64.234367
-64.240616
-64.212486
-64.218742
-64.234367
-64.246864
-64.240616
-64.246864
-64.237488
-64.246864
-64.234367
-64.221863
-64.203117
-64.215614
-64.212486
-64.218742
-64.234367
-64.228111
-64.215614
-64.218742
-64.215614
-64.221863
-64.231239
-64.218742
-64.218742
-64.209366
-64.193741
-64.231239
-64.218742
-64.196861
-64.184364
-64.196861
-64.199989
-64.221863
-64.209366
-64.209366
-64.209366
-64.215614
-64.224991
-64.215614
-64.209366
-64.218742
-64.203117
-64.193741
-64.209366
-64.187492
-64.199989
-64.193741
-64.190613
-64.178116
-64.203117
-64.206238
-64.212486
-64.212486
-64.212486
-64.206238
-64.209366
-64.196861
-64.187492
-64.193741
-64.187492
-64.181236
-64.184364
-64.206238
-64.224991
-64.209366
-64.221863
-64.246864
-64.215614
-64.224991
-64.237488
-64.221863
-64.234367
-64.234367
-64.218742
-64.203117
-64.209366
-64.221863
-64.209366
-64.212486
-64.218742
-64.199989
-64.187492
-64.199989
-64.196861
-64.199989
-64.193741
-64.193741
-64.196861
-64.187492
-64.181236
-64.153114
-64.171867
-64.162491
-64.146866
-64.178116
-64.171867
-64.156242
-64.162491
-64.168739
-64.165611
-64.178116
-64.156242
-64.168739
-64.162491
-64.162491
-64.156242
-64.171867
-64.171867
-64.178116
-64.190613
-64.196861
-64.190613
-64.206238
-64.209366
-64.206238
-64.203117
-64.206238
-64.203117
-64.178116
-64.181236
-64.184364
-64.146866
-64.137497
-64.159363
-64.140617
-64.146866
-64.149986
-64.12812
-64.143745
-64.146866
-64.137497
-64.159363
-64.156242
-64.165611
-64.168739
-64.159363
-64.156242
-64.156242
-64.165611
-64.165611
-64.171867
-64.174988
-64.165611
-64.181236
-64.190613
-64.168739
-64.181236
-64.181236
-64.187492
-64.184364
-64.168739
-64.165611
-64.159363
-64.178116
-64.162491
-64.174988
-64.168739
-64.156242
-64.178116
-64.174988
-64.159363
-64.174988
-64.171867
-64.168739
-64.159363
-64.146866
-64.162491
-64.171867
-64.174988
-64.171867
-64.168739
-64.165611
-64.168739
-64.153114
-64.168739
-64.171867
-64.153114
-64.149986
-64.165611
-64.159363
-64.162491
-64.165611
-64.174988
-64.174988
-64.168739
-64.143745
-64.134369
-64.146866
-64.143745
-64.12812
-64.140617
-64.143745
-64.143745
-64.159363
-64.134369
-64.143745
-64.146866
-64.149986
-64.146866
-64.146866
-64.146866
-64.168739
-64.143745
-64.146866
-64.137497
-64.153114
-64.184364
-64.190613
-64.190613
-64.181236
-64.168739
-64.165611
-64.159363
-64.159363
-64.178116
-64.178116
-64.181236
-64.178116
-64.168739
-64.146866
-64.153114
-64.159363
-64.149986
-64.174988
-64.146866
-64.137497
-64.137497
-64.137497
-64.146866
-64.159363
-64.159363
-64.153114
-64.162491
-64.184364
-64.184364
-64.206238
-64.218742
-64.209366
-64.206238
-64.215614
-64.209366
-64.196861
-64.221863
-64.215614
-64.215614
-64.193741
-64.218742
-64.224991
-64.224991
-64.224991
-64.228111
-64.206238
-64.203117
-64.193741
-64.196861
-64.203117
-64.209366
-64.203117
-64.199989
-64.203117
-64.199989
-64.209366
-64.203117
-64.224991
-64.224991
-64.224991
-64.243736
-64.228111
-64.187492
-64.206238
-64.196861
-64.184364
-64.199989
-64.190613
-64.193741
-64.187492
-64.184364
-64.193741
-64.168739
-64.168739
-64.156242
-64.149986
-64.171867
-64.199989
-64.174988
-64.168739
-64.165611
-64.146866
-64.159363
-64.146866
-64.165611
-64.171867
-64.196861
-64.168739
-64.184364
-64.196861
-64.196861
-64.196861
-64.221863
-64.203117
-64.221863
-64.221863
-64.212486
-64.218742
-64.212486
-64.231239
-64.246864
-64.237488
-64.240616
-64.221863
-64.243736
-64.243736
-64.234367
-64.243736
-64.246864
-64.243736
-64.237488
-64.240616
-64.234367
-64.228111
-64.215614
-64.215614
-64.221863
-64.206238
-64.224991
-64.228111
-64.243736
-64.246864
-64.240616
-64.253105
-64.224991
-64.215614
-64.209366
-64.209366
-64.218742
-64.209366
-64.231239
-64.231239
-64.228111
-64.228111
-64.237488
-64.224991
-64.224991
-64.237488
-64.246864
-64.234367
-64.231239
-64.228111
-64.206238
-64.212486
-64.215614
-64.218742
-64.228111
-64.215614
-64.209366
-64.206238
-64.212486
-64.221863
-64.221863
-64.221863
-64.228111
-64.228111
-64.221863
-64.240616
-64.234367
-64.231239
-64.218742
-64.224991
-64.246864
-64.256233
-64.234367
-64.259361
-64.274986
-64.274986
-64.259361
-64.259361
-64.234367
-64.246864
-64.228111
-64.221863
-64.231239
-64.234367
-64.237488
-64.237488
-64.215614
-64.187492
-64.196861
-64.209366
-64.206238
-64.199989
-64.206238
-64.206238
-64.224991
-64.218742
-64.218742
-64.218742
-64.228111
-64.218742
-64.206238
-64.178116
-64.178116
-64.143745
-64.124992
-64.106247
-64.084366
-64.062492
-64.056244
-64.046875
-64.043747
-64.028122
-63.996872
-63.981247
-63.996872
-63.996872
-63.971874
-63.993748
-63.959373
-63.953125
-63.943752
-63.925003
-63.928127
-63.937504
-63.90313
-63.909378
-63.91563
-63.90313
-63.88438
-63.900005
-63.909378
-63.931255
-63.940628
-63.940628
-63.93438
-63.918755
-63.909378
-63.940628
-63.931255
-63.931255
-63.953125
-63.928127
-63.943752
-63.946873
-63.953125
-63.962498
-63.959373
-63.956249
-63.949997
-63.931255
-63.946873
-63.940628
-63.928127
-63.925003
-63.918755
-63.921879
-63.900005
-63.91563
-63.896877
-63.896877
-63.912502
-63.921879
-63.943752
-63.928127
-63.931255
-63.946873
-63.946873
-63.940628
-63.949997
-63.946873
-63.949997
-63.959373
-63.946873
-63.96875
-63.990623
-63.965622
-63.962498
-63.962498
-63.946873
-63.965622
-63.962498
-63.962498
-63.946873
-63.946873
-63.93438
-63.953125
-63.965622
-63.96875
-63.984375
-63.953125
-63.965622
-63.96875
-63.962498
-63.946873
-63.962498
-63.959373
-63.959373
-63.965622
-63.943752
-63.959373
-63.971874
-63.993748
-63.996872
-63.993748
-63.996872
-63.996872
-63.978123
-63.990623
-63.996872
-63.990623
-63.984375
-63.996872
-63.996872
-63.996872
-64.03125
-63.996872
-63.990623
-63.981247
-63.978123
-63.990623
-63.984375
-63.987499
-63.987499
-63.981247
-63.965622
-63.981247
-63.987499
-63.971874
-63.971874
-63.990623
-63.981247
-63.996872
-64.009377
-63.996872
-63.993748
-63.996872
-64.009377
-64.03125
-64.043747
-64.037498
-64.046875
-64.046875
-64.03437
-64.03125
-64.012497
-64.006248
-64.028122
-64.046875
-64.053116
-64.046875
-64.043747
-64.053116
-64.046875
-64.046875
-64.015625
-64.037498
-64.03437
-64.025002
-63.996872
-64.021873
-64.021873
-63.993748
-64.009377
-64.00312
-63.996872
-64.009377
-64.037498
-64.03125
-64.043747
-64.021873
-64.021873
-64.028122
-64.03437
-64.040627
-64.021873
-64.009377
-64.015625
-64.037498
-64.03125
-64.03437
-64.06562
-64.046875
-64.046875
-64.037498
-64.046875
-64.06562
-64.056244
-64.046875
-64.090622
-64.081245
-64.084366
-64.068741
-64.06562
-64.068741
-64.059372
-64.053116
-64.087494
-64.081245
-64.087494
-64.09687
-64.109367
-64.103119
-64.115616
-64.121872
-64.103119
-64.109367
-64.112495
-64.09687
-64.093742
-64.090622
-64.087494
-64.084366
-64.09687
-64.093742
-64.109367
-64.103119
-64.099991
-64.112495
-64.099991
-64.093742
-64.103119
-64.112495
-64.09687
-64.106247
-64.099991
-64.112495
-64.090622
-64.087494
-64.087494
-64.093742
-64.09687
-64.09687
-64.09687
-64.112495
-64.115616
-64.121872
-64.121872
-64.156242
-64.146866
-64.146866
-64.137497
-64.09687
-64.09687
-64.106247
-64.090622
-64.09687
-64.112495
-64.109367
-64.106247
-64.09687
-64.090622
-64.103119
-64.109367
-64.099991
-64.109367
-64.099991
-64.09687
-64.09687
-64.09687
-64.099991
-64.112495
-64.090622
-64.143745
-64.143745
-64.109367
-64.112495
-64.109367
-64.09687
-64.093742
-64.09687
-64.099991
-64.093742
-64.084366
-64.071869
-64.090622
-64.084366
-64.087494
-64.09687
-64.090622
-64.087494
-64.087494
-64.087494
-64.081245
-64.087494
-64.078117
-64.09687
-64.09687
-64.099991
-64.109367
-64.137497
-64.140617
-64.146866
-64.181236
-64.165611
-64.178116
-64.149986
-64.168739
-64.178116
-64.159363
-64.168739
-64.174988
-64.162491
-64.171867
-64.12812
-64.156242
-64.162491
-64.165611
-64.174988
-64.168739
-64.171867
-64.153114
-64.162491
-64.146866
-64.146866
-64.159363
-64.156242
-64.187492
-64.199989
-64.184364
-64.187492
-64.178116
-64.199989
-64.199989
-64.212486
-64.203117
-64.190613
-64.181236
-64.171867
-64.181236
-64.171867
-64.165611
-64.190613
-64.187492
-64.190613
-64.199989
-64.212486
-64.209366
-64.218742
-64.206238
-64.199989
-64.228111
-64.209366
-64.224991
-64.212486
-64.209366
-64.218742
-64.206238
-64.174988
-64.184364
-64.199989
-64.196861
-64.203117
-64.196861
-64.181236
-64.199989
-64.181236
-64.190613
-64.199989
-64.203117
-64.218742
-64.203117
-64.196861
-64.209366
-64.206238
-64.206238
-64.193741
-64.190613
-64.171867
-64.181236
-64.187492
-64.171867
-64.187492
-64.199989
-64.209366
-64.215614
-64.218742
-64.196861
-64.206238
-64.209366
-64.206238
-64.228111
-64.218742
-64.218742
-64.221863
-64.206238
-64.228111
-64.218742
-64.209366
-64.212486
-64.206238
-64.240616
-64.246864
-64.234367
-64.253105
-64.246864
-64.240616
-64.253105
-64.246864
-64.234367
-64.228111
-64.231239
-64.206238
-64.209366
-64.215614
-64.221863
-64.228111
-64.240616
-64.231239
-64.26561
-64.249985
-64.240616
-64.243736
-64.243736
-64.228111
-64.196861
-64.206238
-64.193741
-64.196861
-64.190613
-64.178116
-64.215614
-64.199989
-64.199989
-64.206238
-64.190613
-64.215614
-64.196861
-64.181236
-64.196861
-64.165611
-64.187492
-64.187492
-64.199989
-64.212486
-64.212486
-64.203117
-64.196861
-64.196861
-64.190613
-64.178116
-64.193741
-64.168739
-64.193741
-64.184364
-64.184364
-64.209366
-64.228111
-64.218742
-64.190613
-64.206238
-64.199989
-64.212486
-64.206238
-64.228111
-64.218742
-64.199989
-64.218742
-64.190613
-64.174988
-64.168739
-64.171867
-64.165611
-64.181236
-64.181236
-64.168739
-64.206238
-64.224991
-64.190613
-64.218742
-64.224991
-64.212486
-64.215614
-64.199989
-64.206238
-64.215614
-64.212486
-64.224991
-64.240616
-64.224991
-64.237488
-64.234367
-64.228111
-64.228111
-64.240616
-64.262482
-64.259361
-64.253105
-64.249985
-64.249985
-64.253105
-64.274986
-64.271858
-64.274986
-64.284355
-64.281235
-64.278107
-64.246864
-64.262482
-64.234367
-64.243736
-64.231239
-64.215614
-64.231239
-64.237488
-64.243736
-64.246864
-64.237488
-64.237488
-64.249985
-64.237488
-64.240616
-64.246864
-64.237488
-64.246864
-64.231239
-64.221863
-64.240616
-64.246864
-64.246864
-64.231239
-64.246864
-64.234367
-64.284355
-64.281235
-64.26873
-64.287483
-64.249985
-64.271858
-64.26873
-64.253105
-64.253105
-64.249985
-64.246864
-64.253105
-64.234367
-64.246864
-64.253105
-64.259361
-64.281235
-64.281235
-64.287483
-64.284355
-64.29686
-64.29686
-64.290611
-64.29686
-64.293732
-64.274986
-64.290611
-64.29686
-64.29686
-64.312485
-64.29686
-64.29686
-64.29998
-64.312485
-64.29686
-64.29686
-64.303108
-64.312485
-64.312485
-64.312485
-64.324982
-64.312485
-64.29686
-64.306236
-64.321861
-64.306236
-64.303108
-64.29686
-64.293732
-64.281235
-64.284355
-64.284355
-64.281235
-64.287483
-64.303108
-64.29686
-64.306236
-64.29686
-64.29686
-64.278107
-64.271858
-64.284355
-64.274986
-64.26873
-64.271858
-64.240616
-64.26561
-64.262482
-64.293732
-64.281235
-64.259361
-64.271858
-64.26561
-64.246864
-64.26561
-64.281235
-64.271858
-64.26561
-64.259361
-64.262482
-64.281235
-64.284355
-64.26873
-64.281235
-64.271858
-64.278107
-64.293732
-64.278107
-64.278107
-64.287483
-64.29686
-64.271858
-64.26561
-64.26873
-64.262482
-64.262482
-64.253105
-64.249985
-64.26561
-64.256233
-64.246864
-64.246864
-64.249985
-64.256233
-64.249985
-64.228111
-64.240616
-64.234367
-64.218742
-64.212486
-64.228111
-64.246864
-64.249985
-64.228111
-64.224991
-64.243736
-64.215614
-64.224991
-64.237488
-64.231239
-64.231239
-64.234367
-64.228111
-64.224991
-64.224991
-64.224991
-64.224991
-64.243736
-64.253105
-64.246864
-64.262482
-64.262482
-64.253105
-64.246864
-64.262482
-64.246864
-64.246864
-64.262482
-64.249985
-64.256233
-64.246864
-64.259361
-64.262482
-64.262482
-64.271858
-64.284355
-64.274986
-64.26873
-64.26873
-64.278107
-64.253105
-64.26873
-64.284355
-64.256233
-64.240616
-64.237488
-64.224991
-64.221863
-64.221863
-64.212486
-64.243736
-64.243736
-64.234367
-64.228111
-64.237488
-64.228111
-64.240616
-64.231239
-64.221863
-64.246864
-64.228111
-64.209366
-64.231239
-64.228111
-64.234367
-64.234367
-64.212486
-64.237488
-64.246864
-64.240616
-64.262482
-64.256233
-64.262482
-64.256233
-64.259361
-64.274986
-64.281235
-64.287483
-64.271858
-64.29686
-64.293732
-64.284355
-64.26873
-64.26561
-64.271858
-64.253105
-64.243736
-64.246864
-64.231239
-64.234367
-64.249985
-64.246864
-64.243736
-64.240616
-64.246864
-64.231239
-64.262482
-64.246864
-64.231239
-64.249985
-64.231239
-64.243736
-64.246864
-64.246864
-64.234367
-64.246864
-64.234367
-64.234367
-64.231239
-64.246864
-64.262482
-64.243736
-64.246864
-64.246864
-64.240616
-64.246864
-64.246864
-64.240616
-64.212486
-64.228111
-64.237488
-64.224991
-64.231239
-64.240616
-64.234367
-64.228111
-64.212486
-64.221863
-64.221863
-64.221863
-64.215614
-64.212486
-64.196861
-64.228111
-64.224991
-64.240616
-64.228111
-64.234367
-64.228111
-64.234367
-64.237488
-64.246864
-64.249985
-64.243736
-64.237488
-64.240616
-64.243736
-64.249985
-64.234367
-64.212486
-64.203117
-64.218742
-64.196861
-64.215614
-64.231239
-64.221863
-64.228111
-64.231239
-64.231239
-64.253105
-64.243736
-64.246864
-64.246864
-64.246864
-64.237488
-64.246864
-64.240616
-64.221863
-64.203117
-64.218742
-64.231239
-64.237488
-64.253105
-64.253105
-64.228111
-64.231239
-64.240616
-64.246864
-64.262482
-64.256233
-64.249985
-64.256233
-64.243736
-64.240616
-64.246864
-64.256233
-64.262482
-64.253105
-64.26873
-64.243736
-64.259361
-64.243736
-64.237488
-64.234367
-64.224991
-64.240616
-64.249985
-64.26873
-64.284355
-64.284355
-64.278107
-64.262482
-64.259361
-64.240616
-64.253105
-64.237488
-64.228111
-64.246864
-64.246864
-64.246864
-64.249985
-64.253105
-64.240616
-64.253105
-64.256233
-64.262482
-64.26873
-64.26873
-64.281235
-64.281235
-64.284355
-64.29686
-64.306236
-64.303108
-64.321861
-64.303108
-64.26873
-64.287483
-64.290611
-64.26873
-64.281235
-64.293732
-64.290611
-64.321861
-64.306236
-64.306236
-64.29686
-64.29686
-64.290611
-64.290611
-64.274986
-64.271858
-64.262482
-64.26873
-64.284355
-64.274986
-64.287483
-64.309357
-64.312485
-64.306236
-64.309357
-64.318733
-64.318733
-64.303108
-64.306236
-64.303108
-64.32811
-64.303108
-64.312485
-64.32811
-64.29998
-64.29686
-64.29686
-64.29686
-64.29686
-64.29686
-64.284355
-64.303108
-64.287483
-64.287483
-64.287483
-64.281235
-64.284355
-64.29998
-64.29998
-64.281235
-64.29686
-64.29686
-64.293732
-64.29686
-64.29686
-64.281235
-64.271858
-64.287483
-64.29686
-64.309357
-64.29686
-64.29686
-64.303108
-64.278107
-64.290611
-64.284355
-64.29686
-64.303108
-64.290611
-64.29686
-64.290611
-64.281235
-64.256233
-64.271858
-64.262482
-64.26561
-64.249985
-64.240616
-64.256233
-64.271858
-64.26873
-64.259361
-64.271858
-64.278107
-64.293732
-64.290611
-64.287483
-64.293732
-64.293732
-64.29998
-64.284355
-64.287483
-64.278107
-64.262482
-64.26873
-64.253105
-64.271858
-64.253105
-64.262482
-64.278107
-64.284355
-64.274986
-64.278107
-64.274986
-64.278107
-64.287483
-64.290611
-64.293732
-64.287483
-64.287483
-64.262482
-64.253105
-64.259361
-64.256233
-64.256233
-64.262482
-64.29686
-64.271858
-64.26873
-64.290611
-64.26873
-64.274986
-64.253105
-64.26873
-64.290611
-64.281235
-64.287483
-64.29686
-64.278107
-64.271858
-64.284355
-64.278107
-64.26873
-64.271858
-64.26873
-64.26561
-64.26873
-64.271858
-64.281235
-64.284355
-64.29686
-64.306236
-64.321861
-64.303108
-64.321861
-64.321861
-64.29686
-64.29998
-64.334358
-64.312485
-64.309357
-64.29998
-64.309357
-64.312485
-64.309357
-64.315605
-64.309357
-64.29686
-64.293732
-64.309357
-64.306236
-64.29998
-64.312485
-64.29686
-64.29998
-64.312485
-64.321861
-64.29686
-64.321861
-64.312485
-64.334358
-64.315605
-64.29686
-64.303108
-64.29686
-64.309357
-64.321861
-64.321861
-64.318733
-64.312485
-64.29686
-64.315605
-64.303108
-64.29998
-64.29686
-64.312485
-64.303108
-64.321861
-64.346855
-64.32811
-64.318733
-64.321861
-64.309357
-64.334358
-64.337486
-64.340607
-64.349976
-64.365601
-64.365601
-64.371857
-64.36248
-64.349976
-64.33123
-64.33123
-64.33123
-64.349976
-64.371857
-64.36248
-64.334358
-64.337486
-64.334358
-64.334358
-64.33123
-64.340607
-64.343735
-64.334358
-64.346855
-64.353104
-64.371857
-64.353104
-64.346855
-64.346855
-64.36248
-64.356232
-64.349976
-64.346855
-64.340607
-64.334358
-64.343735
-64.32811
-64.334358
-64.318733
-64.334358
-64.29686
-64.309357
-64.321861
-64.318733
-64.306236
-64.315605
-64.315605
-64.321861
-64.340607
-64.337486
-64.324982
-64.346855
-64.36248
-64.33123
-64.340607
-64.340607
-64.346855
-64.349976
-64.340607
-64.337486
-64.36248
-64.36248
-64.356232
-64.378105
-64.356232
-64.349976
-64.353104
-64.346855
-64.353104
-64.36248
-64.36248
-64.371857
-64.359352
-64.359352
-64.36248
-64.340607
-64.337486
-64.343735
-64.346855
-64.346855
-64.334358
-64.343735
-64.334358
-64.343735
-64.343735
-64.346855
-64.343735
-64.356232
-64.334358
-64.324982
-64.309357
-64.346855
-64.340607
-64.32811
-64.321861
-64.334358
-64.33123
-64.337486
-64.324982
-64.324982
-64.324982
-64.318733
-64.315605
-64.309357
-64.324982
-64.306236
-64.343735
-64.33123
-64.32811
-64.343735
-64.324982
-64.337486
-64.306236
-64.29686
-64.306236
-64.324982
-64.340607
-64.365601
-64.346855
-64.346855
-64.340607
-64.33123
-64.340607
-64.33123
-64.340607
-64.371857
-64.378105
-64.368729
-64.371857
-64.368729
-64.343735
-64.353104
-64.356232
-64.346855
-64.349976
-64.356232
-64.359352
-64.356232
-64.343735
-64.346855
-64.359352
-64.337486
-64.33123
-64.346855
-64.334358
-64.343735
-64.346855
-64.324982
-64.340607
-64.334358
-64.315605
-64.334358
-64.346855
-64.337486
-64.346855
-64.343735
-64.324982
-64.33123
-64.324982
-64.315605
-64.340607
-64.324982
-64.312485
-64.33123
-64.343735
-64.346855
-64.343735
-64.334358
-64.359352
-64.349976
-64.353104
-64.346855
-64.346855
-64.33123
-64.346855
-64.346855
-64.337486
-64.346855
-64.32811
-64.33123
-64.321861
-64.318733
-64.312485
-64.287483
-64.312485
-64.318733
-64.315605
-64.318733
-64.334358
-64.340607
-64.337486
-64.346855
-64.343735
-64.32811
-64.32811
-64.315605
-64.303108
-64.303108
-64.29686
-64.29686
-64.29686
-64.274986
-64.281235
-64.287483
-64.278107
-64.281235
-64.290611
-64.29686
-64.318733
-64.312485
-64.315605
-64.334358
-64.321861
-64.340607
-64.32811
-64.312485
-64.293732
-64.315605
-64.309357
-64.312485
-64.29998
-64.29686
-64.303108
-64.29686
-64.29686
-64.290611
-64.287483
-64.29686
-64.312485
-64.303108
-64.29686
-64.293732
-64.306236
-64.284355
-64.312485
-64.281235
-64.281235
-64.271858
-64.271858
-64.271858
-64.287483
-64.259361
-64.259361
-64.249985
-64.253105
-64.262482
-64.284355
-64.29686
-64.318733
-64.29686
-64.290611
-64.306236
-64.278107
-64.259361
-64.278107
-64.290611
-64.281235
-64.287483
-64.274986
-64.262482
-64.271858
-64.240616
-64.246864
-64.243736
-64.246864
-64.218742
-64.243736
-64.228111
-64.234367
-64.231239
-64.209366
-64.246864
-64.246864
-64.224991
-64.243736
-64.249985
-64.259361
-64.246864
-64.240616
-64.234367
-64.234367
-64.246864
-64.253105
-64.246864
-64.234367
-64.228111
-64.231239
-64.203117
-64.228111
-64.237488
-64.240616
-64.231239
-64.246864
-64.246864
-64.256233
-64.234367
-64.234367
-64.209366
-64.199989
-64.218742
-64.224991
-64.231239
-64.228111
-64.237488
-64.231239
-64.240616
-64.253105
-64.246864
-64.243736
-64.243736
-64.231239
-64.221863
-64.228111
-64.243736
-64.253105
-64.240616
-64.228111
-64.221863
-64.224991
-64.240616
-64.234367
-64.221863
-64.228111
-64.243736
-64.234367
-64.221863
-64.237488
-64.231239
-64.240616
-64.237488
-64.240616
-64.246864
-64.246864
-64.246864
-64.246864
-64.246864
-64.249985
-64.249985
-64.243736
-64.237488
-64.246864
-64.224991
-64.240616
-64.231239
-64.243736
-64.234367
-64.259361
-64.249985
-64.271858
-64.262482
-64.256233
-64.271858
-64.271858
-64.271858
-64.281235
-64.278107
-64.287483
-64.29686
-64.303108
-64.303108
-64.312485
-64.315605
-64.306236
-64.340607
-64.315605
-64.306236
-64.303108
-64.293732
-64.306236
-64.312485
-64.303108
-64.290611
-64.284355
-64.29686
-64.281235
-64.284355
-64.281235
-64.281235
-64.271858
-64.274986
-64.274986
-64.271858
-64.29686
-64.281235
-64.29686
-64.312485
-64.306236
-64.309357
-64.324982
-64.321861
-64.334358
-64.318733
-64.29998
-64.303108
-64.318733
-64.306236
-64.306236
-64.29686
-64.29686
-64.284355
-64.29686
-64.29998
-64.29998
-64.318733
-64.337486
-64.33123
-64.340607
-64.324982
-64.32811
-64.315605
-64.29686
-64.290611
-64.293732
-64.274986
-64.26873
-64.287483
-64.284355
-64.293732
-64.281235
-64.29686
-64.303108
-64.290611
-64.315605
-64.309357
-64.303108
-64.318733
-64.315605
-64.312485
-64.309357
-64.337486
-64.309357
-64.334358
-64.33123
-64.324982
-64.315605
-64.315605
-64.315605
-64.309357
-64.315605
-64.306236
-64.337486
-64.312485
-64.324982
-64.315605
-64.33123
-64.309357
-64.318733
-64.318733
-64.315605
-64.324982
-64.306236
-64.309357
-64.29686
-64.303108
-64.293732
-64.290611
-64.29686
-64.306236
-64.33123
-64.340607
-64.343735
-64.337486
-64.337486
-64.312485
-64.321861
-64.324982
-64.324982
-64.321861
-64.324982
-64.29998
-64.29686
-64.309357
-64.32811
-64.321861
-64.312485
-64.33123
-64.324982
-64.337486
-64.33123
-64.334358
-64.321861
-64.29686
-64.321861
-64.315605
-64.29686
-64.290611
-64.287483
-64.29686
-64.29686
-64.26873
-64.287483
-64.290611
-64.33123
-64.334358
-64.346855
-64.349976
-64.359352
-64.346855
-64.343735
-64.334358
-64.349976
-64.33123
-64.33123
-64.32811
-64.318733
-64.32811
-64.321861
-64.29686
-64.278107
-64.293732
-64.259361
-64.262482
-64.26873
-64.271858
-64.259361
-64.274986
-64.26561
-64.281235
-64.287483
-64.287483
-64.278107
-64.274986
-64.246864
-64.246864
-64.253105
-64.259361
-64.26561
-64.274986
-64.293732
-64.284355
-64.281235
-64.281235
-64.26873
-64.26873
-64.29686
-64.281235
-64.271858
-64.293732
-64.284355
-64.281235
-64.293732
-64.290611
-64.293732
-64.29998
-64.290611
-64.293732
-64.293732
-64.303108
-64.284355
-64.293732
-64.284355
-64.278107
-64.271858
-64.26561
-64.26873
-64.262482
-64.278107
-64.259361
-64.274986
-64.259361
-64.281235
-64.29686
-64.29686
-64.290611
-64.262482
-64.274986
-64.259361
-64.262482
-64.290611
-64.274986
-64.256233
-64.262482
-64.249985
-64.234367
-64.262482
-64.278107
-64.259361
-64.26873
-64.246864
-64.224991
-64.224991
-64.228111
-64.240616
-64.246864
-64.256233
-64.246864
-64.246864
-64.243736
-64.231239
-64.262482
-64.246864
-64.246864
-64.240616
-64.246864
-64.256233
-64.253105
-64.246864
-64.231239
-64.231239
-64.234367
-64.243736
-64.224991
-64.243736
-64.231239
-64.231239
-64.234367
-64.231239
-64.215614
-64.228111
-64.228111
-64.221863
-64.234367
-64.234367
-64.234367
-64.246864
-64.26873
-64.256233
-64.26873
-64.253105
-64.246864
-64.246864
-64.240616
-64.237488
-64.246864
-64.259361
-64.262482
-64.256233
-64.256233
-64.287483
-64.281235
-64.271858
-64.26873
-64.256233
-64.249985
-64.284355
-64.249985
-64.243736
-64.243736
-64.221863
-64.228111
-64.237488
-64.234367
-64.234367
-64.231239
-64.224991
-64.234367
-64.221863
-64.209366
-64.228111
-64.199989
-64.199989
-64.206238
-64.212486
-64.209366
-64.224991
-64.243736
-64.228111
-64.237488
-64.206238
-64.231239
-64.231239
-64.224991
-64.231239
-64.237488
-64.228111
-64.234367
-64.259361
-64.221863
-64.228111
-64.249985
-64.221863
-64.243736
-64.237488
-64.218742
-64.221863
-64.221863
-64.228111
-64.231239
-64.218742
-64.218742
-64.221863
-64.234367
-64.221863
-64.209366
-64.212486
-64.209366
-64.196861
-64.190613
-64.184364
-64.184364
-64.184364
-64.212486
-64.203117
-64.190613
-64.196861
-64.206238
-64.206238
-64.212486
-64.224991
-64.218742
-64.224991
-64.224991
-64.215614
-64.212486
-64.218742
-64.215614
-64.215614
-64.196861
-64.174988
-64.178116
-64.193741
-64.174988
-64.184364
-64.196861
-64.203117
-64.212486
-64.215614
-64.237488
-64.221863
-64.206238
-64.196861
-64.187492
-64.187492
-64.184364
-64.178116
-64.171867
-64.190613
-64.156242
-64.174988
-64.171867
-64.190613
-64.196861
-64.184364
-64.178116
-64.181236
-64.187492
-64.181236
-64.203117
-64.190613
-64.181236
-64.203117
-64.184364
-64.171867
-64.193741
-64.181236
-64.174988
-64.181236
-64.187492
-64.184364
-64.199989
-64.184364
-64.203117
-64.187492
-64.174988
-64.187492
-64.165611
-64.165611
-64.184364
-64.174988
-64.190613
-64.196861
-64.181236
-64.181236
-64.178116
-64.174988
-64.171867
-64.184364
-64.162491
-64.178116
-64.171867
-64.165611
-64.190613
-64.196861
-64.193741
-64.187492
-64.171867
-64.184364
-64.187492
-64.165611
-64.178116
-64.181236
-64.171867
-64.162491
-64.159363
-64.137497
-64.146866
-64.159363
-64.143745
-64.140617
-64.140617
-64.149986
-64.162491
-64.143745
-64.156242
-64.168739
-64.153114
-64.134369
-64.146866
-64.146866
-64.153114
-64.156242
-64.174988
-64.156242
-64.162491
-64.156242
-64.159363
-64.159363
-64.184364
-64.193741
-64.193741
-64.209366
-64.221863
-64.221863
-64.203117
-64.212486
-64.215614
-64.206238
-64.209366
-64.209366
-64.203117
-64.221863
-64.199989
-64.209366
-64.218742
-64.234367
-64.231239
-64.237488
-64.209366
-64.206238
-64.206238
-64.196861
-64.212486
-64.218742
-64.209366
-64.206238
-64.196861
-64.199989
-64.215614
-64.209366
-64.212486
-64.218742
-64.212486
-64.212486
-64.228111
-64.212486
-64.206238
-64.203117
-64.203117
-64.203117
-64.193741
-64.196861
-64.215614
-64.221863
-64.199989
-64.199989
-64.203117
-64.193741
-64.203117
-64.209366
-64.212486
-64.203117
-64.184364
-64.178116
-64.199989
-64.171867
-64.178116
-64.181236
-64.187492
-64.203117
-64.193741
-64.184364
-64.199989
-64.193741
-64.190613
-64.181236
-64.190613
-64.193741
-64.203117
-64.190613
-64.196861
-64.206238
-64.199989
-64.209366
-64.206238
-64.212486
-64.206238
-64.209366
-64.196861
-64.209366
-64.224991
-64.212486
-64.212486
-64.218742
-64.221863
-64.246864
-64.237488
-64.246864
-64.246864
-64.246864
-64.246864
-64.249985
-64.262482
-64.256233
-64.281235
-64.278107
-64.290611
-64.26873
-64.240616
-64.243736
-64.246864
-64.234367
-64.237488
-64.240616
-64.224991
-64.228111
-64.243736
-64.246864
-64.240616
-64.259361
-64.253105
-64.259361
-64.249985
-64.246864
-64.240616
-64.234367
-64.228111
-64.231239
-64.228111
-64.246864
-64.246864
-64.253105
-64.240616
-64.228111
-64.221863
-64.215614
-64.218742
-64.206238
-64.228111
-64.218742
-64.228111
-64.231239
-64.190613
-64.196861
-64.206238
-64.196861
-64.187492
-64.206238
-64.187492
-64.203117
-64.218742
-64.193741
-64.199989
-64.209366
-64.212486
-64.206238
-64.234367
-64.231239
-64.246864
-64.224991
-64.221863
-64.26561
-64.259361
-64.246864
-64.237488
-64.224991
-64.231239
-64.249985
-64.249985
-64.221863
-64.249985
-64.234367
-64.243736
-64.243736
-64.240616
-64.246864
-64.234367
-64.237488
-64.237488
-64.234367
-64.240616
-64.249985
-64.246864
-64.256233
-64.278107
-64.271858
-64.281235
-64.274986
-64.26873
-64.246864
-64.256233
-64.234367
-64.234367
-64.224991
-64.218742
-64.243736
-64.26561
-64.237488
-64.256233
-64.271858
-64.26561
-64.259361
-64.249985
-64.253105
-64.240616
-64.240616
-64.259361
-64.243736
-64.246864
-64.240616
-64.246864
-64.243736
-64.256233
-64.240616
-64.246864
-64.243736
-64.243736
-64.237488
-64.243736
-64.221863
-64.240616
-64.246864
-64.243736
-64.246864
-64.246864
-64.249985
-64.246864
-64.26561
-64.253105
-64.249985
-64.237488
-64.240616
-64.234367
-64.243736
-64.224991
-64.243736
-64.259361
-64.253105
-64.240616
-64.240616
-64.240616
-64.243736
-64.240616
-64.221863
-64.246864
-64.240616
-64.234367
-64.231239
-64.243736
-64.231239
-64.26873
-64.259361
-64.249985
-64.234367
-64.246864
-64.256233
-64.246864
-64.243736
-64.246864
-64.240616
-64.224991
-64.212486
-64.231239
-64.243736
-64.240616
-64.240616
-64.246864
-64.246864
-64.237488
-64.243736
-64.256233
-64.231239
-64.246864
-64.246864
-64.287483
-64.26873
-64.26561
-64.262482
-64.278107
-64.246864
-64.246864
-64.26561
-64.262482
-64.256233
-64.237488
-64.212486
-64.193741
-64.196861
-64.218742
-64.224991
-64.209366
-64.199989
-64.206238
-64.212486
-64.215614
-64.224991
-64.253105
-64.196861
-64.209366
-64.196861
-64.187492
-64.206238
-64.187492
-64.181236
-64.178116
-64.196861
-64.209366
-64.224991
-64.240616
-64.246864
-64.234367
-64.212486
-64.224991
-64.228111
-64.215614
-64.221863
-64.212486
-64.212486
-64.234367
-64.193741
-64.196861
-64.209366
-64.196861
-64.206238
-64.209366
-64.190613
-64.199989
-64.209366
-64.203117
-64.212486
-64.221863
-64.218742
-64.221863
-64.231239
-64.228111
-64.240616
-64.221863
-64.209366
-64.228111
-64.224991
-64.231239
-64.228111
-64.218742
-64.228111
-64.218742
-64.215614
-64.196861
-64.215614
-64.187492
-64.203117
-64.228111
-64.209366
-64.221863
-64.237488
-64.212486
-64.199989
-64.203117
-64.193741
-64.178116
-64.184364
-64.212486
-64.231239
-64.221863
-64.224991
-64.240616
-64.209366
-64.212486
-64.218742
-64.215614
-64.224991
-64.228111
-64.234367
-64.224991
-64.237488
-64.234367
-64.240616
-64.206238
-64.206238
-64.215614
-64.206238
-64.196861
-64.215614
-64.203117
-64.221863
-64.209366
-64.203117
-64.203117
-64.215614
-64.206238
-64.212486
-64.209366
-64.196861
-64.193741
-64.181236
-64.153114
-64.159363
-64.174988
-64.168739
-64.181236
-64.168739
-64.146866
-64.165611
-64.156242
-64.168739
-64.193741
-64.187492
-64.184364
-64.193741
-64.187492
-64.178116
-64.190613
-64.190613
-64.203117
-64.190613
-64.203117
-64.221863
-64.203117
-64.203117
-64.190613
-64.174988
-64.199989
-64.193741
-64.187492
-64.187492
-64.187492
-64.190613
-64.190613
-64.196861
-64.212486
-64.218742
-64.218742
-64.215614
-64.212486
-64.206238
-64.215614
-64.209366
-64.209366
-64.199989
-64.209366
-64.199989
-64.203117
-64.221863
-64.212486
-64.218742
-64.218742
-64.224991
-64.196861
-64.193741
-64.190613
-64.181236
-64.193741
-64.193741
-64.181236
-64.193741
-64.168739
-64.181236
-64.174988
-64.187492
-64.212486
-64.221863
-64.199989
-64.209366
-64.212486
-64.209366
-64.199989
-64.199989
-64.196861
-64.199989
-64.212486
-64.234367
-64.218742
-64.196861
-64.196861
-64.218742
-64.218742
-64.203117
-64.206238
-64.199989
-64.181236
-64.178116
-64.171867
-64.174988
-64.178116
-64.171867
-64.190613
-64.174988
-64.178116
-64.181236
-64.196861
-64.206238
-64.190613
-64.196861
-64.193741
-64.196861
-64.184364
-64.178116
-64.196861
-64.181236
-64.168739
-64.168739
-64.168739
-64.196861
-64.184364
-64.184364
-64.190613
-64.184364
-64.184364
-64.156242
-64.162491
-64.178116
-64.168739
-64.165611
-64.168739
-64.153114
-64.168739
-64.171867
-64.162491
-64.168739
-64.171867
-64.178116
-64.178116
-64.199989
-64.184364
-64.199989
-64.196861
-64.212486
-64.196861
-64.209366
-64.199989
-64.199989
-64.231239
-64.212486
-64.237488
-64.240616
-64.240616
-64.228111
-64.209366
-64.206238
-64.228111
-64.193741
-64.190613
-64.181236
-64.178116
-64.171867
-64.203117
-64.199989
-64.193741
-64.187492
-64.199989
-64.193741
-64.206238
-64.212486
-64.231239
-64.203117
-64.196861
-64.224991
-64.215614
-64.221863
-64.237488
-64.234367
-64.237488
-64.246864
-64.243736
-64.234367
-64.243736
-64.237488
-64.228111
-64.209366
-64.203117
-64.212486
-64.199989
-64.215614
-64.215614
-64.206238
-64.199989
-64.184364
-64.196861
-64.193741
-64.199989
-64.196861
-64.196861
-64.215614
-64.174988
-64.187492
-64.193741
-64.196861
-64.199989
-64.196861
-64.196861
-64.215614
-64.206238
-64.184364
-64.178116
-64.178116
-64.193741
-64.196861
-64.203117
-64.199989
-64.206238
-64.231239
-64.246864
-64.246864
-64.224991
-64.237488
-64.234367
-64.212486
-64.215614
-64.246864
-64.224991
-64.234367
-64.224991
-64.209366
-64.218742
-64.209366
-64.215614
-64.240616
-64.234367
-64.231239
-64.228111
-64.231239
-64.224991
-64.231239
-64.209366
-64.206238
-64.228111
-64.221863
-64.224991
-64.231239
-64.209366
-64.212486
-64.234367
-64.231239
-64.240616
-64.212486
-64.199989
-64.187492
-64.190613
-64.199989
-64.218742
-64.209366
-64.212486
-64.209366
-64.199989
-64.215614
-64.224991
-64.237488
-64.234367
-64.212486
-64.215614
-64.209366
-64.212486
-64.199989
-64.221863
-64.224991
-64.234367
-64.243736
-64.243736
-64.237488
-64.246864
-64.231239
-64.228111
-64.240616
-64.234367
-64.224991
-64.199989
-64.196861
-64.203117
-64.203117
-64.178116
-64.206238
-64.218742
-64.224991
-64.228111
-64.199989
-64.212486
-64.221863
-64.196861
-64.190613
-64.190613
-64.196861
-64.203117
-64.196861
-64.203117
-64.218742
-64.218742
-64.237488
-64.212486
-64.209366
-64.212486
-64.221863
-64.231239
-64.237488
-64.249985
-64.240616
-64.246864
-64.253105
-64.240616
-64.221863
-64.246864
-64.240616
-64.215614
-64.209366
-64.228111
-64.240616
-64.249985
-64.253105
-64.240616
-64.234367
-64.212486
-64.231239
-64.209366
-64.199989
-64.215614
-64.171867
-64.178116
-64.184364
-64.196861
-64.196861
-64.203117
-64.203117
-64.196861
-64.203117
-64.218742
-64.212486
-64.215614
-64.215614
-64.237488
-64.215614
-64.196861
-64.206238
-64.209366
-64.196861
-64.206238
-64.206238
-64.212486
-64.234367
-64.228111
-64.221863
-64.237488
-64.218742
-64.215614
-64.193741
-64.187492
-64.206238
-64.224991
-64.246864
-64.243736
-64.246864
-64.246864
-64.256233
-64.246864
-64.246864
-64.259361
-64.253105
-64.256233
-64.253105
-64.246864
-64.231239
-64.240616
-64.234367
-64.240616
-64.246864
-64.249985
-64.259361
-64.243736
-64.231239
-64.246864
-64.237488
-64.228111
-64.231239
-64.215614
-64.243736
-64.249985
-64.231239
-64.224991
-64.215614
-64.193741
-64.212486
-64.221863
-64.228111
-64.224991
-64.234367
-64.203117
-64.218742
-64.196861
-64.178116
-64.190613
-64.199989
-64.203117
-64.221863
-64.203117
-64.209366
-64.212486
-64.218742
-64.215614
-64.221863
-64.221863
-64.221863
-64.221863
-64.215614
-64.215614
-64.206238
-64.193741
-64.203117
-64.199989
-64.196861
-64.199989
-64.206238
-64.193741
-64.221863
-64.243736
-64.212486
-64.240616
-64.218742
-64.215614
-64.218742
-64.215614
-64.234367
-64.240616
-64.234367
-64.224991
-64.218742
-64.246864
-64.234367
-64.240616
-64.234367
-64.237488
-64.218742
-64.215614
-64.231239
-64.209366
-64.215614
-64.212486
-64.221863
-64.206238
-64.203117
-64.212486
-64.215614
-64.231239
-64.215614
-64.215614
-64.224991
-64.215614
-64.221863
-64.209366
-64.203117
-64.221863
-64.224991
-64.215614
-64.228111
-64.253105
-64.231239
-64.240616
-64.234367
-64.193741
-64.221863
-64.199989
-64.181236
-64.212486
-64.196861
-64.218742
-64.221863
-64.196861
-64.196861
-64.209366
-64.206238
-64.231239
-64.243736
-64.224991
-64.228111
-64.231239
-64.240616
-64.231239
-64.209366
-64.209366
-64.212486
-64.218742
-64.209366
-64.215614
-64.187492
-64.193741
-64.178116
-64.174988
-64.184364
-64.187492
-64.181236
-64.196861
-64.190613
-64.187492
-64.190613
-64.178116
-64.181236
-64.171867
-64.159363
-64.178116
-64.171867
-64.165611
-64.162491
-64.165611
-64.149986
-64.168739
-64.162491
-64.153114
-64.171867
-64.190613
-64.178116
-64.190613
-64.184364
-64.178116
-64.168739
-64.165611
-64.146866
-64.156242
-64.137497
-64.121872
-64.146866
-64.134369
-64.156242
-64.159363
-64.159363
-64.159363
-64.165611
-64.153114
-64.159363
-64.162491
-64.146866
-64.165611
-64.171867
-64.181236
-64.181236
-64.187492
-64.184364
-64.171867
-64.193741
-64.209366
-64.193741
-64.184364
-64.184364
-64.187492
-64.196861
-64.187492
-64.203117
-64.196861
-64.196861
-64.193741
-64.162491
-64.153114
-64.171867
-64.174988
-64.181236
-64.149986
-64.124992
-64.146866
-64.146866
-64.146866
-64.149986
-64.12812
-64.137497
-64.12812
-64.149986
-64.146866
-64.146866
-64.156242
-64.156242
-64.162491
-64.149986
-64.156242
-64.159363
-64.162491
-64.168739
-64.168739
-64.149986
-64.153114
-64.187492
-64.162491
-64.168739
-64.156242
-64.171867
-64.181236
-64.165611
-64.153114
-64.165611
-64.146866
-64.149986
-64.143745
-64.131241
-64.137497
-64.12812
-64.140617
-64.153114
-64.171867
-64.165611
-64.153114
-64.171867
-64.184364
-64.193741
-64.174988
-64.171867
-64.165611
-64.165611
-64.171867
-64.165611
-64.159363
-64.146866
-64.149986
-64.165611
-64.162491
-64.156242
-64.156242
-64.153114
-64.146866
-64.174988
-64.187492
-64.165611
-64.171867
-64.165611
-64.168739
-64.156242
-64.174988
-64.159363
-64.190613
-64.187492
-64.171867
-64.184364
-64.162491
-64.156242
-64.165611
-64.153114
-64.146866
-64.156242
-64.156242
-64.174988
-64.174988
-64.165611
-64.156242
-64.187492
-64.178116
-64.174988
-64.199989
-64.181236
-64.187492
-64.199989
-64.187492
-64.196861
-64.212486
-64.209366
-64.212486
-64.218742
-64.178116
-64.193741
-64.184364
-64.203117
-64.228111
-64.215614
-64.209366
-64.199989
-64.171867
-64.174988
-64.190613
-64.181236
-64.190613
-64.203117
-64.206238
-64.203117
-64.184364
-64.178116
-64.209366
-64.212486
-64.190613
-64.199989
-64.196861
-64.184364
-64.178116
-64.181236
-64.199989
-64.181236
-64.190613
-64.174988
-64.190613
-64.206238
-64.193741
-64.215614
-64.190613
-64.181236
-64.178116
-64.149986
-64.156242
-64.149986
-64.146866
-64.149986
-64.146866
-64.137497
-64.124992
-64.118744
-64.143745
-64.168739
-64.149986
-64.140617
-64.153114
-64.134369
-64.146866
-64.149986
-64.131241
-64.146866
-64.162491
-64.187492
-64.184364
-64.178116
-64.174988
-64.181236
-64.196861
-64.190613
-64.187492
-64.181236
-64.181236
-64.209366
-64.168739
-64.168739
-64.199989
-64.196861
-64.196861
-64.184364
-64.187492
-64.184364
-64.171867
-64.165611
-64.168739
-64.178116
-64.156242
-64.168739
-64.159363
-64.187492
-64.187492
-64.178116
-64.196861
-64.206238
-64.199989
-64.203117
-64.206238
-64.187492
-64.203117
-64.196861
-64.168739
-64.168739
-64.168739
-64.153114
-64.149986
-64.143745
-64.153114
-64.159363
-64.168739
-64.162491
-64.168739
-64.165611
-64.162491
-64.162491
-64.156242
-64.165611
-64.178116
-64.178116
-64.156242
-64.156242
-64.168739
-64.174988
-64.181236
-64.171867
-64.162491
-64.171867
-64.181236
-64.196861
-64.178116
-64.165611
-64.187492
-64.162491
-64.162491
-64.171867
-64.174988
-64.184364
-64.190613
-64.196861
-64.193741
-64.196861
-64.199989
-64.224991
-64.199989
-64.181236
-64.181236
-64.196861
-64.184364
-64.193741
-64.178116
-64.181236
-64.190613
-64.178116
-64.181236
-64.184364
-64.168739
-64.153114
-64.178116
-64.146866
-64.146866
-64.162491
-64.140617
-64.162491
-64.153114
-64.162491
-64.162491
-64.143745
-64.134369
-64.146866
-64.156242
-64.146866
-64.159363
-64.178116
-64.153114
-64.159363
-64.156242
-64.143745
-64.149986
-64.165611
-64.156242
-64.146866
-64.153114
-64.153114
-64.159363
-64.153114
-64.171867
-64.174988
-64.162491
-64.171867
-64.146866
-64.153114
-64.187492
-64.190613
-64.187492
-64.196861
-64.153114
-64.159363
-64.171867
-64.156242
-64.174988
-64.184364
-64.174988
-64.168739
-64.171867
-64.174988
-64.187492
-64.196861
-64.190613
-64.196861
-64.209366
-64.196861
-64.212486
-64.196861
-64.187492
-64.181236
-64.184364
-64.162491
-64.153114
-64.165611
-64.165611
-64.181236
-64.178116
-64.171867
-64.181236
-64.168739
-64.181236
-64.174988
-64.190613
-64.184364
-64.159363
-64.168739
-64.184364
-64.184364
-64.174988
-64.212486
-64.199989
-64.181236
-64.168739
-64.171867
-64.162491
-64.171867
-64.146866
-64.168739
-64.153114
-64.143745
-64.146866
-64.134369
-64.134369
-64.143745
-64.12812
-64.140617
-64.146866
-64.149986
-64.149986
-64.171867
-64.174988
-64.184364
-64.174988
-64.162491
-64.178116
-64.190613
-64.199989
-64.196861
-64.203117
-64.174988
-64.190613
-64.190613
-64.196861
-64.181236
-64.193741
-64.171867
-64.187492
-64.171867
-64.171867
-64.159363
-64.174988
-64.181236
-64.190613
-64.187492
-64.174988
-64.187492
-64.168739
-64.184364
-64.184364
-64.178116
-64.181236
-64.206238
-64.190613
-64.196861
-64.199989
-64.187492
-64.190613
-64.178116
-64.187492
-64.203117
-64.196861
-64.190613
-64.203117
-64.187492
-64.206238
-64.209366
-64.196861
-64.212486
-64.221863
-64.209366
-64.199989
-64.199989
-64.196861
-64.196861
-64.181236
-64.190613
-64.199989
-64.174988
-64.184364
-64.184364
-64.171867
-64.178116
-64.187492
-64.184364
-64.171867
-64.165611
-64.171867
-64.162491
-64.171867
-64.171867
-64.165611
-64.174988
-64.146866
-64.131241
-64.12812
-64.137497
-64.156242
-64.174988
-64.162491
-64.149986
-64.165611
-64.165611
-64.184364
-64.165611
-64.168739
-64.187492
-64.190613
-64.199989
-64.196861
-64.171867
-64.190613
-64.196861
-64.199989
-64.193741
-64.187492
-64.162491
-64.171867
-64.187492
-64.184364
-64.171867
-64.187492
-64.181236
-64.187492
-64.159363
-64.153114
-64.146866
-64.124992
-64.146866
-64.171867
-64.153114
-64.184364
-64.187492
-64.174988
-64.174988
-64.184364
-64.174988
-64.196861
-64.178116
-64.187492
-64.171867
-64.178116
-64.171867
-64.171867
-64.162491
-64.174988
-64.187492
-64.184364
-64.165611
-64.184364
-64.187492
-64.178116
-64.171867
-64.203117
-64.203117
-64.203117
-64.196861
-64.190613
-64.184364
-64.193741
-64.228111
-64.246864
-64.243736
-64.237488
-64.221863
-64.215614
-64.234367
-64.231239
-64.218742
-64.228111
-64.196861
-64.199989
-64.196861
-64.196861
-64.196861
-64.199989
-64.196861
-64.193741
-64.209366
-64.221863
-64.209366
-64.209366
-64.196861
-64.209366
-64.224991
-64.212486
-64.240616
-64.221863
-64.206238
-64.221863
-64.209366
-64.212486
-64.209366
-64.221863
-64.240616
-64.221863
-64.215614
-64.215614
-64.221863
-64.215614
-64.193741
-64.187492
-64.178116
-64.174988
-64.187492
-64.206238
-64.196861
-64.171867
-64.199989
-64.212486
-64.193741
-64.199989
-64.196861
-64.184364
-64.190613
-64.190613
-64.181236
-64.165611
-64.178116
-64.162491
-64.196861
-64.199989
-64.206238
-64.203117
-64.193741
-64.181236
-64.196861
-64.196861
-64.193741
-64.196861
-64.196861
-64.212486
-64.206238
-64.212486
-64.218742
-64.212486
-64.184364
-64.178116
-64.165611
-64.159363
-64.171867
-64.146866
-64.159363
-64.184364
-64.171867
-64.159363
-64.162491
-64.165611
-64.171867
-64.168739
-64.149986
-64.159363
-64.171867
-64.168739
-64.178116
-64.193741
-64.178116
-64.190613
-64.181236
-64.178116
-64.165611
-64.165611
-64.153114
-64.156242
-64.181236
-64.178116
-64.184364
-64.165611
-64.190613
-64.178116
-64.190613
-64.184364
-64.193741
-64.209366
-64.221863
-64.218742
-64.209366
-64.196861
-64.203117
-64.196861
-64.196861
-64.190613
-64.193741
-64.212486
-64.209366
-64.206238
-64.228111
-64.196861
-64.206238
-64.218742
-64.209366
-64.221863
-64.218742
-64.190613
-64.215614
-64.215614
-64.187492
-64.196861
-64.196861
-64.171867
-64.187492
-64.178116
-64.193741
-64.196861
-64.196861
-64.168739
-64.181236
-64.187492
-64.165611
-64.165611
-64.168739
-64.156242
-64.156242
-64.146866
-64.165611
-64.159363
-64.156242
-64.171867
-64.178116
-64.187492
-64.159363
-64.159363
-64.165611
-64.162491
-64.131241
-64.131241
-64.140617
-64.146866
-64.143745
-64.149986
-64.162491
-64.156242
-64.146866
-64.149986
-64.171867
-64.184364
-64.181236
-64.196861
-64.190613
-64.159363
-64.156242
-64.165611
-64.162491
-64.184364
-64.187492
-64.190613
-64.206238
-64.199989
-64.190613
-64.184364
-64.168739
-64.165611
-64.171867
-64.181236
-64.190613
-64.193741
-64.203117
-64.212486
-64.234367
-64.237488
-64.215614
-64.218742
-64.224991
-64.212486
-64.190613
-64.187492
-64.196861
-64.174988
-64.178116
-64.184364
-64.168739
-64.181236
-64.187492
-64.178116
-64.190613
-64.174988
-64.146866
-64.149986
-64.153114
-64.140617
-64.146866
-64.149986
-64.146866
-64.146866
-64.140617
-64.137497
-64.137497
-64.124992
-64.146866
-64.165611
-64.146866
-64.162491
-64.156242
-64.184364
-64.196861
-64.187492
-64.156242
-64.178116
-64.159363
-64.184364
-64.178116
-64.174988
-64.156242
-64.181236
-64.184364
-64.162491
-64.146866
-64.165611
-64.159363
-64.165611
-64.156242
-64.134369
-64.149986
-64.146866
-64.146866
-64.140617
-64.159363
-64.156242
-64.153114
-64.146866
-64.146866
-64.124992
-64.143745
-64.149986
-64.146866
-64.153114
-64.146866
-64.146866
-64.134369
-64.134369
-64.112495
-64.131241
-64.134369
-64.143745
-64.146866
-64.149986
-64.131241
-64.143745
-64.156242
-64.149986
-64.159363
-64.146866
-64.146866
-64.140617
-64.146866
-64.159363
-64.149986
-64.156242
-64.146866
-64.146866
-64.12812
-64.112495
-64.118744
-64.09687
-64.115616
-64.156242
-64.156242
-64.149986
-64.159363
-64.159363
-64.174988
-64.168739
-64.162491
-64.171867
-64.165611
-64.162491
-64.178116
-64.178116
-64.181236
-64.171867
-64.162491
-64.178116
-64.181236
-64.165611
-64.168739
-64.146866
-64.168739
-64.187492
-64.162491
-64.146866
-64.156242
-64.168739
-64.181236
-64.178116
-64.156242
-64.146866
-64.137497
-64.143745
-64.153114
-64.149986
-64.156242
-64.165611
-64.174988
-64.190613
-64.174988
-64.181236
-64.171867
-64.184364
-64.187492
-64.199989
-64.199989
-64.153114
-64.153114
-64.156242
-64.156242
-64.153114
-64.153114
-64.165611
-64.184364
-64.171867
-64.171867
-64.178116
-64.187492
-64.190613
-64.187492
-64.199989
-64.193741
-64.187492
-64.187492
-64.181236
-64.181236
-64.162491
-64.156242
-64.162491
-64.156242
-64.156242
-64.165611
-64.162491
-64.187492
-64.174988
-64.165611
-64.187492
-64.174988
-64.187492
-64.199989
-64.190613
-64.199989
-64.215614
-64.212486
-64.206238
-64.203117
-64.215614
-64.209366
-64.190613
-64.190613
-64.187492
-64.193741
-64.190613
-64.203117
-64.199989
-64.196861
-64.178116
-64.159363
-64.153114
-64.156242
-64.149986
-64.159363
-64.168739
-64.146866
-64.159363
-64.162491
-64.174988
-64.168739
-64.184364
-64.190613
-64.178116
-64.171867
-64.190613
-64.174988
-64.196861
-64.178116
-64.168739
-64.174988
-64.162491
-64.168739
-64.187492
-64.174988
-64.181236
-64.168739
-64.171867
-64.187492
-64.184364
-64.193741
-64.181236
-64.174988
-64.165611
-64.146866
-64.156242
-64.174988
-64.171867
-64.162491
-64.159363
-64.184364
-64.165611
-64.174988
-64.184364
-64.178116
-64.196861
-64.196861
-64.196861
-64.215614
-64.224991
-64.203117
-64.193741
-64.196861
-64.209366
-64.187492
-64.181236
-64.174988
-64.178116
-64.162491
-64.174988
-64.187492
-64.168739
-64.193741
-64.190613
-64.178116
-64.193741
-64.206238
-64.199989
-64.212486
-64.209366
-64.187492
-64.181236
-64.184364
-64.190613
-64.187492
-64.178116
-64.190613
-64.187492
-64.190613
-64.178116
-64.199989
-64.159363
-64.165611
-64.171867
-64.168739
-64.165611
-64.171867
-64.168739
-64.206238
-64.196861
-64.206238
-64.193741
-64.190613
-64.174988
-64.165611
-64.184364
-64.203117
-64.196861
-64.190613
-64.199989
-64.171867
-64.184364
-64.193741
-64.196861
-64.184364
-64.171867
-64.146866
-64.140617
-64.143745
-64.156242
-64.156242
-64.181236
-64.187492
-64.187492
-64.190613
-64.206238
-64.209366
-64.206238
-64.199989
-64.206238
-64.199989
-64.190613
-64.196861
-64.206238
-64.190613
-64.203117
-64.181236
-64.181236
-64.196861
-64.203117
-64.196861
-64.199989
-64.199989
-64.203117
-64.184364
-64.196861
-64.199989
-64.193741
-64.209366
-64.190613
-64.196861
-64.203117
-64.209366
-64.221863
-64.212486
-64.237488
-64.228111
-64.209366
-64.196861
-64.196861
-64.190613
-64.187492
-64.203117
-64.199989
-64.196861
-64.206238
-64.224991
-64.224991
-64.212486
-64.203117
-64.221863
-64.234367
-64.234367
-64.243736
-64.218742
-64.246864
-64.224991
-64.237488
-64.237488
-64.228111
-64.246864
-64.249985
-64.26873
-64.262482
-64.262482
-64.243736
-64.249985
-64.246864
-64.240616
-64.249985
-64.246864
-64.256233
-64.253105
-64.262482
-64.262482
-64.26873
-64.256233
-64.274986
-64.274986
-64.26873
-64.281235
-64.293732
-64.281235
-64.281235
-64.281235
-64.29686
-64.271858
-64.29998
-64.290611
-64.321861
-64.312485
-64.315605
-64.334358
-64.315605
-64.33123
-64.318733
-64.309357
-64.309357
-64.29686
-64.29686
-64.315605
-64.309357
-64.29998
-64.303108
-64.306236
-64.312485
-64.306236
-64.321861
-64.315605
-64.321861
-64.315605
-64.303108
-64.312485
-64.324982
-64.321861
-64.321861
-64.303108
-64.318733
-64.334358
-64.346855
-64.324982
-64.343735
-64.340607
-64.346855
-64.349976
-64.324982
-64.346855
-64.309357
-64.29998
-64.29998
-64.321861
-64.315605
-64.315605
-64.340607
-64.340607
-64.337486
-64.346855
-64.334358
-64.343735
-64.346855
-64.337486
-64.309357
-64.29998
-64.32811
-64.337486
-64.318733
-64.309357
-64.324982
-64.343735
-64.334358
-64.321861
-64.340607
-64.349976
-64.343735
-64.318733
-64.337486
-64.343735
-64.346855
-64.340607
-64.315605
-64.334358
-64.318733
-64.32811
-64.340607
-64.346855
-64.340607
-64.349976
-64.346855
-64.334358
-64.321861
-64.306236
-64.303108
-64.29686
-64.29686
-64.278107
-64.271858
-64.29686
-64.284355
-64.312485
-64.306236
-64.29686
-64.312485
-64.306236
-64.281235
-64.290611
-64.293732
-64.29686
-64.306236
-64.324982
-64.321861
-64.337486
-64.32811
-64.315605
-64.324982
-64.29686
-64.343735
-64.33123
-64.318733
-64.312485
-64.318733
-64.318733
-64.29686
-64.29998
-64.318733
-64.318733
-64.324982
-64.315605
-64.312485
-64.318733
-64.303108
-64.312485
-64.29998
-64.303108
-64.29686
-64.303108
-64.312485
-64.309357
-64.29686
-64.29686
-64.284355
-64.281235
-64.281235
-64.284355
-64.278107
-64.29686
-64.271858
-64.284355
-64.278107
-64.287483
-64.287483
-64.303108
-64.315605
-64.32811
-64.33123
-64.318733
-64.306236
-64.32811
-64.303108
-64.321861
-64.32811
-64.33123
-64.337486
-64.293732
-64.293732
-64.312485
-64.306236
-64.315605
-64.315605
-64.293732
-64.29686
-64.312485
-64.312485
-64.29686
-64.29686
-64.29686
-64.346855
-64.340607
-64.33123
-64.334358
-64.33123
-64.32811
-64.340607
-64.318733
-64.315605
-64.33123
-64.312485
-64.309357
-64.324982
-64.303108
-64.33123
-64.334358
-64.312485
-64.312485
-64.29998
-64.29686
-64.29686
-64.29686
-64.29686
-64.303108
-64.318733
-64.306236
-64.303108
-64.306236
-64.287483
-64.293732
-64.256233
-64.271858
-64.26873
-64.271858
-64.274986
-64.290611
-64.259361
-64.26561
-64.271858
-64.26561
-64.281235
-64.262482
-64.262482
-64.271858
-64.271858
-64.26561
-64.284355
-64.278107
-64.29686
-64.284355
-64.284355
-64.29998
-64.29686
-64.29686
-64.29686
-64.290611
-64.290611
-64.293732
-64.29686
-64.29686
-64.312485
-64.29686
-64.29686
-64.315605
-64.287483
-64.29686
-64.293732
-64.281235
-64.290611
-64.290611
-64.281235
-64.228111
-64.224991
-64.184364
-64.181236
-64.162491
-64.143745
-64.106247
-64.099991
-64.071869
-64.046875
-64.046875
-63.996872
-63.96875
-63.956249
-63.925003
-63.921879
-63.909378
-63.88438
-63.85313
-63.846882
-63.840633
-63.85313
-63.843758
-63.821884
-63.815632
-63.796883
-63.828133
-63.803135
-63.812508
-63.828133
-63.828133
-63.81876
-63.815632
-63.800007
-63.796883
-63.809383
-63.815632
-63.815632
-63.809383
-63.809383
-63.815632
-63.825008
-63.815632
-63.821884
-63.815632
-63.803135
-63.809383
-63.806259
-63.78751
-63.806259
-63.78751
-63.781258
-63.784382
-63.750008
-63.746883
-63.734386
-63.734386
-63.746883
-63.759384
-63.725014
-63.709389
-63.715637
-63.703136
-63.693764
-63.696888
-63.687511
-63.706264
-63.696888
-63.703136
-63.706264
-63.693764
-63.709389
-63.725014
-63.734386
-63.731262
-63.734386
-63.725014
-63.721889
-63.731262
-63.721889
-63.731262
-63.731262
-63.709389
-63.718761
-63.728138
-63.734386
-63.746883
-63.734386
-63.734386
-63.740639
-63.740639
-63.746883
-63.746883
-63.746883
-63.740639
-63.728138
-63.734386
-63.709389
-63.681263
-63.690639
-63.696888
-63.696888
-63.700012
-63.706264
-63.718761
-63.703136
-63.712513
-63.728138
-63.731262
-63.737514
-63.746883
-63.740639
-63.762508
-63.753132
-63.75626
-63.762508
-63.759384
-63.771885
-63.790634
-63.75626
-63.784382
-63.775009
-63.793758
-63.78751
-63.765633
-63.759384
-63.790634
-63.771885
-63.765633
-63.768757
-63.768757
-63.762508
-63.765633
-63.781258
-63.771885
-63.784382
-63.78751
-63.796883
-63.793758
-63.78751
-63.796883
-63.809383
-63.806259
-63.828133
-63.834385
-63.85313
-63.846882
-63.828133
-63.809383
-63.790634
-63.796883
-63.796883
-63.831257
-63.834385
-63.843758
-63.840633
-63.81876
-63.837509
-63.85313
-63.859379
-63.87188
-63.878128
-63.87188
-63.896877
-63.87188
-63.88438
-63.896877
-63.875004
-63.859379
-63.881252
-63.887505
-63.88438
-63.88438
-63.868755
-63.881252
-63.878128
-63.856255
-63.843758
-63.85313
-63.846882
-63.840633
-63.846882
-63.843758
-63.843758
-63.862503
-63.850002
-63.862503
-63.878128
-63.865627
-63.878128
-63.881252
-63.87188
-63.90313
-63.890629
-63.881252
-63.887505
-63.896877
-63.896877
-63.893753
-63.896877
-63.88438
-63.896877
-63.878128
-63.893753
-63.896877
-63.896877
-63.909378
-63.928127
-63.909378
-63.912502
-63.896877
-63.87188
-63.881252
-63.88438
-63.881252
-63.896877
-63.90313
-63.896877
-63.91563
-63.890629
-63.881252
-63.890629
-63.896877
-63.890629
-63.896877
-63.896877
-63.909378
-63.918755
-63.921879
-63.937504
-63.937504
-63.93438
-63.93438
-63.928127
-63.921879
-63.921879
-63.906254
-63.887505
-63.896877
-63.912502
-63.918755
-63.931255
-63.900005
-63.909378
-63.887505
-63.881252
-63.896877
-63.890629
-63.846882
-63.887505
-63.878128
-63.881252
-63.890629
-63.859379
-63.862503
-63.862503
-63.856255
-63.868755
-63.881252
-63.887505
-63.896877
-63.896877
-63.887505
-63.921879
-63.918755
-63.896877
-63.909378
-63.893753
-63.88438
-63.875004
-63.878128
-63.896877
-63.896877
-63.90313
-63.906254
-63.906254
-63.896877
-63.900005
-63.893753
-63.893753
-63.887505
-63.878128
-63.865627
-63.862503
-63.865627
-63.856255
-63.87188
-63.890629
-63.896877
-63.906254
-63.896877
-63.906254
-63.896877
-63.921879
-63.931255
-63.949997
-63.931255
-63.93438
-63.956249
-63.937504
-63.918755
-63.925003
-63.909378
-63.909378
-63.909378
-63.90313
-63.909378
-63.890629
-63.890629
-63.918755
-63.906254
-63.906254
-63.91563
-63.906254
-63.91563
-63.909378
-63.912502
-63.931255
-63.931255
-63.918755
-63.906254
-63.90313
-63.896877
-63.896877
-63.91563
-63.896877
-63.909378
-63.893753
-63.91563
-63.912502
-63.912502
-63.925003
-63.93438
-63.925003
-63.909378
-63.91563
-63.928127
-63.912502
-63.912502
-63.896877
-63.909378
-63.909378
-63.91563
-63.896877
-63.896877
-63.881252
-63.878128
-63.893753
-63.893753
-63.893753
-63.912502
-63.906254
-63.906254
-63.893753
-63.88438
-63.887505
-63.875004
-63.88438
-63.865627
-63.862503
-63.88438
-63.896877
-63.893753
-63.896877
-63.896877
-63.896877
-63.881252
-63.896877
-63.875004
-63.887505
-63.88438
-63.875004
-63.875004
-63.875004
-63.875004
-63.887505
-63.88438
-63.87188
-63.875004
-63.865627
-63.862503
-63.881252
-63.88438
-63.881252
-63.890629
-63.87188
-63.896877
-63.896877
-63.893753
-63.900005
-63.90313
-63.896877
-63.900005
-63.896877
-63.875004
-63.896877
-63.906254
-63.90313
-63.896877
-63.896877
-63.893753
-63.893753
-63.896877
-63.890629
-63.88438
-63.887505
-63.906254
-63.890629
-63.890629
-63.890629
-63.875004
-63.881252
-63.878128
-63.862503
-63.859379
-63.890629
-63.862503
-63.862503
-63.878128
-63.88438
-63.859379
-63.878128
-63.87188
-63.878128
-63.878128
-63.862503
-63.846882
-63.85313
-63.85313
-63.87188
-63.865627
-63.856255
-63.868755
-63.862503
-63.850002
-63.87188
-63.87188
-63.862503
-63.88438
-63.875004
-63.862503
-63.868755
-63.865627
-63.859379
-63.875004
-63.881252
-63.896877
-63.896877
-63.896877
-63.896877
-63.896877
-63.875004
-63.875004
-63.875004
-63.868755
-63.896877
-63.88438
-63.88438
-63.878128
-63.859379
-63.859379
-63.859379
-63.840633
-63.846882
-63.85313
-63.840633
-63.862503
-63.859379
-63.840633
-63.85313
-63.87188
-63.868755
-63.893753
-63.890629
-63.893753
-63.887505
-63.865627
-63.862503
-63.875004
-63.887505
-63.896877
-63.896877
-63.88438
-63.90313
-63.896877
-63.896877
-63.921879
-63.909378
-63.87188
-63.875004
-63.859379
-63.846882
-63.868755
-63.87188
-63.859379
-63.881252
-63.85313
-63.862503
-63.878128
-63.85313
-63.846882
-63.878128
-63.88438
-63.87188
-63.87188
-63.87188
-63.868755
-63.85313
-63.856255
-63.88438
-63.85313
-63.88438
-63.893753
-63.887505
-63.896877
-63.887505
-63.896877
-63.912502
-63.900005
-63.906254
-63.912502
-63.896877
-63.90313
-63.90313
-63.896877
-63.88438
-63.896877
-63.88438
-63.900005
-63.906254
-63.896877
-63.896877
-63.896877
-63.868755
-63.881252
-63.878128
-63.88438
-63.868755
-63.875004
-63.887505
-63.896877
-63.896877
-63.90313
-63.906254
-63.896877
-63.893753
-63.878128
-63.868755
-63.881252
-63.893753
-63.896877
-63.896877
-63.896877
-63.896877
-63.90313
-63.893753
-63.890629
-63.896877
-63.90313
-63.909378
-63.900005
-63.881252
-63.88438
-63.893753
-63.881252
-63.868755
-63.87188
-63.881252
-63.87188
-63.878128
-63.87188
-63.87188
-63.865627
-63.862503
-63.868755
-63.875004
-63.856255
-63.846882
-63.859379
-63.87188
-63.865627
-63.865627
-63.868755
-63.881252
-63.890629
-63.856255
-63.859379
-63.862503
-63.856255
-63.865627
-63.843758
-63.862503
-63.887505
-63.896877
-63.896877
-63.893753
-63.88438
-63.893753
-63.896877
-63.890629
-63.909378
-63.912502
-63.909378
-63.931255
-63.931255
-63.906254
-63.931255
-63.93438
-63.918755
-63.931255
-63.909378
-63.91563
-63.940628
-63.928127
-63.921879
-63.906254
-63.909378
-63.896877
-63.906254
-63.912502
-63.925003
-63.931255
-63.931255
-63.918755
-63.928127
-63.959373
-63.962498
-63.946873
-63.962498
-63.993748
-63.971874
-63.96875
-63.971874
-63.959373
-63.946873
-63.959373
-63.965622
-63.956249
-63.978123
-63.956249
-63.943752
-63.946873
-63.943752
-63.959373
-63.946873
-63.918755
-63.937504
-63.931255
-63.925003
-63.940628
-63.928127
-63.946873
-63.946873
-63.943752
-63.956249
-63.959373
-63.946873
-63.946873
-63.937504
-63.928127
-63.946873
-63.953125
-63.928127
-63.931255
-63.946873
-63.956249
-63.949997
-63.965622
-63.962498
-63.962498
-63.953125
-63.965622
-63.953125
-63.953125
-63.940628
-63.956249
-63.953125
-63.946873
-63.949997
-63.946873
-63.940628
-63.959373
-63.946873
-63.946873
-63.946873
-63.91563
-63.949997
-63.953125
-63.946873
-63.953125
-63.943752
-63.91563
-63.928127
-63.921879
-63.940628
-63.93438
-63.921879
-63.93438
-63.953125
-63.928127
-63.931255
-63.925003
-63.937504
-63.953125
-63.946873
-63.943752
-63.96875
-63.959373
-63.943752
-63.962498
-63.946873
-63.946873
-63.971874
-63.943752
-63.949997
-63.946873
-63.931255
-63.940628
-63.943752
-63.93438
-63.959373
-63.946873
-63.937504
-63.937504
-63.93438
-63.953125
-63.965622
-63.971874
-63.965622
-63.971874
-63.971874
-63.956249
-63.93438
-63.928127
-63.928127
-63.949997
-63.946873
-63.953125
-63.971874
-63.965622
-63.956249
-63.956249
-63.946873
-63.956249
-63.943752
-63.946873
-63.940628
-63.937504
-63.93438
-63.953125
-63.946873
-63.953125
-63.943752
-63.940628
-63.946873
-63.965622
-63.956249
-63.965622
-63.953125
-63.953125
-63.971874
-63.956249
-63.959373
-63.96875
-63.959373
-63.962498
-63.962498
-63.93438
-63.946873
-63.949997
-63.953125
-63.943752
-63.937504
-63.953125
-63.946873
-63.965622
-63.971874
-63.971874
-63.971874
-63.946873
-63.971874
-63.971874
-63.984375
-63.987499
-63.96875
-63.956249
-63.953125
-63.949997
-63.946873
-63.946873
-63.940628
-63.946873
-63.943752
-63.921879
-63.931255
-63.931255
-63.921879
-63.949997
-63.96875
-63.956249
-63.965622
-63.993748
-63.971874
-63.962498
-63.971874
-63.959373
-63.993748
-63.996872
-63.993748
-64.012497
-64.006248
-63.990623
-64.015625
-63.996872
-63.996872
-64.015625
-64.03125
-64.028122
-64.037498
-64.03125
-64.025002
-64.03125
-64.025002
-64.028122
-64.018745
-64.018745
-64.040627
-64.03125
-64.043747
-64.037498
-64.03125
-64.040627
-64.068741
-64.03437
-64.037498
-64.043747
-64.046875
-64.046875
-64.056244
-64.093742
-64.074997
-64.056244
-64.040627
-64.049995
-64.046875
-64.046875
-64.049995
-64.018745
-64.00312
-64.028122
-64.021873
-63.996872
-64.006248
-63.987499
-64.00312
-64.021873
-63.984375
-64.009377
-63.990623
-63.996872
-63.996872
-64.025002
-64.018745
-64.037498
-64.03437
-64.053116
-64.046875
-64.046875
-64.059372
-64.06562
-64.059372
-64.071869
-64.071869
-64.074997
-64.078117
-64.053116
-64.046875
-64.028122
-64.03125
-64.025002
-64.021873
-64.015625
-63.996872
-64.028122
-64.03125
-64.03437
-64.03437
-64.018745
-64.03437
-64.049995
-64.046875
-64.025002
-64.040627
-64.049995
-64.068741
-64.090622
-64.068741
-64.06562
-64.062492
-64.078117
-64.068741
-64.059372
-64.074997
-64.081245
-64.068741
-64.062492
-64.043747
-64.049995
-64.028122
-64.049995
-64.043747
-64.046875
-64.053116
-64.056244
-64.043747
-64.059372
-64.040627
-64.012497
-64.015625
-64.009377
-64.009377
-64.009377
-64.018745
-63.996872
-64.009377
-64.006248
-64.028122
-64.018745
-64.018745
-64.040627
-64.021873
-64.03125
-64.043747
-64.043747
-64.056244
-64.084366
-64.071869
-64.071869
-64.074997
-64.071869
-64.078117
-64.087494
-64.053116
-64.043747
-64.028122
-64.03437
-64.028122
-64.043747
-64.037498
-64.046875
-64.043747
-64.059372
-64.03437
-64.059372
-64.040627
-64.028122
-64.009377
-64.009377
-64.012497
-63.996872
-63.996872
-63.996872
-64.015625
-64.037498
-64.040627
-64.040627
-64.049995
-64.046875
-64.028122
-64.021873
-64.00312
-63.996872
-63.996872
-63.996872
-64.018745
-64.028122
-64.046875
-64.056244
-64.059372
-64.081245
-64.093742
-64.099991
-64.112495
-64.109367
-64.115616
-64.121872
-64.146866
-64.143745
-64.140617
-64.168739
-64.196861
-64.199989
-64.218742
-64.212486
-64.231239
-64.246864
-64.240616
-64.246864
-64.26561
-64.274986
-64.303108
-64.284355
-64.284355
-64.284355
-64.290611
-64.29998
-64.312485
-64.29998
-64.312485
-64.315605
-64.334358
-64.334358
-64.353104
-64.36248
-64.368729
-64.387482
-64.396851
-64.384354
-64.409355
-64.409355
-64.421852
-64.440605
-64.415604
-64.446854
-64.446854
-64.440605
-64.453102
-64.471848
-64.462471
-64.471848
-64.468727
-64.493721
-64.496849
-64.487473
-64.499977
-64.496849
-64.490601
-64.518723
-64.531227
-64.521851
-64.521851
-64.528099
-64.512474
-64.509346
-64.534348
-64.531227
-64.534348
-64.559341
-64.574966
-64.584343
-64.574966
-64.587471
-64.596848
-64.584343
-64.590591
-64.603096
-64.618721
-64.631218
-64.634346
-64.656212
-64.662468
-64.643723
-64.656212
-64.674965
-64.681213
-64.678093
-64.671837
-64.684341
-64.687462
-64.687462
-64.687462
-64.684341
-64.718712
-64.703087
-64.715591
-64.746834
-64.771835
-64.790581
-64.78746
-64.809334
-64.809334
-64.796837
-64.812462
-64.806206
-64.812462
-64.812462
-64.812462
-64.803085
-64.796837
-64.81871
-64.815582
-64.843712
-64.846832
-64.856201
-64.859329
-64.849953
-64.853081
-64.862457
-64.859329
-64.874954
-64.874954
-64.868706
-64.846832
-64.856201
-64.846832
-64.843712
-64.874954
-64.862457
-64.862457
-64.868706
-64.862457
-64.890579
-64.903076
-64.931206
-64.921829
-64.931206
-64.924957
-64.940582
-64.946823
-64.937454
-64.962448
-64.953072
-64.959328
-64.962448
-64.968697
-64.981201
-64.965576
-64.959328
-64.978073
-64.990578
-64.996826
-65.006203
-64.993698
-64.981201
-65.015572
-65.012451
-64.990578
-64.999947
-65.024948
-65.031197
-65.0187
-65.043701
-65.059319
-65.062447
-65.065567
-65.05307
-65.071823
-65.081192
-65.065567
-65.071823
-65.090569
-65.090569
-65.099945
-65.106194
-65.109322
-65.109322
-65.128067
-65.134323
-65.131195
-65.128067
-65.112442
-65.131195
-65.11557
-65.118698
-65.134323
-65.134323
-65.134323
-65.140572
-65.146812
-65.140572
-65.131195
-65.140572
-65.159317
-65.146812
-65.159317
-65.162437
-65.14994
-65.159317
-65.153069
-65.134323
-65.143692
-65.156189
-65.168694
-65.171814
-65.18119
-65.171814
-65.199944
-65.199944
-65.196815
-65.193687
-65.187439
-65.18119
-65.203064
-65.209312
-65.231194
-65.246819
-65.24369
-65.246819
-65.24369
-65.259308
-65.271812
-65.278061
-65.259308
-65.271812
-65.278061
-65.262436
-65.281181
-65.274933
-65.274933
-65.281181
-65.274933
-65.265556
-65.274933
-65.281181
-65.287437
-65.299934
-65.296806
-65.290558
-65.290558
-65.284309
-65.306183
-65.309311
-65.312431
-65.337433
-65.353058
-65.356178
-65.362427
-65.359306
-65.353058
-65.365555
-65.353058
-65.337433
-65.346802
-65.346802
-65.34993
-65.331184
-65.346802
-65.356178
-65.353058
-65.378052
-65.390556
-65.393677
-65.396805
-65.396805
-65.387428
-65.38118
-65.406181
-65.415558
-65.41243
-65.431183
-65.431183
-65.453049
-65.446808
-65.446808
-65.446808
-65.465553
-65.453049
-65.453049
-65.465553
-65.446808
-65.449928
-65.449928
-65.446808
-65.446808
-65.462425
-65.456177
-65.468674
-65.459297
-65.468674
-65.499924
-65.484299
-65.490547
-65.499924
-65.496803
-65.499924
-65.515549
-65.503052
-65.521797
-65.524925
-65.5093
-65.521797
-65.534302
-65.521797
-65.531174
-65.521797
-65.524925
-65.546799
-65.528053
-65.528053
-65.534302
-65.534302
-65.534302
-65.54055
-65.531174
-65.546799
-65.553047
-65.568672
-65.584297
-65.590546
-65.584297
-65.621796
-65.631172
-65.612419
-65.612419
-65.618668
-65.612419
-65.603043
-65.578049
-65.584297
-65.599922
-65.599922
-65.603043
-65.606171
-65.606171
-65.603043
-65.621796
-65.593674
-65.596794
-65.581169
-65.603043
-65.628044
-65.640549
-65.624924
-65.634293
-65.637421
-65.628044
-65.621796
-65.634293
-65.646797
-65.662415
-65.649918
-65.640549
-65.646797
-65.646797
-65.646797
-65.646797
-65.640549
-65.624924
-65.646797
-65.643669
-65.640549
-65.637421
-65.656166
-65.662415
-65.684288
-65.696793
-65.696793
-65.712418
-65.712418
-65.728043
-65.70929
-65.703041
-65.715538
-65.712418
-65.74054
-65.746788
-65.721794
-65.734291
-65.724915
-65.712418
-65.715538
-65.728043
-65.737419
-65.706169
-65.724915
-65.703041
-65.70929
-65.706169
-65.734291
-65.734291
-65.734291
-65.765533
-65.768661
-65.771782
-65.746788
-65.77491
-65.778038
-65.77491
-65.768661
-65.756157
-65.759285
-65.759285
-65.743668
-65.734291
-65.728043
-65.724915
-65.746788
-65.746788
-65.746788
-65.759285
-65.74054
-65.728043
-65.746788
-65.759285
-65.771782
-65.771782
-65.771782
-65.746788
-65.765533
-65.759285
-65.784286
-65.787407
-65.784286
-65.781158
-65.778038
-65.784286
-65.809288
-65.80616
-65.796783
-65.809288
-65.809288
-65.803032
-65.812408
-65.809288
-65.834282
-65.846786
-65.843658
-65.840538
-65.853027
-65.828033
-65.809288
-65.846786
-65.828033
-65.824913
-65.83741
-65.862404
-65.87178
-65.865532
-65.878029
-65.878029
-65.865532
-65.853027
-65.862404
-65.87178
-65.87178
-65.887405
-65.890533
-65.893654
-65.90303
-65.896782
-65.896782
-65.93428
-65.915527
-65.899902
-65.909279
-65.921783
-65.909279
-65.931152
-65.909279
-65.915527
-65.918655
-65.93428
-65.940529
-65.928032
-65.937408
-65.912407
-65.924904
-65.93428
-65.93428
-65.949898
-65.943657
-65.971779
-65.946777
-65.946777
-65.953026
-65.956154
-65.953026
-65.959274
-65.959274
-65.946777
-65.949898
-65.946777
-65.974899
-65.949898
-65.940529
-65.953026
-65.959274
-65.965523
-65.968651
-65.984276
-65.993652
-66.006149
-65.981148
-65.987404
-65.965523
-65.978027
-65.984276
-65.984276
-65.990524
-66.024902
-66.028023
-66.024902
-66.034279
-66.018654
-65.996773
-66.009277
-65.990524
-65.999901
-65.993652
-65.999901
-66.012398
-65.996773
-66.009277
-66.018654
-66.034279
-66.009277
-66.015526
-65.987404
-66.003029
-66.006149
-66.006149
-66.009277
-66.006149
-66.006149
-66.003029
-66.015526
-65.999901
-66.006149
-66.024902
-66.018654
-66.012398
-66.009277
-65.996773
-66.031151
-66.018654
-65.999901
-66.006149
-65.996773
-66.003029
-66.024902
-66.021774
-66.009277
-66.012398
-65.996773
-66.009277
-66.012398
-66.006149
-66.006149
-66.012398
-66.021774
-66.024902
-66.015526
-66.018654
-66.009277
-66.031151
-66.043648
-66.049896
-66.046776
-66.034279
-66.043648
-66.046776
-66.046776
-66.059273
-66.049896
-66.046776
-66.037399
-66.040527
-66.031151
-66.046776
-66.049896
-66.068649
-66.078018
-66.068649
-66.090523
-66.096771
-66.074898
-66.081146
-66.07177
-66.081146
-66.074898
-66.084274
-66.087395
-66.099899
-66.078018
-66.087395
-66.093643
-66.07177
-66.090523
-66.090523
-66.081146
-66.099899
-66.093643
-66.096771
-66.084274
-66.093643
-66.07177
-66.068649
-66.07177
-66.096771
-66.096771
-66.096771
-66.096771
-66.096771
-66.093643
-66.084274
-66.040527
-66.062393
-66.053024
-66.062393
-66.078018
-66.093643
-66.106148
-66.084274
-66.084274
-66.07177
-66.059273
-66.046776
-66.059273
-66.043648
-66.065521
-66.074898
-66.07177
-66.056145
-66.059273
-66.084274
-66.10302
-66.106148
-66.115524
-66.115524
-66.109268
-66.096771
-66.115524
-66.084274
-66.096771
-66.07177
-66.056145
-66.074898
-66.084274
-66.074898
-66.090523
-66.106148
-66.109268
-66.131149
-66.118645
-66.109268
-66.121773
-66.096771
-66.106148
-66.106148
-66.078018
-66.106148
-66.096771
-66.109268
-66.084274
-66.078018
-66.090523
-66.096771
-66.087395
-66.087395
-66.087395
-66.096771
-66.087395
-66.07177
-66.096771
-66.096771
-66.096771
-66.096771
-66.124893
-66.115524
-66.109268
-66.115524
-66.124893
-66.106148
-66.115524
-66.115524
-66.106148
-66.118645
-66.118645
-66.106148
-66.106148
-66.096771
-66.096771
-66.10302
-66.109268
-66.124893
-66.128021
-66.13427
-66.149895
-66.156143
-66.159264
-66.153015
-66.16552
-66.16552
-66.16552
-66.181145
-66.174889
-66.178017
-66.181145
-66.184265
-66.19989
-66.206139
-66.215515
-66.22802
-66.218643
-66.187393
-66.19677
-66.19989
-66.215515
-66.218643
-66.203018
-66.234268
-66.224892
-66.22802
-66.218643
-66.218643
-66.221764
-66.237389
-66.234268
-66.246765
-66.249886
-66.240517
-66.234268
-66.237389
-66.224892
-66.215515
-66.240517
-66.243645
-66.249886
-66.262383
-66.246765
-66.249886
-66.246765
-66.246765
-66.246765
-66.256134
-66.268639
-66.262383
-66.221764
-66.253014
-66.259262
-66.262383
-66.256134
-66.274887
-66.265511
-66.290512
-66.309258
-66.284264
-66.290512
-66.315514
-66.309258
-66.278008
-66.296761
-66.312386
-66.303009
-66.296761
-66.284264
-66.296761
-66.315514
-66.309258
-66.321762
-66.309258
-66.303009
-66.318634
-66.321762
-66.321762
-66.315514
-66.296761
-66.324883
-66.309258
-66.303009
-66.306137
-66.337387
-66.324883
-66.321762
-66.312386
-66.296761
-66.324883
-66.328011
-66.321762
-66.346756
-66.340508
-66.331139
-66.346756
-66.334259
-66.346756
-66.343636
-66.340508
-66.356133
-66.353004
-66.343636
-66.346756
-66.374878
-66.356133
-66.328011
-66.359253
-66.343636
-66.353004
-66.359253
-66.331139
-66.340508
-66.349884
-66.346756
-66.346756
-66.334259
-66.328011
-66.356133
-66.321762
-66.346756
-66.334259
-66.309258
-66.303009
-66.324883
-66.321762
-66.346756
-66.349884
-66.362381
-66.359253
-66.359253
-66.353004
-66.353004
-66.346756
-66.362381
-66.378006
-66.359253
-66.368629
-66.381134
-66.374878
-66.393631
-66.393631
-66.384254
-66.387383
-66.381134
-66.378006
-66.378006
-66.390503
-66.399879
-66.378006
-66.362381
-66.359253
-66.362381
-66.371758
-66.353004
-66.356133
-66.371758
-66.374878
-66.378006
-66.359253
-66.368629
-66.381134
-66.368629
-66.371758
-66.371758
-66.381134
-66.396759
-66.381134
-66.381134
-66.396759
-66.403008
-66.393631
-66.396759
-66.406128
-66.396759
-66.396759
-66.387383
-66.381134
-66.374878
-66.353004
-66.378006
-66.381134
-66.371758
-66.396759
-66.393631
-66.409256
-66.378006
-66.384254
-66.346756
-66.346756
-66.346756
-66.365509
-66.371758
-66.371758
-66.368629
-66.384254
-66.384254
-66.396759
-66.409256
-66.393631
-66.384254
-66.396759
-66.396759
-66.378006
-66.396759
-66.406128
-66.418633
-66.415504
-66.396759
-66.428009
-66.418633
-66.421753
-66.431129
-66.412384
-66.412384
-66.428009
-66.415504
-66.396759
-66.424881
-66.418633
-66.428009
-66.415504
-66.403008
-66.409256
-66.443634
-66.446754
-66.459251
-66.446754
-66.443634
-66.428009
-66.415504
-66.434258
-66.4655
-66.462379
-66.449875
-66.443634
-66.446754
-66.446754
-66.459251
-66.449875
-66.446754
-66.446754
-66.437378
-66.443634
-66.437378
-66.434258
-66.428009
-66.449875
-66.440506
-66.449875
-66.462379
-66.468628
-66.487373
-66.481125
-66.468628
-66.490501
-66.459251
-66.459251
-66.471748
-66.474876
-66.4655
-66.468628
-66.462379
-66.462379
-66.459251
-66.459251
-66.446754
-66.456123
-66.446754
-66.453003
-66.440506
-66.440506
-66.456123
-66.459251
-66.468628
-66.478004
-66.446754
-66.449875
-66.459251
-66.440506
-66.446754
-66.4655
-66.462379
-66.456123
-66.431129
-66.428009
-66.446754
-66.446754
-66.428009
-66.437378
-66.446754
-66.456123
-66.493629
-66.490501
-66.4655
-66.468628
-66.4655
-66.474876
-66.446754
-66.443634
-66.431129
-66.403008
-66.384254
-66.353004
-66.337387
-66.321762
-66.312386
-66.299889
-66.265511
-66.274887
-66.290512
-66.281136
-66.290512
-66.274887
-66.278008
-66.259262
-66.253014
-66.246765
-66.249886
-66.221764
-66.203018
-66.206139
-66.187393
-66.19677
-66.209267
-66.181145
-66.181145
-66.162392
-66.131149
-66.146767
-66.140518
-66.140518
-66.140518
-66.13427
-66.121773
-66.128021
-66.10302
-66.106148
-66.090523
-66.090523
-66.087395
-66.065521
-66.053024
-66.056145
-66.034279
-66.031151
-66.021774
-66.006149
-66.012398
-66.031151
-66.015526
-66.018654
-66.012398
-65.984276
-65.956154
-65.946777
-65.940529
-65.931152
-65.915527
-65.93428
-65.921783
-65.921783
-65.912407
-65.918655
-65.893654
-65.87178
-65.878029
-65.884277
-65.878029
-65.874908
-65.87178
-65.865532
-65.874908
-65.849907
-65.840538
-65.849907
-65.846786
-65.834282
-65.821785
-65.824913
-65.812408
-65.809288
-65.790535
-65.793663
-65.796783
-65.771782
-65.778038
-65.781158
-65.771782
-65.790535
-65.759285
-65.762413
-65.756157
-65.746788
-65.721794
-65.703041
-65.696793
-65.70929
-65.662415
-65.662415
-65.643669
-65.637421
-65.599922
-65.559296
-65.521797
-65.499924
-65.487427
-65.468674
-65.440552
-65.421806
-65.396805
-65.374931
-65.365555
-65.346802
-65.337433
-65.324936
-65.315559
-65.296806
-65.290558
-65.253059
-65.231194
-65.234314
-65.21244
-65.196815
-65.190567
-65.178062
-65.162437
-65.162437
-65.140572
-65.124947
-65.109322
-65.093697
-65.065567
-65.068695
-65.062447
-65.046822
-65.024948
-65.034325
-65.015572
-64.990578
-64.978073
-64.962448
-64.946823
-64.915581
-64.903076
-64.906204
-64.912453
-64.903076
-64.903076
-64.878082
-64.868706
-64.871826
-64.862457
-64.868706
-64.840584
-64.837456
-64.824959
-64.809334
-64.796837
-64.790581
-64.796837
-64.809334
-64.774956
-64.778084
-64.743713
-64.734337
-64.75621
-64.728088
-64.746834
-64.740593
-64.72184
-64.696838
-64.706215
-64.687462
-64.696838
-64.671837
-64.671837
-64.668716
-64.671837
-64.637466
-64.646843
-64.646843
-64.646843
-64.646843
-64.634346
-64.649963
-64.646843
-64.637466
-64.634346
-64.640594
-64.637466
-64.624969
-64.603096
-64.596848
-64.568718
-64.565598
-64.565598
-64.556221
-64.549973
-64.546844
-64.559341
-64.562469
-64.559341
-64.556221
-64.559341
-64.534348
-64.543724
-64.518723
-64.518723
-64.524971
-64.537476
-64.512474
-64.531227
-64.521851
-64.518723
-64.534348
-64.521851
-64.524971
-64.521851
-64.518723
-64.537476
-64.528099
-64.512474
-64.503098
-64.503098
-64.499977
-64.509346
-64.496849
-64.481224
-64.478096
-64.453102
-64.437477
-64.453102
-64.440605
-64.437477
-64.443726
-64.440605
-64.431229
-64.434357
-64.440605
-64.431229
-64.434357
-64.42498
-64.440605
-64.434357
-64.42498
-64.434357
-64.415604
-64.39373
-64.412476
-64.399979
-64.374977
-64.396851
-64.396851
-64.396851
-64.406227
-64.39373
-64.403107
-64.399979
-64.359352
-64.378105
-64.384354
-64.356232
-64.337486
-64.334358
-64.321861
-64.346855
-64.340607
-64.33123
-64.346855
-64.353104
-64.318733
-64.32811
-64.303108
-64.33123
-64.334358
-64.346855
-64.33123
-64.346855
-64.346855
-64.346855
-64.315605
-64.315605
-64.321861
-64.324982
-64.32811
-64.303108
-64.309357
-64.290611
-64.29686
-64.309357
-64.309357
-64.306236
-64.309357
-64.303108
-64.29998
-64.29686
-64.29998
-64.315605
-64.293732
-64.29686
-64.29686
-64.29998
-64.29686
-64.309357
-64.293732
-64.29686
-64.274986
-64.274986
-64.26873
-64.271858
-64.29686
-64.312485
-64.315605
-64.318733
-64.321861
-64.324982
-64.306236
-64.312485
-64.29998
-64.324982
-64.349976
-64.346855
-64.334358
-64.312485
-64.321861
-64.337486
-64.32811
-64.32811
-64.312485
-64.293732
-64.26873
-64.271858
-64.26873
-64.259361
-64.26561
-64.26561
-64.26873
-64.26873
-64.274986
-64.246864
-64.262482
-64.262482
-64.256233
-64.262482
-64.26873
-64.281235
-64.26873
-64.246864
-64.249985
-64.237488
-64.243736
-64.237488
-64.234367
-64.228111
-64.246864
-64.243736
-64.228111
-64.240616
-64.224991
-64.224991
-64.237488
-64.237488
-64.246864
-64.218742
-64.234367
-64.234367
-64.215614
-64.212486
-64.199989
-64.196861
-64.209366
-64.231239
-64.240616
-64.256233
-64.274986
-64.246864
-64.256233
-64.26873
-64.259361
-64.246864
-64.228111
-64.249985
-64.26561
-64.26873
-64.246864
-64.262482
-64.243736
-64.234367
-64.249985
-64.240616
-64.262482
-64.26561
-64.249985
-64.240616
-64.253105
-64.243736
-64.228111
-64.246864
-64.243736
-64.234367
-64.228111
-64.218742
-64.218742
-64.218742
-64.231239
-64.228111
-64.234367
-64.231239
-64.231239
-64.228111
-64.228111
-64.243736
-64.240616
-64.228111
-64.231239
-64.215614
-64.209366
-64.221863
-64.199989
-64.209366
-64.221863
-64.190613
-64.203117
-64.193741
-64.199989
-64.196861
-64.187492
-64.215614
-64.224991
-64.221863
-64.228111
-64.209366
-64.224991
-64.190613
-64.212486
-64.187492
-64.196861
-64.199989
-64.196861
-64.190613
-64.196861
-64.199989
-64.215614
-64.209366
-64.206238
-64.199989
-64.203117
-64.193741
-64.203117
-64.168739
-64.159363
-64.162491
-64.153114
-64.156242
-64.174988
-64.162491
-64.171867
-64.162491
-64.153114
-64.171867
-64.153114
-64.143745
-64.149986
-64.159363
-64.153114
-64.146866
-64.153114
-64.159363
-64.165611
-64.165611
-64.159363
-64.156242
-64.156242
-64.165611
-64.209366
-64.187492
-64.196861
-64.193741
-64.162491
-64.165611
-64.168739
-64.165611
-64.165611
-64.162491
-64.156242
-64.149986
-64.159363
-64.153114
-64.159363
-64.162491
-64.146866
-64.159363
-64.146866
-64.162491
-64.149986
-64.12812
-64.131241
-64.12812
-64.143745
-64.137497
-64.162491
-64.162491
-64.178116
-64.146866
-64.121872
-64.131241
-64.131241
-64.115616
-64.146866
-64.106247
-64.09687
-64.099991
-64.081245
-64.093742
-64.109367
-64.106247
-64.09687
-64.109367
-64.112495
-64.099991
-64.106247
-64.09687
-64.103119
-64.109367
-64.087494
-64.118744
-64.124992
-64.12812
-64.134369
-64.143745
-64.131241
-64.134369
-64.115616
-64.121872
-64.12812
-64.143745
-64.121872
-64.124992
-64.106247
-64.121872
-64.121872
-64.106247
-64.124992
-64.121872
-64.109367
-64.112495
-64.112495
-64.090622
-64.093742
-64.071869
-64.053116
-64.078117
-64.087494
-64.084366
-64.081245
-64.074997
-64.074997
-64.062492
-64.056244
-64.046875
-64.071869
-64.053116
-64.084366
-64.081245
-64.081245
-64.09687
-64.09687
-64.09687
-64.09687
-64.103119
-64.084366
-64.087494
-64.084366
-64.090622
-64.078117
-64.081245
-64.087494
-64.093742
-64.090622
-64.09687
-64.093742
-64.093742
-64.087494
-64.074997
-64.071869
-64.062492
-64.053116
-64.049995
-64.062492
-64.053116
-64.046875
-64.059372
-64.046875
-64.053116
-64.046875
-64.046875
-64.046875
-64.053116
-64.056244
-64.059372
-64.053116
-64.043747
-64.053116
-64.062492
-64.043747
-64.043747
-64.03437
-64.021873
-64.043747
-64.040627
-64.028122
-64.046875
-64.037498
-64.043747
-64.056244
-64.043747
-64.053116
-64.056244
-64.037498
-64.053116
-64.062492
-64.043747
-64.046875
-64.068741
-64.046875
-64.046875
-64.056244
-64.062492
-64.068741
-64.068741
-64.081245
-64.078117
-64.081245
-64.068741
-64.062492
-64.059372
-64.056244
-64.084366
-64.06562
-64.081245
-64.06562
-64.062492
-64.062492
-64.084366
-64.081245
-64.06562
-64.078117
-64.078117
-64.093742
-64.074997
-64.06562
-64.090622
-64.081245
-64.068741
-64.074997
-64.071869
-64.078117
-64.068741
-64.062492
-64.056244
-64.028122
-64.03437
-64.040627
-63.996872
-63.996872
-64.021873
-63.996872
-64.006248
-64.021873
-64.021873
-64.015625
-64.009377
-64.028122
-64.040627
-64.037498
-64.046875
-64.046875
-64.046875
-64.03437
-64.040627
-64.046875
-64.056244
-64.068741
-64.043747
-64.056244
-64.062492
-64.053116
-64.062492
-64.084366
-64.03125
-64.03125
-64.028122
-64.037498
-64.056244
-64.037498
-64.043747
-64.046875
-64.046875
-64.068741
-64.068741
-64.059372
-64.078117
-64.078117
-64.078117
-64.071869
-64.074997
-64.068741
-64.06562
-64.06562
-64.081245
-64.084366
-64.068741
-64.06562
-64.056244
-64.062492
-64.071869
-64.078117
-64.062492
-64.062492
-64.078117
-64.074997
-64.062492
-64.071869
-64.053116
-64.068741
-64.081245
-64.074997
-64.074997
-64.078117
-64.084366
-64.06562
-64.03437
-64.040627
-64.040627
-64.046875
-64.037498
-64.043747
-64.043747
-64.046875
-64.046875
-64.056244
-64.068741
-64.071869
-64.040627
-64.03125
-64.021873
-64.021873
-64.040627
-64.056244
-64.046875
-64.053116
-64.043747
-64.053116
-64.056244
-64.059372
-64.053116
-64.037498
-64.053116
-64.025002
-64.028122
-64.040627
-64.046875
-64.040627
-64.025002
-64.028122
-64.053116
-64.046875
-64.049995
-64.049995
-64.040627
-64.037498
-64.037498
-64.028122
-64.03125
-64.053116
-64.056244
-64.053116
-64.059372
-64.043747
-64.059372
-64.03125
-64.03437
-64.025002
-64.021873
-63.996872
-64.015625
-64.015625
-64.015625
-64.028122
-63.996872
-63.990623
-64.012497
-64.025002
-64.009377
-64.021873
-64.040627
-64.043747
-64.03437
-64.046875
-64.043747
-64.046875
-64.028122
-64.043747
-64.028122
-64.025002
-64.040627
-64.021873
-64.028122
-64.049995
-64.037498
-64.046875
-64.049995
-64.046875
-64.046875
-64.046875
-64.046875
-64.03125
-64.03125
-63.996872
-64.012497
-64.015625
-64.012497
-64.040627
-64.03125
-64.046875
-64.046875
-64.046875
-64.025002
-64.015625
-64.025002
-64.025002
-64.046875
-64.03437
-64.037498
-64.015625
-64.021873
-64.021873
-64.046875
-64.043747
-64.046875
-64.040627
-64.03437
-64.03125
-64.028122
-64.025002
-64.028122
-64.025002
-64.018745
-64.015625
-64.00312
-64.012497
-64.03437
-64.028122
-64.03437
-63.996872
-63.996872
-64.015625
-64.03437
-64.015625
-64.012497
-64.028122
-64.012497
-64.021873
-64.03437
-64.040627
-64.046875
-64.040627
-64.043747
-64.046875
-64.037498
-64.018745
-64.021873
-64.009377
-64.018745
-64.015625
-64.028122
-64.040627
-64.03437
-64.018745
-64.03125
-64.043747
-64.03125
-64.056244
-64.049995
-64.046875
-64.053116
-64.053116
-64.046875
-64.043747
-64.021873
-64.021873
-64.03125
-63.996872
-64.03437
-64.015625
-63.996872
-64.025002
-64.015625
-63.987499
-63.993748
-63.996872
-63.996872
-64.028122
-64.015625
-64.012497
-64.025002
-64.015625
-64.028122
-64.040627
-64.028122
-64.006248
-64.021873
-63.996872
-64.021873
-64.021873
-64.021873
-64.012497
-64.03125
-64.021873
-64.021873
-64.03437
-64.018745
-64.028122
-64.021873
-64.028122
-64.021873
-64.006248
-64.015625
-63.996872
-63.996872
-64.009377
-64.03125
-64.021873
-64.006248
-63.993748
-63.981247
-63.996872
-63.996872
-63.984375
-64.009377
-64.012497
-64.021873
-64.00312
-64.012497
-63.971874
-64.006248
-63.996872
-64.009377
-64.012497
-64.012497
-64.018745
-64.018745
-64.006248
-64.021873
-64.021873
-64.03125
-64.03125
-64.015625
-64.006248
-64.037498
-64.046875
-64.012497
-64.040627
-64.03125
-64.021873
-64.009377
-64.012497
-64.025002
-64.040627
-64.03125
-64.028122
-64.037498
-64.012497
-64.018745
-64.046875
-64.03437
-64.03437
-64.012497
-64.018745
-64.028122
-64.025002
-63.996872
-64.012497
-64.021873
-64.006248
-64.037498
-64.021873
-63.996872
-64.03125
-64.025002
-64.009377
-64.018745
-64.021873
-64.015625
-64.015625
-64.015625
-64.037498
-64.040627
-64.015625
-64.006248
-64.03125
-64.028122
-64.043747
-64.040627
-64.021873
-64.012497
-64.006248
-63.978123
-63.984375
-63.981247
-63.990623
-63.996872
-63.971874
-63.990623
-64.006248
-63.993748
-63.996872
-63.993748
-63.996872
-63.993748
-63.965622
-63.984375
-63.981247
-63.978123
-63.981247
-63.987499
-63.962498
-63.946873
-63.946873
-63.946873
-63.953125
-63.959373
-63.96875
-63.96875
-64.006248
-63.990623
-63.996872
-63.996872
-64
-63.996872
-63.993748
-63.984375
-63.974998
-63.981247
-63.981247
-63.981247
-63.981247
-63.96875
-63.971874
-63.971874
-63.984375
-63.96875
-63.949997
-63.946873
-63.946873
-63.946873
-63.946873
-63.965622
-63.974998
-63.971874
-63.959373
-63.953125
-63.971874
-63.978123
-63.974998
-63.974998
-63.984375
-63.971874
-63.993748
-64.00312
-63.996872
-64.018745
-64.012497
-64.025002
-64.025002
-64.015625
-64.021873
-64.028122
-64.046875
-64.021873
-64.009377
-64.015625
-64.018745
-64.012497
-63.996872
-63.996872
-64.006248
-63.996872
-64.040627
-64.03125
-64.006248
-64.015625
-64.018745
-63.996872
-64.015625
-64.028122
-64.015625
-64.009377
-63.993748
-63.996872
-63.996872
-63.984375
-63.996872
-63.990623
-63.981247
-63.987499
-63.996872
-63.996872
-64.012497
-63.996872
-64.021873
-64.025002
-64.021873
-64.03437
-64.046875
-64.028122
-64.043747
-64.03437
-64.028122
-64.012497
-64.03125
-64.018745
-64.03437
-64.021873
-64.015625
-64.018745
-64.025002
-64.018745
-64.015625
-63.996872
-63.996872
-64.009377
-63.996872
-63.987499
-63.996872
-63.996872
-63.996872
-63.990623
-63.990623
-63.987499
-63.996872
-63.978123
-63.984375
-63.981247
-63.996872
-64.009377
-63.974998
-63.990623
-64.00312
-63.981247
-63.978123
-63.96875
-63.978123
-63.96875
-63.949997
-63.971874
-63.996872
-64.012497
-64.006248
-63.996872
-64.009377
-63.996872
-64.012497
-64.021873
-64.018745
-64.009377
-63.993748
-63.996872
-63.996872
-64.012497
-63.990623
-63.996872
-63.990623
-63.987499
-63.990623
-63.990623
-63.993748
-63.996872
-63.984375
-63.956249
-63.96875
-63.953125
-63.959373
-63.984375
-63.987499
-63.987499
-63.996872
-64.012497
-63.996872
-63.996872
-63.984375
-63.996872
-63.996872
-63.990623
-63.993748
-63.984375
-63.965622
-63.965622
-63.974998
-63.96875
-63.962498
-63.959373
-63.956249
-63.978123
-63.965622
-63.987499
-63.953125
-63.96875
-63.984375
-63.990623
-63.990623
-63.993748
-63.996872
-64.006248
-64.012497
-64.009377
-64.018745
-64.012497
-64.009377
-64.012497
-63.996872
-63.996872
-63.990623
-63.987499
-63.984375
-64.018745
-64.025002
-64.037498
-64.025002
-64.018745
-64.03125
-64.025002
-63.993748
-63.990623
-63.990623
-63.978123
-63.971874
-63.984375
-63.984375
-63.987499
-63.990623
-63.971874
-63.978123
-63.981247
-63.990623
-63.996872
-63.996872
-63.974998
-63.981247
-63.987499
-63.996872
-63.978123
-63.990623
-63.987499
-63.990623
-63.993748
-63.96875
-63.971874
-63.959373
-63.96875
-63.946873
-63.946873
-63.956249
-63.96875
-63.965622
-63.978123
-63.987499
-63.996872
-63.996872
-63.984375
-63.971874
-63.984375
-64.009377
-63.987499
-63.981247
-63.959373
-63.962498
-63.965622
-63.943752
-63.943752
-63.93438
-63.91563
-63.921879
-63.912502
-63.906254
-63.896877
-63.912502
-63.906254
-63.890629
-63.896877
-63.909378
-63.896877
-63.896877
-63.896877
-63.893753
-63.887505
-63.890629
-63.91563
-63.928127
-63.928127
-63.946873
-63.928127
-63.91563
-63.90313
-63.896877
-63.90313
-63.900005
-63.906254
-63.918755
-63.918755
-63.909378
-63.893753
-63.88438
-63.896877
-63.896877
-63.900005
-63.90313
-63.906254
-63.91563
-63.925003
-63.925003
-63.91563
-63.93438
-63.940628
-63.928127
-63.928127
-63.921879
-63.90313
-63.909378
-63.909378
-63.918755
-63.943752
-63.93438
-63.906254
-63.909378
-63.909378
-63.900005
-63.896877
-63.890629
-63.896877
-63.878128
-63.88438
-63.881252
-63.881252
-63.88438
-63.875004
-63.878128
-63.88438
-63.896877
-63.896877
-63.881252
-63.87188
-63.859379
-63.850002
-63.85313
-63.846882
-63.85313
-63.85313
-63.868755
-63.875004
-63.862503
-63.862503
-63.878128
-63.878128
-63.887505
-63.896877
-63.90313
-63.890629
-63.896877
-63.890629
-63.896877
-63.91563
-63.890629
-63.875004
-63.875004
-63.881252
-63.878128
-63.88438
-63.878128
-63.878128
-63.85313
-63.878128
-63.881252
-63.865627
-63.846882
-63.828133
-63.828133
-63.821884
-63.834385
-63.840633
-63.846882
-63.850002
-63.840633
-63.856255
-63.865627
-63.856255
-63.862503
-63.865627
-63.846882
-63.859379
-63.87188
-63.875004
-63.878128
-63.87188
-63.850002
-63.87188
-63.868755
-63.88438
-63.878128
-63.878128
-63.881252
-63.890629
-63.875004
-63.865627
-63.87188
-63.875004
-63.859379
-63.87188
-63.859379
-63.846882
-63.859379
-63.865627
-63.859379
-63.85313
-63.856255
-63.85313
-63.85313
-63.862503
-63.88438
-63.88438
-63.890629
-63.896877
-63.881252
-63.875004
-63.878128
-63.862503
-63.881252
-63.88438
-63.88438
-63.890629
-63.868755
-63.881252
-63.881252
-63.893753
-63.887505
-63.896877
-63.890629
-63.887505
-63.896877
-63.88438
-63.890629
-63.893753
-63.906254
-63.896877
-63.90313
-63.900005
-63.896877
-63.906254
-63.893753
-63.909378
-63.896877
-63.912502
-63.909378
-63.896877
-63.890629
-63.887505
-63.893753
-63.921879
-63.921879
-63.928127
-63.912502
-63.91563
-63.881252
-63.890629
-63.90313
-63.881252
-63.896877
-63.87188
-63.87188
-63.893753
-63.887505
-63.868755
-63.862503
-63.87188
-63.881252
-63.87188
-63.85313
-63.856255
-63.887505
-63.87188
-63.859379
-63.846882
-63.846882
-63.846882
-63.865627
-63.896877
-63.893753
-63.896877
-63.88438
-63.88438
-63.893753
-63.909378
-63.896877
-63.87188
-63.88438
-63.87188
-63.890629
-63.906254
-63.925003
-63.928127
-63.906254
-63.931255
-63.918755
-63.896877
-63.909378
-63.896877
-63.900005
-63.896877
-63.881252
-63.890629
-63.878128
-63.859379
-63.88438
-63.896877
-63.881252
-63.896877
-63.881252
-63.893753
-63.90313
-63.896877
-63.893753
-63.900005
-63.896877
-63.909378
-63.893753
-63.875004
-63.881252
-63.878128
-63.881252
-63.896877
-63.890629
-63.878128
-63.896877
-63.896877
-63.890629
-63.875004
-63.856255
-63.865627
-63.862503
-63.887505
-63.878128
-63.912502
-63.906254
-63.90313
-63.896877
-63.90313
-63.896877
-63.890629
-63.90313
-63.896877
-63.909378
-63.900005
-63.88438
-63.890629
-63.896877
-63.906254
-63.906254
-63.912502
-63.896877
-63.896877
-63.881252
-63.906254
-63.900005
-63.900005
-63.896877
-63.909378
-63.896877
-63.881252
-63.862503
-63.887505
-63.890629
-63.896877
-63.88438
-63.890629
-63.878128
-63.881252
-63.88438
-63.868755
-63.87188
-63.859379
-63.856255
-63.859379
-63.850002
-63.88438
-63.88438
-63.890629
-63.88438
-63.890629
-63.88438
-63.890629
-63.896877
-63.868755
-63.865627
-63.878128
-63.906254
-63.921879
-63.91563
-63.918755
-63.925003
-63.93438
-63.912502
-63.921879
-63.90313
-63.909378
-63.921879
-63.896877
-63.918755
-63.912502
-63.921879
-63.91563
-63.912502
-63.900005
-63.912502
-63.918755
-63.921879
-63.896877
-63.91563
-63.909378
-63.906254
-63.906254
-63.912502
-63.91563
-63.90313
-63.896877
-63.93438
-63.918755
-63.912502
-63.90313
-63.896877
-63.900005
-63.890629
-63.896877
-63.925003
-63.91563
-63.896877
-63.91563
-63.893753
-63.90313
-63.896877
-63.896877
-63.868755
-63.878128
-63.890629
-63.881252
-63.893753
-63.890629
-63.896877
-63.878128
-63.896877
-63.921879
-63.921879
-63.918755
-63.90313
-63.906254
-63.896877
-63.909378
-63.896877
-63.90313
-63.90313
-63.896877
-63.906254
-63.921879
-63.918755
-63.928127
-63.928127
-63.93438
-63.921879
-63.906254
-63.90313
-63.918755
-63.937504
-63.928127
-63.93438
-63.937504
-63.931255
-63.946873
-63.943752
-63.937504
-63.956249
-63.937504
-63.965622
-63.946873
-63.940628
-63.91563
-63.93438
-63.928127
-63.940628
-63.946873
-63.931255
-63.937504
-63.965622
-63.925003
-63.940628
-63.925003
-63.928127
-63.943752
-63.912502
-63.900005
-63.896877
-63.896877
-63.896877
-63.90313
-63.912502
-63.918755
-63.918755
-63.928127
-63.91563
-63.940628
-63.946873
-63.953125
-63.96875
-63.943752
-63.971874
-63.949997
-63.956249
-63.959373
-63.946873
-63.971874
-63.956249
-63.984375
-63.993748
-63.996872
-63.971874
-63.971874
-63.984375
-63.987499
-63.971874
-63.978123
-63.971874
-63.978123
-63.978123
-63.981247
-63.984375
-63.96875
-63.962498
-63.96875
-63.959373
-63.956249
-63.981247
-63.971874
-63.971874
-63.996872
-63.971874
-63.974998
-63.974998
-63.971874
-63.971874
-63.971874
-63.959373
-63.962498
-63.978123
-63.971874
-63.984375
-63.978123
-63.965622
-63.990623
-63.971874
-63.946873
-63.96875
-63.96875
-63.956249
-63.978123
-63.974998
-63.96875
-63.956249
-63.981247
-63.978123
-63.971874
-63.993748
-63.996872
-63.981247
-63.965622
-63.971874
-63.993748
-63.996872
-63.987499
-63.996872
-63.984375
-63.996872
-63.996872
-63.996872
-63.978123
-63.978123
-63.984375
-63.965622
-63.965622
-63.953125
-63.974998
-63.959373
-63.940628
-63.956249
-63.946873
-63.981247
-63.96875
-63.96875
-63.974998
-63.959373
-63.946873
-63.949997
-63.959373
-63.971874
-63.974998
-63.959373
-63.974998
-63.984375
-63.96875
-63.956249
-63.971874
-63.974998
-63.984375
-63.971874
-63.984375
-63.974998
-63.946873
-63.949997
-63.959373
-63.96875
-63.956249
-63.949997
-63.953125
-63.949997
-63.971874
-63.965622
-63.953125
-63.959373
-63.946873
-63.953125
-63.965622
-63.943752
-63.946873
-63.946873
-63.943752
-63.96875
-63.96875
-63.962498
-63.984375
-63.96875
-63.965622
-63.984375
-63.990623
-63.978123
-63.984375
-64.006248
-63.993748
-64.015625
-64.012497
-64.012497
-63.996872
-63.984375
-63.984375
-63.996872
-63.974998
-63.978123
-63.971874
-63.993748
-63.996872
-63.987499
-63.981247
-63.984375
-63.974998
-63.962498
-63.946873
-63.946873
-63.959373
-63.971874
-63.940628
-63.949997
-63.96875
-63.971874
-63.96875
-63.996872
-63.987499
-64.015625
-63.996872
-64.00312
-63.996872
-63.993748
-63.996872
-63.996872
-63.996872
-63.996872
-64.009377
-64.03125
-64.03437
-64.03125
-64.03125
-64.006248
-64.018745
-63.993748
-63.993748
-64.012497
-63.996872
-63.996872
-64.006248
-64.009377
-64.012497
-63.996872
-63.996872
-63.996872
-63.984375
-63.990623
-64.006248
-63.996872
-63.996872
-63.990623
-63.981247
-64.015625
-64.021873
-64.015625
-64.018745
-63.996872
-63.996872
-63.996872
-63.978123
-63.978123
-63.971874
-63.959373
-63.946873
-63.974998
-63.978123
-63.981247
-63.987499
-63.971874
-63.984375
-63.981247
-63.981247
-63.984375
-63.981247
-63.981247
-63.971874
-63.996872
-63.996872
-64.00312
-63.996872
-63.974998
-63.981247
-63.959373
-63.971874
-63.965622
-63.953125
-63.974998
-63.971874
-63.990623
-63.962498
-63.978123
-63.971874
-63.990623
-64.009377
-63.990623
-63.996872
-63.990623
-63.981247
-63.996872
-63.96875
-63.974998
-63.971874
-63.953125
-63.946873
-63.949997
-63.959373
-63.962498
-63.962498
-63.946873
-63.981247
-63.962498
-63.96875
-63.984375
-63.981247
-63.990623
-63.996872
-64.012497
-64.040627
-64.037498
-64.040627
-64.046875
-64.043747
-64.025002
-63.996872
-63.996872
-63.996872
-63.996872
-63.984375
-63.990623
-63.974998
-63.984375
-63.978123
-63.962498
-63.984375
-63.959373
-63.965622
-63.946873
-63.946873
-63.953125
-63.959373
-63.959373
-63.959373
-63.959373
-63.971874
-63.959373
-63.984375
-63.974998
-63.96875
-63.959373
-63.981247
-63.96875
-64.006248
-63.996872
-63.993748
-63.996872
-64.006248
-64.009377
-63.996872
-63.990623
-63.974998
-63.981247
-63.974998
-63.981247
-63.996872
-63.996872
-63.996872
-64.018745
-64.025002
-63.996872
-63.996872
-63.996872
-63.996872
-63.996872
-64.006248
-64.012497
-63.990623
-63.978123
-63.984375
-63.996872
-63.993748
-63.987499
-63.996872
-63.981247
-63.962498
-63.962498
-63.984375
-63.971874
-63.978123
-63.987499
-63.996872
-63.987499
-63.990623
-63.974998
-63.996872
-63.987499
-63.984375
-63.96875
-63.974998
-63.990623
-63.996872
-64.015625
-64.018745
-64.03125
-64.018745
-64.046875
-64.043747
-64.037498
-64.006248
-64.015625
-64.006248
-63.996872
-63.990623
-63.996872
-63.996872
-63.990623
-64.012497
-63.996872
-63.996872
-64.012497
-63.996872
-63.993748
-63.984375
-63.990623
-63.990623
-63.996872
-63.987499
-63.981247
-63.990623
-63.978123
-63.993748
-63.996872
-63.996872
-64.00312
-64.009377
-63.996872
-63.996872
-64.00312
-63.984375
-63.984375
-63.996872
-63.984375
-63.971874
-63.990623
-63.971874
-63.996872
-63.981247
-63.996872
-63.996872
-63.974998
-63.974998
-63.978123
-63.974998
-63.971874
-63.96875
-63.981247
-63.981247
-64.006248
-64.009377
-63.996872
-63.981247
-63.987499
-63.996872
-63.978123
-63.978123
-63.956249
-63.956249
-63.949997
-63.953125
-63.962498
-63.949997
-63.946873
-63.943752
-63.962498
-63.965622
-63.96875
-63.974998
-63.974998
-63.946873
-63.965622
-63.946873
-63.940628
-63.953125
-63.946873
-63.949997
-63.974998
-63.946873
-63.949997
-63.959373
-63.946873
-63.946873
-63.965622
-63.962498
-63.946873
-63.965622
-63.946873
-63.962498
-63.953125
-63.949997
-63.946873
-63.962498
-63.953125
-63.937504
-63.940628
-63.959373
-63.959373
-63.946873
-63.946873
-63.946873
-63.953125
-63.943752
-63.946873
-63.949997
-63.953125
-63.943752
-63.96875
-63.971874
-63.953125
-63.959373
-63.971874
-63.993748
-63.974998
-63.971874
-63.978123
-63.965622
-63.990623
-63.993748
-63.990623
-63.996872
-63.996872
-63.993748
-63.996872
-63.987499
-63.996872
-63.974998
-63.96875
-63.984375
-63.965622
-63.946873
-63.93438
-63.925003
-63.921879
-63.931255
-63.940628
-63.946873
-63.946873
-63.943752
-63.949997
-63.971874
-63.953125
-63.974998
-63.978123
-63.993748
-63.981247
-63.984375
-63.987499
-63.987499
-63.996872
-63.996872
-64.012497
-64.015625
-63.996872
-64.012497
-63.996872
-63.990623
-63.993748
-63.978123
-63.974998
-63.981247
-63.978123
-63.971874
-63.971874
-63.946873
-63.96875
-63.978123
-63.946873
-63.937504
-63.928127
-63.928127
-63.946873
-63.93438
-63.943752
-63.949997
-63.953125
-63.940628
-63.953125
-63.946873
-63.953125
-63.959373
-63.946873
-63.965622
-63.965622
-63.946873
-63.96875
-63.971874
-63.953125
-63.984375
-63.993748
-63.971874
-63.965622
-63.956249
-63.971874
-63.965622
-63.962498
-63.971874
-63.959373
-63.946873
-63.962498
-63.962498
-63.965622
-63.974998
-63.971874
-63.956249
-63.953125
-63.946873
-63.928127
-63.93438
-63.931255
-63.953125
-63.978123
-63.946873
-63.928127
-63.946873
-63.931255
-63.921879
-63.921879
-63.91563
-63.91563
-63.928127
-63.925003
-63.928127
-63.912502
-63.921879
-63.91563
-63.91563
-63.896877
-63.90313
-63.909378
-63.909378
-63.928127
-63.925003
-63.931255
-63.946873
-63.93438
-63.937504
-63.931255
-63.912502
-63.909378
-63.921879
-63.91563
-63.906254
-63.909378
-63.88438
-63.90313
-63.918755
-63.881252
-63.912502
-63.928127
-63.928127
-63.940628
-63.928127
-63.912502
-63.928127
-63.921879
-63.921879
-63.93438
-63.921879
-63.925003
-63.937504
-63.918755
-63.918755
-63.91563
-63.887505
-63.887505
-63.87188
-63.87188
-63.868755
-63.865627
-63.865627
-63.906254
-63.918755
-63.896877
-63.925003
-63.921879
-63.931255
-63.909378
-63.896877
-63.921879
-63.93438
-63.912502
-63.91563
-63.921879
-63.906254
-63.896877
-63.912502
-63.896877
-63.906254
-63.896877
-63.90313
-63.931255
-63.918755
-63.93438
-63.940628
-63.921879
-63.91563
-63.925003
-63.912502
-63.906254
-63.91563
-63.88438
-63.896877
-63.893753
-63.896877
-63.893753
-63.909378
-63.918755
-63.909378
-63.909378
-63.918755
-63.937504
-63.943752
-63.93438
-63.946873
-63.946873
-63.937504
-63.928127
-63.925003
-63.918755
-63.921879
-63.928127
-63.925003
-63.93438
-63.93438
-63.93438
-63.946873
-63.928127
-63.921879
-63.909378
-63.93438
-63.946873
-63.946873
-63.940628
-63.971874
-63.946873
-63.946873
-63.978123
-63.959373
-63.956249
-63.96875
-63.978123
-63.974998
-63.981247
-63.965622
-63.971874
-63.971874
-63.965622
-63.96875
-63.953125
-63.956249
-63.946873
-63.940628
-63.943752
-63.943752
-63.937504
-63.93438
-63.946873
-63.943752
-63.946873
-63.959373
-63.965622
-63.953125
-63.965622
-63.953125
-63.943752
-63.946873
-63.931255
-63.946873
-63.971874
-63.981247
-63.978123
-63.965622
-63.981247
-63.978123
-63.981247
-63.981247
-63.965622
-63.971874
-63.971874
-63.971874
-63.959373
-63.959373
-63.946873
-63.943752
-63.946873
-63.946873
-63.953125
-63.943752
-63.946873
-63.93438
-63.943752
-63.93438
-63.931255
-63.937504
-63.93438
-63.921879
-63.93438
-63.928127
-63.91563
-63.93438
-63.918755
-63.912502
-63.921879
-63.896877
-63.912502
-63.93438
-63.940628
-63.946873
-63.946873
-63.921879
-63.940628
-63.918755
-63.93438
-63.931255
-63.912502
-63.937504
-63.946873
-63.912502
-63.925003
-63.91563
-63.918755
-63.91563
-63.912502
-63.921879
-63.931255
-63.953125
-63.949997
-63.96875
-63.959373
-63.937504
-63.937504
-63.943752
-63.921879
-63.940628
-63.946873
-63.959373
-63.96875
-63.953125
-63.93438
-63.940628
-63.931255
-63.937504
-63.918755
-63.91563
-63.937504
-63.93438
-63.928127
-63.940628
-63.943752
-63.93438
-63.943752
-63.93438
-63.928127
-63.946873
-63.928127
-63.931255
-63.921879
-63.93438
-63.937504
-63.937504
-63.921879
-63.946873
-63.953125
-63.943752
-63.940628
-63.946873
-63.959373
-63.946873
-63.946873
-63.928127
-63.956249
-63.965622
-63.943752
-63.946873
-63.91563
-63.931255
-63.931255
-63.925003
-63.946873
-63.956249
-63.940628
-63.928127
-63.937504
-63.91563
-63.946873
-63.965622
-63.96875
-63.965622
-63.946873
-63.937504
-63.93438
-63.940628
-63.946873
-63.931255
-63.937504
-63.943752
-63.949997
-63.943752
-63.946873
-63.940628
-63.918755
-63.921879
-63.925003
-63.90313
-63.918755
-63.900005
-63.896877
-63.896877
-63.896877
-63.90313
-63.88438
-63.896877
-63.890629
-63.906254
-63.893753
-63.921879
-63.91563
-63.896877
-63.918755
-63.925003
-63.918755
-63.93438
-63.921879
-63.912502
-63.91563
-63.91563
-63.906254
-63.90313
-63.921879
-63.900005
-63.90313
-63.878128
-63.887505
-63.893753
-63.896877
-63.896877
-63.90313
-63.896877
-63.896877
-63.906254
-63.893753
-63.906254
-63.900005
-63.88438
-63.896877
-63.912502
-63.91563
-63.918755
-63.906254
-63.90313
-63.900005
-63.91563
-63.925003
-63.931255
-63.896877
-63.896877
-63.887505
-63.887505
-63.896877
-63.921879
-63.912502
-63.912502
-63.91563
-63.890629
-63.875004
-63.881252
-63.878128
-63.875004
-63.893753
-63.878128
-63.87188
-63.875004
-63.862503
-63.868755
-63.856255
-63.862503
-63.85313
-63.88438
-63.875004
-63.896877
-63.887505
-63.890629
-63.878128
-63.856255
-63.85313
-63.846882
-63.834385
-63.840633
-63.856255
-63.862503
-63.878128
-63.859379
-63.859379
-63.862503
-63.865627
-63.856255
-63.862503
-63.846882
-63.859379
-63.87188
-63.862503
-63.846882
-63.850002
-63.828133
-63.846882
-63.843758
-63.846882
-63.850002
-63.859379
-63.846882
-63.846882
-63.856255
-63.868755
-63.862503
-63.846882
-63.850002
-63.865627
-63.856255
-63.856255
-63.846882
-63.846882
-63.846882
-63.865627
-63.846882
-63.850002
-63.850002
-63.846882
-63.85313
-63.859379
-63.846882
-63.868755
-63.850002
-63.846882
-63.846882
-63.834385
-63.825008
-63.834385
-63.828133
-63.812508
-63.815632
-63.81876
-63.843758
-63.846882
-63.85313
-63.846882
-63.831257
-63.825008
-63.81876
-63.834385
-63.809383
-63.821884
-63.81876
-63.815632
-63.825008
-63.821884
-63.831257
-63.846882
-63.834385
-63.846882
-63.825008
-63.846882
-63.868755
-63.87188
-63.856255
-63.878128
-63.868755
-63.87188
-63.859379
-63.846882
-63.859379
-63.875004
-63.868755
-63.865627
-63.87188
-63.865627
-63.846882
-63.846882
-63.856255
-63.85313
-63.862503
-63.862503
-63.865627
-63.85313
-63.85313
-63.859379
-63.87188
-63.878128
-63.87188
-63.856255
-63.840633
-63.85313
-63.846882
-63.846882
-63.850002
-63.850002
-63.850002
-63.88438
-63.862503
-63.862503
-63.890629
-63.878128
-63.856255
-63.859379
-63.850002
-63.862503
-63.881252
-63.896877
-63.90313
-63.896877
-63.90313
-63.896877
-63.88438
-63.890629
-63.896877
-63.890629
-63.893753
-63.87188
-63.859379
-63.890629
-63.896877
-63.878128
-63.881252
-63.890629
-63.878128
-63.909378
-63.890629
-63.878128
-63.896877
-63.868755
-63.875004
-63.881252
-63.865627
-63.865627
-63.856255
-63.859379
-63.85313
-63.887505
-63.85313
-63.843758
-63.843758
-63.846882
-63.859379
-63.850002
-63.846882
-63.840633
-63.846882
-63.846882
-63.859379
-63.878128
-63.878128
-63.859379
-63.878128
-63.875004
-63.887505
-63.868755
-63.865627
-63.878128
-63.878128
-63.887505
-63.896877
-63.893753
-63.878128
-63.859379
-63.856255
-63.862503
-63.850002
-63.862503
-63.865627
-63.881252
-63.87188
-63.896877
-63.896877
-63.887505
-63.875004
-63.878128
-63.868755
-63.887505
-63.87188
-63.881252
-63.850002
-63.831257
-63.846882
-63.862503
-63.828133
-63.846882
-63.865627
-63.868755
-63.88438
-63.893753
-63.87188
-63.893753
-63.875004
-63.878128
-63.87188
-63.875004
-63.87188
-63.859379
-63.865627
-63.85313
-63.840633
-63.843758
-63.859379
-63.862503
-63.865627
-63.896877
-63.88438
-63.896877
-63.896877
-63.88438
-63.890629
-63.900005
-63.906254
-63.918755
-63.90313
-63.896877
-63.90313
-63.900005
-63.909378
-63.887505
-63.887505
-63.88438
-63.881252
-63.906254
-63.896877
-63.896877
-63.918755
-63.912502
-63.918755
-63.900005
-63.896877
-63.896877
-63.906254
-63.896877
-63.90313
-63.91563
-63.896877
-63.912502
-63.90313
-63.896877
-63.896877
-63.906254
-63.912502
-63.90313
-63.87188
-63.868755
-63.868755
-63.881252
-63.890629
-63.909378
-63.937504
-63.931255
-63.931255
-63.925003
-63.928127
-63.937504
-63.909378
-63.909378
-63.906254
-63.946873
-63.946873
-63.925003
-63.912502
-63.943752
-63.937504
-63.940628
-63.940628
-63.925003
-63.940628
-63.940628
-63.896877
-63.909378
-63.918755
-63.91563
-63.912502
-63.896877
-63.90313
-63.918755
-63.921879
-63.896877
-63.906254
-63.90313
-63.91563
-63.896877
-63.900005
-63.896877
-63.906254
-63.88438
-63.88438
-63.87188
-63.87188
-63.881252
-63.896877
-63.893753
-63.896877
-63.921879
-63.925003
-63.91563
-63.896877
-63.90313
-63.906254
-63.912502
-63.90313
-63.909378
-63.91563
-63.906254
-63.91563
-63.909378
-63.918755
-63.91563
-63.921879
-63.909378
-63.928127
-63.928127
-63.937504
-63.93438
-63.93438
-63.946873
-63.946873
-63.959373
-63.940628
-63.937504
-63.928127
-63.937504
-63.940628
-63.931255
-63.93438
-63.93438
-63.912502
-63.90313
-63.912502
-63.900005
-63.890629
-63.896877
-63.896877
-63.906254
-63.909378
-63.93438
-63.921879
-63.909378
-63.912502
-63.912502
-63.928127
-63.940628
-63.93438
-63.940628
-63.931255
-63.949997
-63.962498
-63.965622
-63.981247
-63.993748
-63.978123
-63.974998
-63.996872
-63.978123
-63.971874
-63.974998
-63.974998
-63.953125
-63.971874
-63.965622
-63.984375
-63.996872
-63.996872
-63.990623
-63.96875
-63.953125
-63.946873
-63.971874
-63.962498
-63.956249
-63.943752
-63.93438
-63.946873
-63.940628
-63.962498
-63.990623
-63.971874
-63.962498
-63.959373
-63.949997
-63.953125
-63.953125
-63.953125
-63.965622
-63.96875
-63.940628
-63.962498
-63.959373
-63.974998
-63.996872
-63.996872
-63.965622
-63.956249
-63.949997
-63.928127
-63.940628
-63.928127
-63.928127
-63.928127
-63.946873
-63.946873
-63.928127
-63.912502
-63.931255
-63.918755
-63.937504
-63.940628
-63.931255
-63.93438
-63.921879
-63.921879
-63.918755
-63.940628
-63.940628
-63.93438
-63.953125
-63.940628
-63.962498
-63.956249
-63.946873
-63.956249
-63.96875
-63.965622
-63.981247
-63.974998
-63.953125
-63.953125
-63.959373
-63.946873
-63.96875
-63.959373
-63.956249
-63.943752
-63.943752
-63.946873
-63.949997
-63.946873
-63.93438
-63.928127
-63.91563
-63.928127
-63.921879
-63.931255
-63.965622
-63.965622
-63.953125
-63.953125
-63.971874
-63.96875
-63.953125
-63.946873
-63.943752
-63.971874
-63.978123
-63.978123
-63.987499
-63.953125
-63.965622
-63.971874
-63.959373
-63.978123
-63.996872
-63.993748
-63.993748
-63.971874
-63.993748
-63.996872
-63.996872
-63.996872
-64.006248
-63.996872
-63.996872
-64.018745
-64.015625
-64.021873
-64.015625
-63.993748
-63.996872
-64.015625
-64.018745
-64.040627
-64.009377
-64.018745
-64.012497
-64.00312
-63.996872
-63.996872
-63.993748
-63.990623
-63.984375
-63.974998
-64.015625
-63.996872
-63.987499
-63.990623
-63.993748
-64.028122
-64.015625
-64.037498
-64.028122
-64.009377
-64.03125
-64.025002
-63.996872
-63.993748
-63.990623
-63.981247
-63.984375
-64
-64.012497
-64.015625
-64.006248
-64.015625
-64.012497
-64.012497
-63.996872
-64.006248
-64.012497
-64.012497
-63.984375
-64.009377
-64.021873
-64.03437
-64.03125
-64.046875
-64.028122
-64.03437
-64.028122
-64.018745
-64.025002
-64.009377
-63.996872
-64.006248
-63.996872
-63.996872
-64.012497
-63.996872
-63.996872
-64
-63.996872
-63.993748
-63.996872
-63.996872
-63.996872
-64.012497
-64.015625
-64.037498
-64.021873
-64.018745
-64.018745
-64.009377
-63.996872
-64.03437
-64.009377
-64.012497
-63.996872
-63.996872
-64.006248
-63.996872
-63.990623
-63.993748
-63.996872
-63.993748
-63.996872
-63.996872
-63.996872
-63.996872
-63.978123
-63.981247
-63.990623
-63.996872
-63.996872
-64.012497
-63.996872
-63.984375
-63.971874
-63.96875
-63.96875
-63.96875
-63.953125
-63.956249
-63.956249
-63.96875
-63.984375
-63.981247
-63.96875
-63.956249
-63.953125
-63.946873
-63.956249
-63.956249
-63.946873
-63.943752
-63.940628
-63.971874
-63.949997
-63.956249
-63.946873
-63.956249
-63.931255
-63.943752
-63.946873
-63.931255
-63.943752
-63.946873
-63.940628
-63.946873
-63.925003
-63.918755
-63.921879
-63.900005
-63.90313
-63.925003
-63.931255
-63.937504
-63.946873
-63.946873
-63.962498
-63.984375
-63.971874
-63.971874
-63.990623
-63.971874
-63.962498
-63.978123
-63.956249
-63.984375
-63.946873
-63.971874
-63.956249
-63.946873
-63.96875
-63.984375
-63.984375
-64.012497
-64.006248
-63.996872
-63.990623
-63.996872
-63.987499
-63.996872
-63.996872
-63.987499
-63.978123
-63.987499
-63.981247
-63.974998
-63.984375
-63.984375
-64.006248
-63.96875
-63.946873
-63.965622
-63.987499
-64.015625
-64.015625
-63.996872
-63.978123
-63.981247
-63.965622
-63.956249
-63.959373
-63.971874
-63.946873
-63.937504
-63.937504
-63.943752
-63.937504
-63.943752
-63.956249
-63.940628
-63.956249
-63.946873
-63.956249
-63.946873
-63.962498
-63.971874
-63.971874
-63.949997
-63.996872
-63.981247
-63.993748
-63.990623
-63.978123
-63.978123
-63.974998
-63.978123
-63.965622
-63.984375
-63.990623
-63.990623
-63.996872
-64.021873
-63.996872
-63.996872
-63.990623
-63.984375
-63.981247
-63.993748
-63.981247
-63.993748
-63.996872
-63.974998
-63.996872
-63.996872
-63.978123
-63.962498
-63.971874
-63.96875
-63.96875
-63.965622
-63.984375
-63.987499
-63.959373
-63.953125
-63.974998
-63.981247
-63.996872
-63.996872
-64.018745
-64.012497
-63.996872
-63.996872
-63.990623
-63.996872
-63.996872
-64.015625
-63.993748
-64.028122
-64.037498
-64.03437
-64.046875
-64.059372
-64.043747
-64.012497
-64.037498
-64.053116
-64.053116
-64.062492
-64.046875
-64.068741
-64.046875
-64.040627
-64.046875
-64.046875
-64.025002
-64.03437
-64.021873
-64.012497
-63.996872
-64.03437
-64.021873
-63.996872
-63.978123
-63.990623
-64.006248
-64.021873
-64.015625
-64.009377
-64.021873
-64.015625
-64.006248
-64.012497
-63.984375
-63.993748
-63.981247
-63.984375
-63.96875
-63.971874
-63.974998
-63.981247
-63.981247
-63.984375
-63.981247
-63.984375
-63.965622
-63.971874
-63.981247
-63.978123
-63.981247
-63.981247
-63.996872
-63.981247
-63.996872
-63.996872
-63.993748
-63.996872
-63.996872
-63.978123
-63.990623
-63.987499
-63.974998
-64.015625
-63.996872
-63.996872
-64.009377
-64.009377
-63.996872
-63.996872
-63.987499
-63.981247
-63.996872
-63.996872
-63.96875
-63.971874
-63.990623
-63.996872
-64.009377
-64.009377
-63.996872
-63.987499
-63.971874
-63.953125
-63.946873
-63.946873
-63.946873
-63.949997
-63.971874
-63.987499
-63.959373
-63.987499
-63.96875
-63.971874
-63.990623
-63.990623
-63.974998
-63.984375
-63.965622
-63.974998
-63.978123
-63.996872
-63.981247
-63.990623
-63.990623
-63.993748
-63.987499
-63.978123
-63.959373
-63.965622
-63.971874
-63.96875
-63.965622
-63.965622
-63.959373
-63.978123
-63.956249
-63.949997
-63.953125
-63.962498
-63.962498
-63.965622
-63.96875
-63.978123
-63.953125
-63.962498
-63.981247
-63.956249
-63.956249
-63.96875
-63.959373
-63.959373
-63.953125
-63.937504
-63.946873
-63.946873
-63.918755
-63.946873
-63.93438
-63.912502
-63.93438
-63.921879
-63.93438
-63.946873
-63.946873
-63.953125
-63.949997
-63.937504
-63.953125
-63.953125
-63.925003
-63.943752
-63.946873
-63.943752
-63.940628
-63.93438
-63.931255
-63.918755
-63.896877
-63.912502
-63.93438
-63.918755
-63.925003
-63.921879
-63.900005
-63.91563
-63.931255
-63.91563
-63.937504
-63.91563
-63.937504
-63.918755
-63.925003
-63.925003
-63.946873
-63.925003
-63.937504
-63.946873
-63.940628
-63.937504
-63.959373
-63.953125
-63.953125
-63.965622
-63.946873
-63.943752
-63.946873
-63.946873
-63.946873
-63.909378
-63.91563
-63.91563
-63.91563
-63.890629
-63.896877
-63.896877
-63.896877
-63.896877
-63.896877
-63.890629
-63.896877
-63.896877
-63.912502
-63.91563
-63.918755
-63.921879
-63.921879
-63.940628
-63.940628
-63.93438
-63.925003
-63.937504
-63.946873
-63.946873
-63.946873
-63.931255
-63.937504
-63.93438
-63.953125
-63.946873
-63.940628
-63.953125
-63.943752
-63.940628
-63.956249
-63.946873
-63.946873
-63.928127
-63.91563
-63.91563
-63.928127
-63.918755
-63.91563
-63.90313
-63.928127
-63.931255
-63.925003
-63.943752
-63.943752
-63.931255
-63.931255
-63.931255
-63.918755
-63.925003
-63.925003
-63.937504
-63.925003
-63.896877
-63.91563
-63.91563
-63.896877
-63.931255
-63.921879
-63.937504
-63.953125
-63.981247
-63.946873
-63.943752
-63.93438
-63.943752
-63.96875
-63.949997
-63.937504
-63.93438
-63.93438
-63.93438
-63.946873
-63.940628
-63.93438
-63.943752
-63.921879
-63.931255
-63.949997
-63.946873
-63.940628
-63.946873
-63.946873
-63.946873
-63.962498
-63.940628
-63.962498
-63.946873
-63.96875
-63.974998
-63.953125
-63.953125
-63.971874
-63.946873
-63.921879
-63.946873
-63.931255
-63.937504
-63.928127
-63.896877
-63.918755
-63.91563
-63.921879
-63.925003
-63.937504
-63.928127
-63.925003
-63.91563
-63.93438
-63.940628
-63.937504
-63.931255
-63.946873
-63.946873
-63.93438
-63.953125
-63.943752
-63.940628
-63.937504
-63.946873
-63.965622
-63.953125
-63.965622
-63.981247
-63.984375
-63.959373
-63.965622
-63.946873
-63.96875
-63.981247
-63.978123
-63.959373
-63.96875
-63.946873
-63.943752
-63.946873
-63.946873
-63.940628
-63.943752
-63.946873
-63.96875
-63.959373
-63.959373
-63.959373
-63.956249
-63.946873
-63.946873
-63.953125
-63.937504
-63.959373
-63.956249
-63.946873
-63.946873
-63.940628
-63.971874
-63.96875
-63.96875
-63.978123
-63.984375
-63.974998
-63.971874
-63.981247
-63.953125
-63.946873
-63.949997
-63.953125
-63.96875
-63.946873
-63.953125
-63.946873
-63.949997
-63.959373
-63.981247
-63.974998
-63.96875
-63.987499
-63.953125
-63.990623
-63.990623
-63.984375
-63.990623
-63.981247
-63.993748
-63.984375
-63.978123
-63.965622
-63.974998
-63.974998
-63.965622
-63.949997
-63.953125
-63.946873
-63.940628
-63.959373
-63.974998
-63.971874
-63.962498
-63.974998
-63.978123
-63.971874
-63.959373
-63.981247
-63.971874
-63.987499
-63.987499
-63.984375
-63.996872
-63.996872
-63.996872
-64.006248
-63.996872
-63.996872
-64.009377
-64.028122
-64.021873
-64.015625
-63.996872
-63.996872
-63.990623
-63.965622
-63.984375
-63.981247
-63.984375
-63.984375
-63.990623
-63.996872
-63.993748
-63.974998
-63.971874
-63.990623
-63.996872
-64.009377
-64.021873
-63.996872
-64.015625
-64.009377
-63.996872
-63.996872
-63.996872
-64.009377
-63.996872
-63.996872
-64.015625
-64.021873
-64.03125
-64.015625
-64.021873
-64.028122
-64.021873
-64.043747
-64.021873
-63.996872
-64.021873
-64.018745
-64.03125
-64.028122
-63.996872
-63.996872
-64.00312
-63.993748
-64.006248
-63.996872
-64.00312
-64.009377
-64.03125
-64.018745
-64.012497
-64.028122
-64.012497
-64.03437
-63.996872
-63.996872
-64.018745
-64.009377
-64.018745
-64.021873
-64.018745
-63.996872
-63.996872
-63.971874
-63.984375
-63.990623
-63.996872
-63.996872
-63.996872
-63.996872
-64.015625
-64.028122
-64.009377
-63.996872
-63.996872
-63.996872
-64.012497
-64.009377
-64.006248
-64.028122
-63.996872
-63.996872
-63.996872
-63.993748
-64.006248
-64.03125
-63.996872
-64.021873
-63.996872
-63.981247
-63.993748
-63.984375
-63.971874
-63.990623
-63.984375
-63.993748
-63.990623
-63.996872
-63.996872
-63.996872
-63.996872
-63.996872
-64.006248
-63.990623
-63.987499
-63.965622
-63.978123
-63.974998
-63.974998
-63.96875
-63.990623
-63.996872
-63.990623
-63.996872
-63.990623
-63.993748
-63.996872
-64.009377
-64.012497
-64.018745
-64.015625
-63.996872
-63.996872
-63.993748
-63.996872
-63.990623
-63.996872
-64.00312
-64.025002
-64.009377
-64.021873
-64.025002
-64.015625
-64.046875
-64.028122
-64.028122
-64.028122
-64.012497
-63.996872
-64.009377
-63.993748
-63.996872
-63.996872
-63.984375
-63.971874
-63.984375
-63.987499
-64.012497
-64.009377
-64.018745
-64.025002
-64.040627
-64.037498
-64.028122
-64.012497
-64.03437
-64.018745
-63.996872
-64.015625
-64.025002
-64.006248
-63.996872
-64.03125
-64.028122
-64.046875
-64.059372
-64.056244
-64.059372
-64.046875
-64.049995
-64.040627
-64.043747
-64.046875
-64.03437
-64.021873
-64.021873
-64.025002
-64.025002
-64.037498
-64.056244
-64.053116
-64.046875
-64.046875
-64.037498
-64.021873
-64.018745
-64.012497
-64.021873
-64.015625
-64.028122
-64.028122
-64.037498
-64.015625
-64.009377
-64.03125
-63.996872
-64.021873
-64.006248
-64.018745
-64.012497
-64.028122
-64.037498
-64.025002
-64.009377
-64.018745
-64.037498
-64.040627
-64.015625
-64.018745
-64.025002
-64.03437
-64.025002
-64.021873
-64.046875
-64.03437
-64.040627
-64.025002
-64.025002
-64.015625
-64.012497
-64.018745
-64.018745
-64.015625
-64.028122
-64.012497
-64.03437
-64.028122
-64.043747
-64.03437
-64.012497
-63.996872
-63.996872
-63.990623
-63.996872
-63.978123
-63.990623
-63.996872
-63.996872
-63.996872
-64.018745
-64.009377
-64.006248
-64.006248
-64.006248
-63.996872
-63.996872
-63.996872
-64.00312
-63.996872
-63.996872
-64.012497
-64.012497
-64.006248
-64.028122
-64.021873
-64.006248
-64.025002
-63.996872
-63.996872
-64.015625
-63.996872
-64.018745
-64.037498
-64.03125
-64.046875
-64.059372
-64.046875
-64.059372
-64.046875
-64.056244
-64.053116
-64.046875
-64.049995
-64.049995
-64.053116
-64.046875
-64.03437
-64.037498
-64.03125
-64.015625
-64.018745
-64.006248
-64.009377
-64.025002
-64.037498
-64.025002
-64.03125
-64.040627
-64.009377
-64.006248
-64.018745
-63.996872
-64.009377
-64.037498
-64.018745
-64.015625
-64.043747
-63.996872
-64.018745
-64.028122
-64.025002
-64.021873
-64.012497
-63.996872
-64.009377
-63.996872
-63.990623
-63.996872
-64.018745
-64.006248
-63.996872
-63.996872
-63.990623
-63.996872
-64.015625
-64.025002
-64.03125
-64.028122
-64.028122
-64.03437
-64.028122
-64.021873
-64.018745
-64.006248
-63.996872
-63.996872
-63.996872
-63.996872
-63.996872
-63.996872
-63.996872
-63.987499
-63.974998
-63.978123
-63.981247
-63.978123
-63.978123
-63.974998
-63.984375
-64.00312
-64.015625
-64.012497
-63.996872
-63.996872
-63.996872
-64.015625
-64.015625
-64.009377
-63.984375
-63.978123
-63.981247
-63.987499
-63.996872
-63.996872
-63.996872
-63.996872
-63.996872
-63.996872
-64.021873
-63.996872
-63.996872
-64.021873
-64.018745
-64.025002
-63.996872
-64.006248
-63.996872
-63.996872
-64.006248
-64.012497
-63.996872
-63.996872
-64.012497
-64.012497
-63.996872
-63.990623
-63.993748
-63.978123
-63.946873
-63.953125
-63.959373
-63.978123
-63.996872
-63.971874
-63.984375
-63.987499
-63.981247
-63.96875
-63.971874
-63.949997
-63.978123
-63.978123
-63.984375
-63.996872
-63.965622
-63.96875
-63.981247
-63.965622
-63.981247
-63.984375
-63.981247
-63.981247
-63.965622
-63.962498
-63.953125
-63.962498
-63.946873
-63.959373
-63.959373
-63.962498
-63.981247
-63.965622
-63.974998
-63.987499
-63.971874
-63.959373
-63.96875
-63.946873
-63.96875
-63.974998
-63.943752
-63.959373
-63.956249
-63.956249
-63.981247
-63.971874
-63.946873
-63.996872
-63.984375
-63.946873
-63.96875
-63.962498
-63.956249
-63.971874
-63.959373
-63.974998
-63.987499
-63.978123
-63.965622
-63.990623
-63.984375
-63.993748
-63.978123
-63.996872
-63.996872
-63.971874
-63.956249
-63.978123
-63.974998
-63.946873
-63.956249
-63.949997
-63.949997
-63.956249
-63.971874
-63.949997
-63.96875
-63.956249
-63.96875
-63.965622
-63.959373
-63.965622
-63.959373
-63.946873
-63.953125
-63.959373
-63.946873
-63.946873
-63.93438
-63.946873
-63.953125
-63.925003
-63.940628
-63.93438
-63.953125
-63.962498
-63.93438
-63.946873
-63.928127
-63.940628
-63.921879
-63.931255
-63.940628
-63.943752
-63.949997
-63.943752
-63.928127
-63.943752
-63.940628
-63.909378
-63.93438
-63.931255
-63.928127
-63.943752
-63.928127
-63.931255
-63.912502
-63.909378
-63.906254
-63.931255
-63.91563
-63.946873
-63.928127
-63.925003
-63.931255
-63.937504
-63.943752
-63.921879
-63.928127
-63.90313
-63.896877
-63.918755
-63.912502
-63.91563
-63.931255
-63.918755
-63.912502
-63.931255
-63.921879
-63.918755
-63.93438
-63.940628
-63.921879
-63.909378
-63.896877
-63.921879
-63.93438
-63.946873
-63.940628
-63.946873
-63.946873
-63.953125
-63.943752
-63.93438
-63.949997
-63.946873
-63.946873
-63.928127
-63.946873
-63.937504
-63.91563
-63.918755
-63.918755
-63.940628
-63.928127
-63.921879
-63.93438
-63.943752
-63.943752
-63.921879
-63.928127
-63.909378
-63.921879
-63.921879
-63.906254
-63.918755
-63.918755
-63.91563
-63.918755
-63.918755
-63.91563
-63.909378
-63.93438
-63.921879
-63.91563
-63.931255
-63.91563
-63.931255
-63.91563
-63.887505
-63.931255
-63.940628
-63.909378
-63.931255
-63.940628
-63.93438
-63.928127
-63.925003
-63.925003
-63.940628
-63.937504
-63.91563
-63.946873
-63.921879
-63.946873
-63.956249
-63.946873
-63.956249
-63.946873
-63.937504
-63.943752
-63.940628
-63.928127
-63.946873
-63.946873
-63.946873
-63.962498
-63.953125
-63.949997
-63.959373
-63.921879
-63.921879
-63.918755
-63.906254
-63.90313
-63.918755
-63.931255
-63.937504
-63.925003
-63.946873
-63.937504
-63.925003
-63.931255
-63.937504
-63.91563
-63.928127
-63.937504
-63.921879
-63.928127
-63.928127
-63.928127
-63.93438
-63.940628
-63.946873
-63.956249
-63.959373
-63.959373
-63.96875
-63.962498
-63.953125
-63.953125
-63.959373
-63.959373
-63.971874
-63.953125
-63.956249
-63.965622
-63.956249
-63.965622
-63.971874
-63.949997
-63.959373
-63.956249
-63.962498
-63.96875
-63.965622
-63.946873
-63.946873
-63.943752
-63.946873
-63.974998
-63.981247
-63.978123
-63.984375
-63.971874
-63.953125
-63.962498
-63.940628
-63.959373
-63.953125
-63.943752
-63.946873
-63.956249
-63.971874
-63.931255
-63.93438
-63.93438
-63.940628
-63.93438
-63.906254
-63.928127
-63.918755
-63.93438
-63.940628
-63.940628
-63.93438
-63.937504
-63.937504
-63.925003
-63.931255
-63.931255
-63.940628
-63.93438
-63.93438
-63.943752
-63.921879
-63.91563
-63.921879
-63.93438
-63.940628
-63.959373
-63.921879
-63.937504
-63.91563
-63.912502
-63.909378
-63.906254
-63.890629
-63.90313
-63.906254
-63.912502
-63.918755
-63.896877
-63.896877
-63.890629
-63.906254
-63.909378
-63.896877
-63.893753
-63.896877
-63.896877
-63.878128
-63.87188
-63.862503
-63.856255
-63.868755
-63.896877
-63.893753
-63.896877
-63.881252
-63.896877
-63.896877
-63.878128
-63.890629
-63.878128
-63.893753
-63.896877
-63.906254
-63.918755
-63.88438
-63.896877
-63.896877
-63.881252
-63.893753
-63.87188
-63.88438
-63.87188
-63.893753
-63.878128
-63.893753
-63.850002
-63.859379
-63.85313
-63.859379
-63.850002
-63.850002
-63.834385
-63.843758
-63.865627
-63.865627
-63.88438
-63.865627
-63.846882
-63.850002
-63.856255
-63.859379
-63.862503
-63.831257
-63.846882
-63.837509
-63.837509
-63.828133
-63.843758
-63.821884
-63.859379
-63.843758
-63.843758
-63.831257
-63.843758
-63.831257
-63.834385
-63.831257
-63.828133
-63.831257
-63.821884
-63.825008
-63.812508
-63.796883
-63.821884
-63.821884
-63.840633
-63.846882
-63.843758
-63.843758
-63.843758
-63.837509
-63.846882
-63.840633
-63.846882
-63.850002
-63.840633
-63.828133
-63.843758
-63.834385
-63.828133
-63.834385
-63.843758
-63.828133
-63.846882
-63.846882
-63.846882
-63.831257
-63.821884
-63.809383
-63.803135
-63.815632
-63.809383
-63.815632
-63.828133
-63.796883
-63.796883
-63.815632
-63.793758
-63.796883
-63.790634
-63.796883
-63.815632
-63.809383
-63.81876
-63.828133
-63.812508
-63.81876
-63.831257
-63.837509
-63.815632
-63.81876
-63.806259
-63.834385
-63.834385
-63.821884
-63.828133
-63.806259
-63.81876
-63.815632
-63.796883
-63.809383
-63.834385
-63.815632
-63.837509
-63.837509
-63.831257
-63.846882
-63.81876
-63.821884
-63.837509
-63.809383
-63.821884
-63.834385
-63.837509
-63.846882
-63.850002
-63.846882
-63.831257
-63.846882
-63.840633
-63.837509
-63.840633
-63.828133
-63.843758
-63.825008
-63.821884
-63.806259
-63.828133
-63.831257
-63.828133
-63.846882
-63.834385
-63.828133
-63.834385
-63.821884
-63.837509
-63.831257
-63.837509
-63.856255
-63.862503
-63.865627
-63.859379
-63.843758
-63.846882
-63.796883
-63.812508
-63.800007
-63.796883
-63.803135
-63.81876
-63.828133
-63.825008
-63.828133
-63.846882
-63.843758
-63.865627
-63.846882
-63.85313
-63.85313
-63.850002
-63.85313
-63.859379
-63.856255
-63.859379
-63.88438
-63.868755
-63.868755
-63.862503
-63.85313
-63.856255
-63.85313
-63.846882
-63.834385
-63.828133
-63.812508
-63.834385
-63.831257
-63.846882
-63.859379
-63.828133
-63.825008
-63.846882
-63.815632
-63.806259
-63.815632
-63.796883
-63.81876
-63.815632
-63.806259
-63.821884
-63.812508
-63.790634
-63.821884
-63.821884
-63.840633
-63.821884
-63.81876
-63.846882
-63.840633
-63.837509
-63.846882
-63.868755
-63.859379
-63.856255
-63.85313
-63.843758
-63.846882
-63.828133
-63.825008
-63.859379
-63.862503
-63.865627
-63.88438
-63.878128
-63.868755
-63.862503
-63.850002
-63.846882
-63.856255
-63.840633
-63.856255
-63.859379
-63.843758
-63.85313
-63.87188
-63.859379
-63.868755
-63.87188
-63.865627
-63.875004
-63.875004
-63.850002
-63.846882
-63.856255
-63.859379
-63.87188
-63.846882
-63.859379
-63.890629
-63.88438
-63.896877
-63.90313
-63.91563
-63.921879
-63.900005
-63.900005
-63.906254
-63.896877
-63.887505
-63.896877
-63.88438
-63.881252
-63.878128
-63.90313
-63.887505
-63.893753
-63.896877
-63.896877
-63.909378
-63.890629
-63.890629
-63.896877
-63.893753
-63.890629
-63.85313
-63.85313
-63.846882
-63.856255
-63.846882
-63.850002
-63.859379
-63.862503
-63.865627
-63.87188
-63.881252
-63.887505
-63.87188
-63.881252
-63.890629
-63.862503
-63.862503
-63.859379
-63.843758
-63.821884
-63.828133
-63.840633
-63.87188
-63.87188
-63.865627
-63.840633
-63.850002
-63.865627
-63.859379
-63.865627
-63.878128
-63.890629
-63.88438
-63.87188
-63.890629
-63.88438
-63.896877
-63.893753
-63.87188
-63.878128
-63.896877
-63.868755
-63.893753
-63.887505
-63.890629
-63.896877
-63.88438
-63.856255
-63.890629
-63.896877
-63.896877
-63.896877
-63.875004
-63.87188
-63.893753
-63.896877
-63.896877
-63.912502
-63.918755
-63.925003
-63.912502
-63.90313
-63.90313
-63.90313
-63.90313
-63.896877
-63.88438
-63.890629
-63.896877
-63.893753
-63.859379
-63.865627
-63.865627
-63.865627
-63.868755
-63.881252
-63.88438
-63.896877
-63.890629
-63.896877
-63.896877
-63.909378
-63.890629
-63.90313
-63.896877
-63.893753
-63.875004
-63.88438
-63.881252
-63.896877
-63.88438
-63.909378
-63.878128
-63.896877
-63.900005
-63.909378
-63.909378
-63.90313
-63.893753
-63.890629
-63.909378
-63.896877
-63.906254
-63.909378
-63.896877
-63.896877
-63.890629
-63.88438
-63.878128
-63.88438
-63.878128
-63.875004
-63.875004
-63.878128
-63.909378
-63.921879
-63.918755
-63.937504
-63.93438
-63.931255
-63.909378
-63.925003
-63.928127
-63.906254
-63.918755
-63.940628
-63.946873
-63.953125
-63.959373
-63.959373
-63.946873
-63.918755
-63.931255
-63.93438
-63.906254
-63.906254
-63.896877
-63.921879
-63.918755
-63.940628
-63.940628
-63.931255
-63.931255
-63.909378
-63.912502
-63.931255
-63.921879
-63.928127
-63.946873
-63.925003
-63.940628
-63.953125
-63.93438
-63.943752
-63.93438
-63.931255
-63.918755
-63.946873
-63.91563
-63.896877
-63.909378
-63.918755
-63.931255
-63.946873
-63.940628
-63.971874
-63.956249
-63.949997
-63.940628
-63.959373
-63.937504
-63.946873
-63.946873
-63.946873
-63.946873
-63.937504
-63.943752
-63.953125
-63.946873
-63.928127
-63.931255
-63.940628
-63.93438
-63.940628
-63.940628
-63.965622
-63.946873
-63.943752
-63.946873
-63.956249
-63.953125
-63.949997
-63.937504
-63.940628
-63.940628
-63.931255
-63.940628
-63.93438
-63.940628
-63.93438
-63.937504
-63.925003
-63.937504
-63.912502
-63.893753
-63.881252
-63.878128
-63.88438
-63.896877
-63.893753
-63.896877
-63.896877
-63.890629
-63.88438
-63.912502
-63.878128
-63.890629
-63.896877
-63.887505
-63.890629
-63.921879
-63.900005
-63.946873
-63.943752
-63.928127
-63.93438
-63.943752
-63.921879
-63.940628
-63.937504
-63.921879
-63.937504
-63.925003
-63.896877
-63.921879
-63.893753
-63.90313
-63.918755
-63.909378
-63.906254
-63.890629
-63.909378
-63.906254
-63.931255
-63.91563
-63.909378
-63.909378
-63.91563
-63.896877
-63.928127
-63.946873
-63.943752
-63.928127
-63.909378
-63.90313
-63.887505
-63.90313
-63.896877
-63.890629
-63.896877
-63.896877
-63.893753
-63.896877
-63.890629
-63.896877
-63.909378
-63.909378
-63.909378
-63.909378
-63.90313
-63.91563
-63.93438
-63.931255
-63.931255
-63.928127
-63.925003
-63.91563
-63.896877
-63.906254
-63.921879
-63.921879
-63.91563
-63.946873
-63.93438
-63.912502
-63.946873
-63.937504
-63.928127
-63.921879
-63.928127
-63.921879
-63.949997
-63.956249
-63.940628
-63.953125
-63.937504
-63.959373
-63.940628
-63.93438
-63.931255
-63.946873
-63.928127
-63.971874
-63.96875
-63.940628
-63.949997
-63.953125
-63.921879
-63.940628
-63.921879
-63.91563
-63.93438
-63.93438
-63.962498
-63.959373
-63.946873
-63.953125
-63.959373
-63.953125
-63.946873
-63.93438
-63.921879
-63.953125
-63.946873
-63.943752
-63.953125
-63.937504
-63.928127
-63.931255
-63.937504
-63.93438
-63.937504
-63.912502
-63.912502
-63.921879
-63.91563
-63.909378
-63.921879
-63.925003
-63.928127
-63.909378
-63.906254
-63.896877
-63.88438
-63.896877
-63.90313
-63.921879
-63.912502
-63.931255
-63.946873
-63.946873
-63.946873
-63.940628
-63.940628
-63.956249
-63.962498
-63.953125
-63.946873
-63.946873
-63.953125
-63.959373
-63.943752
-63.946873
-63.946873
-63.946873
-63.946873
-63.925003
-63.925003
-63.925003
-63.921879
-63.91563
-63.928127
-63.909378
-63.896877
-63.912502
-63.921879
-63.925003
-63.943752
-63.93438
-63.946873
-63.931255
-63.93438
-63.931255
-63.918755
-63.90313
-63.918755
-63.912502
-63.909378
-63.912502
-63.912502
-63.893753
-63.887505
-63.893753
-63.896877
-63.890629
-63.91563
-63.91563
-63.921879
-63.91563
-63.906254
-63.91563
-63.900005
-63.921879
-63.937504
-63.91563
-63.90313
-63.896877
-63.896877
-63.896877
-63.887505
-63.887505
-63.859379
-63.859379
-63.865627
-63.878128
-63.87188
-63.887505
-63.90313
-63.887505
-63.90313
-63.90313
-63.890629
-63.887505
-63.896877
-63.887505
-63.890629
-63.896877
-63.900005
-63.921879
-63.921879
-63.896877
-63.896877
-63.890629
-63.881252
-63.881252
-63.875004
-63.887505
-63.881252
-63.887505
-63.896877
-63.893753
-63.896877
-63.912502
-63.896877
-63.890629
-63.890629
-63.881252
-63.868755
-63.887505
-63.878128
-63.890629
-63.896877
-63.896877
-63.896877
-63.90313
-63.909378
-63.896877
-63.887505
-63.87188
-63.881252
-63.881252
-63.865627
-63.893753
-63.912502
-63.896877
-63.900005
-63.909378
-63.921879
-63.943752
-63.91563
-63.921879
-63.91563
-63.906254
-63.906254
-63.90313
-63.88438
-63.896877
-63.875004
-63.893753
-63.918755
-63.890629
-63.896877
-63.896877
-63.890629
-63.875004
-63.846882
-63.856255
-63.846882
-63.865627
-63.856255
-63.834385
-63.809383
-63.806259
-63.803135
-63.812508
-63.796883
-63.796883
-63.815632
-63.806259
-63.803135
-63.821884
-63.821884
-63.825008
-63.812508
-63.825008
-63.806259
-63.834385
-63.828133
-63.843758
-63.831257
-63.828133
-63.831257
-63.840633
-63.85313
-63.846882
-63.846882
-63.843758
-63.846882
-63.840633
-63.834385
-63.837509
-63.831257
-63.812508
-63.821884
-63.784382
-63.790634
-63.796883
-63.796883
-63.812508
-63.806259
-63.793758
-63.812508
-63.81876
-63.834385
-63.843758
-63.815632
-63.803135
-63.81876
-63.81876
-63.81876
-63.837509
-63.828133
-63.815632
-63.821884
-63.812508
-63.81876
-63.809383
-63.803135
-63.806259
-63.796883
-63.78751
-63.784382
-63.78751
-63.790634
-63.771885
-63.762508
-63.771885
-63.784382
-63.759384
-63.793758
-63.809383
-63.796883
-63.809383
-63.796883
-63.778133
-63.800007
-63.809383
-63.812508
-63.809383
-63.784382
-63.806259
-63.78751
-63.790634
-63.78751
-63.796883
-63.78751
-63.796883
-63.796883
-63.771885
-63.771885
-63.78751
-63.781258
-63.78751
-63.809383
-63.796883
-63.809383
-63.809383
-63.803135
-63.806259
-63.803135
-63.803135
-63.825008
-63.803135
-63.821884
-63.821884
-63.815632
-63.825008
-63.806259
-63.812508
-63.834385
-63.831257
-63.81876
-63.831257
-63.81876
-63.831257
-63.828133
-63.828133
-63.831257
-63.831257
-63.840633
-63.815632
-63.821884
-63.793758
-63.81876
-63.831257
-63.834385
-63.815632
-63.806259
-63.803135
-63.796883
-63.828133
-63.812508
-63.828133
-63.831257
-63.812508
-63.828133
-63.806259
-63.781258
-63.793758
-63.778133
-63.771885
-63.781258
-63.778133
-63.78751
-63.781258
-63.784382
-63.771885
-63.800007
-63.834385
-63.821884
-63.828133
-63.806259
-63.809383
-63.806259
-63.800007
-63.796883
-63.796883
-63.796883
-63.784382
-63.778133
-63.762508
-63.768757
-63.746883
-63.778133
-63.78751
-63.790634
-63.815632
-63.828133
-63.796883
-63.796883
-63.793758
-63.796883
-63.781258
-63.793758
-63.793758
-63.806259
-63.800007
-63.793758
-63.796883
-63.784382
-63.793758
-63.81876
-63.796883
-63.793758
-63.800007
-63.78751
-63.793758
-63.806259
-63.796883
-63.796883
-63.815632
-63.809383
-63.81876
-63.806259
-63.796883
-63.812508
-63.806259
-63.815632
-63.828133
-63.809383
-63.796883
-63.815632
-63.81876
-63.809383
-63.796883
-63.803135
-63.828133
-63.821884
-63.812508
-63.831257
-63.846882
-63.837509
-63.825008
-63.834385
-63.812508
-63.843758
-63.828133
-63.840633
-63.840633
-63.825008
-63.834385
-63.843758
-63.840633
-63.87188
-63.890629
-63.846882
-63.840633
-63.834385
-63.843758
-63.840633
-63.831257
-63.846882
-63.850002
-63.846882
-63.834385
-63.834385
-63.846882
-63.834385
-63.837509
-63.825008
-63.809383
-63.796883
-63.806259
-63.825008
-63.821884
-63.850002
-63.856255
-63.850002
-63.862503
-63.856255
-63.846882
-63.850002
-63.859379
-63.843758
-63.821884
-63.831257
-63.821884
-63.815632
-63.821884
-63.815632
-63.834385
-63.846882
-63.834385
-63.846882
-63.837509
-63.821884
-63.809383
-63.821884
-63.825008
-63.831257
-63.846882
-63.828133
-63.837509
-63.831257
-63.821884
-63.815632
-63.796883
-63.796883
-63.796883
-63.815632
-63.806259
-63.825008
-63.834385
-63.843758
-63.868755
-63.846882
-63.859379
-63.865627
-63.831257
-63.821884
-63.843758
-63.843758
-63.834385
-63.859379
-63.846882
-63.846882
-63.840633
-63.821884
-63.837509
-63.846882
-63.85313
-63.846882
-63.846882
-63.846882
-63.831257
-63.81876
-63.828133
-63.828133
-63.821884
-63.834385
-63.850002
-63.85313
-63.85313
-63.85313
-63.846882
-63.846882
-63.859379
-63.850002
-63.856255
-63.834385
-63.846882
-63.837509
-63.828133
-63.828133
-63.821884
-63.821884
-63.81876
-63.825008
-63.821884
-63.821884
-63.825008
-63.815632
-63.837509
-63.825008
-63.821884
-63.809383
-63.809383
-63.790634
-63.796883
-63.796883
-63.796883
-63.809383
-63.790634
-63.796883
-63.806259
-63.821884
-63.846882
-63.859379
-63.825008
-63.81876
-63.812508
-63.812508
-63.796883
-63.793758
-63.796883
-63.809383
-63.821884
-63.806259
-63.812508
-63.825008
-63.831257
-63.840633
-63.834385
-63.850002
-63.831257
-63.837509
-63.809383
-63.821884
-63.793758
-63.781258
-63.759384
-63.753132
-63.753132
-63.734386
-63.753132
-63.75626
-63.765633
-63.765633
-63.746883
-63.743763
-63.768757
-63.771885
-63.771885
-63.771885
-63.78751
-63.781258
-63.793758
-63.815632
-63.806259
-63.793758
-63.803135
-63.78751
-63.771885
-63.790634
-63.784382
-63.78751
-63.793758
-63.803135
-63.81876
-63.790634
-63.78751
-63.796883
-63.796883
-63.803135
-63.828133
-63.828133
-63.840633
-63.812508
-63.803135
-63.812508
-63.800007
-63.790634
-63.793758
-63.796883
-63.800007
-63.803135
-63.821884
-63.815632
-63.800007
-63.803135
-63.78751
-63.790634
-63.784382
-63.781258
-63.796883
-63.781258
-63.796883
-63.815632
-63.806259
-63.809383
-63.831257
-63.815632
-63.812508
-63.840633
-63.837509
-63.821884
-63.825008
-63.809383
-63.809383
-63.815632
-63.831257
-63.796883
-63.78751
-63.790634
-63.81876
-63.781258
-63.793758
-63.793758
-63.803135
-63.796883
-63.781258
-63.778133
-63.796883
-63.781258
-63.796883
-63.793758
-63.812508
-63.81876
-63.846882
-63.850002
-63.846882
-63.850002
-63.828133
-63.859379
-63.856255
-63.868755
-63.859379
-63.865627
-63.85313
-63.846882
-63.85313
-63.828133
-63.846882
-63.85313
-63.846882
-63.85313
-63.843758
-63.846882
-63.846882
-63.840633
-63.846882
-63.862503
-63.862503
-63.856255
-63.846882
-63.859379
-63.856255
-63.865627
-63.85313
-63.856255
-63.846882
-63.840633
-63.856255
-63.85313
-63.840633
-63.846882
-63.837509
-63.834385
-63.834385
-63.837509
-63.846882
-63.850002
-63.856255
-63.834385
-63.85313
-63.846882
-63.828133
-63.834385
-63.837509
-63.821884
-63.840633
-63.846882
-63.865627
-63.850002
-63.846882
-63.862503
-63.856255
-63.846882
-63.846882
-63.85313
-63.846882
-63.859379
-63.843758
-63.85313
-63.846882
-63.840633
-63.843758
-63.856255
-63.846882
-63.846882
-63.846882
-63.846882
-63.856255
-63.846882
-63.850002
-63.878128
-63.868755
-63.88438
-63.900005
-63.887505
-63.890629
-63.896877
-63.88438
-63.896877
-63.906254
-63.890629
-63.881252
-63.900005
-63.91563
-63.900005
-63.890629
-63.88438
-63.909378
-63.906254
-63.900005
-63.921879
-63.93438
-63.925003
-63.921879
-63.918755
-63.906254
-63.91563
-63.931255
-63.928127
-63.925003
-63.90313
-63.90313
-63.906254
-63.887505
-63.896877
-63.91563
-63.91563
-63.921879
-63.928127
-63.921879
-63.90313
-63.925003
-63.896877
-63.896877
-63.887505
-63.868755
-63.88438
-63.865627
-63.896877
-63.906254
-63.893753
-63.890629
-63.88438
-63.88438
-63.893753
-63.896877
-63.868755
-63.890629
-63.868755
-63.87188
-63.87188
-63.878128
-63.88438
-63.878128
-63.87188
-63.85313
-63.859379
-63.859379
-63.881252
-63.859379
-63.85313
-63.87188
-63.878128
-63.878128
-63.893753
-63.90313
-63.88438
-63.90313
-63.896877
-63.896877
-63.896877
-63.896877
-63.893753
-63.909378
-63.912502
-63.906254
-63.921879
-63.906254
-63.909378
-63.909378
-63.90313
-63.928127
-63.918755
-63.91563
-63.931255
-63.91563
-63.91563
-63.87188
-63.91563
-63.896877
-63.900005
-63.896877
-63.875004
-63.887505
-63.896877
-63.918755
-63.912502
-63.90313
-63.91563
-63.918755
-63.896877
-63.896877
-63.896877
-63.887505
-63.896877
-63.912502
-63.90313
-63.91563
-63.925003
-63.91563
-63.946873
-63.937504
-63.909378
-63.946873
-63.91563
-63.91563
-63.906254
-63.90313
-63.940628
-63.931255
-63.921879
-63.921879
-63.931255
-63.928127
-63.909378
-63.909378
-63.906254
-63.906254
-63.918755
-63.925003
-63.943752
-63.90313
-63.90313
-63.925003
-63.91563
-63.918755
-63.921879
-63.90313
-63.896877
-63.906254
-63.921879
-63.959373
-63.93438
-63.943752
-63.93438
-63.928127
-63.928127
-63.928127
-63.912502
-63.91563
-63.946873
-63.925003
-63.918755
-63.956249
-63.940628
-63.918755
-63.937504
-63.921879
-63.937504
-63.93438
-63.928127
-63.937504
-63.946873
-63.946873
-63.931255
-63.940628
-63.928127
-63.937504
-63.93438
-63.940628
-63.946873
-63.921879
-63.928127
-63.93438
-63.93438
-63.940628
-63.943752
-63.946873
-63.928127
-63.943752
-63.946873
-63.93438
-63.928127
-63.909378
-63.946873
-63.953125
-63.946873
-63.93438
-63.943752
-63.93438
-63.940628
-63.959373
-63.946873
-63.953125
-63.937504
-63.940628
-63.949997
-63.928127
-63.931255
-63.931255
-63.921879
-63.91563
-63.890629
-63.887505
-63.896877
-63.909378
-63.928127
-63.925003
-63.906254
-63.906254
-63.918755
-63.921879
-63.890629
-63.896877
-63.912502
-63.890629
-63.88438
-63.893753
-63.896877
-63.90313
-63.896877
-63.893753
-63.893753
-63.890629
-63.918755
-63.921879
-63.90313
-63.896877
-63.896877
-63.896877
-63.88438
-63.865627
-63.846882
-63.868755
-63.846882
-63.862503
-63.846882
-63.850002
-63.859379
-63.859379
-63.87188
-63.868755
-63.859379
-63.846882
-63.840633
-63.856255
-63.856255
-63.881252
-63.859379
-63.87188
-63.881252
-63.893753
-63.88438
-63.887505
-63.906254
-63.906254
-63.91563
-63.91563
-63.906254
-63.896877
-63.90313
-63.906254
-63.909378
-63.921879
-63.912502
-63.909378
-63.900005
-63.896877
-63.887505
-63.912502
-63.896877
-63.896877
-63.88438
-63.90313
-63.90313
-63.918755
-63.928127
-63.909378
-63.925003
-63.940628
-63.928127
-63.912502
-63.93438
-63.937504
-63.937504
-63.940628
-63.918755
-63.909378
-63.90313
-63.91563
-63.925003
-63.90313
-63.896877
-63.940628
-63.921879
-63.909378
-63.928127
-63.918755
-63.921879
-63.912502
-63.918755
-63.925003
-63.93438
-63.906254
-63.925003
-63.921879
-63.921879
-63.925003
-63.921879
-63.900005
-63.91563
-63.90313
-63.909378
-63.937504
-63.921879
-63.91563
-63.928127
-63.912502
-63.940628
-63.940628
-63.940628
-63.937504
-63.93438
-63.925003
-63.946873
-63.946873
-63.946873
-63.928127
-63.937504
-63.931255
-63.946873
-63.93438
-63.921879
-63.931255
-63.918755
-63.909378
-63.909378
-63.921879
-63.921879
-63.925003
-63.912502
-63.909378
-63.91563
-63.90313
-63.928127
-63.896877
-63.90313
-63.909378
-63.90313
-63.890629
-63.91563
-63.896877
-63.896877
-63.91563
-63.896877
-63.88438
-63.878128
-63.868755
-63.87188
-63.881252
-63.859379
-63.87188
-63.87188
-63.856255
-63.88438
-63.88438
-63.881252
-63.875004
-63.868755
-63.856255
-63.87188
-63.85313
-63.846882
-63.846882
-63.865627
-63.85313
-63.868755
-63.834385
-63.828133
-63.846882
-63.85313
-63.85313
-63.850002
-63.850002
-63.843758
-63.846882
-63.859379
-63.887505
-63.878128
-63.846882
-63.859379
-63.843758
-63.85313
-63.887505
-63.87188
-63.87188
-63.88438
-63.896877
-63.887505
-63.887505
-63.862503
-63.859379
-63.881252
-63.868755
-63.893753
-63.896877
-63.896877
-63.893753
-63.88438
-63.865627
-63.887505
-63.887505
-63.875004
-63.890629
-63.88438
-63.878128
-63.887505
-63.875004
-63.868755
-63.846882
-63.840633
-63.846882
-63.834385
-63.85313
-63.859379
-63.865627
-63.887505
-63.875004
-63.85313
-63.843758
-63.856255
-63.846882
-63.850002
-63.846882
-63.831257
-63.846882
-63.87188
-63.878128
-63.875004
-63.85313
-63.846882
-63.840633
-63.837509
-63.834385
-63.850002
-63.843758
-63.834385
-63.856255
-63.846882
-63.846882
-63.856255
-63.828133
-63.85313
-63.856255
-63.846882
-63.875004
-63.862503
-63.859379
-63.859379
-63.878128
-63.87188
-63.868755
-63.868755
-63.846882
-63.834385
-63.846882
-63.840633
-63.859379
-63.859379
-63.846882
-63.850002
-63.862503
-63.85313
-63.878128
-63.881252
-63.890629
-63.88438
-63.865627
-63.887505
-63.896877
-63.896877
-63.896877
-63.890629
-63.875004
-63.887505
-63.865627
-63.85313
-63.865627
-63.878128
-63.87188
-63.87188
-63.859379
-63.881252
-63.896877
-63.896877
-63.887505
-63.88438
-63.893753
-63.893753
-63.896877
-63.900005
-63.912502
-63.940628
-63.91563
-63.928127
-63.931255
-63.93438
-63.93438
-63.93438
-63.925003
-63.91563
-63.896877
-63.890629
-63.893753
-63.865627
-63.881252
-63.87188
-63.85313
-63.862503
-63.881252
-63.878128
-63.878128
-63.878128
-63.88438
-63.909378
-63.896877
-63.900005
-63.906254
-63.90313
-63.878128
-63.88438
-63.896877
-63.912502
-63.896877
-63.893753
-63.900005
-63.91563
-63.912502
-63.925003
-63.918755
-63.921879
-63.943752
-63.931255
-63.91563
-63.896877
-63.912502
-63.87188
-63.88438
-63.900005
-63.893753
-63.896877
-63.893753
-63.881252
-63.88438
-63.896877
-63.88438
-63.890629
-63.896877
-63.890629
-63.909378
-63.896877
-63.906254
-63.893753
-63.896877
-63.906254
-63.896877
-63.928127
-63.921879
-63.921879
-63.90313
-63.912502
-63.90313
-63.896877
-63.91563
-63.909378
-63.931255
-63.928127
-63.921879
-63.91563
-63.909378
-63.91563
-63.91563
-63.90313
-63.921879
-63.940628
-63.946873
-63.912502
-63.928127
-63.937504
-63.928127
-63.943752
-63.918755
-63.896877
-63.896877
-63.91563
-63.896877
-63.906254
-63.896877
-63.90313
-63.896877
-63.90313
-63.909378
-63.900005
-63.890629
-63.900005
-63.91563
-63.925003
-63.946873
-63.925003
-63.91563
-63.937504
-63.93438
-63.93438
-63.928127
-63.906254
-63.91563
-63.896877
-63.90313
-63.90313
-63.90313
-63.896877
-63.909378
-63.909378
-63.90313
-63.91563
-63.93438
-63.909378
-63.918755
-63.91563
-63.912502
-63.912502
-63.909378
-63.921879
-63.937504
-63.918755
-63.931255
-63.946873
-63.918755
-63.931255
-63.940628
-63.928127
-63.921879
-63.928127
-63.937504
-63.928127
-63.93438
-63.909378
-63.937504
-63.912502
-63.90313
-63.90313
-63.921879
-63.943752
-63.937504
-63.943752
-63.956249
-63.928127
-63.921879
-63.91563
-63.909378
-63.921879
-63.921879
-63.928127
-63.906254
-63.912502
-63.906254
-63.909378
-63.937504
-63.921879
-63.93438
-63.940628
-63.937504
-63.946873
-63.946873
-63.943752
-63.949997
-63.962498
-63.959373
-63.937504
-63.931255
-63.921879
-63.91563
-63.937504
-63.921879
-63.93438
-63.946873
-63.928127
-63.925003
-63.90313
-63.906254
-63.918755
-63.906254
-63.906254
-63.925003
-63.928127
-63.909378
-63.918755
-63.906254
-63.921879
-63.918755
-63.90313
-63.921879
-63.93438
-63.921879
-63.900005
-63.906254
-63.909378
-63.931255
-63.93438
-63.946873
-63.96875
-63.953125
-63.937504
-63.931255
-63.937504
-63.946873
-63.953125
-63.956249
-63.93438
-63.937504
-63.943752
-63.93438
-63.928127
-63.937504
-63.940628
-63.943752
-63.940628
-63.946873
-63.943752
-63.925003
-63.931255
-63.928127
-63.912502
-63.918755
-63.91563
-63.921879
-63.943752
-63.943752
-63.943752
-63.96875
-63.946873
-63.949997
-63.937504
-63.943752
-63.940628
-63.940628
-63.940628
-63.940628
-63.940628
-63.928127
-63.940628
-63.946873
-63.946873
-63.946873
-63.949997
-63.956249
-63.956249
-63.937504
-63.906254
-63.906254
-63.896877
-63.896877
-63.912502
-63.909378
-63.906254
-63.912502
-63.918755
-63.925003
-63.912502
-63.896877
-63.925003
-63.93438
-63.928127
-63.93438
-63.931255
-63.931255
-63.946873
-63.946873
-63.956249
-63.962498
-63.953125
-63.946873
-63.931255
-63.90313
-63.921879
-63.918755
-63.928127
-63.946873
-63.943752
-63.940628
-63.946873
-63.959373
-63.946873
-63.946873
-63.946873
-63.931255
-63.940628
-63.921879
-63.937504
-63.940628
-63.91563
-63.921879
-63.921879
-63.909378
-63.93438
-63.940628
-63.921879
-63.93438
-63.943752
-63.940628
-63.962498
-63.962498
-63.959373
-63.96875
-63.965622
-63.974998
-63.987499
-63.984375
-63.971874
-63.959373
-63.940628
-63.956249
-63.953125
-63.940628
-63.956249
-63.937504
-63.921879
-63.949997
-63.946873
-63.974998
-63.974998
-63.943752
-63.956249
-63.937504
-63.946873
-63.946873
-63.962498
-63.981247
-63.96875
-63.953125
-63.96875
-63.978123
-63.965622
-63.978123
-63.978123
-63.984375
-63.959373
-63.965622
-63.962498
-63.943752
-63.925003
-63.946873
-63.946873
-63.946873
-63.946873
-63.949997
-63.959373
-63.953125
-63.956249
-63.953125
-63.965622
-63.959373
-63.971874
-63.965622
-63.959373
-63.96875
-63.959373
-63.953125
-63.937504
-63.946873
-63.946873
-63.953125
-63.981247
-63.978123
-63.953125
-63.949997
-63.971874
-63.962498
-63.978123
-63.971874
-63.974998
-63.962498
-63.959373
-63.971874
-63.971874
-63.965622
-63.984375
-63.990623
-63.971874
-63.996872
-63.996872
-64.040627
-64.021873
-64.03437
-64.021873
-64.015625
-64.021873
-64.018745
-64.015625
-64.012497
-63.996872
-63.981247
-63.981247
-63.971874
-63.96875
-63.981247
-63.96875
-63.962498
-63.978123
-63.965622
-63.987499
-63.965622
-63.987499
-64.009377
-63.996872
-63.996872
-63.981247
-63.962498
-63.956249
-63.971874
-63.981247
-63.965622
-63.978123
-63.978123
-63.981247
-63.981247
-63.996872
-63.996872
-63.996872
-63.987499
-63.974998
-63.956249
-63.984375
-63.996872
-63.996872
-63.996872
-63.996872
-64.03125
-64.03437
-64.009377
-64.015625
-64.015625
-64.025002
-63.996872
-64.018745
-64.018745
-64.012497
-63.996872
-63.996872
-63.990623
-63.996872
-63.993748
-63.996872
-63.996872
-63.990623
-63.984375
-64.012497
-64.009377
-63.996872
-63.981247
-63.978123
-63.959373
-63.996872
-64.006248
-63.996872
-64.015625
-63.996872
-63.996872
-64.009377
-63.987499
-64.006248
-64.012497
-64.006248
-63.990623
-63.990623
-63.987499
-63.990623
-63.978123
-63.984375
-63.984375
-63.996872
-63.996872
-63.996872
-64.006248
-64.021873
-64.037498
-63.996872
-64.025002
-64.009377
-63.996872
-64.009377
-64.012497
-63.990623
-63.993748
-63.996872
-63.978123
-63.990623
-63.971874
-63.978123
-63.984375
-63.996872
-63.984375
-63.990623
-63.987499
-64.012497
-63.993748
-63.990623
-63.984375
-63.996872
-63.990623
-63.984375
-63.981247
-63.978123
-63.996872
-63.987499
-63.971874
-63.996872
-63.981247
-63.962498
-63.959373
-63.962498
-63.965622
-63.959373
-63.956249
-63.978123
-63.971874
-63.946873
-63.971874
-63.974998
-63.978123
-63.990623
-63.974998
-63.965622
-63.987499
-63.978123
-63.993748
-64.015625
-63.996872
-64.009377
-64.009377
-63.996872
-63.971874
-63.974998
-63.962498
-63.965622
-63.971874
-63.96875
-63.959373
-63.937504
-63.946873
-63.937504
-63.940628
-63.937504
-63.928127
-63.93438
-63.906254
-63.928127
-63.940628
-63.946873
-63.956249
-63.956249
-63.971874
-63.987499
-63.974998
-63.956249
-63.965622
-63.959373
-63.965622
-63.959373
-63.946873
-63.959373
-63.962498
-63.959373
-63.971874
-63.946873
-63.956249
-63.956249
-63.965622
-63.962498
-63.981247
-63.965622
-63.981247
-63.956249
-63.93438
-63.946873
-63.959373
-63.965622
-63.971874
-63.956249
-63.959373
-63.946873
-63.943752
-63.925003
-63.918755
-63.928127
-63.928127
-63.946873
-63.931255
-63.943752
-63.949997
-63.940628
-63.943752
-63.956249
-63.93438
-63.918755
-63.918755
-63.912502
-63.906254
-63.893753
-63.900005
-63.896877
-63.928127
-63.918755
-63.931255
-63.937504
-63.921879
-63.921879
-63.91563
-63.928127
-63.943752
-63.946873
-63.959373
-63.962498
-63.946873
-63.949997
-63.956249
-63.956249
-63.965622
-63.965622
-63.940628
-63.946873
-63.931255
-63.946873
-63.940628
-63.90313
-63.91563
-63.93438
-63.931255
-63.93438
-63.925003
-63.91563
-63.909378
-63.90313
-63.896877
-63.896877
-63.88438
-63.88438
-63.90313
-63.906254
-63.890629
-63.921879
-63.909378
-63.909378
-63.918755
-63.909378
-63.900005
-63.918755
-63.91563
-63.90313
-63.906254
-63.90313
-63.918755
-63.93438
-63.912502
-63.909378
-63.906254
-63.918755
-63.900005
-63.90313
-63.906254
-63.91563
-63.887505
-63.88438
-63.896877
-63.906254
-63.90313
-63.896877
-63.87188
-63.87188
-63.859379
-63.868755
-63.850002
-63.85313
-63.859379
-63.875004
-63.87188
-63.865627
-63.878128
-63.887505
-63.878128
-63.862503
-63.87188
-63.856255
-63.865627
-63.862503
-63.859379
-63.862503
-63.85313
-63.859379
-63.881252
-63.881252
-63.88438
-63.859379
-63.85313
-63.868755
-63.878128
-63.862503
-63.878128
-63.887505
-63.88438
-63.90313
-63.881252
-63.878128
-63.890629
-63.875004
-63.862503
-63.856255
-63.865627
-63.862503
-63.862503
-63.846882
-63.865627
-63.865627
-63.865627
-63.893753
-63.88438
-63.859379
-63.881252
-63.865627
-63.87188
-63.896877
-63.896877
-63.862503
-63.868755
-63.87188
-63.878128
-63.896877
-63.90313
-63.893753
-63.91563
-63.909378
-63.90313
-63.918755
-63.90313
-63.896877
-63.896877
-63.893753
-63.900005
-63.90313
-63.896877
-63.896877
-63.896877
-63.896877
-63.887505
-63.890629
-63.875004
-63.893753
-63.890629
-63.909378
-63.90313
-63.90313
-63.896877
-63.90313
-63.887505
-63.890629
-63.88438
-63.875004
-63.865627
-63.865627
-63.85313
-63.859379
-63.846882
-63.87188
-63.868755
-63.893753
-63.896877
-63.896877
-63.88438
-63.893753
-63.878128
-63.875004
-63.862503
-63.878128
-63.887505
-63.890629
-63.893753
-63.896877
-63.875004
-63.88438
-63.87188
-63.893753
-63.896877
-63.890629
-63.890629
-63.859379
-63.87188
-63.88438
-63.896877
-63.868755
-63.88438
-63.87188
-63.87188
-63.865627
-63.868755
-63.87188
-63.87188
-63.85313
-63.859379
-63.856255
-63.840633
-63.846882
-63.850002
-63.85313
-63.85313
-63.85313
-63.840633
-63.846882
-63.834385
-63.846882
-63.825008
-63.834385
-63.831257
-63.859379
-63.856255
-63.87188
-63.878128
-63.878128
-63.87188
-63.868755
-63.878128
-63.88438
-63.878128
-63.88438
-63.87188
-63.87188
-63.875004
-63.88438
-63.875004
-63.878128
-63.896877
-63.887505
-63.896877
-63.875004
-63.893753
-63.90313
-63.925003
-63.918755
-63.928127
-63.918755
-63.921879
-63.946873
-63.931255
-63.909378
-63.91563
-63.890629
-63.909378
-63.925003
-63.912502
-63.90313
-63.91563
-63.900005
-63.925003
-63.940628
-63.937504
-63.946873
-63.943752
-63.93438
-63.971874
-63.96875
-63.96875
-63.974998
-63.965622
-63.946873
-63.959373
-63.928127
-63.940628
-63.937504
-63.91563
-63.918755
-63.918755
-63.912502
-63.91563
-63.918755
-63.900005
-63.909378
-63.896877
-63.887505
-63.896877
-63.900005
-63.896877
-63.928127
-63.921879
-63.937504
-63.928127
-63.943752
-63.937504
-63.946873
-63.940628
-63.925003
-63.928127
-63.921879
-63.931255
-63.925003
-63.928127
-63.93438
-63.943752
-63.946873
-63.946873
-63.921879
-63.925003
-63.943752
-63.925003
-63.946873
-63.953125
-63.940628
-63.946873
-63.962498
-63.943752
-63.931255
-63.931255
-63.962498
-63.96875
-63.959373
-63.946873
-63.946873
-63.965622
-63.965622
-63.974998
-63.965622
-63.996872
-63.987499
-63.974998
-63.959373
-63.965622
-63.953125
-63.956249
-63.946873
-63.931255
-63.921879
-63.946873
-63.93438
-63.959373
-63.959373
-63.940628
-63.940628
-63.946873
-63.946873
-63.949997
-63.946873
-63.940628
-63.928127
-63.931255
-63.946873
-63.937504
-63.928127
-63.937504
-63.928127
-63.921879
-63.949997
-63.949997
-63.962498
-63.96875
-63.956249
-63.959373
-63.962498
-63.949997
-63.943752
-63.940628
-63.93438
-63.937504
-63.93438
-63.93438
-63.943752
-63.946873
-63.928127
-63.943752
-63.940628
-63.91563
-63.928127
-63.93438
-63.940628
-63.931255
-63.940628
-63.940628
-63.959373
-63.956249
-63.953125
-63.962498
-63.946873
-63.931255
-63.943752
-63.928127
-63.918755
-63.921879
-63.896877
-63.893753
-63.921879
-63.925003
-63.925003
-63.93438
-63.928127
-63.91563
-63.918755
-63.896877
-63.896877
-63.91563
-63.900005
-63.925003
-63.928127
-63.90313
-63.906254
-63.906254
-63.90313
-63.906254
-63.912502
-63.91563
-63.918755
-63.896877
-63.909378
-63.921879
-63.918755
-63.896877
-63.906254
-63.921879
-63.928127
-63.921879
-63.906254
-63.931255
-63.93438
-63.91563
-63.896877
-63.90313
-63.909378
-63.921879
-63.921879
-63.93438
-63.946873
-63.918755
-63.918755
-63.912502
-63.896877
-63.90313
-63.921879
-63.925003
-63.91563
-63.912502
-63.896877
-63.931255
-63.931255
-63.918755
-63.91563
-63.909378
-63.918755
-63.931255
-63.921879
-63.943752
-63.943752
-63.93438
-63.928127
-63.91563
-63.921879
-63.921879
-63.918755
-63.912502
-63.918755
-63.91563
-63.921879
-63.896877
-63.90313
-63.906254
-63.906254
-63.91563
-63.906254
-63.928127
-63.896877
-63.896877
-63.90313
-63.887505
-63.896877
-63.91563
-63.909378
-63.912502
-63.937504
-63.91563
-63.925003
-63.918755
-63.921879
-63.925003
-63.912502
-63.896877
-63.909378
-63.91563
-63.928127
-63.931255
-63.918755
-63.93438
-63.931255
-63.943752
-63.946873
-63.946873
-63.946873
-63.937504
-63.940628
-63.921879
-63.940628
-63.93438
-63.946873
-63.946873
-63.940628
-63.937504
-63.925003
-63.918755
-63.918755
-63.925003
-63.925003
-63.909378
-63.909378
-63.912502
-63.912502
-63.909378
-63.896877
-63.91563
-63.906254
-63.91563
-63.925003
-63.900005
-63.91563
-63.91563
-63.91563
-63.921879
-63.909378
-63.912502
-63.937504
-63.921879
-63.928127
-63.91563
-63.928127
-63.925003
-63.91563
-63.91563
-63.896877
-63.909378
-63.90313
-63.91563
-63.912502
-63.90313
-63.890629
-63.90313
-63.906254
-63.896877
-63.90313
-63.921879
-63.918755
-63.925003
-63.925003
-63.93438
-63.909378
-63.928127
-63.931255
-63.921879
-63.946873
-63.946873
-63.931255
-63.928127
-63.91563
-63.921879
-63.909378
-63.943752
-63.912502
-63.912502
-63.921879
-63.937504
-63.909378
-63.912502
-63.90313
-63.909378
-63.909378
-63.906254
-63.918755
-63.921879
-63.896877
-63.906254
-63.91563
-63.918755
-63.896877
-63.909378
-63.900005
-63.906254
-63.906254
-63.887505
-63.868755
-63.859379
-63.850002
-63.85313
-63.868755
-63.859379
-63.875004
-63.875004
-63.865627
-63.878128
-63.878128
-63.865627
-63.887505
-63.87188
-63.878128
-63.881252
-63.846882
-63.862503
-63.850002
-63.85313
-63.85313
-63.85313
-63.862503
-63.87188
-63.868755
-63.865627
-63.878128
-63.88438
-63.87188
-63.87188
-63.862503
-63.865627
-63.862503
-63.834385
-63.856255
-63.85313
-63.85313
-63.859379
-63.85313
-63.859379
-63.890629
-63.865627
-63.865627
-63.85313
-63.846882
-63.843758
-63.87188
-63.868755
-63.88438
-63.881252
-63.881252
-63.90313
-63.921879
-63.91563
-63.918755
-63.900005
-63.890629
-63.893753
-63.896877
-63.90313
-63.896877
-63.887505
-63.896877
-63.88438
-63.890629
-63.893753
-63.90313
-63.88438
-63.900005
-63.909378
-63.896877
-63.91563
-63.921879
-63.918755
-63.931255
-63.906254
-63.921879
-63.91563
-63.925003
-63.921879
-63.928127
-63.918755
-63.912502
-63.91563
-63.912502
-63.90313
-63.896877
-63.893753
-63.906254
-63.896877
-63.890629
-63.881252
-63.906254
-63.890629
-63.912502
-63.900005
-63.91563
-63.912502
-63.88438
-63.87188
-63.881252
-63.856255
-63.846882
-63.846882
-63.846882
-63.875004
-63.87188
-63.890629
-63.881252
-63.875004
-63.859379
-63.856255
-63.856255
-63.840633
-63.831257
-63.828133
-63.837509
-63.821884
-63.834385
-63.825008
-63.843758
-63.859379
-63.862503
-63.878128
-63.865627
-63.856255
-63.881252
-63.896877
-63.88438
-63.893753
-63.87188
-63.868755
-63.850002
-63.846882
-63.846882
-63.846882
-63.843758
-63.846882
-63.846882
-63.825008
-63.834385
-63.846882
-63.846882
-63.859379
-63.850002
-63.85313
-63.862503
-63.856255
-63.862503
-63.859379
-63.856255
-63.878128
-63.846882
-63.837509
-63.846882
-63.840633
-63.840633
-63.837509
-63.831257
-63.837509
-63.85313
-63.85313
-63.846882
-63.846882
-63.865627
-63.846882
-63.843758
-63.846882
-63.865627
-63.859379
-63.865627
-63.856255
-63.865627
-63.846882
-63.856255
-63.865627
-63.865627
-63.881252
-63.878128
-63.859379
-63.88438
-63.862503
-63.846882
-63.846882
-63.834385
-63.825008
-63.846882
-63.821884
-63.831257
-63.843758
-63.821884
-63.837509
-63.806259
-63.806259
-63.806259
-63.831257
-63.812508
-63.825008
-63.821884
-63.81876
-63.81876
-63.812508
-63.815632
-63.812508
-63.796883
-63.806259
-63.806259
-63.796883
-63.803135
-63.803135
-63.803135
-63.815632
-63.796883
-63.796883
-63.809383
-63.803135
-63.793758
-63.803135
-63.784382
-63.78751
-63.796883
-63.796883
-63.809383
-63.821884
-63.81876
-63.828133
-63.809383
-63.809383
-63.815632
-63.821884
-63.81876
-63.821884
-63.834385
-63.834385
-63.846882
-63.821884
-63.809383
-63.809383
-63.809383
-63.821884
-63.821884
-63.837509
-63.843758
-63.843758
-63.828133
-63.837509
-63.821884
-63.846882
-63.837509
-63.815632
-63.806259
-63.796883
-63.793758
-63.793758
-63.815632
-63.821884
-63.828133
-63.843758
-63.843758
-63.815632
-63.815632
-63.834385
-63.800007
-63.803135
-63.796883
-63.78751
-63.806259
-63.81876
-63.81876
-63.812508
-63.796883
-63.809383
-63.796883
-63.790634
-63.806259
-63.784382
-63.781258
-63.784382
-63.759384
-63.771885
-63.775009
-63.768757
-63.765633
-63.781258
-63.775009
-63.793758
-63.775009
-63.809383
-63.825008
-63.834385
-63.834385
-63.809383
-63.828133
-63.815632
-63.815632
-63.846882
-63.831257
-63.831257
-63.85313
-63.846882
-63.87188
-63.865627
-63.846882
-63.828133
-63.828133
-63.834385
-63.85313
-63.834385
-63.828133
-63.865627
-63.856255
-63.840633
-63.831257
-63.840633
-63.840633
-63.834385
-63.828133
-63.834385
-63.825008
-63.831257
-63.815632
-63.821884
-63.831257
-63.815632
-63.828133
-63.834385
-63.850002
-63.840633
-63.843758
-63.831257
-63.81876
-63.809383
-63.821884
-63.821884
-63.790634
-63.778133
-63.771885
-63.771885
-63.765633
-63.771885
-63.793758
-63.806259
-63.803135
-63.800007
-63.78751
-63.790634
-63.800007
-63.81876
-63.815632
-63.812508
-63.796883
-63.796883
-63.815632
-63.796883
-63.793758
-63.815632
-63.828133
-63.793758
-63.796883
-63.796883
-63.825008
-63.796883
-63.78751
-63.771885
-63.775009
-63.793758
-63.806259
-63.806259
-63.796883
-63.815632
-63.803135
-63.821884
-63.809383
-63.803135
-63.812508
-63.809383
-63.834385
-63.831257
-63.834385
-63.812508
-63.815632
-63.81876
-63.806259
-63.840633
-63.828133
-63.809383
-63.809383
-63.793758
-63.796883
-63.81876
-63.796883
-63.809383
-63.796883
-63.803135
-63.796883
-63.781258
-63.793758
-63.806259
-63.771885
-63.771885
-63.771885
-63.75626
-63.771885
-63.771885
-63.796883
-63.78751
-63.790634
-63.796883
-63.812508
-63.821884
-63.815632
-63.812508
-63.803135
-63.796883
-63.793758
-63.809383
-63.803135
-63.821884
-63.81876
-63.812508
-63.784382
-63.790634
-63.781258
-63.771885
-63.778133
-63.784382
-63.806259
-63.784382
-63.78751
-63.78751
-63.759384
-63.778133
-63.775009
-63.784382
-63.78751
-63.771885
-63.765633
-63.778133
-63.784382
-63.778133
-63.796883
-63.806259
-63.815632
-63.812508
-63.806259
-63.796883
-63.796883
-63.784382
-63.796883
-63.790634
-63.775009
-63.775009
-63.78751
-63.75626
-63.78751
-63.796883
-63.784382
-63.790634
-63.796883
-63.790634
-63.784382
-63.796883
-63.790634
-63.796883
-63.775009
-63.775009
-63.778133
-63.765633
-63.778133
-63.78751
-63.796883
-63.78751
-63.78751
-63.778133
-63.781258
-63.784382
-63.768757
-63.806259
-63.800007
-63.800007
-63.837509
-63.821884
-63.840633
-63.846882
-63.812508
-63.834385
-63.825008
-63.809383
-63.81876
-63.815632
-63.81876
-63.821884
-63.796883
-63.809383
-63.837509
-63.815632
-63.81876
-63.843758
-63.840633
-63.828133
-63.815632
-63.803135
-63.806259
-63.815632
-63.812508
-63.803135
-63.803135
-63.796883
-63.803135
-63.796883
-63.809383
-63.831257
-63.828133
-63.81876
-63.828133
-63.834385
-63.837509
-63.846882
-63.812508
-63.825008
-63.821884
-63.803135
-63.821884
-63.815632
-63.812508
-63.815632
-63.806259
-63.800007
-63.812508
-63.812508
-63.793758
-63.828133
-63.796883
-63.796883
-63.796883
-63.800007
-63.796883
-63.815632
-63.796883
-63.803135
-63.81876
-63.815632
-63.821884
-63.840633
-63.840633
-63.828133
-63.821884
-63.821884
-63.828133
-63.825008
-63.821884
-63.821884
-63.846882
-63.846882
-63.846882
-63.834385
-63.815632
-63.809383
-63.812508
-63.821884
-63.850002
-63.846882
-63.831257
-63.868755
-63.881252
-63.875004
-63.87188
-63.865627
-63.843758
-63.865627
-63.840633
-63.846882
-63.837509
-63.837509
-63.837509
-63.837509
-63.815632
-63.834385
-63.843758
-63.834385
-63.85313
-63.846882
-63.846882
-63.865627
-63.85313
-63.846882
-63.843758
-63.840633
-63.87188
-63.875004
-63.881252
-63.87188
-63.865627
-63.85313
-63.862503
-63.87188
-63.875004
-63.865627
-63.868755
-63.890629
-63.896877
-63.893753
-63.893753
-63.878128
-63.875004
-63.87188
-63.846882
-63.856255
-63.850002
-63.837509
-63.846882
-63.846882
-63.850002
-63.837509
-63.837509
-63.846882
-63.850002
-63.846882
-63.843758
-63.846882
-63.859379
-63.85313
-63.859379
-63.88438
-63.865627
-63.859379
-63.865627
-63.868755
-63.887505
-63.865627
-63.85313
-63.856255
-63.875004
-63.856255
-63.862503
-63.87188
-63.859379
-63.881252
-63.878128
-63.878128
-63.887505
-63.862503
-63.868755
-63.862503
-63.868755
-63.875004
-63.87188
-63.865627
-63.868755
-63.865627
-63.868755
-63.862503
-63.88438
-63.88438
-63.868755
-63.87188
-63.865627
-63.878128
-63.881252
-63.890629
-63.906254
-63.896877
-63.896877
-63.893753
-63.87188
-63.896877
-63.881252
-63.87188
-63.868755
-63.868755
-63.846882
-63.859379
-63.868755
-63.846882
-63.856255
-63.878128
-63.87188
-63.846882
-63.837509
-63.846882
-63.88438
-63.87188
-63.88438
-63.881252
-63.878128
-63.875004
-63.865627
-63.865627
-63.887505
-63.88438
-63.893753
-63.896877
-63.890629
-63.890629
-63.87188
-63.87188
-63.865627
-63.856255
-63.85313
-63.862503
-63.843758
-63.846882
-63.837509
-63.840633
-63.81876
-63.831257
-63.831257
-63.809383
-63.81876
-63.846882
-63.825008
-63.81876
-63.821884
-63.825008
-63.834385
-63.834385
-63.831257
-63.846882
-63.846882
-63.837509
-63.821884
-63.821884
-63.821884
-63.825008
-63.821884
-63.834385
-63.81876
-63.812508
-63.815632
-63.815632
-63.812508
-63.834385
-63.828133
-63.825008
-63.821884
-63.81876
-63.821884
-63.846882
-63.828133
-63.840633
-63.85313
-63.837509
-63.834385
-63.840633
-63.834385
-63.843758
-63.843758
-63.837509
-63.828133
-63.828133
-63.821884
-63.843758
-63.831257
-63.825008
-63.809383
-63.815632
-63.796883
-63.831257
-63.831257
-63.846882
-63.840633
-63.843758
-63.834385
-63.796883
-63.828133
-63.81876
-63.812508
-63.806259
-63.81876
-63.834385
-63.846882
-63.846882
-63.840633
-63.837509
-63.837509
-63.825008
-63.809383
-63.806259
-63.796883
-63.796883
-63.809383
-63.821884
-63.806259
-63.821884
-63.815632
-63.815632
-63.840633
-63.828133
-63.843758
-63.840633
-63.846882
-63.850002
-63.868755
-63.843758
-63.878128
-63.875004
-63.85313
-63.850002
-63.843758
-63.840633
-63.831257
-63.81876
-63.828133
-63.840633
-63.809383
-63.809383
-63.815632
-63.803135
-63.796883
-63.793758
-63.796883
-63.821884
-63.846882
-63.834385
-63.837509
-63.812508
-63.821884
-63.81876
-63.825008
-63.828133
-63.834385
-63.815632
-63.81876
-63.821884
-63.800007
-63.796883
-63.806259
-63.796883
-63.790634
-63.771885
-63.78751
-63.796883
-63.800007
-63.821884
-63.828133
-63.831257
-63.793758
-63.81876
-63.812508
-63.790634
-63.790634
-63.781258
-63.78751
-63.781258
-63.784382
-63.778133
-63.765633
-63.781258
-63.768757
-63.781258
-63.765633
-63.781258
-63.750008
-63.75626
-63.737514
-63.734386
-63.75626
-63.759384
-63.762508
-63.759384
-63.796883
-63.796883
-63.806259
-63.78751
-63.778133
-63.778133
-63.771885
-63.771885
-63.784382
-63.790634
-63.778133
-63.771885
-63.781258
-63.781258
-63.762508
-63.746883
-63.750008
-63.753132
-63.737514
-63.746883
-63.75626
-63.759384
-63.75626
-63.759384
-63.746883
-63.743763
-63.750008
-63.746883
-63.75626
-63.746883
-63.740639
-63.759384
-63.759384
-63.762508
-63.790634
-63.771885
-63.778133
-63.778133
-63.771885
-63.784382
-63.775009
-63.78751
-63.793758
-63.778133
-63.781258
-63.759384
-63.765633
-63.771885
-63.765633
-63.762508
-63.771885
-63.750008
-63.759384
-63.759384
-63.778133
-63.768757
-63.759384
-63.743763
-63.746883
-63.737514
-63.721889
-63.743763
-63.746883
-63.725014
-63.712513
-63.721889
-63.718761
-63.721889
-63.715637
-63.740639
-63.721889
-63.734386
-63.728138
-63.700012
-63.703136
-63.715637
-63.709389
-63.696888
-63.725014
-63.731262
-63.737514
-63.715637
-63.709389
-63.715637
-63.715637
-63.706264
-63.731262
-63.721889
-63.721889
-63.721889
-63.696888
-63.700012
-63.703136
-63.709389
-63.740639
-63.728138
-63.700012
-63.706264
-63.718761
-63.728138
-63.721889
-63.703136
-63.721889
-63.737514
-63.706264
-63.718761
-63.721889
-63.728138
-63.731262
-63.746883
-63.746883
-63.746883
-63.746883
-63.731262
-63.731262
-63.715637
-63.721889
-63.737514
-63.734386
-63.737514
-63.746883
-63.728138
-63.715637
-63.718761
-63.718761
-63.715637
-63.721889
-63.737514
-63.718761
-63.715637
-63.718761
-63.721889
-63.734386
-63.712513
-63.715637
-63.740639
-63.721889
-63.718761
-63.709389
-63.706264
-63.715637
-63.718761
-63.709389
-63.706264
-63.693764
-63.700012
-63.712513
-63.687511
-63.700012
-63.709389
-63.693764
-63.693764
-63.693764
-63.690639
-63.706264
-63.725014
-63.718761
-63.721889
-63.728138
-63.734386
-63.743763
-63.712513
-63.709389
-63.700012
-63.687511
-63.696888
-63.696888
-63.696888
-63.712513
-63.715637
-63.706264
-63.718761
-63.715637
-63.715637
-63.725014
-63.706264
-63.706264
-63.696888
-63.684387
-63.696888
-63.700012
-63.696888
-63.706264
-63.709389
-63.703136
-63.737514
-63.728138
-63.721889
-63.728138
-63.715637
-63.721889
-63.715637
-63.715637
-63.696888
-63.718761
-63.728138
-63.734386
-63.725014
-63.737514
-63.721889
-63.715637
-63.734386
-63.759384
-63.743763
-63.734386
-63.746883
-63.746883
-63.746883
-63.753132
-63.765633
-63.750008
-63.753132
-63.759384
-63.734386
-63.743763
-63.737514
-63.734386
-63.75626
-63.746883
-63.746883
-63.768757
-63.768757
-63.746883
-63.753132
-63.743763
-63.746883
-63.740639
-63.731262
-63.746883
-63.740639
-63.737514
-63.753132
-63.75626
-63.743763
-63.765633
-63.768757
-63.746883
-63.75626
-63.734386
-63.718761
-63.737514
-63.734386
-63.743763
-63.721889
-63.721889
-63.728138
-63.718761
-63.725014
-63.718761
-63.734386
-63.743763
-63.737514
-63.743763
-63.737514
-63.740639
-63.746883
-63.734386
-63.737514
-63.746883
-63.759384
-63.737514
-63.75626
-63.746883
-63.746883
-63.731262
-63.746883
-63.746883
-63.746883
-63.746883
-63.746883
-63.731262
-63.721889
-63.746883
-63.737514
-63.737514
-63.746883
-63.743763
-63.737514
-63.746883
-63.731262
-63.759384
-63.746883
-63.737514
-63.731262
-63.743763
-63.734386
-63.740639
-63.731262
-63.731262
-63.743763
-63.734386
-63.746883
-63.737514
-63.721889
-63.734386
-63.715637
-63.718761
-63.725014
-63.718761
-63.715637
-63.718761
-63.721889
-63.734386
-63.740639
-63.740639
-63.740639
-63.725014
-63.734386
-63.715637
-63.721889
-63.715637
-63.706264
-63.715637
-63.706264
-63.715637
-63.703136
-63.718761
-63.725014
-63.753132
-63.746883
-63.753132
-63.737514
-63.746883
-63.746883
-63.728138
-63.737514
-63.734386
-63.725014
-63.721889
-63.734386
-63.728138
-63.737514
-63.715637
-63.706264
-63.709389
-63.709389
-63.715637
-63.734386
-63.737514
-63.734386
-63.718761
-63.709389
-63.712513
-63.703136
-63.721889
-63.737514
-63.737514
-63.734386
-63.746883
-63.750008
-63.759384
-63.746883
-63.762508
-63.746883
-63.75626
-63.746883
-63.75626
-63.768757
-63.768757
-63.765633
-63.762508
-63.746883
-63.775009
-63.784382
-63.75626
-63.734386
-63.734386
-63.734386
-63.759384
-63.771885
-63.765633
-63.768757
-63.771885
-63.768757
-63.796883
-63.775009
-63.765633
-63.784382
-63.78751
-63.796883
-63.796883
-63.796883
-63.828133
-63.815632
-63.81876
-63.831257
-63.825008
-63.809383
-63.809383
-63.809383
-63.828133
-63.81876
-63.825008
-63.812508
-63.825008
-63.834385
-63.803135
-63.784382
-63.784382
-63.790634
-63.81876
-63.800007
-63.796883
-63.815632
-63.812508
-63.790634
-63.809383
-63.778133
-63.771885
-63.771885
-63.759384
-63.775009
-63.771885
-63.75626
-63.759384
-63.762508
-63.781258
-63.790634
-63.784382
-63.796883
-63.793758
-63.796883
-63.78751
-63.778133
-63.762508
-63.768757
-63.775009
-63.771885
-63.796883
-63.784382
-63.762508
-63.768757
-63.771885
-63.784382
-63.784382
-63.778133
-63.759384
-63.784382
-63.765633
-63.765633
-63.778133
-63.778133
-63.784382
-63.771885
-63.790634
-63.803135
-63.806259
-63.812508
-63.840633
-63.812508
-63.796883
-63.784382
-63.784382
-63.778133
-63.784382
-63.781258
-63.778133
-63.800007
-63.809383
-63.809383
-63.803135
-63.81876
-63.812508
-63.828133
-63.831257
-63.837509
-63.840633
-63.834385
-63.831257
-63.831257
-63.796883
-63.828133
-63.840633
-63.81876
-63.81876
-63.809383
-63.809383
-63.837509
-63.831257
-63.796883
-63.790634
-63.796883
-63.796883
-63.781258
-63.784382
-63.800007
-63.809383
-63.793758
-63.784382
-63.78751
-63.793758
-63.78751
-63.796883
-63.812508
-63.793758
-63.784382
-63.796883
-63.809383
-63.812508
-63.790634
-63.815632
-63.828133
-63.821884
-63.809383
-63.796883
-63.796883
-63.815632
-63.834385
-63.831257
-63.840633
-63.828133
-63.834385
-63.825008
-63.796883
-63.78751
-63.803135
-63.793758
-63.809383
-63.809383
-63.828133
-63.815632
-63.812508
-63.806259
-63.796883
-63.796883
-63.81876
-63.825008
-63.825008
-63.815632
-63.825008
-63.821884
-63.809383
-63.781258
-63.78751
-63.765633
-63.753132
-63.765633
-63.762508
-63.790634
-63.781258
-63.790634
-63.796883
-63.784382
-63.790634
-63.781258
-63.793758
-63.812508
-63.825008
-63.828133
-63.837509
-63.834385
-63.828133
-63.846882
-63.850002
-63.846882
-63.821884
-63.831257
-63.831257
-63.812508
-63.831257
-63.803135
-63.803135
-63.81876
-63.831257
-63.828133
-63.81876
-63.825008
-63.81876
-63.825008
-63.815632
-63.81876
-63.846882
-63.837509
-63.840633
-63.846882
-63.843758
-63.846882
-63.88438
-63.85313
-63.846882
-63.834385
-63.828133
-63.831257
-63.828133
-63.815632
-63.843758
-63.840633
-63.828133
-63.821884
-63.821884
-63.843758
-63.837509
-63.85313
-63.850002
-63.856255
-63.828133
-63.821884
-63.828133
-63.81876
-63.812508
-63.821884
-63.821884
-63.825008
-63.837509
-63.831257
-63.825008
-63.834385
-63.831257
-63.846882
-63.840633
-63.831257
-63.815632
-63.834385
-63.828133
-63.803135
-63.809383
-63.809383
-63.815632
-63.821884
-63.831257
-63.828133
-63.831257
-63.809383
-63.809383
-63.78751
-63.800007
-63.806259
-63.796883
-63.793758
-63.803135
-63.809383
-63.793758
-63.800007
-63.796883
-63.825008
-63.825008
-63.825008
-63.834385
-63.828133
-63.831257
-63.809383
-63.809383
-63.803135
-63.809383
-63.803135
-63.831257
-63.821884
-63.81876
-63.821884
-63.81876
-63.806259
-63.796883
-63.796883
-63.784382
-63.793758
-63.806259
-63.812508
-63.828133
-63.831257
-63.843758
-63.843758
-63.834385
-63.831257
-63.834385
-63.828133
-63.803135
-63.812508
-63.806259
-63.81876
-63.809383
-63.793758
-63.831257
-63.834385
-63.806259
-63.809383
-63.809383
-63.790634
-63.800007
-63.806259
-63.796883
-63.828133
-63.815632
-63.806259
-63.828133
-63.837509
-63.831257
-63.843758
-63.825008
-63.843758
-63.846882
-63.846882
-63.850002
-63.843758
-63.812508
-63.831257
-63.831257
-63.809383
-63.809383
-63.825008
-63.793758
-63.800007
-63.81876
-63.809383
-63.831257
-63.831257
-63.821884
-63.81876
-63.812508
-63.825008
-63.809383
-63.793758
-63.815632
-63.803135
-63.809383
-63.809383
-63.796883
-63.803135
-63.78751
-63.821884
-63.803135
-63.821884
-63.812508
-63.825008
-63.812508
-63.796883
-63.812508
-63.831257
-63.828133
-63.815632
-63.825008
-63.796883
-63.812508
-63.831257
-63.821884
-63.815632
-63.81876
-63.825008
-63.846882
-63.831257
-63.840633
-63.846882
-63.834385
-63.834385
-63.840633
-63.85313
-63.865627
-63.856255
-63.859379
-63.87188
-63.868755
-63.868755
-63.893753
-63.887505
-63.896877
-63.878128
-63.87188
-63.865627
-63.875004
-63.846882
-63.868755
-63.859379
-63.859379
-63.856255
-63.843758
-63.85313
-63.85313
-63.850002
-63.843758
-63.831257
-63.834385
-63.834385
-63.828133
-63.840633
-63.846882
-63.865627
-63.859379
-63.865627
-63.878128
-63.865627
-63.859379
-63.862503
-63.850002
-63.840633
-63.850002
-63.846882
-63.840633
-63.846882
-63.834385
-63.843758
-63.828133
-63.821884
-63.846882
-63.843758
-63.837509
-63.846882
-63.846882
-63.846882
-63.87188
-63.865627
-63.862503
-63.865627
-63.865627
-63.846882
-63.85313
-63.806259
-63.809383
-63.821884
-63.81876
-63.806259
-63.809383
-63.825008
-63.825008
-63.809383
-63.793758
-63.796883
-63.81876
-63.796883
-63.821884
-63.846882
-63.846882
-63.862503
-63.85313
-63.846882
-63.815632
-63.834385
-63.834385
-63.846882
-63.828133
-63.840633
-63.825008
-63.837509
-63.846882
-63.846882
-63.85313
-63.840633
-63.840633
-63.821884
-63.843758
-63.821884
-63.821884
-63.81876
-63.81876
-63.834385
-63.834385
-63.81876
-63.840633
-63.843758
-63.834385
-63.85313
-63.846882
-63.837509
-63.831257
-63.834385
-63.846882
-63.840633
-63.821884
-63.803135
-63.812508
-63.821884
-63.812508
-63.806259
-63.796883
-63.809383
-63.821884
-63.825008
-63.81876
-63.834385
-63.834385
-63.828133
-63.821884
-63.850002
-63.85313
-63.859379
-63.856255
-63.843758
-63.834385
-63.837509
-63.837509
-63.803135
-63.825008
-63.831257
-63.828133
-63.846882
-63.834385
-63.837509
-63.821884
-63.834385
-63.815632
-63.815632
-63.831257
-63.834385
-63.859379
-63.846882
-63.840633
-63.865627
-63.846882
-63.846882
-63.846882
-63.846882
-63.837509
-63.825008
-63.821884
-63.825008
-63.837509
-63.834385
-63.846882
-63.846882
-63.825008
-63.825008
-63.815632
-63.796883
-63.803135
-63.809383
-63.796883
-63.796883
-63.793758
-63.784382
-63.793758
-63.793758
-63.812508
-63.796883
-63.815632
-63.812508
-63.828133
-63.821884
-63.828133
-63.846882
-63.821884
-63.846882
-63.834385
-63.803135
-63.828133
-63.812508
-63.793758
-63.806259
-63.81876
-63.81876
-63.840633
-63.825008
-63.825008
-63.796883
-63.806259
-63.793758
-63.840633
-63.796883
-63.831257
-63.815632
-63.796883
-63.815632
-63.796883
-63.803135
-63.821884
-63.834385
-63.825008
-63.831257
-63.825008
-63.812508
-63.821884
-63.815632
-63.821884
-63.825008
-63.803135
-63.806259
-63.828133
-63.796883
-63.806259
-63.809383
-63.815632
-63.828133
-63.828133
-63.81876
-63.812508
-63.834385
-63.796883
-63.809383
-63.809383
-63.825008
-63.815632
-63.793758
-63.790634
-63.793758
-63.812508
-63.809383
-63.796883
-63.809383
-63.812508
-63.834385
-63.821884
-63.81876
-63.821884
-63.815632
-63.806259
-63.784382
-63.75626
-63.775009
-63.768757
-63.762508
-63.771885
-63.784382
-63.784382
-63.771885
-63.771885
-63.75626
-63.784382
-63.768757
-63.765633
-63.759384
-63.771885
-63.793758
-63.793758
-63.768757
-63.796883
-63.784382
-63.800007
-63.815632
-63.803135
-63.784382
-63.771885
-63.775009
-63.775009
-63.796883
-63.784382
-63.796883
-63.793758
-63.781258
-63.793758
-63.796883
-63.771885
-63.790634
-63.784382
-63.781258
-63.771885
-63.778133
-63.746883
-63.775009
-63.771885
-63.759384
-63.771885
-63.775009
-63.784382
-63.796883
-63.790634
-63.796883
-63.784382
-63.771885
-63.765633
-63.765633
-63.746883
-63.75626
-63.778133
-63.750008
-63.765633
-63.765633
-63.759384
-63.762508
-63.759384
-63.775009
-63.778133
-63.778133
-63.793758
-63.796883
-63.778133
-63.793758
-63.778133
-63.768757
-63.762508
-63.771885
-63.775009
-63.771885
-63.784382
-63.750008
-63.743763
-63.753132
-63.775009
-63.75626
-63.765633
-63.762508
-63.78751
-63.753132
-63.762508
-63.753132
-63.750008
-63.762508
-63.759384
-63.740639
-63.750008
-63.762508
-63.753132
-63.743763
-63.740639
-63.746883
-63.759384
-63.759384
-63.765633
-63.771885
-63.793758
-63.753132
-63.778133
-63.775009
-63.771885
-63.771885
-63.781258
-63.778133
-63.793758
-63.784382
-63.790634
-63.784382
-63.78751
-63.800007
-63.803135
-63.806259
-63.793758
-63.803135
-63.78751
-63.809383
-63.800007
-63.790634
-63.793758
-63.784382
-63.796883
-63.781258
-63.781258
-63.78751
-63.803135
-63.796883
-63.796883
-63.800007
-63.796883
-63.806259
-63.793758
-63.778133
-63.775009
-63.771885
-63.765633
-63.771885
-63.775009
-63.746883
-63.762508
-63.762508
-63.778133
-63.784382
-63.800007
-63.800007
-63.803135
-63.796883
-63.790634
-63.796883
-63.781258
-63.796883
-63.775009
-63.778133
-63.778133
-63.784382
-63.765633
-63.762508
-63.75626
-63.765633
-63.778133
-63.765633
-63.771885
-63.771885
-63.781258
-63.784382
-63.775009
-63.78751
-63.793758
-63.809383
-63.790634
-63.784382
-63.771885
-63.765633
-63.793758
-63.765633
-63.784382
-63.78751
-63.78751
-63.784382
-63.812508
-63.800007
-63.790634
-63.796883
-63.796883
-63.793758
-63.796883
-63.78751
-63.768757
-63.762508
-63.775009
-63.771885
-63.796883
-63.796883
-63.796883
-63.821884
-63.809383
-63.806259
-63.781258
-63.778133
-63.784382
-63.784382
-63.784382
-63.781258
-63.790634
-63.765633
-63.778133
-63.771885
-63.790634
-63.784382
-63.78751
-63.759384
-63.75626
-63.778133
-63.796883
-63.781258
-63.784382
-63.784382
-63.790634
-63.771885
-63.753132
-63.771885
-63.75626
-63.775009
-63.784382
-63.784382
-63.793758
-63.81876
-63.815632
-63.809383
-63.821884
-63.834385
-63.809383
-63.806259
-63.825008
-63.821884
-63.81876
-63.809383
-63.796883
-63.81876
-63.809383
-63.796883
-63.793758
-63.78751
-63.762508
-63.762508
-63.793758
-63.790634
-63.796883
-63.796883
-63.784382
-63.809383
-63.812508
-63.803135
-63.796883
-63.790634
-63.784382
-63.790634
-63.784382
-63.793758
-63.81876
-63.812508
-63.784382
-63.809383
-63.784382
-63.771885
-63.753132
-63.743763
-63.746883
-63.75626
-63.75626
-63.750008
-63.746883
-63.737514
-63.746883
-63.765633
-63.737514
-63.746883
-63.753132
-63.746883
-63.740639
-63.737514
-63.728138
-63.762508
-63.753132
-63.759384
-63.78751
-63.78751
-63.796883
-63.796883
-63.793758
-63.796883
-63.781258
-63.778133
-63.768757
-63.771885
-63.790634
-63.778133
-63.759384
-63.781258
-63.793758
-63.775009
-63.775009
-63.765633
-63.762508
-63.762508
-63.778133
-63.790634
-63.759384
-63.75626
-63.75626
-63.765633
-63.768757
-63.768757
-63.78751
-63.784382
-63.75626
-63.784382
-63.790634
-63.803135
-63.809383
-63.793758
-63.790634
-63.796883
-63.784382
-63.78751
-63.796883
-63.796883
-63.803135
-63.800007
-63.793758
-63.790634
-63.790634
-63.778133
-63.784382
-63.775009
-63.746883
-63.765633
-63.771885
-63.753132
-63.765633
-63.778133
-63.790634
-63.796883
-63.800007
-63.78751
-63.796883
-63.806259
-63.803135
-63.812508
-63.796883
-63.790634
-63.78751
-63.796883
-63.815632
-63.790634
-63.790634
-63.771885
-63.796883
-63.759384
-63.784382
-63.800007
-63.800007
-63.790634
-63.78751
-63.775009
-63.78751
-63.765633
-63.765633
-63.768757
-63.75626
-63.784382
-63.796883
-63.784382
-63.796883
-63.790634
-63.784382
-63.796883
-63.778133
-63.784382
-63.771885
-63.778133
-63.768757
-63.765633
-63.771885
-63.746883
-63.746883
-63.746883
-63.740639
-63.750008
-63.737514
-63.759384
-63.762508
-63.75626
-63.75626
-63.746883
-63.746883
-63.75626
-63.753132
-63.759384
-63.762508
-63.75626
-63.775009
-63.781258
-63.806259
-63.796883
-63.803135
-63.793758
-63.771885
-63.775009
-63.775009
-63.790634
-63.784382
-63.75626
-63.753132
-63.759384
-63.765633
-63.759384
-63.771885
-63.759384
-63.768757
-63.746883
-63.731262
-63.731262
-63.737514
-63.746883
-63.746883
-63.759384
-63.765633
-63.746883
-63.746883
-63.746883
-63.746883
-63.746883
-63.746883
-63.728138
-63.728138
-63.737514
-63.746883
-63.765633
-63.759384
-63.759384
-63.746883
-63.759384
-63.753132
-63.75626
-63.784382
-63.778133
-63.771885
-63.78751
-63.784382
-63.759384
-63.781258
-63.775009
-63.768757
-63.746883
-63.746883
-63.746883
-63.746883
-63.728138
-63.721889
-63.734386
-63.731262
-63.746883
-63.750008
-63.753132
-63.750008
-63.750008
-63.737514
-63.728138
-63.734386
-63.731262
-63.740639
-63.734386
-63.743763
-63.743763
-63.725014
-63.728138
-63.721889
-63.715637
-63.737514
-63.718761
-63.718761
-63.721889
-63.715637
-63.715637
-63.712513
-63.706264
-63.718761
-63.696888
-63.696888
-63.696888
-63.725014
-63.718761
-63.718761
-63.696888
-63.712513
-63.718761
-63.712513
-63.712513
-63.706264
-63.709389
-63.715637
-63.706264
-63.696888
-63.696888
-63.715637
-63.687511
-63.690639
-63.709389
-63.706264
-63.696888
-63.700012
-63.706264
-63.728138
-63.734386
-63.706264
-63.718761
-63.743763
-63.718761
-63.743763
-63.725014
-63.715637
-63.731262
-63.728138
-63.725014
-63.731262
-63.721889
-63.721889
-63.709389
-63.715637
-63.743763
-63.737514
-63.743763
-63.753132
-63.746883
-63.728138
-63.728138
-63.734386
-63.746883
-63.740639
-63.721889
-63.734386
-63.737514
-63.731262
-63.743763
-63.768757
-63.731262
-63.746883
-63.734386
-63.734386
-63.743763
-63.753132
-63.740639
-63.731262
-63.728138
-63.734386
-63.746883
-63.75626
-63.759384
-63.746883
-63.734386
-63.715637
-63.740639
-63.728138
-63.721889
-63.706264
-63.696888
-63.703136
-63.684387
-63.696888
-63.696888
-63.712513
-63.700012
-63.696888
-63.706264
-63.696888
-63.703136
-63.690639
-63.696888
-63.721889
-63.715637
-63.709389
-63.721889
-63.718761
-63.718761
-63.712513
-63.718761
-63.728138
-63.746883
-63.743763
-63.728138
-63.731262
-63.706264
