-64.509346
-64.515602
-64.512474
-64.512474
-64.524971
-64.506226
-64.521851
-64.521851
-64.506226
-64.524971
-64.546844
-64.537476
-64.549973
-64.534348
-64.546844
-64.534348
-64.518723
-64.518723
-64.521851
-64.506226
-64.503098
-64.521851
-64.496849
-64.509346
-64.512474
-64.503098
-64.531227
-64.540596
-64.537476
-64.546844
-64.540596
-64.537476
-64.512474
-64.521851
-64.496849
-64.496849
-64.518723
-64.512474
-64.524971
-64.496849
-64.496849
-64.496849
-64.521851
-64.496849
-64.512474
-64.496849
-64.524971
-64.512474
-64.521851
-64.503098
-64.490601
-64.484352
-64.496849
-64.496849
-64.503098
-64.506226
-64.496849
-64.487473
-64.496849
-64.487473
-64.471848
-64.493721
-64.481224
-64.478096
-64.478096
-64.462471
-64.465599
-64.468727
-64.487473
-64.490601
-64.499977
-64.490601
-64.506226
-64.515602
-64.512474
-64.528099
-64.540596
-64.531227
-64.528099
-64.499977
-64.521851
-64.521851
-64.531227
-64.515602
-64.528099
-64.528099
-64.518723
-64.512474
-64.512474
-64.503098
-64.503098
-64.493721
-64.512474
-64.528099
-64.534348
-64.528099
-64.521851
-64.496849
-64.509346
-64.521851
-64.503098
-64.515602
-64.481224
-64.462471
-64.468727
-64.446854
-64.481224
-64.459351
-64.449974
-64.437477
-64.462471
-64.468727
-64.490601
-64.490601
-64.481224
-64.484352
-64.462471
-64.471848
-64.474976
-64.478096
-64.468727
-64.471848
-64.474976
-64.487473
-64.481224
-64.493721
-64.496849
-64.518723
-64.496849
-64.487473
-64.490601
-64.468727
-64.496849
-64.496849
-64.487473
-64.481224
-64.490601
-64.499977
-64.499977
-64.490601
-64.474976
-64.481224
-64.465599
-64.446854
-64.474976
-64.478096
-64.487473
-64.471848
-64.462471
-64.468727
-64.484352
-64.484352
-64.481224
-64.471848
-64.456223
-64.487473
-64.493721
-64.493721
-64.487473
-64.493721
-64.484352
-64.487473
-64.496849
-64.487473
-64.493721
-64.490601
-64.468727
-64.493721
-64.474976
-64.499977
-64.496849
-64.496849
-64.524971
-64.515602
-64.506226
-64.506226
-64.521851
-64.543724
-64.540596
-64.531227
-64.528099
-64.540596
-64.540596
-64.521851
-64.524971
-64.506226
-64.509346
-64.515602
-64.531227
-64.543724
-64.534348
-64.546844
-64.553093
-64.556221
-64.559341
-64.553093
-64.546844
-64.534348
-64.556221
-64.556221
-64.556221
-64.546844
-64.546844
-64.553093
-64.546844
-64.546844
-64.559341
-64.562469
-64.581223
-64.578094
-64.596848
-64.599968
-64.568718
-64.565598
-64.584343
-64.590591
-64.581223
-64.590591
-64.596848
-64.578094
-64.581223
-64.578094
-64.562469
-64.571846
-64.571846
-64.562469
-64.574966
-64.565598
-64.568718
-64.553093
-64.562469
-64.556221
-64.584343
-64.581223
-64.578094
-64.584343
-64.565598
-64.562469
-64.568718
-64.556221
-64.578094
-64.596848
-64.593719
-64.568718
-64.571846
-64.574966
-64.565598
-64.565598
-64.553093
-64.578094
-64.596848
-64.606216
-64.606216
-64.599968
-64.578094
-64.596848
-64.609344
-64.609344
-64.634346
-64.615593
-64.603096
-64.599968
-64.584343
-64.590591
-64.596848
-64.590591
-64.581223
-64.590591
-64.587471
-64.584343
-64.590591
-64.596848
-64.584343
-64.581223
-64.556221
-64.568718
-64.568718
-64.565598
-64.546844
-64.540596
-64.546844
-64.559341
-64.549973
-64.531227
-64.531227
-64.531227
-64.528099
-64.540596
-64.556221
-64.556221
-64.537476
-64.515602
-64.524971
-64.534348
-64.543724
-64.534348
-64.534348
-64.540596
-64.546844
-64.534348
-64.549973
-64.559341
-64.556221
-64.559341
-64.556221
-64.549973
-64.531227
-64.543724
-64.549973
-64.546844
-64.546844
-64.559341
-64.553093
-64.540596
-64.534348
-64.537476
-64.540596
-64.521851
-64.512474
-64.537476
-64.515602
-64.524971
-64.524971
-64.534348
-64.540596
-64.540596
-64.524971
-64.534348
-64.515602
-64.515602
-64.506226
-64.496849
-64.490601
-64.487473
-64.503098
-64.515602
-64.546844
-64.528099
-64.537476
-64.524971
-64.512474
-64.524971
-64.509346
-64.499977
-64.518723
-64.503098
-64.515602
-64.503098
-64.499977
-64.503098
-64.487473
-64.481224
-64.490601
-64.490601
-64.490601
-64.487473
-64.478096
-64.449974
-64.474976
-64.471848
-64.481224
-64.484352
-64.481224
-64.503098
-64.512474
-64.496849
-64.503098
-64.509346
-64.506226
-64.484352
-64.496849
-64.484352
-64.481224
-64.496849
-64.493721
-64.481224
-64.493721
-64.462471
-64.484352
-64.462471
-64.481224
-64.496849
-64.496849
-64.496849
-64.521851
-64.518723
-64.503098
-64.506226
-64.496849
-64.478096
-64.490601
-64.487473
-64.490601
-64.496849
-64.487473
-64.490601
-64.503098
-64.478096
-64.484352
-64.490601
-64.459351
-64.481224
-64.468727
-64.481224
-64.471848
-64.478096
-64.471848
-64.493721
-64.493721
-64.503098
-64.496849
-64.493721
-64.503098
-64.484352
-64.459351
-64.465599
-64.496849
-64.478096
-64.484352
-64.515602
-64.543724
-64.534348
-64.559341
-64.549973
-64.546844
-64.524971
-64.521851
-64.537476
-64.506226
-64.524971
-64.531227
-64.524971
-64.528099
-64.546844
-64.540596
-64.521851
-64.543724
-64.518723
-64.534348
-64.531227
-64.521851
-64.546844
-64.543724
-64.540596
-64.540596
-64.546844
-64.546844
-64.553093
-64.568718
-64.549973
-64.556221
-64.546844
-64.553093
-64.565598
-64.565598
-64.553093
-64.562469
-64.559341
-64.553093
-64.553093
-64.543724
-64.534348
-64.531227
-64.540596
-64.534348
-64.537476
-64.540596
-64.534348
-64.528099
-64.512474
-64.515602
-64.521851
-64.531227
-64.534348
-64.509346
-64.496849
-64.509346
-64.509346
-64.518723
-64.521851
-64.512474
-64.556221
-64.556221
-64.574966
-64.593719
-64.584343
-64.584343
-64.578094
-64.584343
-64.568718
-64.556221
-64.556221
-64.568718
-64.596848
-64.568718
-64.568718
-64.568718
-64.559341
-64.556221
-64.546844
-64.546844
-64.568718
-64.559341
-64.565598
-64.574966
-64.578094
-64.546844
-64.584343
-64.581223
-64.553093
-64.559341
-64.546844
-64.568718
-64.559341
-64.562469
-64.562469
-64.590591
-64.574966
-64.571846
-64.559341
-64.543724
-64.553093
-64.556221
-64.556221
-64.553093
-64.546844
-64.565598
-64.571846
-64.571846
-64.556221
-64.562469
-64.590591
-64.596848
-64.587471
-64.609344
-64.599968
-64.609344
-64.593719
-64.603096
-64.615593
-64.612473
-64.624969
-64.603096
-64.599968
-64.609344
-64.634346
-64.628098
-64.631218
-64.606216
-64.593719
-64.596848
-64.599968
-64.593719
-64.587471
-64.599968
-64.581223
-64.556221
-64.562469
-64.565598
-64.571846
-64.590591
-64.603096
-64.603096
-64.609344
-64.603096
-64.578094
-64.581223
-64.565598
-64.581223
-64.596848
-64.590591
-64.584343
-64.565598
-64.571846
-64.556221
-64.568718
-64.556221
-64.571846
-64.574966
-64.578094
-64.574966
-64.590591
-64.578094
-64.590591
-64.596848
-64.581223
-64.590591
-64.584343
-64.612473
-64.599968
-64.615593
-64.584343
-64.587471
-64.593719
-64.574966
-64.571846
-64.565598
-64.571846
-64.578094
-64.568718
-64.549973
-64.562469
-64.546844
-64.559341
-64.556221
-64.556221
-64.546844
-64.556221
-64.546844
-64.568718
-64.562469
-64.581223
-64.578094
-64.596848
-64.599968
-64.596848
-64.596848
-64.581223
-64.596848
-64.596848
-64.593719
-64.606216
-64.596848
-64.578094
-64.596848
-64.618721
-64.606216
-64.606216
-64.612473
-64.606216
-64.596848
-64.599968
-64.596848
-64.596848
-64.603096
-64.593719
-64.606216
-64.590591
-64.590591
-64.606216
-64.606216
-64.593719
-64.568718
-64.581223
-64.606216
-64.578094
-64.596848
-64.612473
-64.596848
-64.587471
-64.584343
-64.581223
-64.584343
-64.581223
-64.562469
-64.568718
-64.581223
-64.571846
-64.593719
-64.574966
-64.565598
-64.553093
-64.565598
-64.559341
-64.581223
-64.565598
-64.562469
-64.574966
-64.565598
-64.571846
-64.571846
-64.581223
-64.584343
-64.587471
-64.565598
-64.590591
-64.584343
-64.574966
-64.578094
-64.584343
-64.593719
-64.574966
-64.593719
-64.568718
-64.612473
-64.603096
-64.612473
-64.628098
-64.624969
-64.615593
-64.621841
-64.615593
-64.631218
-64.599968
-64.612473
-64.618721
-64.615593
-64.584343
-64.596848
-64.603096
-64.596848
-64.624969
-64.606216
-64.609344
-64.631218
-64.637466
-64.624969
-64.643723
-64.628098
-64.615593
-64.612473
-64.612473
-64.609344
-64.596848
-64.584343
-64.590591
-64.584343
-64.562469
-64.565598
-64.571846
-64.571846
-64.571846
-64.578094
-64.587471
-64.593719
-64.590591
-64.578094
-64.590591
-64.596848
-64.603096
-64.618721
-64.618721
-64.618721
-64.621841
-64.646843
-64.621841
-64.631218
-64.596848
-64.621841
-64.615593
-64.640594
-64.634346
-64.637466
-64.643723
-64.656212
-64.681213
-64.674965
-64.69059
-64.674965
-64.674965
-64.696838
-64.693718
-64.684341
-64.671837
-64.65934
-64.681213
-64.665588
-64.649963
-64.693718
-64.671837
-64.665588
-64.684341
-64.687462
-64.69059
-64.687462
-64.678093
-64.65934
-64.653091
-64.668716
-64.653091
-64.662468
-64.662468
-64.649963
-64.696838
-64.665588
-64.65934
-64.646843
-64.628098
-64.640594
-64.665588
-64.649963
-64.668716
-64.65934
-64.653091
-64.662468
-64.665588
-64.653091
-64.653091
-64.65934
-64.646843
-64.65934
-64.646843
-64.631218
-64.634346
-64.615593
-64.643723
-64.643723
-64.631218
-64.621841
-64.640594
-64.662468
-64.65934
-64.649963
-64.649963
-64.653091
-64.646843
-64.643723
-64.646843
-64.656212
-64.637466
-64.656212
-64.637466
-64.653091
-64.646843
-64.621841
-64.640594
-64.612473
-64.631218
-64.653091
-64.671837
-64.646843
-64.649963
-64.65934
-64.662468
-64.684341
-64.662468
-64.65934
-64.671837
-64.674965
-64.668716
-64.668716
-64.65934
-64.65934
-64.662468
-64.653091
-64.678093
-64.65934
-64.646843
-64.646843
-64.665588
-64.681213
-64.656212
-64.646843
-64.640594
-64.653091
-64.653091
-64.640594
-64.646843
-64.646843
-64.621841
-64.624969
-64.606216
-64.603096
-64.634346
-64.634346
-64.634346
-64.653091
-64.662468
-64.640594
-64.621841
-64.603096
-64.618721
-64.618721
-64.631218
-64.640594
-64.631218
-64.656212
-64.65934
-64.653091
-64.69059
-64.646843
-64.653091
-64.637466
-64.643723
-64.618721
-64.637466
-64.628098
-64.624969
-64.637466
-64.643723
-64.643723
-64.640594
-64.668716
-64.684341
-64.65934
-64.656212
-64.646843
-64.637466
-64.624969
-64.615593
-64.618721
-64.621841
-64.615593
-64.649963
-64.640594
-64.653091
-64.646843
-64.649963
-64.646843
-64.646843
-64.643723
-64.621841
-64.624969
-64.634346
-64.640594
-64.646843
-64.646843
-64.646843
-64.637466
-64.628098
-64.637466
-64.624969
-64.624969
-64.631218
-64.615593
-64.618721
-64.615593
-64.590591
-64.596848
-64.599968
-64.618721
-64.596848
-64.603096
-64.615593
-64.603096
-64.599968
-64.581223
-64.596848
-64.603096
-64.587471
-64.603096
-64.590591
-64.593719
-64.628098
-64.624969
-64.656212
-64.662468
-64.656212
-64.646843
-64.65934
-64.646843
-64.646843
-64.640594
-64.628098
-64.624969
-64.640594
-64.634346
-64.653091
-64.665588
-64.656212
-64.65934
-64.656212
-64.656212
-64.662468
-64.646843
-64.656212
-64.668716
-64.662468
-64.65934
-64.656212
-64.646843
-64.646843
-64.653091
-64.649963
-64.65934
-64.653091
-64.656212
-64.646843
-64.615593
-64.631218
-64.628098
-64.624969
-64.643723
-64.646843
-64.649963
-64.665588
-64.693718
-64.693718
-64.706215
-64.728088
-64.696838
-64.665588
-64.678093
-64.662468
-64.681213
-64.653091
-64.653091
-64.656212
-64.646843
-64.637466
-64.649963
-64.640594
-64.643723
-64.646843
-64.649963
-64.665588
-64.665588
-64.678093
-64.678093
-64.668716
-64.65934
-64.662468
-64.646843
-64.646843
-64.668716
-64.662468
-64.678093
-64.674965
-64.653091
-64.646843
-64.662468
-64.678093
-64.665588
-64.665588
-64.674965
-64.696838
-64.693718
-64.69059
-64.684341
-64.684341
-64.684341
-64.696838
-64.699966
-64.696838
-64.696838
-64.699966
-64.703087
-64.715591
-64.684341
-64.69059
-64.69059
-64.681213
-64.696838
-64.696838
-64.709343
-64.712463
-64.703087
-64.693718
-64.706215
-64.696838
-64.696838
-64.696838
-64.678093
-64.65934
-64.684341
-64.69059
-64.665588
-64.696838
-64.684341
-64.693718
-64.69059
-64.662468
-64.69059
-64.696838
-64.715591
-64.728088
-64.746834
-64.734337
-64.734337
-64.734337
-64.72184
-64.731216
-64.728088
-64.728088
-64.731216
-64.746834
-64.72184
-64.731216
-64.72184
-64.724968
-64.703087
-64.699966
-64.696838
-64.72184
-64.699966
-64.709343
-64.715591
-64.709343
-64.709343
-64.696838
-64.696838
-64.674965
-64.687462
-64.684341
-64.703087
-64.696838
-64.693718
-64.69059
-64.706215
-64.684341
-64.693718
-64.69059
-64.69059
-64.681213
-64.662468
-64.665588
-64.668716
-64.674965
-64.696838
-64.72184
-64.718712
-64.740593
-64.731216
-64.731216
-64.746834
-64.724968
-64.734337
-64.746834
-64.75621
-64.743713
-64.753082
-64.734337
-64.718712
-64.737465
-64.746834
-64.746834
-64.759331
-64.749962
-64.749962
-64.734337
-64.734337
-64.740593
-64.740593
-64.743713
-64.740593
-64.759331
-64.746834
-64.753082
-64.728088
-64.734337
-64.743713
-64.737465
-64.728088
-64.718712
-64.72184
-64.718712
-64.699966
-64.706215
-64.715591
-64.699966
-64.718712
-64.718712
-64.734337
-64.734337
-64.746834
-64.740593
-64.728088
-64.737465
-64.746834
-64.75621
-64.740593
-64.743713
-64.728088
-64.728088
-64.72184
-64.712463
-64.740593
-64.724968
-64.715591
-64.728088
-64.731216
-64.734337
-64.753082
-64.759331
-64.759331
-64.765587
-64.743713
-64.749962
-64.740593
-64.734337
-64.743713
-64.734337
-64.746834
-64.734337
-64.728088
-64.740593
-64.746834
-64.718712
-64.728088
-64.706215
-64.709343
-64.734337
-64.715591
-64.703087
-64.715591
-64.72184
-64.706215
-64.734337
-64.737465
-64.734337
-64.728088
-64.72184
-64.728088
-64.749962
-64.731216
-64.724968
-64.728088
-64.703087
-64.699966
-64.684341
-64.69059
-64.69059
-64.678093
-64.684341
-64.69059
-64.693718
-64.696838
-64.69059
-64.693718
-64.696838
-64.72184
-64.699966
-64.715591
-64.737465
-64.728088
-64.715591
-64.728088
-64.746834
-64.768707
-64.759331
-64.746834
-64.774956
-64.765587
-64.759331
-64.771835
-64.778084
-64.781212
-64.790581
-64.759331
-64.743713
-64.743713
-64.737465
-64.734337
-64.731216
-64.724968
-64.731216
-64.706215
-64.718712
-64.740593
-64.746834
-64.712463
-64.724968
-64.718712
-64.706215
-64.709343
-64.709343
-64.699966
-64.693718
-64.72184
-64.72184
-64.734337
-64.724968
-64.718712
-64.699966
-64.715591
-64.718712
-64.724968
-64.737465
-64.724968
-64.715591
-64.728088
-64.728088
-64.734337
-64.706215
-64.737465
-64.734337
-64.737465
-64.746834
-64.734337
-64.728088
-64.743713
-64.715591
-64.715591
-64.724968
-64.737465
-64.746834
-64.765587
-64.746834
-64.75621
-64.746834
-64.746834
-64.746834
-64.743713
-64.746834
-64.728088
-64.734337
-64.734337
-64.728088
-64.740593
-64.749962
-64.753082
-64.737465
-64.746834
-64.753082
-64.753082
-64.762459
-64.753082
-64.72184
-64.731216
-64.740593
-64.728088
-64.734337
-64.746834
-64.753082
-64.743713
-64.746834
-64.759331
-64.762459
-64.765587
-64.75621
-64.746834
-64.746834
-64.731216
-64.740593
-64.728088
-64.72184
-64.715591
-64.712463
-64.718712
-64.731216
-64.724968
-64.737465
-64.746834
-64.718712
-64.724968
-64.72184
-64.740593
-64.737465
-64.731216
-64.743713
-64.746834
-64.737465
-64.728088
-64.771835
-64.746834
-64.749962
-64.75621
-64.740593
-64.724968
-64.737465
-64.740593
-64.749962
-64.740593
-64.759331
-64.762459
-64.759331
-64.753082
-64.737465
-64.740593
-64.746834
-64.753082
-64.746834
-64.759331
-64.753082
-64.746834
-64.740593
-64.749962
-64.731216
-64.706215
-64.709343
-64.699966
-64.709343
-64.72184
-64.728088
-64.72184
-64.706215
-64.72184
-64.706215
-64.703087
-64.693718
-64.718712
-64.724968
-64.715591
-64.72184
-64.709343
-64.709343
-64.724968
-64.69059
-64.696838
-64.696838
-64.681213
-64.696838
-64.696838
-64.706215
-64.693718
-64.681213
-64.681213
-64.696838
-64.684341
-64.681213
-64.696838
-64.715591
-64.703087
-64.718712
-64.696838
-64.678093
-64.693718
-64.69059
-64.696838
-64.69059
-64.684341
-64.69059
-64.693718
-64.696838
-64.696838
-64.696838
-64.696838
-64.699966
-64.684341
-64.69059
-64.696838
-64.69059
-64.693718
-64.703087
-64.681213
-64.706215
-64.72184
-64.703087
-64.731216
-64.703087
-64.693718
-64.69059
-64.696838
-64.696838
-64.684341
-64.687462
-64.671837
-64.684341
-64.681213
-64.687462
-64.693718
-64.696838
-64.703087
-64.696838
-64.709343
-64.715591
-64.734337
-64.709343
-64.709343
-64.728088
-64.712463
-64.715591
-64.706215
-64.69059
-64.693718
-64.712463
-64.728088
-64.728088
-64.703087
-64.712463
-64.734337
-64.715591
-64.728088
-64.728088
-64.696838
-64.69059
-64.671837
-64.649963
-64.640594
-64.653091
-64.646843
-64.678093
-64.671837
-64.668716
-64.656212
-64.671837
-64.656212
-64.668716
-64.640594
-64.65934
-64.668716
-64.671837
-64.674965
-64.69059
-64.696838
-64.699966
-64.696838
-64.678093
-64.65934
-64.665588
-64.662468
-64.662468
-64.665588
-64.649963
-64.646843
-64.65934
-64.671837
-64.678093
-64.668716
-64.665588
-64.678093
-64.662468
-64.684341
-64.668716
-64.668716
-64.662468
-64.649963
-64.665588
-64.662468
-64.684341
-64.678093
-64.678093
-64.668716
-64.65934
-64.665588
-64.668716
-64.653091
-64.696838
-64.65934
-64.65934
-64.693718
-64.671837
-64.665588
-64.681213
-64.653091
-64.665588
-64.668716
-64.656212
-64.668716
-64.69059
-64.696838
-64.696838
-64.684341
-64.665588
-64.671837
-64.646843
-64.624969
-64.665588
-64.671837
-64.653091
-64.643723
-64.634346
-64.640594
-64.646843
-64.640594
-64.631218
-64.621841
-64.606216
-64.593719
-64.603096
-64.584343
-64.603096
-64.628098
-64.596848
-64.621841
-64.634346
-64.628098
-64.646843
-64.649963
-64.646843
-64.640594
-64.643723
-64.640594
-64.634346
-64.634346
-64.609344
-64.621841
-64.609344
-64.599968
-64.599968
-64.609344
-64.615593
-64.618721
-64.606216
-64.603096
-64.609344
-64.603096
-64.606216
-64.596848
-64.590591
-64.621841
-64.624969
-64.609344
-64.609344
-64.609344
-64.618721
-64.606216
-64.590591
-64.584343
-64.603096
-64.624969
-64.634346
-64.631218
-64.609344
-64.615593
-64.612473
-64.612473
-64.609344
-64.596848
-64.596848
-64.603096
-64.615593
-64.609344
-64.624969
-64.606216
-64.609344
-64.603096
-64.593719
-64.609344
-64.609344
-64.599968
-64.621841
-64.612473
-64.615593
-64.621841
-64.609344
-64.606216
-64.606216
-64.618721
-64.590591
-64.593719
-64.609344
-64.590591
-64.612473
-64.603096
-64.606216
-64.581223
-64.574966
-64.584343
-64.599968
-64.593719
-64.587471
-64.603096
-64.596848
-64.596848
-64.599968
-64.609344
-64.599968
-64.618721
-64.590591
-64.596848
-64.578094
-64.578094
-64.578094
-64.568718
-64.562469
-64.571846
-64.553093
-64.574966
-64.559341
-64.562469
-64.556221
-64.568718
-64.546844
-64.553093
-64.546844
-64.549973
-64.556221
-64.543724
-64.546844
-64.543724
-64.531227
-64.537476
-64.546844
-64.559341
-64.571846
-64.571846
-64.587471
-64.571846
-64.571846
-64.578094
-64.574966
-64.565598
-64.568718
-64.590591
-64.599968
-64.593719
-64.571846
-64.546844
-64.571846
-64.587471
-64.565598
-64.571846
-64.562469
-64.578094
-64.571846
-64.574966
-64.559341
-64.546844
-64.546844
-64.549973
-64.543724
-64.549973
-64.565598
-64.568718
-64.574966
-64.549973
-64.578094
-64.581223
-64.587471
-64.593719
-64.596848
-64.578094
-64.565598
-64.568718
-64.571846
-64.568718
-64.584343
-64.590591
-64.593719
-64.568718
-64.553093
-64.549973
-64.528099
-64.521851
-64.528099
-64.524971
-64.546844
-64.531227
-64.546844
-64.528099
-64.540596
-64.528099
-64.524971
-64.521851
-64.509346
-64.524971
-64.528099
-64.553093
-64.553093
-64.537476
-64.568718
-64.546844
-64.531227
-64.528099
-64.518723
-64.512474
-64.540596
-64.546844
-64.546844
-64.553093
-64.549973
-64.546844
-64.571846
-64.562469
-64.553093
-64.584343
-64.565598
-64.559341
-64.578094
-64.574966
-64.590591
-64.574966
-64.565598
-64.546844
-64.562469
-64.546844
-64.568718
-64.565598
-64.578094
-64.581223
-64.574966
-64.590591
-64.574966
-64.574966
-64.559341
-64.578094
-64.568718
-64.556221
-64.562469
-64.537476
-64.553093
-64.565598
-64.553093
-64.574966
-64.565598
-64.556221
-64.565598
-64.546844
-64.556221
-64.556221
-64.546844
-64.546844
-64.568718
-64.571846
-64.565598
-64.559341
-64.546844
-64.553093
-64.537476
-64.512474
-64.509346
-64.518723
-64.521851
-64.521851
-64.534348
-64.515602
-64.543724
-64.565598
-64.574966
-64.587471
-64.562469
-64.556221
-64.565598
-64.549973
-64.562469
-64.581223
-64.568718
-64.568718
-64.578094
-64.565598
-64.553093
-64.549973
-64.559341
-64.565598
-64.571846
-64.556221
-64.546844
-64.559341
-64.559341
-64.571846
-64.581223
-64.596848
-64.621841
-64.590591
-64.590591
-64.609344
-64.603096
-64.584343
-64.574966
-64.587471
-64.593719
-64.609344
-64.615593
-64.612473
-64.631218
-64.609344
-64.599968
-64.587471
-64.562469
-64.562469
-64.549973
-64.559341
-64.549973
-64.553093
-64.556221
-64.559341
-64.556221
-64.546844
-64.534348
-64.528099
-64.521851
-64.543724
-64.546844
-64.546844
-64.562469
-64.562469
-64.553093
-64.549973
-64.553093
-64.556221
-64.546844
-64.540596
-64.553093
-64.578094
-64.562469
-64.562469
-64.553093
-64.556221
-64.553093
-64.546844
-64.546844
-64.553093
-64.559341
-64.549973
-64.553093
-64.562469
-64.553093
-64.565598
-64.553093
-64.581223
-64.562469
-64.571846
-64.571846
-64.578094
-64.571846
-64.571846
-64.568718
-64.553093
-64.584343
-64.581223
-64.590591
-64.606216
-64.603096
-64.612473
-64.603096
-64.593719
-64.596848
-64.587471
-64.596848
-64.618721
-64.599968
-64.565598
-64.581223
-64.596848
-64.571846
-64.571846
-64.571846
-64.581223
-64.584343
-64.581223
-64.593719
-64.587471
-64.578094
-64.562469
-64.568718
-64.562469
-64.596848
-64.578094
-64.559341
-64.556221
-64.546844
-64.546844
-64.546844
-64.528099
-64.537476
-64.531227
-64.540596
-64.540596
-64.546844
-64.534348
-64.546844
-64.528099
-64.534348
-64.534348
-64.518723
-64.524971
-64.546844
-64.534348
-64.546844
-64.546844
-64.531227
-64.540596
-64.540596
-64.518723
-64.546844
-64.556221
-64.546844
-64.565598
-64.549973
-64.528099
-64.546844
-64.546844
-64.546844
-64.546844
-64.553093
-64.546844
-64.565598
-64.568718
-64.562469
-64.574966
-64.578094
-64.556221
-64.549973
-64.534348
-64.543724
-64.543724
-64.531227
-64.531227
-64.549973
-64.534348
-64.559341
-64.559341
-64.571846
-64.581223
-64.584343
-64.584343
-64.584343
-64.578094
-64.559341
-64.568718
-64.568718
-64.556221
-64.574966
-64.562469
-64.574966
-64.568718
-64.556221
-64.568718
-64.565598
-64.553093
-64.546844
-64.537476
-64.524971
-64.518723
-64.528099
-64.546844
-64.556221
-64.546844
-64.528099
-64.553093
-64.524971
-64.528099
-64.531227
-64.537476
-64.546844
-64.553093
-64.553093
-64.553093
-64.556221
-64.537476
-64.581223
-64.603096
-64.590591
-64.581223
-64.565598
-64.559341
-64.565598
-64.549973
-64.559341
-64.549973
-64.543724
-64.537476
-64.528099
-64.528099
-64.540596
-64.546844
-64.531227
-64.531227
-64.543724
-64.537476
-64.549973
-64.543724
-64.528099
-64.559341
-64.562469
-64.549973
-64.543724
-64.565598
-64.562469
-64.565598
-64.568718
-64.562469
-64.565598
-64.559341
-64.553093
-64.553093
-64.553093
-64.534348
-64.562469
-64.559341
-64.553093
-64.534348
-64.543724
-64.543724
-64.528099
-64.531227
-64.543724
-64.543724
-64.546844
-64.549973
-64.556221
-64.546844
-64.546844
-64.534348
-64.534348
-64.559341
-64.553093
-64.546844
-64.553093
-64.553093
-64.546844
-64.556221
-64.543724
-64.549973
-64.546844
-64.556221
-64.556221
-64.571846
-64.571846
-64.584343
-64.578094
-64.568718
-64.571846
-64.571846
-64.574966
-64.578094
-64.581223
-64.556221
-64.584343
-64.571846
-64.587471
-64.584343
-64.581223
-64.587471
-64.549973
-64.546844
-64.534348
-64.528099
-64.524971
-64.537476
-64.540596
-64.521851
-64.546844
-64.537476
-64.543724
-64.559341
-64.549973
-64.553093
-64.549973
-64.537476
-64.546844
-64.546844
-64.540596
-64.565598
-64.559341
-64.543724
-64.559341
-64.553093
-64.549973
-64.559341
-64.546844
-64.556221
-64.571846
-64.565598
-64.546844
-64.584343
-64.578094
-64.556221
-64.574966
-64.581223
-64.556221
-64.571846
-64.568718
-64.578094
-64.571846
-64.565598
-64.562469
-64.568718
-64.565598
-64.565598
-64.556221
-64.559341
-64.571846
-64.559341
-64.549973
-64.556221
-64.534348
-64.546844
-64.531227
-64.528099
-64.546844
-64.549973
-64.543724
-64.559341
-64.553093
-64.553093
-64.565598
-64.565598
-64.565598
-64.556221
-64.571846
-64.556221
-64.565598
-64.565598
-64.574966
-64.559341
-64.546844
-64.549973
-64.565598
-64.537476
-64.553093
-64.559341
-64.559341
-64.571846
-64.559341
-64.571846
-64.578094
-64.590591
-64.584343
-64.596848
-64.593719
-64.581223
-64.590591
-64.565598
-64.562469
-64.587471
-64.571846
-64.578094
-64.562469
-64.565598
-64.565598
-64.574966
-64.549973
-64.556221
-64.565598
-64.553093
-64.568718
-64.559341
-64.562469
-64.571846
-64.593719
-64.587471
-64.599968
-64.581223
-64.574966
-64.581223
-64.568718
-64.556221
-64.546844
-64.556221
-64.543724
-64.546844
-64.543724
-64.543724
-64.553093
-64.543724
-64.546844
-64.534348
-64.521851
-64.531227
-64.518723
-64.509346
-64.512474
-64.524971
-64.540596
-64.546844
-64.549973
-64.549973
-64.546844
-64.553093
-64.543724
-64.546844
-64.518723
-64.534348
-64.543724
-64.546844
-64.531227
-64.546844
-64.528099
-64.546844
-64.537476
-64.540596
-64.540596
-64.559341
-64.549973
-64.562469
-64.556221
-64.537476
-64.549973
-64.546844
-64.553093
-64.553093
-64.574966
-64.571846
-64.584343
-64.574966
-64.571846
-64.556221
-64.553093
-64.568718
-64.549973
-64.546844
-64.549973
-64.559341
-64.540596
-64.546844
-64.540596
-64.546844
-64.553093
-64.524971
-64.546844
-64.553093
-64.506226
-64.521851
-64.537476
-64.543724
-64.521851
-64.531227
-64.528099
-64.546844
-64.559341
-64.571846
-64.568718
-64.574966
-64.546844
-64.546844
-64.531227
-64.534348
-64.540596
-64.549973
-64.546844
-64.553093
-64.506226
-64.496849
-64.515602
-64.499977
-64.496849
-64.496849
-64.487473
-64.499977
-64.490601
-64.515602
-64.528099
-64.521851
-64.521851
-64.537476
-64.543724
-64.531227
-64.521851
-64.518723
-64.528099
-64.521851
-64.524971
-64.515602
-64.518723
-64.518723
-64.521851
-64.546844
-64.512474
-64.509346
-64.503098
-64.506226
-64.518723
-64.521851
-64.496849
-64.496849
-64.481224
-64.490601
-64.496849
-64.512474
-64.524971
-64.528099
-64.512474
-64.518723
-64.515602
-64.518723
-64.521851
-64.534348
-64.512474
-64.528099
-64.518723
-64.521851
-64.534348
-64.515602
-64.496849
-64.499977
-64.515602
-64.521851
-64.528099
-64.524971
-64.528099
-64.515602
-64.518723
-64.531227
-64.534348
-64.521851
-64.509346
-64.521851
-64.503098
-64.506226
-64.506226
-64.496849
-64.515602
-64.503098
-64.499977
-64.496849
-64.481224
-64.496849
-64.490601
-64.493721
-64.503098
-64.490601
-64.490601
-64.509346
-64.509346
-64.496849
-64.515602
-64.515602
-64.506226
-64.509346
-64.496849
-64.493721
-64.506226
-64.490601
-64.487473
-64.478096
-64.478096
-64.478096
-64.496849
-64.503098
-64.496849
-64.509346
-64.468727
-64.484352
-64.490601
-64.481224
-64.484352
-64.490601
-64.487473
-64.496849
-64.474976
-64.499977
-64.506226
-64.474976
-64.490601
-64.478096
-64.462471
-64.468727
-64.490601
-64.465599
-64.490601
-64.471848
-64.456223
-64.453102
-64.446854
-64.462471
-64.474976
-64.481224
-64.490601
-64.484352
-64.478096
-64.478096
-64.478096
-64.490601
-64.496849
-64.493721
-64.490601
-64.496849
-64.496849
-64.484352
-64.496849
-64.524971
-64.524971
-64.546844
-64.540596
-64.540596
-64.540596
-64.499977
-64.521851
-64.509346
-64.478096
-64.478096
-64.478096
-64.474976
-64.487473
-64.496849
-64.484352
-64.487473
-64.496849
-64.490601
-64.496849
-64.503098
-64.506226
-64.518723
-64.515602
-64.499977
-64.496849
-64.496849
-64.499977
-64.490601
-64.490601
-64.496849
-64.512474
-64.521851
-64.528099
-64.540596
-64.528099
-64.528099
-64.509346
-64.521851
-64.518723
-64.540596
-64.528099
-64.509346
-64.515602
-64.509346
-64.512474
-64.521851
-64.528099
-64.534348
-64.540596
-64.553093
-64.543724
-64.546844
-64.528099
-64.537476
-64.531227
-64.543724
-64.543724
-64.543724
-64.537476
-64.546844
-64.531227
-64.543724
-64.528099
-64.534348
-64.531227
-64.549973
-64.559341
-64.546844
-64.546844
-64.553093
-64.553093
-64.546844
-64.543724
-64.556221
-64.534348
-64.506226
-64.531227
-64.540596
-64.521851
-64.534348
-64.531227
-64.528099
-64.521851
-64.540596
-64.546844
-64.521851
-64.521851
-64.528099
-64.512474
-64.496849
-64.499977
-64.503098
-64.496849
-64.503098
-64.499977
-64.506226
-64.503098
-64.496849
-64.518723
-64.521851
-64.521851
-64.537476
-64.515602
-64.499977
-64.499977
-64.484352
-64.506226
-64.515602
-64.496849
-64.496849
-64.496849
-64.493721
-64.490601
-64.509346
-64.503098
-64.499977
-64.490601
-64.468727
-64.471848
-64.493721
-64.487473
-64.503098
-64.518723
-64.515602
-64.540596
-64.534348
-64.506226
-64.506226
-64.509346
-64.493721
-64.496849
-64.503098
-64.487473
-64.499977
-64.503098
-64.490601
-64.496849
-64.496849
-64.503098
-64.487473
-64.490601
-64.512474
-64.509346
-64.499977
-64.503098
-64.528099
-64.524971
-64.537476
-64.512474
-64.524971
-64.537476
-64.537476
-64.515602
-64.540596
-64.534348
-64.515602
-64.506226
-64.496849
-64.506226
-64.493721
-64.490601
-64.496849
-64.496849
-64.499977
-64.499977
-64.499977
-64.518723
-64.499977
-64.506226
-64.496849
-64.484352
-64.490601
-64.503098
-64.499977
-64.496849
-64.496849
-64.509346
-64.515602
-64.503098
-64.496849
-64.481224
-64.503098
-64.515602
-64.490601
-64.496849
-64.496849
-64.481224
-64.493721
-64.481224
-64.465599
-64.478096
-64.490601
-64.471848
-64.503098
-64.493721
-64.487473
-64.512474
-64.493721
-64.496849
-64.503098
-64.503098
-64.484352
-64.503098
-64.496849
-64.515602
-64.528099
-64.534348
-64.521851
-64.528099
-64.506226
-64.515602
-64.515602
-64.503098
-64.509346
-64.515602
-64.496849
-64.512474
-64.515602
-64.515602
-64.509346
-64.503098
-64.512474
-64.506226
-64.499977
-64.518723
-64.493721
-64.484352
-64.490601
-64.487473
-64.490601
-64.493721
-64.490601
-64.493721
-64.487473
-64.481224
-64.462471
-64.481224
-64.453102
-64.462471
-64.468727
-64.474976
-64.471848
-64.465599
-64.453102
-64.471848
-64.468727
-64.499977
-64.509346
-64.509346
-64.518723
-64.506226
-64.509346
-64.499977
-64.509346
-64.503098
-64.484352
-64.481224
-64.496849
-64.471848
-64.478096
-64.462471
-64.474976
-64.471848
-64.459351
-64.453102
-64.465599
-64.440605
-64.437477
-64.446854
-64.446854
-64.462471
-64.459351
-64.459351
-64.459351
-64.456223
-64.449974
-64.459351
-64.446854
-64.456223
-64.456223
-64.440605
-64.465599
-64.465599
-64.471848
-64.443726
-64.449974
-64.440605
-64.446854
-64.449974
-64.434357
-64.440605
-64.434357
-64.418732
-64.418732
-64.421852
-64.409355
-64.421852
-64.415604
-64.431229
-64.446854
-64.415604
-64.434357
-64.434357
-64.42498
-64.446854
-64.440605
-64.434357
-64.453102
-64.431229
-64.412476
-64.418732
-64.434357
-64.428101
-64.443726
-64.39373
-64.396851
-64.431229
-64.440605
-64.437477
-64.462471
-64.462471
-64.462471
-64.440605
-64.446854
-64.431229
-64.406227
-64.428101
-64.434357
-64.440605
-64.431229
-64.415604
-64.403107
-64.399979
-64.406227
-64.403107
-64.42498
-64.421852
-64.434357
-64.406227
-64.39373
-64.378105
-64.403107
-64.428101
-64.399979
-64.406227
-64.421852
-64.412476
-64.421852
-64.428101
-64.421852
-64.399979
-64.399979
-64.409355
-64.434357
-64.434357
-64.409355
-64.421852
-64.437477
-64.440605
-64.437477
-64.42498
-64.440605
-64.42498
-64.403107
-64.415604
-64.421852
-64.412476
-64.42498
-64.412476
-64.418732
-64.434357
-64.446854
-64.446854
-64.446854
-64.446854
-64.440605
-64.42498
-64.418732
-64.434357
-64.459351
-64.449974
-64.434357
-64.431229
-64.428101
-64.421852
-64.428101
-64.440605
-64.409355
-64.443726
-64.421852
-64.431229
-64.431229
-64.418732
-64.42498
-64.409355
-64.412476
-64.443726
-64.443726
-64.446854
-64.443726
-64.428101
-64.443726
-64.42498
-64.437477
-64.440605
-64.434357
-64.431229
-64.456223
-64.431229
-64.406227
-64.415604
-64.42498
-64.415604
-64.446854
-64.412476
-64.446854
-64.453102
-64.459351
-64.456223
-64.471848
-64.456223
-64.456223
-64.481224
-64.490601
-64.490601
-64.487473
-64.481224
-64.465599
-64.449974
-64.471848
-64.487473
-64.496849
-64.496849
-64.499977
-64.496849
-64.487473
-64.503098
-64.490601
-64.490601
-64.509346
-64.496849
-64.515602
-64.509346
-64.521851
-64.518723
-64.534348
-64.512474
-64.506226
-64.490601
-64.484352
-64.478096
-64.459351
-64.478096
-64.493721
-64.499977
-64.503098
-64.509346
-64.499977
-64.509346
-64.499977
-64.490601
-64.506226
-64.503098
-64.490601
-64.506226
-64.496849
-64.478096
-64.493721
-64.496849
-64.499977
-64.496849
-64.487473
-64.471848
-64.484352
-64.465599
-64.459351
-64.474976
-64.481224
-64.471848
-64.468727
-64.474976
-64.471848
-64.493721
-64.484352
-64.490601
-64.512474
-64.496849
-64.509346
-64.512474
-64.496849
-64.521851
-64.481224
-64.481224
-64.496849
-64.496849
-64.484352
-64.496849
-64.484352
-64.503098
-64.509346
-64.471848
-64.471848
-64.493721
-64.493721
-64.506226
-64.512474
-64.518723
-64.524971
-64.521851
-64.490601
-64.496849
-64.496849
-64.481224
-64.496849
-64.481224
-64.496849
-64.506226
-64.496849
-64.496849
-64.496849
-64.496849
-64.484352
-64.496849
-64.518723
-64.499977
-64.496849
-64.496849
-64.496849
-64.512474
-64.503098
-64.487473
-64.496849
-64.496849
-64.496849
-64.496849
-64.496849
-64.503098
-64.490601
-64.496849
-64.496849
-64.496849
-64.490601
-64.481224
-64.471848
-64.496849
-64.496849
-64.490601
-64.499977
-64.512474
-64.493721
-64.471848
-64.474976
-64.503098
-64.493721
-64.481224
-64.474976
-64.487473
-64.487473
-64.474976
-64.484352
-64.490601
-64.493721
-64.496849
-64.496849
-64.496849
-64.521851
-64.515602
-64.506226
-64.496849
-64.509346
-64.521851
-64.496849
-64.496849
-64.515602
-64.509346
-64.521851
-64.524971
-64.531227
-64.518723
-64.524971
-64.528099
-64.515602
-64.518723
-64.521851
-64.546844
-64.549973
-64.537476
-64.534348
-64.546844
-64.540596
-64.531227
-64.531227
-64.509346
-64.524971
-64.540596
-64.562469
-64.543724
-64.546844
-64.537476
-64.546844
-64.546844
-64.531227
-64.543724
-64.534348
-64.543724
-64.534348
-64.518723
-64.521851
-64.531227
-64.506226
-64.524971
-64.540596
-64.528099
-64.537476
-64.524971
-64.524971
-64.528099
-64.524971
-64.524971
-64.540596
-64.546844
-64.556221
-64.543724
-64.531227
-64.537476
-64.537476
-64.518723
-64.528099
-64.515602
-64.493721
-64.506226
-64.496849
-64.496849
-64.518723
-64.521851
-64.515602
-64.540596
-64.521851
-64.528099
-64.528099
-64.528099
-64.546844
-64.546844
-64.556221
-64.546844
-64.546844
-64.540596
-64.512474
-64.509346
-64.503098
-64.531227
-64.531227
-64.524971
-64.546844
-64.546844
-64.549973
-64.556221
-64.534348
-64.521851
-64.524971
-64.503098
-64.478096
-64.496849
-64.496849
-64.478096
-64.462471
-64.446854
-64.462471
-64.474976
-64.462471
-64.481224
-64.478096
-64.481224
-64.493721
-64.481224
-64.509346
-64.512474
-64.509346
-64.509346
-64.512474
-64.515602
-64.515602
-64.496849
-64.490601
-64.503098
-64.490601
-64.468727
-64.474976
-64.474976
-64.471848
-64.496849
-64.515602
-64.509346
-64.481224
-64.487473
-64.462471
-64.465599
-64.459351
-64.446854
-64.456223
-64.446854
-64.456223
-64.449974
-64.443726
-64.446854
-64.434357
-64.412476
-64.431229
-64.421852
-64.421852
-64.443726
-64.456223
-64.440605
-64.428101
-64.431229
-64.412476
-64.428101
-64.443726
-64.431229
-64.446854
-64.434357
-64.440605
-64.443726
-64.428101
-64.440605
-64.434357
-64.428101
-64.446854
-64.474976
-64.449974
-64.484352
-64.468727
-64.446854
-64.459351
-64.471848
-64.462471
-64.459351
-64.459351
-64.456223
-64.456223
-64.456223
-64.453102
-64.453102
-64.42498
-64.440605
-64.453102
-64.459351
-64.481224
-64.471848
-64.468727
-64.468727
-64.490601
-64.484352
-64.490601
-64.496849
-64.471848
-64.465599
-64.481224
-64.474976
-64.474976
-64.478096
-64.496849
-64.490601
-64.493721
-64.487473
-64.487473
-64.471848
-64.462471
-64.468727
-64.456223
-64.468727
-64.478096
-64.449974
-64.446854
-64.465599
-64.443726
-64.465599
-64.481224
-64.465599
-64.484352
-64.471848
-64.478096
-64.493721
-64.474976
-64.496849
-64.493721
-64.465599
-64.496849
-64.509346
-64.493721
-64.496849
-64.499977
-64.493721
-64.499977
-64.509346
-64.496849
-64.506226
-64.506226
-64.496849
-64.468727
-64.449974
-64.462471
-64.465599
-64.446854
-64.443726
-64.443726
-64.434357
-64.440605
-64.446854
-64.462471
-64.468727
-64.478096
-64.471848
-64.496849
-64.478096
-64.474976
-64.490601
-64.487473
-64.490601
-64.506226
-64.496849
-64.487473
-64.490601
-64.449974
-64.459351
-64.462471
-64.437477
-64.440605
-64.446854
-64.459351
-64.481224
-64.484352
-64.478096
-64.481224
-64.484352
-64.478096
-64.490601
-64.471848
-64.481224
-64.496849
-64.484352
-64.484352
-64.493721
-64.484352
-64.493721
-64.484352
-64.465599
-64.496849
-64.496849
-64.534348
-64.528099
-64.528099
-64.521851
-64.506226
-64.509346
-64.496849
-64.496849
-64.496849
-64.499977
-64.503098
-64.496849
-64.487473
-64.490601
-64.487473
-64.493721
-64.509346
-64.524971
-64.531227
-64.531227
-64.524971
-64.515602
-64.531227
-64.528099
-64.503098
-64.496849
-64.506226
-64.521851
-64.503098
-64.518723
-64.499977
-64.490601
-64.478096
-64.478096
-64.487473
-64.493721
-64.496849
-64.509346
-64.515602
-64.496849
-64.496849
-64.509346
-64.518723
-64.499977
-64.515602
-64.503098
-64.534348
-64.556221
-64.549973
-64.537476
-64.528099
-64.518723
-64.537476
-64.528099
-64.521851
-64.531227
-64.512474
-64.521851
-64.528099
-64.528099
-64.521851
-64.546844
-64.528099
-64.528099
-64.540596
-64.543724
-64.531227
-64.553093
-64.528099
-64.506226
-64.518723
-64.506226
-64.496849
-64.512474
-64.496849
-64.515602
-64.528099
-64.528099
-64.531227
-64.537476
-64.546844
-64.546844
-64.543724
-64.528099
-64.512474
-64.521851
-64.528099
-64.528099
-64.549973
-64.543724
-64.543724
-64.546844
-64.537476
-64.534348
-64.515602
-64.521851
-64.540596
-64.537476
-64.540596
-64.540596
-64.534348
-64.534348
-64.546844
-64.556221
-64.565598
-64.556221
-64.559341
-64.562469
-64.574966
-64.559341
-64.581223
-64.587471
-64.599968
-64.599968
-64.593719
-64.599968
-64.606216
-64.587471
-64.556221
-64.543724
-64.540596
-64.537476
-64.534348
-64.543724
-64.553093
-64.562469
-64.549973
-64.581223
-64.565598
-64.568718
-64.571846
-64.559341
-64.565598
-64.546844
-64.546844
-64.574966
-64.584343
-64.565598
-64.546844
-64.531227
-64.534348
-64.549973
-64.531227
-64.531227
-64.521851
-64.546844
-64.534348
-64.546844
-64.531227
-64.549973
-64.546844
-64.537476
-64.521851
-64.534348
-64.543724
-64.512474
-64.528099
-64.524971
-64.534348
-64.521851
-64.509346
-64.528099
-64.528099
-64.531227
-64.540596
-64.534348
-64.528099
-64.534348
-64.515602
-64.531227
-64.543724
-64.528099
-64.524971
-64.534348
-64.506226
-64.496849
-64.506226
-64.515602
-64.512474
-64.515602
-64.496849
-64.490601
-64.503098
-64.499977
-64.509346
-64.512474
-64.515602
-64.534348
-64.534348
-64.515602
-64.528099
-64.537476
-64.524971
-64.534348
-64.534348
-64.528099
-64.549973
-64.537476
-64.546844
-64.531227
-64.521851
-64.534348
-64.540596
-64.534348
-64.528099
-64.524971
-64.537476
-64.540596
-64.509346
-64.496849
-64.521851
-64.521851
-64.543724
-64.556221
-64.540596
-64.537476
-64.540596
-64.531227
-64.521851
-64.531227
-64.506226
-64.506226
-64.499977
-64.481224
-64.493721
-64.512474
-64.524971
-64.521851
-64.515602
-64.524971
-64.509346
-64.518723
-64.521851
-64.537476
-64.515602
-64.499977
-64.509346
-64.499977
-64.506226
-64.512474
-64.515602
-64.531227
-64.534348
-64.537476
-64.528099
-64.537476
-64.540596
-64.546844
-64.543724
-64.537476
-64.521851
-64.512474
-64.506226
-64.506226
-64.509346
-64.531227
-64.518723
-64.509346
-64.499977
-64.521851
-64.515602
-64.515602
-64.496849
-64.496849
-64.506226
-64.515602
-64.521851
-64.518723
-64.524971
-64.515602
-64.509346
-64.506226
-64.499977
-64.528099
-64.546844
-64.515602
-64.543724
-64.565598
-64.565598
-64.565598
-64.543724
-64.556221
-64.546844
-64.543724
-64.528099
-64.528099
-64.524971
-64.543724
-64.537476
-64.521851
-64.528099
-64.543724
-64.521851
-64.540596
-64.534348
-64.518723
-64.528099
-64.509346
-64.518723
-64.521851
-64.528099
-64.521851
-64.518723
-64.515602
-64.559341
-64.531227
-64.534348
-64.515602
-64.531227
-64.524971
-64.496849
-64.493721
-64.496849
-64.496849
-64.481224
-64.496849
-64.490601
-64.481224
-64.493721
-64.499977
-64.521851
-64.512474
-64.515602
-64.512474
-64.515602
-64.528099
-64.521851
-64.528099
-64.515602
-64.509346
-64.521851
-64.518723
-64.518723
-64.524971
-64.534348
-64.515602
-64.540596
-64.521851
-64.534348
-64.540596
-64.543724
-64.559341
-64.581223
-64.565598
-64.584343
-64.578094
-64.584343
-64.578094
-64.549973
-64.549973
-64.546844
-64.546844
-64.546844
-64.549973
-64.543724
-64.531227
-64.518723
-64.534348
-64.509346
-64.503098
-64.506226
-64.503098
-64.512474
-64.521851
-64.540596
-64.537476
-64.528099
-64.540596
-64.531227
-64.524971
-64.518723
-64.503098
-64.509346
-64.499977
-64.518723
-64.515602
-64.524971
-64.534348
-64.512474
-64.515602
-64.503098
-64.515602
-64.496849
-64.509346
-64.528099
-64.521851
-64.509346
-64.506226
-64.518723
-64.521851
-64.528099
-64.521851
-64.537476
-64.531227
-64.524971
-64.534348
-64.534348
-64.534348
-64.531227
-64.546844
-64.546844
-64.546844
-64.553093
-64.531227
-64.512474
-64.509346
-64.534348
-64.537476
-64.546844
-64.537476
-64.556221
-64.543724
-64.559341
-64.546844
-64.540596
-64.546844
-64.543724
-64.531227
-64.518723
-64.524971
-64.509346
-64.512474
-64.515602
-64.490601
-64.481224
-64.496849
-64.481224
-64.506226
-64.506226
-64.506226
-64.521851
-64.531227
-64.515602
-64.518723
-64.512474
-64.540596
-64.546844
-64.543724
-64.549973
-64.549973
-64.556221
-64.521851
-64.499977
-64.490601
-64.493721
-64.493721
-64.496849
-64.484352
-64.496849
-64.484352
-64.499977
-64.487473
-64.484352
-64.484352
-64.484352
-64.496849
-64.499977
-64.503098
-64.509346
-64.521851
-64.496849
-64.512474
-64.521851
-64.518723
-64.524971
-64.512474
-64.503098
-64.512474
-64.518723
-64.524971
-64.528099
-64.509346
-64.503098
-64.487473
-64.471848
-64.474976
-64.456223
-64.453102
-64.453102
-64.440605
-64.42498
-64.418732
-64.446854
-64.449974
-64.449974
-64.434357
-64.418732
-64.412476
-64.421852
-64.421852
-64.434357
-64.437477
-64.412476
-64.42498
-64.421852
-64.409355
-64.415604
-64.390602
-64.421852
-64.409355
-64.42498
-64.446854
-64.446854
-64.462471
-64.462471
-64.446854
-64.456223
-64.443726
-64.446854
-64.437477
-64.437477
-64.434357
-64.446854
-64.446854
-64.453102
-64.446854
-64.462471
-64.456223
-64.465599
-64.440605
-64.434357
-64.446854
-64.446854
-64.449974
-64.446854
-64.462471
-64.446854
-64.471848
-64.462471
-64.446854
-64.440605
-64.443726
-64.440605
-64.446854
-64.449974
-64.437477
-64.456223
-64.443726
-64.459351
-64.446854
-64.443726
-64.453102
-64.459351
-64.465599
-64.484352
-64.468727
-64.468727
-64.465599
-64.462471
-64.462471
-64.481224
-64.484352
-64.471848
-64.471848
-64.478096
-64.481224
-64.468727
-64.471848
-64.462471
-64.499977
-64.478096
-64.465599
-64.490601
-64.446854
-64.456223
-64.465599
-64.465599
-64.474976
-64.481224
-64.493721
-64.496849
-64.481224
-64.490601
-64.496849
-64.496849
-64.490601
-64.496849
-64.487473
-64.474976
-64.471848
-64.465599
-64.462471
-64.468727
-64.468727
-64.459351
-64.484352
-64.465599
-64.493721
-64.496849
-64.490601
-64.490601
-64.493721
-64.478096
-64.503098
-64.481224
-64.484352
-64.487473
-64.481224
-64.496849
-64.478096
-64.478096
-64.481224
-64.496849
-64.496849
-64.499977
-64.509346
-64.496849
-64.487473
-64.490601
-64.503098
-64.503098
-64.499977
-64.499977
-64.521851
-64.515602
-64.515602
-64.518723
-64.484352
-64.465599
-64.456223
-64.456223
-64.459351
-64.443726
-64.412476
-64.428101
-64.446854
-64.434357
-64.443726
-64.446854
-64.443726
-64.421852
-64.418732
-64.421852
-64.446854
-64.431229
-64.428101
-64.446854
-64.434357
-64.443726
-64.446854
-64.418732
-64.437477
-64.428101
-64.42498
-64.42498
-64.415604
-64.399979
-64.412476
-64.403107
-64.403107
-64.396851
-64.409355
-64.409355
-64.446854
-64.440605
-64.446854
-64.446854
-64.437477
-64.446854
-64.42498
-64.390602
-64.412476
-64.415604
-64.409355
-64.39373
-64.403107
-64.403107
-64.431229
-64.421852
-64.412476
-64.42498
-64.403107
-64.403107
-64.412476
-64.390602
-64.409355
-64.42498
-64.428101
-64.406227
-64.418732
-64.39373
-64.403107
-64.406227
-64.390602
-64.406227
-64.39373
-64.384354
-64.396851
-64.390602
-64.39373
-64.396851
-64.381226
-64.374977
-64.412476
-64.387482
-64.381226
-64.384354
-64.39373
-64.412476
-64.428101
-64.421852
-64.421852
-64.403107
-64.415604
-64.412476
-64.415604
-64.399979
-64.39373
-64.399979
-64.412476
-64.390602
-64.381226
-64.406227
-64.396851
-64.384354
-64.381226
-64.384354
-64.36248
-64.368729
-64.371857
-64.36248
-64.365601
-64.359352
-64.346855
-64.353104
-64.343735
-64.32811
-64.343735
-64.321861
-64.324982
-64.318733
-64.318733
-64.32811
-64.33123
-64.340607
-64.318733
-64.33123
-64.309357
-64.306236
-64.324982
-64.287483
-64.287483
-64.293732
-64.29686
-64.318733
-64.324982
-64.32811
-64.33123
-64.309357
-64.312485
-64.29686
-64.318733
-64.337486
-64.337486
-64.33123
-64.33123
-64.337486
-64.340607
-64.337486
-64.340607
-64.33123
-64.346855
-64.353104
-64.359352
-64.337486
-64.343735
-64.346855
-64.378105
-64.371857
-64.381226
-64.387482
-64.378105
-64.340607
-64.368729
-64.353104
-64.36248
-64.371857
-64.343735
-64.343735
-64.340607
-64.33123
-64.353104
-64.365601
-64.371857
-64.390602
-64.381226
-64.36248
-64.371857
-64.359352
-64.346855
-64.353104
-64.343735
-64.356232
-64.353104
-64.334358
-64.346855
-64.321861
-64.315605
-64.32811
-64.309357
-64.318733
-64.309357
-64.312485
-64.312485
-64.346855
-64.318733
-64.312485
-64.321861
-64.315605
-64.315605
-64.33123
-64.315605
-64.32811
-64.309357
-64.312485
-64.318733
-64.334358
-64.315605
-64.32811
-64.349976
-64.346855
-64.33123
-64.346855
-64.378105
-64.39373
-64.378105
-64.387482
-64.415604
-64.434357
-64.399979
-64.384354
-64.384354
-64.381226
-64.390602
-64.384354
-64.381226
-64.390602
-64.378105
-64.399979
-64.403107
-64.421852
-64.403107
-64.421852
-64.399979
-64.396851
-64.418732
-64.403107
-64.409355
-64.39373
-64.387482
-64.409355
-64.390602
-64.387482
-64.381226
-64.384354
-64.365601
-64.365601
-64.356232
-64.374977
-64.371857
-64.368729
-64.384354
-64.384354
-64.368729
-64.381226
-64.378105
-64.356232
-64.384354
-64.374977
-64.359352
-64.365601
-64.374977
-64.374977
-64.368729
-64.346855
-64.359352
-64.365601
-64.368729
-64.371857
-64.390602
-64.384354
-64.381226
-64.390602
-64.371857
-64.39373
-64.387482
-64.374977
-64.384354
-64.381226
-64.368729
-64.365601
-64.374977
-64.368729
-64.374977
-64.371857
-64.365601
-64.356232
-64.359352
-64.346855
-64.368729
-64.365601
-64.368729
-64.378105
-64.346855
-64.36248
-64.36248
-64.381226
-64.396851
-64.384354
-64.387482
-64.415604
-64.396851
-64.390602
-64.403107
-64.384354
-64.374977
-64.368729
-64.359352
-64.356232
-64.346855
-64.343735
-64.374977
-64.359352
-64.365601
-64.371857
-64.378105
-64.390602
-64.387482
-64.378105
-64.384354
-64.403107
-64.387482
-64.378105
-64.396851
-64.396851
-64.415604
-64.418732
-64.415604
-64.406227
-64.390602
-64.399979
-64.396851
-64.409355
-64.403107
-64.390602
-64.409355
-64.381226
-64.396851
-64.39373
-64.39373
-64.387482
-64.384354
-64.368729
-64.381226
-64.396851
-64.406227
-64.434357
-64.415604
-64.446854
-64.42498
-64.421852
-64.443726
-64.421852
-64.396851
-64.415604
-64.409355
-64.421852
-64.415604
-64.415604
-64.396851
-64.406227
-64.384354
-64.390602
-64.378105
-64.381226
-64.381226
-64.368729
-64.384354
-64.36248
-64.356232
-64.368729
-64.378105
-64.415604
-64.421852
-64.412476
-64.403107
-64.399979
-64.409355
-64.39373
-64.406227
-64.396851
-64.384354
-64.387482
-64.378105
-64.368729
-64.349976
-64.387482
-64.39373
-64.399979
-64.403107
-64.415604
-64.403107
-64.399979
-64.381226
-64.387482
-64.387482
-64.374977
-64.378105
-64.384354
-64.374977
-64.365601
-64.356232
-64.36248
-64.374977
-64.396851
-64.390602
-64.399979
-64.412476
-64.396851
-64.349976
-64.374977
-64.346855
-64.346855
-64.349976
-64.371857
-64.353104
-64.346855
-64.359352
-64.368729
-64.36248
-64.384354
-64.381226
-64.396851
-64.42498
-64.418732
-64.409355
-64.42498
-64.406227
-64.39373
-64.406227
-64.399979
-64.381226
-64.390602
-64.406227
-64.399979
-64.396851
-64.378105
-64.403107
-64.390602
-64.390602
-64.406227
-64.403107
-64.387482
-64.406227
-64.387482
-64.390602
-64.406227
-64.374977
-64.421852
-64.421852
-64.406227
-64.421852
-64.396851
-64.381226
-64.381226
-64.387482
-64.384354
-64.39373
-64.39373
-64.371857
-64.381226
-64.387482
-64.359352
-64.384354
-64.374977
-64.378105
-64.374977
-64.368729
-64.359352
-64.346855
-64.349976
-64.33123
-64.353104
-64.356232
-64.353104
-64.374977
-64.36248
-64.368729
-64.346855
-64.359352
-64.346855
-64.337486
-64.346855
-64.36248
-64.36248
-64.359352
-64.39373
-64.396851
-64.406227
-64.399979
-64.384354
-64.36248
-64.371857
-64.368729
-64.346855
-64.349976
-64.356232
-64.356232
-64.368729
-64.36248
-64.374977
-64.371857
-64.356232
-64.371857
-64.368729
-64.374977
-64.365601
-64.365601
-64.381226
-64.396851
-64.396851
-64.390602
-64.387482
-64.384354
-64.403107
-64.387482
-64.378105
-64.39373
-64.384354
-64.381226
-64.387482
-64.387482
-64.390602
-64.384354
-64.384354
-64.396851
-64.396851
-64.409355
-64.418732
-64.415604
-64.437477
-64.446854
-64.431229
-64.409355
-64.42498
-64.406227
-64.396851
-64.384354
-64.390602
-64.374977
-64.378105
-64.349976
-64.365601
-64.384354
-64.387482
-64.381226
-64.390602
-64.378105
-64.368729
-64.390602
-64.384354
-64.387482
-64.387482
-64.396851
-64.396851
-64.396851
-64.403107
-64.428101
-64.415604
-64.431229
-64.428101
-64.431229
-64.421852
-64.415604
-64.418732
-64.42498
-64.421852
-64.39373
-64.415604
-64.390602
-64.390602
-64.396851
-64.428101
-64.406227
-64.403107
-64.431229
-64.440605
-64.42498
-64.440605
-64.418732
-64.431229
-64.434357
-64.446854
-64.443726
-64.428101
-64.431229
-64.437477
-64.443726
-64.453102
-64.449974
-64.434357
-64.446854
-64.446854
-64.443726
-64.446854
-64.446854
-64.446854
-64.446854
-64.474976
-64.443726
-64.446854
-64.434357
-64.449974
-64.459351
-64.446854
-64.440605
-64.459351
-64.456223
-64.443726
-64.453102
-64.456223
-64.456223
-64.459351
-64.456223
-64.456223
-64.443726
-64.456223
-64.465599
-64.459351
-64.443726
-64.434357
-64.434357
-64.446854
-64.440605
-64.418732
-64.428101
-64.440605
-64.42498
-64.412476
-64.421852
-64.421852
-64.431229
-64.443726
-64.431229
-64.421852
-64.443726
-64.42498
-64.412476
-64.415604
-64.431229
-64.42498
-64.418732
-64.412476
-64.418732
-64.421852
-64.42498
-64.440605
-64.434357
-64.446854
-64.446854
-64.446854
-64.443726
-64.453102
-64.434357
-64.434357
-64.421852
-64.428101
-64.431229
-64.434357
-64.42498
-64.428101
-64.415604
-64.431229
-64.440605
-64.428101
-64.437477
-64.421852
-64.434357
-64.453102
-64.449974
-64.437477
-64.418732
-64.434357
-64.421852
-64.434357
-64.412476
-64.437477
-64.434357
-64.446854
-64.428101
-64.42498
-64.437477
-64.428101
-64.428101
-64.434357
-64.428101
-64.453102
-64.440605
-64.453102
-64.446854
-64.421852
-64.39373
-64.418732
-64.431229
-64.42498
-64.440605
-64.434357
-64.418732
-64.409355
-64.403107
-64.431229
-64.418732
-64.431229
-64.446854
-64.443726
-64.459351
-64.449974
-64.440605
-64.449974
-64.459351
-64.453102
-64.434357
-64.428101
-64.434357
-64.443726
-64.453102
-64.440605
-64.440605
-64.443726
-64.446854
-64.459351
-64.440605
-64.443726
-64.462471
-64.456223
-64.459351
-64.446854
-64.431229
-64.453102
-64.471848
-64.468727
-64.484352
-64.468727
-64.484352
-64.468727
-64.490601
-64.478096
-64.468727
-64.456223
-64.459351
-64.478096
-64.481224
-64.487473
-64.474976
-64.478096
-64.465599
-64.471848
-64.471848
-64.468727
-64.459351
-64.434357
-64.449974
-64.437477
-64.428101
-64.443726
-64.446854
-64.431229
-64.437477
-64.446854
-64.456223
-64.446854
-64.453102
-64.449974
-64.446854
-64.459351
-64.446854
-64.459351
-64.446854
-64.468727
-64.456223
-64.446854
-64.456223
-64.484352
-64.496849
-64.487473
-64.506226
-64.493721
-64.490601
-64.493721
-64.474976
-64.490601
-64.490601
-64.471848
-64.484352
-64.474976
-64.493721
-64.471848
-64.474976
-64.459351
-64.468727
-64.471848
-64.490601
-64.481224
-64.471848
-64.459351
-64.465599
-64.449974
-64.468727
-64.449974
-64.459351
-64.462471
-64.449974
-64.446854
-64.459351
-64.446854
-64.446854
-64.459351
-64.459351
-64.471848
-64.459351
-64.42498
-64.412476
-64.421852
-64.421852
-64.42498
-64.443726
-64.446854
-64.468727
-64.462471
-64.459351
-64.471848
-64.459351
-64.428101
-64.434357
-64.428101
-64.415604
-64.421852
-64.42498
-64.431229
-64.456223
-64.418732
-64.437477
-64.443726
-64.428101
-64.418732
-64.387482
-64.390602
-64.396851
-64.403107
-64.390602
-64.387482
-64.384354
-64.384354
-64.421852
-64.418732
-64.428101
-64.449974
-64.443726
-64.437477
-64.434357
-64.434357
-64.418732
-64.415604
-64.412476
-64.421852
-64.42498
-64.406227
-64.409355
-64.434357
-64.42498
-64.443726
-64.431229
-64.42498
-64.428101
-64.440605
-64.431229
-64.418732
-64.428101
-64.449974
-64.440605
-64.406227
-64.39373
-64.403107
-64.399979
-64.409355
-64.409355
-64.409355
-64.431229
-64.418732
-64.396851
-64.418732
-64.409355
-64.431229
-64.449974
-64.437477
-64.446854
-64.440605
-64.434357
-64.443726
-64.42498
-64.428101
-64.415604
-64.437477
-64.42498
-64.421852
-64.431229
-64.431229
-64.437477
-64.428101
-64.406227
-64.412476
-64.396851
-64.412476
-64.437477
-64.437477
-64.415604
-64.431229
-64.440605
-64.421852
-64.415604
-64.415604
-64.409355
-64.418732
-64.415604
-64.443726
-64.443726
-64.421852
-64.418732
-64.434357
-64.428101
-64.440605
-64.443726
-64.434357
-64.440605
-64.437477
-64.440605
-64.434357
-64.42498
-64.421852
-64.431229
-64.440605
-64.434357
-64.440605
-64.443726
-64.446854
-64.456223
-64.431229
-64.446854
-64.431229
-64.428101
-64.431229
-64.431229
-64.42498
-64.396851
-64.409355
-64.409355
-64.428101
-64.446854
-64.437477
-64.415604
-64.421852
-64.440605
-64.443726
-64.437477
-64.440605
-64.437477
-64.421852
-64.446854
-64.431229
-64.42498
-64.434357
-64.440605
-64.42498
-64.42498
-64.446854
-64.437477
-64.434357
-64.415604
-64.440605
-64.446854
-64.440605
-64.453102
-64.421852
-64.434357
-64.440605
-64.431229
-64.42498
-64.437477
-64.421852
-64.431229
-64.440605
-64.434357
-64.42498
-64.409355
-64.421852
-64.428101
-64.428101
-64.412476
-64.443726
-64.434357
-64.421852
-64.428101
-64.446854
-64.456223
-64.456223
-64.471848
-64.449974
-64.468727
-64.465599
-64.449974
-64.446854
-64.453102
-64.437477
-64.446854
-64.437477
-64.443726
-64.446854
-64.446854
-64.434357
-64.428101
-64.462471
-64.456223
-64.459351
-64.456223
-64.456223
-64.481224
-64.459351
-64.487473
-64.484352
-64.484352
-64.487473
-64.509346
-64.487473
-64.493721
-64.481224
-64.490601
-64.478096
-64.456223
-64.449974
-64.443726
-64.471848
-64.440605
-64.449974
-64.465599
-64.459351
-64.468727
-64.474976
-64.487473
-64.490601
-64.493721
-64.506226
-64.484352
-64.481224
-64.499977
-64.478096
-64.490601
-64.481224
-64.484352
-64.499977
-64.493721
-64.468727
-64.462471
-64.449974
-64.453102
-64.471848
-64.462471
-64.456223
-64.465599
-64.453102
-64.453102
-64.449974
-64.468727
-64.471848
-64.484352
-64.481224
-64.478096
-64.484352
-64.487473
-64.490601
-64.499977
-64.474976
-64.487473
-64.484352
-64.478096
-64.471848
-64.465599
-64.474976
-64.478096
-64.474976
-64.465599
-64.471848
-64.490601
-64.496849
-64.512474
-64.496849
-64.487473
-64.496849
-64.490601
-64.487473
-64.471848
-64.459351
-64.468727
-64.478096
-64.459351
-64.462471
-64.465599
-64.478096
-64.496849
-64.481224
-64.471848
-64.484352
-64.484352
-64.459351
-64.481224
-64.459351
-64.459351
-64.484352
-64.478096
-64.459351
-64.446854
-64.446854
-64.462471
-64.459351
-64.471848
-64.468727
-64.462471
-64.443726
-64.456223
-64.446854
-64.446854
-64.449974
-64.446854
-64.465599
-64.456223
-64.449974
-64.459351
-64.471848
-64.465599
-64.449974
-64.468727
-64.449974
-64.465599
-64.487473
-64.474976
-64.468727
-64.478096
-64.465599
-64.490601
-64.515602
-64.509346
-64.515602
-64.506226
-64.506226
-64.496849
-64.521851
-64.531227
-64.518723
-64.490601
-64.509346
-64.534348
-64.518723
-64.531227
-64.534348
-64.546844
-64.534348
-64.543724
-64.540596
-64.528099
-64.543724
-64.537476
-64.546844
-64.534348
-64.543724
-64.515602
-64.515602
-64.521851
-64.503098
-64.506226
-64.496849
-64.509346
-64.515602
-64.509346
-64.521851
-64.521851
-64.521851
-64.515602
-64.512474
-64.521851
-64.524971
-64.518723
-64.528099
-64.518723
-64.496849
-64.515602
-64.509346
-64.515602
-64.521851
-64.521851
-64.506226
-64.512474
-64.515602
-64.521851
-64.524971
-64.534348
-64.518723
-64.528099
-64.537476
-64.537476
-64.531227
-64.499977
-64.515602
-64.528099
-64.528099
-64.528099
-64.515602
-64.496849
-64.496849
-64.496849
-64.490601
-64.496849
-64.474976
-64.474976
-64.484352
-64.478096
-64.490601
-64.496849
-64.496849
-64.487473
-64.487473
-64.484352
-64.499977
-64.528099
-64.509346
-64.528099
-64.521851
-64.499977
-64.509346
-64.496849
-64.503098
-64.518723
-64.506226
-64.521851
-64.515602
-64.503098
-64.515602
-64.509346
-64.512474
-64.487473
-64.496849
-64.490601
-64.496849
-64.493721
-64.490601
-64.496849
-64.506226
-64.490601
-64.493721
-64.496849
-64.478096
-64.453102
-64.446854
-64.446854
-64.459351
-64.471848
-64.487473
-64.496849
-64.478096
-64.478096
-64.484352
-64.493721
-64.490601
-64.496849
-64.484352
-64.506226
-64.512474
-64.512474
-64.531227
-64.534348
-64.540596
-64.524971
-64.534348
-64.521851
-64.524971
-64.496849
-64.515602
-64.512474
-64.512474
-64.490601
-64.496849
-64.493721
-64.496849
-64.509346
-64.496849
-64.515602
-64.515602
-64.531227
-64.534348
-64.515602
-64.509346
-64.518723
-64.512474
-64.518723
-64.534348
-64.528099
-64.534348
-64.549973
-64.540596
-64.543724
-64.546844
-64.521851
-64.509346
-64.512474
-64.518723
-64.524971
-64.506226
-64.499977
-64.496849
-64.484352
-64.478096
-64.493721
-64.453102
-64.462471
-64.462471
-64.484352
-64.459351
-64.456223
-64.453102
-64.459351
-64.462471
-64.446854
-64.443726
-64.446854
-64.446854
-64.456223
-64.474976
-64.478096
-64.493721
-64.506226
-64.515602
-64.534348
-64.521851
-64.521851
-64.528099
-64.515602
-64.509346
-64.537476
-64.512474
-64.521851
-64.521851
-64.503098
-64.524971
-64.506226
-64.499977
-64.503098
-64.521851
-64.506226
-64.515602
-64.496849
-64.478096
-64.506226
-64.496849
-64.496849
-64.509346
-64.499977
-64.496849
-64.496849
-64.503098
-64.518723
-64.534348
-64.524971
-64.509346
-64.496849
-64.496849
-64.493721
-64.481224
-64.474976
-64.459351
-64.465599
-64.474976
-64.453102
-64.459351
-64.456223
-64.465599
-64.453102
-64.487473
-64.499977
-64.493721
-64.487473
-64.496849
-64.499977
-64.496849
-64.493721
-64.468727
-64.456223
-64.465599
-64.474976
-64.468727
-64.484352
-64.481224
-64.493721
-64.478096
-64.468727
-64.462471
-64.459351
-64.456223
-64.453102
-64.459351
-64.440605
-64.459351
-64.437477
-64.434357
-64.446854
-64.431229
-64.434357
-64.437477
-64.428101
-64.462471
-64.446854
-64.443726
-64.471848
-64.478096
-64.462471
-64.453102
-64.443726
-64.443726
-64.446854
-64.434357
-64.412476
-64.428101
-64.418732
-64.431229
-64.39373
-64.378105
-64.356232
-64.337486
-64.312485
-64.318733
-64.318733
-64.29686
-64.29686
-64.281235
-64.278107
-64.259361
-64.224991
-64.234367
-64.240616
-64.224991
-64.218742
-64.215614
-64.199989
-64.206238
-64.184364
-64.140617
-64.146866
-64.121872
-64.124992
-64.131241
-64.118744
-64.12812
-64.131241
-64.131241
-64.124992
-64.112495
-64.103119
-64.09687
-64.078117
-64.068741
-64.068741
-64.074997
-64.084366
-64.087494
-64.06562
-64.043747
-64.053116
-64.068741
-64.046875
-64.046875
-64.046875
-64.053116
-64.06562
-64.078117
-64.049995
-64.06562
-64.049995
-64.040627
-64.021873
-64.021873
-64.015625
-63.993748
-63.984375
-63.996872
-63.996872
-63.996872
-64.006248
-63.996872
-64.015625
-64.018745
-63.990623
-63.993748
-64.009377
-63.996872
-63.996872
-63.978123
-63.96875
-63.965622
-63.953125
-63.946873
-63.956249
-63.996872
-63.981247
-63.990623
-63.996872
-63.996872
-63.990623
-63.971874
-63.959373
-63.959373
-63.956249
-63.953125
-63.965622
-63.962498
-63.959373
-63.959373
-63.965622
-63.981247
-63.996872
-63.996872
-63.996872
-63.987499
-63.949997
-63.956249
-63.962498
-63.987499
-63.984375
-63.996872
-63.996872
-64.015625
-63.996872
-63.987499
-63.978123
-63.96875
-63.974998
-63.971874
-63.981247
-63.971874
-63.965622
-63.96875
-63.956249
-63.978123
-63.996872
-63.996872
-64.006248
-64.012497
-64.040627
-64.025002
-64.015625
-64.012497
-64.015625
-63.996872
-64.012497
-64.021873
-64.037498
-64.049995
-64.059372
-64.03125
-64.06562
-64.043747
-64.046875
-64.046875
-64.018745
-64.021873
-64.025002
-64.018745
-64.037498
-64.037498
-64.056244
-64.046875
-64.03125
-64.03437
-64.015625
-64.012497
-64.021873
-64.021873
-64.006248
-64.012497
-64.009377
-64.021873
-64.012497
-64.028122
-64.03437
-64.043747
-64.046875
-64.053116
-64.059372
-64.071869
-64.06562
-64.087494
-64.087494
-64.09687
-64.06562
-64.062492
-64.056244
-64.056244
-64.078117
-64.084366
-64.084366
-64.049995
-64.068741
-64.059372
-64.028122
-64.046875
-64.046875
-64.071869
-64.06562
-64.078117
-64.062492
-64.046875
-64.046875
-64.03437
-64.053116
-64.046875
-64.046875
-64.062492
-64.046875
-64.046875
-64.059372
-64.078117
-64.062492
-64.087494
-64.081245
-64.071869
-64.084366
-64.06562
-64.099991
-64.090622
-64.090622
-64.081245
-64.078117
-64.074997
-64.087494
-64.099991
-64.084366
-64.090622
-64.093742
-64.087494
-64.087494
-64.081245
-64.074997
-64.090622
-64.103119
-64.090622
-64.099991
-64.087494
-64.109367
-64.112495
-64.09687
-64.09687
-64.106247
-64.115616
-64.112495
-64.112495
-64.103119
-64.103119
-64.103119
-64.121872
-64.134369
-64.121872
-64.103119
-64.131241
-64.121872
-64.153114
-64.156242
-64.149986
-64.146866
-64.162491
-64.153114
-64.165611
-64.165611
-64.168739
-64.184364
-64.199989
-64.190613
-64.206238
-64.212486
-64.193741
-64.196861
-64.178116
-64.190613
-64.206238
-64.209366
-64.221863
-64.240616
-64.224991
-64.221863
-64.209366
-64.199989
-64.221863
-64.199989
-64.196861
-64.212486
-64.240616
-64.218742
-64.240616
-64.228111
-64.246864
-64.246864
-64.240616
-64.240616
-64.246864
-64.218742
-64.246864
-64.231239
-64.234367
-64.234367
-64.209366
-64.199989
-64.218742
-64.234367
-64.206238
-64.228111
-64.221863
-64.234367
-64.243736
-64.218742
-64.228111
-64.221863
-64.212486
-64.206238
-64.212486
-64.206238
-64.209366
-64.212486
-64.221863
-64.243736
-64.246864
-64.237488
-64.234367
-64.234367
-64.256233
-64.237488
-64.246864
-64.256233
-64.246864
-64.237488
-64.249985
-64.253105
-64.228111
-64.231239
-64.234367
-64.218742
-64.234367
-64.228111
-64.224991
-64.231239
-64.224991
-64.218742
-64.246864
-64.246864
-64.246864
-64.274986
-64.271858
-64.249985
-64.26873
-64.246864
-64.246864
-64.246864
-64.246864
-64.246864
-64.246864
-64.246864
-64.249985
-64.259361
-64.246864
-64.262482
-64.246864
-64.246864
-64.240616
-64.253105
-64.256233
-64.284355
-64.259361
-64.278107
-64.293732
-64.290611
-64.281235
-64.26561
-64.259361
-64.262482
-64.26561
-64.26561
-64.281235
-64.278107
-64.259361
-64.26561
-64.274986
-64.290611
-64.29998
-64.312485
-64.312485
-64.321861
-64.303108
-64.318733
-64.29998
-64.29686
-64.315605
-64.321861
-64.293732
-64.303108
-64.309357
-64.318733
-64.312485
-64.306236
-64.29998
-64.29998
-64.290611
-64.287483
-64.29686
-64.284355
-64.287483
-64.29686
-64.303108
-64.29998
-64.312485
-64.309357
-64.306236
-64.321861
-64.29998
-64.303108
-64.303108
-64.284355
-64.284355
-64.274986
-64.259361
-64.29998
-64.309357
-64.287483
-64.274986
-64.274986
-64.274986
-64.271858
-64.284355
-64.29686
-64.29686
-64.293732
-64.29686
-64.293732
-64.281235
-64.26561
-64.281235
-64.29686
-64.312485
-64.315605
-64.29686
-64.287483
-64.309357
-64.29686
-64.29998
-64.284355
-64.303108
-64.309357
-64.29686
-64.29686
-64.309357
-64.29998
-64.309357
-64.306236
-64.29686
-64.321861
-64.321861
-64.315605
-64.324982
-64.337486
-64.32811
-64.32811
-64.321861
-64.29998
-64.29686
-64.293732
-64.29686
-64.309357
-64.306236
-64.318733
-64.318733
-64.293732
-64.290611
-64.29686
-64.303108
-64.306236
-64.29686
-64.303108
-64.321861
-64.315605
-64.303108
-64.303108
-64.315605
-64.29998
-64.309357
-64.32811
-64.324982
-64.318733
-64.312485
-64.309357
-64.29686
-64.287483
-64.293732
-64.293732
-64.278107
-64.293732
-64.29686
-64.306236
-64.306236
-64.309357
-64.284355
-64.29686
-64.309357
-64.306236
-64.315605
-64.306236
-64.293732
-64.29998
-64.284355
-64.284355
-64.29686
-64.303108
-64.29686
-64.29686
-64.29686
-64.29686
-64.29686
-64.303108
-64.303108
-64.321861
-64.32811
-64.343735
-64.346855
-64.337486
-64.340607
-64.315605
-64.293732
-64.312485
-64.303108
-64.29998
-64.29686
-64.284355
-64.290611
-64.312485
-64.29686
-64.29686
-64.29686
-64.29998
-64.29686
-64.32811
-64.318733
-64.337486
-64.33123
-64.306236
-64.32811
-64.318733
-64.312485
-64.312485
-64.312485
-64.318733
-64.321861
-64.33123
-64.32811
-64.33123
-64.343735
-64.346855
-64.343735
-64.346855
-64.340607
-64.343735
-64.334358
-64.32811
-64.337486
-64.334358
-64.337486
-64.337486
-64.33123
-64.309357
-64.324982
-64.346855
-64.359352
-64.346855
-64.32811
-64.334358
-64.315605
-64.290611
-64.303108
-64.29686
-64.315605
-64.29686
-64.29686
-64.309357
-64.290611
-64.306236
-64.318733
-64.303108
-64.293732
-64.303108
-64.29998
-64.315605
-64.321861
-64.312485
-64.321861
-64.324982
-64.312485
-64.306236
-64.32811
-64.32811
-64.343735
-64.340607
-64.334358
-64.340607
-64.33123
-64.321861
-64.343735
-64.33123
-64.337486
-64.324982
-64.33123
-64.343735
-64.33123
-64.346855
-64.346855
-64.334358
-64.324982
-64.32811
-64.321861
-64.353104
-64.340607
-64.340607
-64.359352
-64.353104
-64.359352
-64.365601
-64.39373
-64.368729
-64.346855
-64.36248
-64.356232
-64.346855
-64.359352
-64.346855
-64.356232
-64.356232
-64.340607
-64.356232
-64.36248
-64.349976
-64.349976
-64.349976
-64.334358
-64.346855
-64.368729
-64.356232
-64.384354
-64.381226
-64.371857
-64.36248
-64.356232
-64.353104
-64.371857
-64.359352
-64.346855
-64.353104
-64.349976
-64.340607
-64.334358
-64.371857
-64.346855
-64.356232
-64.349976
-64.349976
-64.36248
-64.371857
-64.368729
-64.36248
-64.343735
-64.365601
-64.337486
-64.343735
-64.343735
-64.324982
-64.315605
-64.312485
-64.324982
-64.318733
-64.315605
-64.29686
-64.29686
-64.324982
-64.324982
-64.340607
-64.359352
-64.346855
-64.36248
-64.346855
-64.349976
-64.340607
-64.346855
-64.346855
-64.340607
-64.346855
-64.36248
-64.368729
-64.346855
-64.346855
-64.359352
-64.36248
-64.381226
-64.368729
-64.371857
-64.365601
-64.356232
-64.353104
-64.349976
-64.346855
-64.346855
-64.36248
-64.353104
-64.353104
-64.346855
-64.346855
-64.343735
-64.349976
-64.343735
-64.324982
-64.32811
-64.33123
-64.33123
-64.337486
-64.343735
-64.33123
-64.321861
-64.349976
-64.359352
-64.365601
-64.349976
-64.36248
-64.36248
-64.371857
-64.368729
-64.378105
-64.365601
-64.349976
-64.346855
-64.343735
-64.33123
-64.349976
-64.32811
-64.32811
-64.33123
-64.343735
-64.324982
-64.312485
-64.29686
-64.29686
-64.306236
-64.29998
-64.306236
-64.303108
-64.343735
-64.32811
-64.321861
-64.32811
-64.346855
-64.349976
-64.343735
-64.32811
-64.29686
-64.287483
-64.290611
-64.29998
-64.306236
-64.324982
-64.334358
-64.32811
-64.324982
-64.306236
-64.318733
-64.309357
-64.324982
-64.312485
-64.343735
-64.343735
-64.324982
-64.334358
-64.33123
-64.318733
-64.334358
-64.337486
-64.337486
-64.353104
-64.353104
-64.346855
-64.346855
-64.33123
-64.33123
-64.340607
-64.303108
-64.315605
-64.321861
-64.293732
-64.287483
-64.29686
-64.309357
-64.324982
-64.315605
-64.334358
-64.337486
-64.343735
-64.346855
-64.343735
-64.334358
-64.324982
-64.349976
-64.334358
-64.33123
-64.337486
-64.321861
-64.309357
-64.321861
-64.309357
-64.32811
-64.346855
-64.346855
-64.33123
-64.346855
-64.343735
-64.337486
-64.334358
-64.321861
-64.340607
-64.346855
-64.337486
-64.334358
-64.32811
-64.312485
-64.318733
-64.312485
-64.29998
-64.312485
-64.303108
-64.315605
-64.321861
-64.337486
-64.343735
-64.33123
-64.318733
-64.29686
-64.309357
-64.324982
-64.32811
-64.346855
-64.346855
-64.359352
-64.365601
-64.346855
-64.349976
-64.346855
-64.359352
-64.346855
-64.346855
-64.353104
-64.36248
-64.343735
-64.365601
-64.374977
-64.381226
-64.36248
-64.356232
-64.374977
-64.356232
-64.356232
-64.346855
-64.368729
-64.337486
-64.36248
-64.374977
-64.349976
-64.371857
-64.387482
-64.356232
-64.368729
-64.368729
-64.365601
-64.378105
-64.39373
-64.368729
-64.365601
-64.384354
-64.384354
-64.399979
-64.399979
-64.396851
-64.387482
-64.381226
-64.39373
-64.403107
-64.384354
-64.378105
-64.406227
-64.409355
-64.381226
-64.374977
-64.384354
-64.390602
-64.39373
-64.415604
-64.421852
-64.42498
-64.403107
-64.418732
-64.42498
-64.409355
-64.415604
-64.421852
-64.415604
-64.409355
-64.396851
-64.409355
-64.415604
-64.412476
-64.415604
-64.396851
-64.387482
-64.387482
-64.390602
-64.371857
-64.371857
-64.378105
-64.365601
-64.343735
-64.340607
-64.359352
-64.368729
-64.368729
-64.346855
-64.365601
-64.378105
-64.36248
-64.371857
-64.374977
-64.378105
-64.368729
-64.359352
-64.368729
-64.371857
-64.353104
-64.36248
-64.359352
-64.356232
-64.378105
-64.378105
-64.356232
-64.365601
-64.390602
-64.39373
-64.387482
-64.378105
-64.359352
-64.346855
-64.359352
-64.371857
-64.381226
-64.384354
-64.381226
-64.381226
-64.371857
-64.368729
-64.381226
-64.353104
-64.340607
-64.33123
-64.353104
-64.359352
-64.346855
-64.381226
-64.381226
-64.387482
-64.374977
-64.396851
-64.403107
-64.387482
-64.384354
-64.368729
-64.36248
-64.371857
-64.346855
-64.374977
-64.371857
-64.374977
-64.378105
-64.378105
-64.356232
-64.356232
-64.349976
-64.346855
-64.36248
-64.340607
-64.346855
-64.346855
-64.337486
-64.346855
-64.346855
-64.36248
-64.368729
-64.359352
-64.353104
-64.365601
-64.359352
-64.371857
-64.381226
-64.378105
-64.39373
-64.387482
-64.368729
-64.365601
-64.378105
-64.39373
-64.390602
-64.396851
-64.396851
-64.403107
-64.418732
-64.396851
-64.396851
-64.387482
-64.368729
-64.378105
-64.353104
-64.359352
-64.381226
-64.356232
-64.36248
-64.346855
-64.359352
-64.356232
-64.384354
-64.371857
-64.368729
-64.371857
-64.353104
-64.353104
-64.346855
-64.334358
-64.343735
-64.353104
-64.353104
-64.365601
-64.36248
-64.371857
-64.390602
-64.356232
-64.378105
-64.384354
-64.374977
-64.365601
-64.378105
-64.381226
-64.368729
-64.39373
-64.356232
-64.371857
-64.365601
-64.371857
-64.368729
-64.374977
-64.371857
-64.390602
-64.371857
-64.39373
-64.378105
-64.356232
-64.334358
-64.337486
-64.365601
-64.359352
-64.36248
-64.359352
-64.346855
-64.349976
-64.349976
-64.356232
-64.359352
-64.359352
-64.390602
-64.368729
-64.371857
-64.36248
-64.353104
-64.353104
-64.374977
-64.353104
-64.374977
-64.39373
-64.384354
-64.384354
-64.374977
-64.374977
-64.346855
-64.371857
-64.365601
-64.36248
-64.365601
-64.384354
-64.381226
-64.396851
-64.378105
-64.381226
-64.374977
-64.368729
-64.36248
-64.374977
-64.371857
-64.359352
-64.378105
-64.384354
-64.39373
-64.384354
-64.387482
-64.390602
-64.381226
-64.390602
-64.381226
-64.381226
-64.371857
-64.374977
-64.371857
-64.384354
-64.374977
-64.374977
-64.39373
-64.418732
-64.396851
-64.412476
-64.387482
-64.390602
-64.384354
-64.371857
-64.368729
-64.409355
-64.406227
-64.42498
-64.421852
-64.428101
-64.409355
-64.437477
-64.437477
-64.415604
-64.409355
-64.403107
-64.399979
-64.387482
-64.39373
-64.403107
-64.378105
-64.390602
-64.390602
-64.384354
-64.39373
-64.403107
-64.384354
-64.371857
-64.406227
-64.418732
-64.42498
-64.431229
-64.428101
-64.42498
-64.403107
-64.418732
-64.418732
-64.421852
-64.390602
-64.39373
-64.396851
-64.421852
-64.434357
-64.431229
-64.437477
-64.456223
-64.418732
-64.418732
-64.431229
-64.406227
-64.415604
-64.406227
-64.415604
-64.418732
-64.434357
-64.431229
-64.428101
-64.42498
-64.440605
-64.443726
-64.431229
-64.415604
-64.434357
-64.42498
-64.412476
-64.412476
-64.421852
-64.421852
-64.437477
-64.399979
-64.409355
-64.415604
-64.412476
-64.421852
-64.428101
-64.421852
-64.440605
-64.431229
-64.412476
-64.412476
-64.403107
-64.396851
-64.440605
-64.434357
-64.437477
-64.428101
-64.418732
-64.409355
-64.434357
-64.409355
-64.437477
-64.440605
-64.443726
-64.465599
-64.456223
-64.484352
-64.487473
-64.487473
-64.456223
-64.459351
-64.462471
-64.459351
-64.453102
-64.462471
-64.443726
-64.459351
-64.453102
-64.487473
-64.471848
-64.453102
-64.446854
-64.453102
-64.453102
-64.449974
-64.446854
-64.434357
-64.42498
-64.440605
-64.465599
-64.468727
-64.468727
-64.462471
-64.456223
-64.449974
-64.462471
-64.468727
-64.471848
-64.471848
-64.471848
-64.490601
-64.468727
-64.490601
-64.471848
-64.487473
-64.462471
-64.459351
-64.471848
-64.462471
-64.462471
-64.481224
-64.462471
-64.462471
-64.449974
-64.446854
-64.437477
-64.440605
-64.437477
-64.42498
-64.421852
-64.421852
-64.412476
-64.415604
-64.418732
-64.403107
-64.428101
-64.415604
-64.449974
-64.443726
-64.428101
-64.415604
-64.42498
-64.415604
-64.415604
-64.409355
-64.406227
-64.428101
-64.418732
-64.42498
-64.428101
-64.42498
-64.418732
-64.409355
-64.406227
-64.406227
-64.387482
-64.381226
-64.396851
-64.387482
-64.396851
-64.399979
-64.412476
-64.406227
-64.421852
-64.428101
-64.406227
-64.39373
-64.396851
-64.390602
-64.359352
-64.381226
-64.381226
-64.387482
-64.359352
-64.368729
-64.371857
-64.378105
-64.409355
-64.399979
-64.399979
-64.409355
-64.387482
-64.374977
-64.39373
-64.39373
-64.406227
-64.39373
-64.396851
-64.415604
-64.409355
-64.412476
-64.409355
-64.42498
-64.412476
-64.42498
-64.431229
-64.415604
-64.409355
-64.406227
-64.399979
-64.39373
-64.403107
-64.434357
-64.415604
-64.39373
-64.374977
-64.384354
-64.381226
-64.390602
-64.406227
-64.406227
-64.415604
-64.421852
-64.399979
-64.39373
-64.415604
-64.384354
-64.409355
-64.418732
-64.403107
-64.399979
-64.409355
-64.387482
-64.371857
-64.346855
-64.343735
-64.33123
-64.32811
-64.33123
-64.346855
-64.340607
-64.33123
-64.337486
-64.343735
-64.334358
-64.343735
-64.353104
-64.378105
-64.384354
-64.353104
-64.387482
-64.371857
-64.359352
-64.349976
-64.353104
-64.349976
-64.371857
-64.365601
-64.381226
-64.36248
-64.396851
-64.381226
-64.368729
-64.359352
-64.371857
-64.365601
-64.381226
-64.381226
-64.378105
-64.381226
-64.409355
-64.384354
-64.39373
-64.371857
-64.368729
-64.353104
-64.371857
-64.371857
-64.381226
-64.36248
-64.368729
-64.353104
-64.340607
-64.33123
-64.343735
-64.334358
-64.334358
-64.32811
-64.340607
-64.33123
-64.318733
-64.318733
-64.315605
-64.315605
-64.315605
-64.29686
-64.309357
-64.29998
-64.321861
-64.312485
-64.318733
-64.303108
-64.324982
-64.315605
-64.312485
-64.334358
-64.343735
-64.353104
-64.343735
-64.340607
-64.346855
-64.346855
-64.32811
-64.32811
-64.324982
-64.32811
-64.33123
-64.349976
-64.343735
-64.359352
-64.321861
-64.32811
-64.32811
-64.346855
-64.32811
-64.349976
-64.33123
-64.337486
-64.324982
-64.33123
-64.346855
-64.33123
-64.33123
-64.321861
-64.324982
-64.306236
-64.33123
-64.324982
-64.32811
-64.353104
-64.32811
-64.340607
-64.33123
-64.321861
-64.32811
-64.324982
-64.303108
-64.324982
-64.309357
-64.29686
-64.309357
-64.306236
-64.312485
-64.324982
-64.324982
-64.324982
-64.321861
-64.318733
-64.309357
-64.318733
-64.33123
-64.321861
-64.334358
-64.343735
-64.343735
-64.340607
-64.312485
-64.334358
-64.334358
-64.306236
-64.343735
-64.343735
-64.346855
-64.346855
-64.32811
-64.346855
-64.346855
-64.356232
-64.346855
-64.368729
-64.349976
-64.346855
-64.353104
-64.337486
-64.33123
-64.343735
-64.32811
-64.324982
-64.33123
-64.346855
-64.334358
-64.346855
-64.346855
-64.368729
-64.356232
-64.356232
-64.368729
-64.381226
-64.381226
-64.374977
-64.368729
-64.349976
-64.356232
-64.349976
-64.365601
-64.381226
-64.374977
-64.39373
-64.396851
-64.365601
-64.374977
-64.374977
-64.365601
-64.359352
-64.371857
-64.337486
-64.32811
-64.33123
-64.315605
-64.315605
-64.33123
-64.324982
-64.33123
-64.343735
-64.349976
-64.346855
-64.33123
-64.32811
-64.321861
-64.343735
-64.343735
-64.337486
-64.346855
-64.353104
-64.343735
-64.353104
-64.353104
-64.356232
-64.36248
-64.36248
-64.346855
-64.346855
-64.353104
-64.36248
-64.374977
-64.374977
-64.365601
-64.365601
-64.365601
-64.368729
-64.365601
-64.365601
-64.353104
-64.368729
-64.356232
-64.353104
-64.346855
-64.337486
-64.359352
-64.378105
-64.374977
-64.365601
-64.36248
-64.371857
-64.396851
-64.374977
-64.374977
-64.371857
-64.365601
-64.36248
-64.384354
-64.374977
-64.396851
-64.421852
-64.378105
-64.396851
-64.387482
-64.356232
-64.346855
-64.346855
-64.346855
-64.353104
-64.353104
-64.359352
-64.365601
-64.39373
-64.381226
-64.381226
-64.374977
-64.374977
-64.374977
-64.387482
-64.387482
-64.403107
-64.412476
-64.415604
-64.415604
-64.418732
-64.409355
-64.421852
-64.403107
-64.403107
-64.396851
-64.418732
-64.406227
-64.403107
-64.399979
-64.384354
-64.378105
-64.378105
-64.399979
-64.399979
-64.356232
-64.36248
-64.353104
-64.359352
-64.359352
-64.368729
-64.36248
-64.365601
-64.371857
-64.381226
-64.403107
-64.384354
-64.356232
-64.36248
-64.368729
-64.368729
-64.374977
-64.381226
-64.36248
-64.371857
-64.353104
-64.371857
-64.365601
-64.374977
-64.374977
-64.365601
-64.36248
-64.390602
-64.390602
-64.406227
-64.384354
-64.390602
-64.384354
-64.387482
-64.396851
-64.39373
-64.387482
-64.387482
-64.384354
-64.374977
-64.378105
-64.371857
-64.349976
-64.356232
-64.368729
-64.365601
-64.374977
-64.39373
-64.365601
-64.387482
-64.384354
-64.359352
-64.353104
-64.353104
-64.356232
-64.371857
-64.36248
-64.368729
-64.374977
-64.365601
-64.36248
-64.359352
-64.353104
-64.356232
-64.365601
-64.346855
-64.346855
-64.365601
-64.365601
-64.365601
-64.365601
-64.371857
-64.359352
-64.384354
-64.384354
-64.371857
-64.390602
-64.390602
-64.403107
-64.39373
-64.387482
-64.399979
-64.390602
-64.384354
-64.396851
-64.409355
-64.431229
-64.412476
-64.415604
-64.431229
-64.431229
-64.428101
-64.418732
-64.406227
-64.39373
-64.403107
-64.42498
-64.399979
-64.384354
-64.39373
-64.412476
-64.409355
-64.421852
-64.412476
-64.415604
-64.412476
-64.42498
-64.409355
-64.421852
-64.421852
-64.399979
-64.406227
-64.378105
-64.387482
-64.381226
-64.381226
-64.409355
-64.390602
-64.368729
-64.365601
-64.384354
-64.39373
-64.378105
-64.365601
-64.353104
-64.346855
-64.359352
-64.368729
-64.39373
-64.384354
-64.381226
-64.387482
-64.387482
-64.39373
-64.387482
-64.39373
-64.387482
-64.374977
-64.390602
-64.378105
-64.371857
-64.365601
-64.356232
-64.337486
-64.346855
-64.349976
-64.359352
-64.359352
-64.378105
-64.371857
-64.384354
-64.36248
-64.36248
-64.353104
-64.359352
-64.359352
-64.359352
-64.374977
-64.384354
-64.371857
-64.36248
-64.368729
-64.36248
-64.368729
-64.371857
-64.346855
-64.353104
-64.346855
-64.353104
-64.365601
-64.353104
-64.36248
-64.381226
-64.387482
-64.390602
-64.390602
-64.39373
-64.387482
-64.39373
-64.384354
-64.371857
-64.384354
-64.390602
-64.368729
-64.359352
-64.36248
-64.349976
-64.368729
-64.381226
-64.403107
-64.399979
-64.390602
-64.39373
-64.378105
-64.368729
-64.384354
-64.396851
-64.399979
-64.415604
-64.42498
-64.418732
-64.434357
-64.428101
-64.415604
-64.415604
-64.415604
-64.418732
-64.415604
-64.412476
-64.421852
-64.431229
-64.428101
-64.418732
-64.412476
-64.415604
-64.428101
-64.434357
-64.418732
-64.421852
-64.431229
-64.421852
-64.437477
-64.412476
-64.409355
-64.406227
-64.390602
-64.403107
-64.415604
-64.396851
-64.409355
-64.415604
-64.418732
-64.42498
-64.437477
-64.440605
-64.446854
-64.446854
-64.443726
-64.434357
-64.431229
-64.406227
-64.421852
-64.409355
-64.409355
-64.431229
-64.428101
-64.42498
-64.431229
-64.431229
-64.434357
-64.471848
-64.465599
-64.465599
-64.453102
-64.440605
-64.446854
-64.418732
-64.418732
-64.412476
-64.387482
-64.378105
-64.403107
-64.406227
-64.406227
-64.431229
-64.421852
-64.440605
-64.443726
-64.409355
-64.421852
-64.415604
-64.412476
-64.434357
-64.437477
-64.42498
-64.412476
-64.412476
-64.409355
-64.431229
-64.437477
-64.446854
-64.434357
-64.415604
-64.399979
-64.42498
-64.399979
-64.396851
-64.403107
-64.399979
-64.421852
-64.446854
-64.440605
-64.443726
-64.465599
-64.446854
-64.440605
-64.418732
-64.437477
-64.446854
-64.434357
-64.42498
-64.446854
-64.446854
-64.446854
-64.453102
-64.459351
-64.453102
-64.459351
-64.459351
-64.471848
-64.468727
-64.446854
-64.456223
-64.468727
-64.459351
-64.456223
-64.468727
-64.446854
-64.459351
-64.446854
-64.456223
-64.456223
-64.446854
-64.446854
-64.449974
-64.446854
-64.446854
-64.446854
-64.446854
-64.446854
-64.481224
-64.462471
-64.446854
-64.468727
-64.462471
-64.440605
-64.446854
-64.459351
-64.443726
-64.440605
-64.434357
-64.453102
-64.431229
-64.431229
-64.437477
-64.428101
-64.446854
-64.459351
-64.453102
-64.481224
-64.478096
-64.487473
-64.478096
-64.462471
-64.443726
-64.446854
-64.446854
-64.443726
-64.446854
-64.462471
-64.468727
-64.478096
-64.474976
-64.471848
-64.487473
-64.481224
-64.478096
-64.487473
-64.484352
-64.468727
-64.471848
-64.449974
-64.471848
-64.474976
-64.474976
-64.471848
-64.478096
-64.446854
-64.465599
-64.468727
-64.487473
-64.478096
-64.465599
-64.459351
-64.465599
-64.453102
-64.453102
-64.465599
-64.437477
-64.453102
-64.459351
-64.443726
-64.431229
-64.431229
-64.412476
-64.418732
-64.412476
-64.406227
-64.440605
-64.462471
-64.459351
-64.446854
-64.431229
-64.42498
-64.415604
-64.428101
-64.42498
-64.415604
-64.396851
-64.396851
-64.431229
-64.409355
-64.412476
-64.42498
-64.421852
-64.415604
-64.406227
-64.428101
-64.431229
-64.418732
-64.415604
-64.415604
-64.421852
-64.437477
-64.446854
-64.449974
-64.449974
-64.468727
-64.459351
-64.462471
-64.456223
-64.437477
-64.431229
-64.440605
-64.428101
-64.434357
-64.443726
-64.456223
-64.468727
-64.453102
-64.443726
-64.465599
-64.459351
-64.453102
-64.462471
-64.453102
-64.446854
-64.443726
-64.437477
-64.440605
-64.446854
-64.434357
-64.434357
-64.434357
-64.42498
-64.440605
-64.440605
-64.456223
-64.453102
-64.449974
-64.453102
-64.456223
-64.453102
-64.440605
-64.471848
-64.465599
-64.465599
-64.481224
-64.481224
-64.490601
-64.487473
-64.471848
-64.471848
-64.478096
-64.446854
-64.462471
-64.465599
-64.462471
-64.474976
-64.478096
-64.484352
-64.471848
-64.481224
-64.468727
-64.478096
-64.453102
-64.456223
-64.440605
-64.434357
-64.437477
-64.446854
-64.437477
-64.446854
-64.449974
-64.449974
-64.462471
-64.456223
-64.446854
-64.446854
-64.456223
-64.449974
-64.459351
-64.474976
-64.462471
-64.487473
-64.459351
-64.471848
-64.462471
-64.468727
-64.459351
-64.465599
-64.474976
-64.481224
-64.484352
-64.474976
-64.490601
-64.493721
-64.493721
-64.496849
-64.481224
-64.487473
-64.481224
-64.478096
-64.490601
-64.478096
-64.474976
-64.465599
-64.468727
-64.453102
-64.446854
-64.443726
-64.446854
-64.446854
-64.443726
-64.449974
-64.468727
-64.490601
-64.484352
-64.484352
-64.487473
-64.487473
-64.471848
-64.496849
-64.490601
-64.524971
-64.503098
-64.496849
-64.499977
-64.515602
-64.515602
-64.534348
-64.531227
-64.531227
-64.556221
-64.546844
-64.549973
-64.559341
-64.559341
-64.559341
-64.546844
-64.534348
-64.543724
-64.546844
-64.549973
-64.546844
-64.562469
-64.559341
-64.568718
-64.553093
-64.562469
-64.546844
-64.518723
-64.556221
-64.571846
-64.559341
-64.556221
-64.553093
-64.518723
-64.509346
-64.537476
-64.503098
-64.512474
-64.515602
-64.518723
-64.518723
-64.503098
-64.503098
-64.509346
-64.496849
-64.496849
-64.496849
-64.499977
-64.496849
-64.493721
-64.481224
-64.487473
-64.503098
-64.509346
-64.496849
-64.496849
-64.509346
-64.503098
-64.496849
-64.499977
-64.499977
-64.503098
-64.487473
-64.499977
-64.490601
-64.474976
-64.490601
-64.503098
-64.518723
-64.512474
-64.496849
-64.509346
-64.499977
-64.490601
-64.474976
-64.493721
-64.496849
-64.493721
-64.509346
-64.490601
-64.518723
-64.515602
-64.509346
-64.524971
-64.506226
-64.503098
-64.506226
-64.515602
-64.518723
-64.496849
-64.524971
-64.521851
-64.546844
-64.553093
-64.543724
-64.531227
-64.543724
-64.528099
-64.537476
-64.531227
-64.531227
-64.515602
-64.506226
-64.496849
-64.499977
-64.499977
-64.484352
-64.484352
-64.506226
-64.490601
-64.496849
-64.521851
-64.531227
-64.531227
-64.531227
-64.521851
-64.515602
-64.499977
-64.496849
-64.503098
-64.506226
-64.509346
-64.515602
-64.521851
-64.534348
-64.534348
-64.528099
-64.521851
-64.524971
-64.531227
-64.512474
-64.503098
-64.496849
-64.515602
-64.499977
-64.487473
-64.474976
-64.484352
-64.499977
-64.503098
-64.509346
-64.499977
-64.478096
-64.474976
-64.478096
-64.499977
-64.481224
-64.490601
-64.509346
-64.496849
-64.496849
-64.490601
-64.490601
-64.503098
-64.487473
-64.474976
-64.465599
-64.484352
-64.493721
-64.496849
-64.506226
-64.499977
-64.496849
-64.506226
-64.512474
-64.512474
-64.515602
-64.503098
-64.506226
-64.496849
-64.484352
-64.481224
-64.490601
-64.474976
-64.478096
-64.459351
-64.484352
-64.468727
-64.459351
-64.471848
-64.456223
-64.471848
-64.471848
-64.474976
-64.493721
-64.499977
-64.487473
-64.474976
-64.490601
-64.515602
-64.524971
-64.537476
-64.537476
-64.543724
-64.549973
-64.559341
-64.534348
-64.543724
-64.546844
-64.546844
-64.540596
-64.518723
-64.515602
-64.521851
-64.518723
-64.518723
-64.524971
-64.518723
-64.518723
-64.531227
-64.534348
-64.540596
-64.512474
-64.509346
-64.524971
-64.506226
-64.509346
-64.521851
-64.509346
-64.503098
-64.524971
-64.531227
-64.512474
-64.528099
-64.518723
-64.534348
-64.518723
-64.490601
-64.512474
-64.518723
-64.512474
-64.512474
-64.521851
-64.496849
-64.493721
-64.496849
-64.478096
-64.503098
-64.484352
-64.462471
-64.484352
-64.471848
-64.487473
-64.487473
-64.459351
-64.456223
-64.474976
-64.481224
-64.484352
-64.478096
-64.459351
-64.484352
-64.465599
-64.456223
-64.465599
-64.478096
-64.456223
-64.459351
-64.453102
-64.453102
-64.462471
-64.465599
-64.449974
-64.453102
-64.440605
-64.456223
-64.449974
-64.440605
-64.446854
-64.453102
-64.437477
-64.446854
-64.456223
-64.449974
-64.446854
-64.449974
-64.449974
-64.474976
-64.481224
-64.465599
-64.453102
-64.453102
-64.453102
-64.453102
-64.481224
-64.496849
-64.462471
-64.456223
-64.446854
-64.449974
-64.428101
-64.440605
-64.446854
-64.446854
-64.465599
-64.449974
-64.449974
-64.478096
-64.449974
-64.453102
-64.465599
-64.453102
-64.446854
-64.462471
-64.478096
-64.478096
-64.478096
-64.471848
-64.471848
-64.481224
-64.465599
-64.446854
-64.465599
-64.459351
-64.465599
-64.446854
-64.468727
-64.481224
-64.490601
-64.478096
-64.471848
-64.481224
-64.459351
-64.462471
-64.453102
-64.465599
-64.465599
-64.468727
-64.453102
-64.465599
-64.465599
-64.468727
-64.459351
-64.462471
-64.443726
-64.449974
-64.449974
-64.471848
-64.478096
-64.471848
-64.459351
-64.496849
-64.496849
-64.515602
-64.499977
-64.496849
-64.503098
-64.496849
-64.490601
-64.493721
-64.496849
-64.506226
-64.506226
-64.496849
-64.490601
-64.474976
-64.471848
-64.496849
-64.465599
-64.462471
-64.481224
-64.471848
-64.481224
-64.487473
-64.493721
-64.493721
-64.512474
-64.490601
-64.484352
-64.496849
-64.484352
-64.484352
-64.484352
-64.493721
-64.506226
-64.503098
-64.490601
-64.499977
-64.493721
-64.471848
-64.509346
-64.506226
-64.478096
-64.496849
-64.481224
-64.481224
-64.481224
-64.462471
-64.478096
-64.496849
-64.493721
-64.478096
-64.484352
-64.474976
-64.478096
-64.474976
-64.481224
-64.490601
-64.481224
-64.496849
-64.512474
-64.484352
-64.471848
-64.474976
-64.493721
-64.499977
-64.503098
-64.515602
-64.506226
-64.509346
-64.509346
-64.487473
-64.506226
-64.478096
-64.468727
-64.459351
-64.449974
-64.453102
-64.449974
-64.474976
-64.474976
-64.478096
-64.453102
-64.471848
-64.446854
-64.456223
-64.468727
-64.465599
-64.468727
-64.459351
-64.446854
-64.453102
-64.449974
-64.440605
-64.459351
-64.449974
-64.468727
-64.471848
-64.462471
-64.453102
-64.453102
-64.440605
-64.443726
-64.453102
-64.437477
-64.440605
-64.459351
-64.484352
-64.484352
-64.484352
-64.478096
-64.484352
-64.465599
-64.453102
-64.468727
-64.474976
-64.462471
-64.493721
-64.496849
-64.496849
-64.487473
-64.493721
-64.484352
-64.471848
-64.456223
-64.453102
-64.462471
-64.449974
-64.446854
-64.443726
-64.406227
-64.440605
-64.440605
-64.431229
-64.443726
-64.421852
-64.412476
-64.421852
-64.431229
-64.440605
-64.437477
-64.437477
-64.428101
-64.446854
-64.434357
-64.42498
-64.434357
-64.440605
-64.431229
-64.431229
-64.434357
-64.446854
-64.440605
-64.428101
-64.409355
-64.428101
-64.443726
-64.446854
-64.459351
-64.465599
-64.471848
-64.471848
-64.468727
-64.459351
-64.465599
-64.471848
-64.496849
-64.481224
-64.446854
-64.474976
-64.459351
-64.459351
-64.42498
-64.42498
-64.431229
-64.453102
-64.446854
-64.440605
-64.440605
-64.453102
-64.456223
-64.446854
-64.462471
-64.468727
-64.462471
-64.459351
-64.453102
-64.446854
-64.459351
-64.446854
-64.446854
-64.440605
-64.437477
-64.434357
-64.453102
-64.481224
-64.474976
-64.487473
-64.484352
-64.478096
-64.493721
-64.468727
-64.471848
-64.484352
-64.484352
-64.478096
-64.456223
-64.443726
-64.434357
-64.443726
-64.446854
-64.446854
-64.465599
-64.459351
-64.484352
-64.487473
-64.462471
-64.456223
-64.465599
-64.456223
-64.453102
-64.462471
-64.453102
-64.462471
-64.462471
-64.471848
-64.487473
-64.471848
-64.478096
-64.481224
-64.446854
-64.465599
-64.443726
-64.437477
-64.434357
-64.42498
-64.428101
-64.459351
-64.456223
-64.446854
-64.446854
-64.443726
-64.446854
-64.446854
-64.431229
-64.446854
-64.446854
-64.440605
-64.446854
-64.459351
-64.465599
-64.468727
-64.484352
-64.474976
-64.481224
-64.474976
-64.496849
-64.499977
-64.487473
-64.459351
-64.468727
-64.459351
-64.449974
-64.449974
-64.446854
-64.446854
-64.471848
-64.478096
-64.484352
-64.503098
-64.478096
-64.481224
-64.468727
-64.474976
-64.503098
-64.487473
-64.490601
-64.478096
-64.481224
-64.487473
-64.503098
-64.506226
-64.496849
-64.499977
-64.509346
-64.503098
-64.506226
-64.503098
-64.499977
-64.499977
-64.487473
-64.484352
-64.496849
-64.496849
-64.496849
-64.496849
-64.490601
-64.496849
-64.506226
-64.493721
-64.496849
-64.493721
-64.503098
-64.512474
-64.484352
-64.496849
-64.506226
-64.499977
-64.496849
-64.478096
-64.468727
-64.496849
-64.496849
-64.496849
-64.496849
-64.496849
-64.484352
-64.496849
-64.484352
-64.490601
-64.487473
-64.484352
-64.496849
-64.506226
-64.487473
-64.487473
-64.493721
-64.478096
-64.487473
-64.499977
-64.496849
-64.503098
-64.512474
-64.515602
-64.496849
-64.506226
-64.509346
-64.518723
-64.506226
-64.484352
-64.506226
-64.493721
-64.493721
-64.496849
-64.496849
-64.503098
-64.493721
-64.496849
-64.503098
-64.506226
-64.490601
-64.493721
-64.490601
-64.462471
-64.496849
-64.496849
-64.496849
-64.509346
-64.506226
-64.524971
-64.515602
-64.487473
-64.478096
-64.490601
-64.478096
-64.496849
-64.496849
-64.496849
-64.499977
-64.515602
-64.496849
-64.499977
-64.493721
-64.484352
-64.496849
-64.490601
-64.487473
-64.493721
-64.506226
-64.499977
-64.524971
-64.512474
-64.537476
-64.528099
-64.515602
-64.512474
-64.537476
-64.531227
-64.534348
-64.531227
-64.534348
-64.534348
-64.521851
-64.506226
-64.521851
-64.515602
-64.521851
-64.518723
-64.524971
-64.521851
-64.531227
-64.518723
-64.521851
-64.521851
-64.521851
-64.496849
-64.499977
-64.493721
-64.503098
-64.512474
-64.512474
-64.496849
-64.506226
-64.509346
-64.503098
-64.487473
-64.465599
-64.453102
-64.456223
-64.481224
-64.474976
-64.481224
-64.484352
-64.493721
-64.478096
-64.496849
-64.518723
-64.506226
-64.518723
-64.515602
-64.512474
-64.496849
-64.509346
-64.531227
-64.528099
-64.528099
-64.528099
-64.524971
-64.521851
-64.540596
-64.543724
-64.528099
-64.537476
-64.546844
-64.543724
-64.537476
-64.531227
-64.534348
-64.531227
-64.537476
-64.515602
-64.515602
-64.540596
-64.534348
-64.534348
-64.546844
-64.540596
-64.549973
-64.534348
-64.546844
-64.543724
-64.534348
-64.515602
-64.506226
-64.509346
-64.518723
-64.534348
-64.540596
-64.537476
-64.543724
-64.534348
-64.521851
-64.512474
-64.503098
-64.496849
-64.499977
-64.499977
-64.515602
-64.515602
-64.496849
-64.515602
-64.496849
-64.496849
-64.515602
-64.499977
-64.509346
-64.503098
-64.496849
-64.496849
-64.521851
-64.512474
-64.524971
-64.515602
-64.503098
-64.515602
-64.537476
-64.537476
-64.546844
-64.528099
-64.509346
-64.518723
-64.518723
-64.524971
-64.537476
-64.534348
-64.540596
-64.546844
-64.553093
-64.565598
-64.549973
-64.537476
-64.562469
-64.546844
-64.556221
-64.540596
-64.531227
-64.515602
-64.506226
-64.518723
-64.496849
-64.518723
-64.515602
-64.509346
-64.509346
-64.499977
-64.496849
-64.481224
-64.481224
-64.496849
-64.496849
-64.487473
-64.490601
-64.493721
-64.512474
-64.509346
-64.509346
-64.537476
-64.518723
-64.531227
-64.515602
-64.537476
-64.531227
-64.521851
-64.531227
-64.528099
-64.531227
-64.531227
-64.515602
-64.509346
-64.512474
-64.512474
-64.531227
-64.515602
-64.509346
-64.506226
-64.499977
-64.503098
-64.518723
-64.496849
-64.493721
-64.512474
-64.515602
-64.496849
-64.499977
-64.499977
-64.496849
-64.509346
-64.524971
-64.515602
-64.506226
-64.503098
-64.521851
-64.506226
-64.496849
-64.524971
-64.509346
-64.512474
-64.509346
-64.499977
-64.512474
-64.503098
-64.481224
-64.490601
-64.515602
-64.503098
-64.484352
-64.487473
-64.484352
-64.493721
-64.496849
-64.490601
-64.515602
-64.518723
-64.528099
-64.546844
-64.528099
-64.509346
-64.496849
-64.503098
-64.487473
-64.490601
-64.474976
-64.478096
-64.474976
-64.468727
-64.465599
-64.474976
-64.478096
-64.484352
-64.474976
-64.484352
-64.503098
-64.493721
-64.496849
-64.499977
-64.496849
-64.496849
-64.509346
-64.506226
-64.509346
-64.521851
-64.524971
-64.515602
-64.506226
-64.509346
-64.531227
-64.543724
-64.546844
-64.553093
-64.556221
-64.543724
-64.546844
-64.546844
-64.528099
-64.528099
-64.528099
-64.549973
-64.549973
-64.556221
-64.546844
-64.553093
-64.559341
-64.562469
-64.559341
-64.562469
-64.568718
-64.543724
-64.534348
-64.531227
-64.521851
-64.515602
-64.534348
-64.565598
-64.553093
-64.546844
-64.546844
-64.537476
-64.534348
-64.499977
-64.524971
-64.534348
-64.540596
-64.528099
-64.543724
-64.546844
-64.531227
-64.546844
-64.534348
-64.546844
-64.559341
-64.553093
-64.578094
-64.568718
-64.546844
-64.549973
-64.559341
-64.546844
-64.549973
-64.546844
-64.540596
-64.540596
-64.521851
-64.512474
-64.521851
-64.496849
-64.490601
-64.506226
-64.503098
-64.503098
-64.524971
-64.518723
-64.524971
-64.534348
-64.518723
-64.528099
-64.531227
-64.543724
-64.559341
-64.559341
-64.556221
-64.581223
-64.584343
-64.590591
-64.581223
-64.581223
-64.574966
-64.568718
-64.524971
-64.546844
-64.553093
-64.546844
-64.543724
-64.546844
-64.543724
-64.534348
-64.528099
-64.524971
-64.556221
-64.531227
-64.515602
-64.546844
-64.546844
-64.556221
-64.546844
-64.546844
-64.534348
-64.543724
-64.546844
-64.562469
-64.578094
-64.553093
-64.568718
-64.562469
-64.553093
-64.578094
-64.584343
-64.546844
-64.546844
-64.540596
-64.524971
-64.540596
-64.540596
-64.524971
-64.549973
-64.537476
-64.531227
-64.524971
-64.503098
-64.509346
-64.528099
-64.506226
-64.521851
-64.518723
-64.503098
-64.499977
-64.506226
-64.499977
-64.503098
-64.509346
-64.503098
-64.524971
-64.531227
-64.515602
-64.528099
-64.537476
-64.537476
-64.528099
-64.518723
-64.524971
-64.543724
-64.537476
-64.534348
-64.571846
-64.559341
-64.565598
-64.562469
-64.546844
-64.556221
-64.553093
-64.546844
-64.553093
-64.553093
-64.556221
-64.565598
-64.581223
-64.581223
-64.556221
-64.562469
-64.562469
-64.562469
-64.568718
-64.578094
-64.578094
-64.562469
-64.546844
-64.565598
-64.568718
-64.565598
-64.562469
-64.562469
-64.571846
-64.584343
-64.603096
-64.612473
-64.596848
-64.593719
-64.584343
-64.603096
-64.581223
-64.596848
-64.590591
-64.596848
-64.599968
-64.603096
-64.612473
-64.609344
-64.584343
-64.584343
-64.578094
-64.578094
-64.559341
-64.574966
-64.568718
-64.574966
-64.549973
-64.574966
-64.568718
-64.571846
-64.546844
-64.553093
-64.537476
-64.549973
-64.546844
-64.556221
-64.546844
-64.559341
-64.559341
-64.556221
-64.556221
-64.556221
-64.534348
-64.553093
-64.556221
-64.559341
-64.534348
-64.559341
-64.571846
-64.578094
-64.587471
-64.581223
-64.562469
-64.603096
-64.596848
-64.574966
-64.587471
-64.559341
-64.540596
-64.546844
-64.559341
-64.531227
-64.553093
-64.565598
-64.553093
-64.549973
-64.562469
-64.553093
-64.568718
-64.543724
-64.559341
-64.565598
-64.543724
-64.524971
-64.546844
-64.546844
-64.559341
-64.556221
-64.537476
-64.546844
-64.531227
-64.537476
-64.543724
-64.528099
-64.521851
-64.496849
-64.515602
-64.518723
-64.549973
-64.546844
-64.546844
-64.568718
-64.565598
-64.568718
-64.562469
-64.556221
-64.549973
-64.568718
-64.565598
-64.562469
-64.543724
-64.546844
-64.537476
-64.524971
-64.484352
-64.487473
-64.484352
-64.496849
-64.496849
-64.496849
-64.496849
-64.528099
-64.534348
-64.524971
-64.512474
-64.531227
-64.537476
-64.528099
-64.540596
-64.531227
-64.528099
-64.528099
-64.543724
-64.528099
-64.553093
-64.549973
-64.531227
-64.528099
-64.512474
-64.496849
-64.515602
-64.518723
-64.512474
-64.521851
-64.518723
-64.496849
-64.503098
-64.496849
-64.503098
-64.521851
-64.493721
-64.484352
-64.493721
-64.487473
-64.481224
-64.462471
-64.456223
-64.459351
-64.468727
-64.446854
-64.446854
-64.456223
-64.443726
-64.440605
-64.449974
-64.446854
-64.449974
-64.446854
-64.459351
-64.474976
-64.465599
-64.468727
-64.478096
-64.465599
-64.471848
-64.478096
-64.468727
-64.465599
-64.481224
-64.453102
-64.459351
-64.471848
-64.481224
-64.493721
-64.487473
-64.468727
-64.474976
-64.493721
-64.490601
-64.468727
-64.484352
-64.518723
-64.524971
-64.521851
-64.509346
-64.524971
-64.515602
-64.534348
-64.540596
-64.540596
-64.528099
-64.534348
-64.534348
-64.543724
-64.537476
-64.512474
-64.499977
-64.496849
-64.499977
-64.499977
-64.487473
-64.496849
-64.493721
-64.490601
-64.493721
-64.506226
-64.490601
-64.496849
-64.512474
-64.506226
-64.499977
-64.481224
-64.474976
-64.490601
-64.471848
-64.478096
-64.465599
-64.474976
-64.456223
-64.474976
-64.462471
-64.465599
-64.465599
-64.449974
-64.459351
-64.468727
-64.459351
-64.462471
-64.487473
-64.490601
-64.481224
-64.481224
-64.471848
-64.493721
-64.496849
-64.478096
-64.471848
-64.471848
-64.481224
-64.481224
-64.459351
-64.449974
-64.465599
-64.459351
-64.459351
-64.468727
-64.471848
-64.478096
-64.456223
-64.453102
-64.453102
-64.459351
-64.459351
-64.446854
-64.437477
-64.428101
-64.449974
-64.42498
-64.434357
-64.468727
-64.446854
-64.459351
-64.474976
-64.468727
-64.459351
-64.465599
-64.456223
-64.465599
-64.459351
-64.446854
-64.418732
-64.434357
-64.406227
-64.406227
-64.434357
-64.440605
-64.462471
-64.471848
-64.462471
-64.456223
-64.459351
-64.465599
-64.465599
-64.471848
-64.484352
-64.465599
-64.459351
-64.465599
-64.449974
-64.431229
-64.437477
-64.434357
-64.446854
-64.459351
-64.449974
-64.446854
-64.456223
-64.428101
-64.456223
-64.437477
-64.440605
-64.428101
-64.421852
-64.428101
-64.431229
-64.421852
-64.412476
-64.440605
-64.431229
-64.446854
-64.440605
-64.428101
-64.446854
-64.453102
-64.465599
-64.481224
-64.496849
-64.474976
-64.462471
-64.446854
-64.478096
-64.484352
-64.459351
-64.437477
-64.443726
-64.428101
-64.42498
-64.42498
-64.446854
-64.446854
-64.462471
-64.453102
-64.446854
-64.431229
-64.434357
-64.428101
-64.421852
-64.449974
-64.462471
-64.456223
-64.465599
-64.449974
-64.481224
-64.449974
-64.456223
-64.468727
-64.459351
-64.462471
-64.465599
-64.456223
-64.453102
-64.471848
-64.481224
-64.487473
-64.471848
-64.481224
-64.468727
-64.456223
-64.449974
-64.459351
-64.456223
-64.437477
-64.446854
-64.456223
-64.446854
-64.449974
-64.446854
-64.434357
-64.431229
-64.428101
-64.421852
-64.42498
-64.42498
-64.443726
-64.446854
-64.446854
-64.449974
-64.446854
-64.462471
-64.456223
-64.446854
-64.437477
-64.437477
-64.431229
-64.42498
-64.446854
-64.437477
-64.434357
-64.440605
-64.434357
-64.437477
-64.418732
-64.406227
-64.434357
-64.431229
-64.437477
-64.443726
-64.443726
-64.453102
-64.468727
-64.465599
-64.446854
-64.465599
-64.437477
-64.431229
-64.443726
-64.443726
-64.446854
-64.42498
-64.428101
-64.421852
-64.42498
-64.415604
-64.409355
-64.409355
-64.428101
-64.434357
-64.431229
-64.428101
-64.409355
-64.409355
-64.431229
-64.42498
-64.428101
-64.409355
-64.412476
-64.409355
-64.431229
-64.418732
-64.406227
-64.399979
-64.409355
-64.403107
-64.396851
-64.412476
-64.406227
-64.396851
-64.399979
-64.396851
-64.412476
-64.39373
-64.399979
-64.396851
-64.409355
-64.42498
-64.409355
-64.39373
-64.396851
-64.421852
-64.421852
-64.396851
-64.42498
-64.421852
-64.434357
-64.428101
-64.434357
-64.434357
-64.453102
-64.446854
-64.449974
-64.434357
-64.421852
-64.440605
-64.42498
-64.406227
-64.412476
-64.384354
-64.403107
-64.42498
-64.403107
-64.396851
-64.403107
-64.399979
-64.381226
-64.365601
-64.353104
-64.387482
-64.356232
-64.371857
-64.39373
-64.396851
-64.399979
-64.403107
-64.378105
-64.368729
-64.387482
-64.387482
-64.368729
-64.390602
-64.387482
-64.384354
-64.396851
-64.378105
-64.371857
-64.390602
-64.381226
-64.415604
-64.403107
-64.409355
-64.421852
-64.421852
-64.418732
-64.418732
-64.428101
-64.421852
-64.428101
-64.431229
-64.428101
-64.434357
-64.434357
-64.434357
-64.437477
-64.428101
-64.415604
-64.406227
-64.409355
-64.412476
-64.418732
-64.415604
-64.409355
-64.390602
-64.42498
-64.396851
-64.384354
-64.39373
-64.387482
-64.396851
-64.412476
-64.428101
-64.387482
-64.406227
-64.399979
-64.387482
-64.371857
-64.39373
-64.365601
-64.384354
-64.403107
-64.403107
-64.409355
-64.399979
-64.418732
-64.431229
-64.42498
-64.412476
-64.421852
-64.418732
-64.396851
-64.434357
-64.412476
-64.409355
-64.418732
-64.428101
-64.428101
-64.443726
-64.465599
-64.484352
-64.468727
-64.459351
-64.449974
-64.449974
-64.446854
-64.446854
-64.468727
-64.462471
-64.462471
-64.487473
-64.468727
-64.478096
-64.481224
-64.471848
-64.468727
-64.471848
-64.465599
-64.478096
-64.474976
-64.481224
-64.484352
-64.468727
-64.481224
-64.484352
-64.471848
-64.471848
-64.453102
-64.471848
-64.484352
-64.474976
-64.468727
-64.481224
-64.468727
-64.468727
-64.474976
-64.493721
-64.471848
-64.490601
-64.484352
-64.487473
-64.478096
-64.493721
-64.496849
-64.499977
-64.496849
-64.496849
-64.487473
-64.487473
-64.478096
-64.490601
-64.465599
-64.474976
-64.453102
-64.471848
-64.468727
-64.462471
-64.462471
-64.462471
-64.456223
-64.440605
-64.428101
-64.42498
-64.418732
-64.437477
-64.409355
-64.431229
-64.421852
-64.440605
-64.449974
-64.437477
-64.42498
-64.440605
-64.440605
-64.431229
-64.446854
-64.440605
-64.440605
-64.459351
-64.459351
-64.446854
-64.456223
-64.459351
-64.459351
-64.459351
-64.484352
-64.493721
-64.484352
-64.474976
-64.468727
-64.484352
-64.478096
-64.462471
-64.446854
-64.456223
-64.440605
-64.440605
-64.443726
-64.443726
-64.418732
-64.409355
-64.415604
-64.415604
-64.412476
-64.409355
-64.406227
-64.421852
-64.434357
-64.42498
-64.421852
-64.434357
-64.412476
-64.428101
-64.421852
-64.415604
-64.409355
-64.396851
-64.431229
-64.418732
-64.396851
-64.406227
-64.409355
-64.39373
-64.396851
-64.396851
-64.384354
-64.406227
-64.390602
-64.39373
-64.412476
-64.396851
-64.418732
-64.415604
-64.418732
-64.403107
-64.396851
-64.381226
-64.396851
-64.403107
-64.396851
-64.396851
-64.415604
-64.403107
-64.428101
-64.434357
-64.449974
-64.462471
-64.443726
-64.421852
-64.428101
-64.421852
-64.434357
-64.428101
-64.428101
-64.434357
-64.453102
-64.437477
-64.431229
-64.446854
-64.434357
-64.443726
-64.449974
-64.449974
-64.459351
-64.471848
-64.478096
-64.490601
-64.478096
-64.456223
-64.462471
-64.465599
-64.453102
-64.456223
-64.459351
-64.478096
-64.471848
-64.462471
-64.471848
-64.468727
-64.459351
-64.474976
-64.474976
-64.478096
-64.471848
-64.465599
-64.446854
-64.456223
-64.465599
-64.471848
-64.478096
-64.468727
-64.462471
-64.471848
-64.474976
-64.465599
-64.446854
-64.443726
-64.459351
-64.478096
-64.493721
-64.474976
-64.487473
-64.465599
-64.478096
-64.484352
-64.474976
-64.484352
-64.459351
-64.468727
-64.471848
-64.484352
-64.478096
-64.484352
-64.468727
-64.478096
-64.459351
-64.456223
-64.471848
-64.459351
-64.428101
-64.446854
-64.456223
-64.465599
-64.478096
-64.484352
-64.490601
-64.462471
-64.474976
-64.471848
-64.474976
-64.465599
-64.431229
-64.443726
-64.440605
-64.434357
-64.443726
-64.449974
-64.440605
-64.459351
-64.421852
-64.443726
-64.443726
-64.434357
-64.459351
-64.468727
-64.453102
-64.474976
-64.496849
-64.493721
-64.499977
-64.484352
-64.471848
-64.465599
-64.465599
-64.468727
-64.471848
-64.456223
-64.446854
-64.465599
-64.449974
-64.462471
-64.478096
-64.459351
-64.496849
-64.490601
-64.484352
-64.471848
-64.471848
-64.474976
-64.462471
-64.453102
-64.456223
-64.446854
-64.428101
-64.446854
-64.431229
-64.412476
-64.428101
-64.437477
-64.42498
-64.446854
-64.440605
-64.449974
-64.465599
-64.468727
-64.462471
-64.456223
-64.459351
-64.446854
-64.440605
-64.453102
-64.453102
-64.459351
-64.478096
-64.484352
-64.471848
-64.478096
-64.456223
-64.468727
-64.446854
-64.453102
-64.456223
-64.468727
-64.471848
-64.468727
-64.459351
-64.446854
-64.446854
-64.437477
-64.446854
-64.443726
-64.428101
-64.434357
-64.453102
-64.453102
-64.456223
-64.462471
-64.478096
-64.478096
-64.474976
-64.487473
-64.484352
-64.496849
-64.496849
-64.496849
-64.496849
-64.496849
-64.490601
-64.487473
-64.496849
-64.509346
-64.496849
-64.490601
-64.443726
-64.434357
-64.437477
-64.449974
-64.443726
-64.437477
-64.446854
-64.453102
-64.465599
-64.468727
-64.471848
-64.478096
-64.459351
-64.459351
-64.468727
-64.471848
-64.484352
-64.490601
-64.481224
-64.487473
-64.474976
-64.496849
-64.503098
-64.506226
-64.506226
-64.496849
-64.493721
-64.515602
-64.496849
-64.506226
-64.515602
-64.496849
-64.496849
-64.506226
-64.518723
-64.518723
-64.518723
-64.506226
-64.515602
-64.524971
-64.512474
-64.515602
-64.493721
-64.487473
-64.478096
-64.484352
-64.484352
-64.496849
-64.496849
-64.506226
-64.499977
-64.518723
-64.506226
-64.543724
-64.515602
-64.515602
-64.512474
-64.506226
-64.496849
-64.515602
-64.518723
-64.528099
-64.528099
-64.540596
-64.543724
-64.549973
-64.546844
-64.540596
-64.568718
-64.540596
-64.537476
-64.518723
-64.496849
-64.515602
-64.496849
-64.496849
-64.496849
-64.474976
-64.493721
-64.499977
-64.496849
-64.506226
-64.512474
-64.490601
-64.484352
-64.481224
-64.465599
-64.468727
-64.490601
-64.446854
-64.468727
-64.478096
-64.484352
-64.490601
-64.484352
-64.493721
-64.506226
-64.503098
-64.509346
-64.540596
-64.512474
-64.518723
-64.509346
-64.534348
-64.540596
-64.543724
-64.531227
-64.546844
-64.546844
-64.537476
-64.546844
-64.524971
-64.518723
-64.512474
-64.521851
-64.524971
-64.503098
-64.518723
-64.521851
-64.524971
-64.524971
-64.528099
-64.524971
-64.537476
-64.531227
-64.543724
-64.509346
-64.503098
-64.496849
-64.499977
-64.484352
-64.496849
-64.484352
-64.503098
-64.503098
-64.499977
-64.496849
-64.481224
-64.481224
-64.481224
-64.465599
-64.471848
-64.487473
-64.481224
-64.493721
-64.509346
-64.512474
-64.524971
-64.515602
-64.518723
-64.512474
-64.506226
-64.509346
-64.506226
-64.509346
-64.506226
-64.528099
-64.512474
-64.518723
-64.512474
-64.503098
-64.521851
-64.518723
-64.534348
-64.531227
-64.540596
-64.540596
-64.537476
-64.518723
-64.534348
-64.531227
-64.546844
-64.543724
-64.553093
-64.559341
-64.574966
-64.565598
-64.549973
-64.540596
-64.537476
-64.574966
-64.553093
-64.574966
-64.549973
-64.562469
-64.553093
-64.543724
-64.562469
-64.574966
-64.546844
-64.546844
-64.540596
-64.528099
-64.528099
-64.534348
-64.540596
-64.546844
-64.537476
-64.562469
-64.553093
-64.543724
-64.540596
-64.546844
-64.546844
-64.556221
-64.556221
-64.549973
-64.534348
-64.534348
-64.528099
-64.543724
-64.549973
-64.528099
-64.531227
-64.521851
-64.531227
-64.549973
-64.546844
-64.540596
-64.553093
-64.556221
-64.518723
-64.534348
-64.528099
-64.534348
-64.540596
-64.540596
-64.543724
-64.549973
-64.540596
-64.534348
-64.546844
-64.540596
-64.556221
-64.534348
-64.543724
-64.543724
-64.543724
-64.559341
-64.540596
-64.546844
-64.546844
-64.546844
-64.559341
-64.546844
-64.553093
-64.543724
-64.553093
-64.546844
-64.568718
-64.574966
-64.574966
-64.568718
-64.559341
-64.562469
-64.553093
-64.565598
-64.581223
-64.596848
-64.590591
-64.574966
-64.584343
-64.590591
-64.596848
-64.568718
-64.587471
-64.571846
-64.596848
-64.581223
-64.584343
-64.584343
-64.568718
-64.587471
-64.574966
-64.584343
-64.556221
-64.565598
-64.565598
-64.546844
-64.534348
-64.546844
-64.543724
-64.553093
-64.531227
-64.521851
-64.515602
-64.534348
-64.546844
-64.559341
-64.553093
-64.568718
-64.562469
-64.553093
-64.574966
-64.565598
-64.546844
-64.546844
-64.546844
-64.531227
-64.546844
-64.546844
-64.578094
-64.587471
-64.578094
-64.590591
-64.587471
-64.587471
-64.584343
-64.578094
-64.584343
-64.596848
-64.593719
-64.599968
-64.615593
-64.606216
-64.612473
-64.615593
-64.609344
-64.596848
-64.615593
-64.599968
-64.596848
-64.596848
-64.571846
-64.596848
-64.593719
-64.578094
-64.615593
-64.615593
-64.615593
-64.640594
-64.618721
-64.628098
-64.637466
-64.621841
-64.596848
-64.596848
-64.599968
-64.606216
-64.603096
-64.596848
-64.596848
-64.593719
-64.590591
-64.590591
-64.587471
-64.574966
-64.568718
-64.565598
-64.562469
-64.559341
-64.568718
-64.559341
-64.596848
-64.578094
-64.584343
-64.596848
-64.574966
-64.584343
-64.609344
-64.612473
-64.624969
-64.621841
-64.618721
-64.596848
-64.587471
-64.606216
-64.609344
-64.593719
-64.587471
-64.584343
-64.578094
-64.565598
-64.581223
-64.565598
-64.584343
-64.596848
-64.593719
-64.596848
-64.615593
-64.599968
-64.603096
-64.618721
-64.593719
-64.596848
-64.612473
-64.609344
-64.599968
-64.606216
-64.593719
-64.593719
-64.593719
-64.596848
-64.562469
-64.568718
-64.565598
-64.584343
-64.571846
-64.559341
-64.571846
-64.556221
-64.571846
-64.578094
-64.562469
-64.568718
-64.590591
-64.568718
-64.606216
-64.596848
-64.599968
-64.603096
-64.590591
-64.606216
-64.593719
-64.596848
-64.603096
-64.628098
-64.615593
-64.618721
-64.609344
-64.624969
-64.615593
-64.615593
-64.621841
-64.606216
-64.628098
-64.609344
-64.618721
-64.615593
-64.590591
-64.615593
-64.596848
-64.609344
-64.621841
-64.603096
-64.606216
-64.615593
-64.612473
-64.612473
-64.615593
-64.599968
-64.599968
-64.599968
-64.584343
-64.568718
-64.606216
-64.590591
-64.584343
-64.603096
-64.603096
-64.603096
-64.603096
-64.615593
-64.609344
-64.603096
-64.593719
-64.571846
-64.596848
-64.574966
-64.587471
-64.603096
-64.612473
-64.615593
-64.606216
-64.618721
-64.640594
-64.631218
-64.621841
-64.612473
-64.628098
-64.628098
-64.621841
-64.596848
-64.584343
-64.556221
-64.546844
-64.574966
-64.568718
-64.565598
-64.587471
-64.556221
-64.571846
-64.587471
-64.584343
-64.581223
-64.593719
-64.596848
-64.596848
-64.590591
-64.609344
-64.584343
-64.590591
-64.596848
-64.596848
-64.571846
-64.578094
-64.590591
-64.596848
-64.596848
-64.596848
-64.549973
-64.571846
-64.531227
-64.534348
-64.540596
-64.546844
-64.531227
-64.549973
-64.574966
-64.584343
-64.609344
-64.646843
-64.65934
-64.674965
-64.671837
-64.678093
-64.69059
-64.668716
-64.699966
-64.703087
-64.718712
-64.734337
-64.753082
-64.784332
-64.793709
-64.784332
-64.753082
-64.78746
-64.803085
-64.793709
-64.796837
-64.781212
-64.796837
-64.796837
-64.815582
-64.828087
-64.821831
-64.828087
-64.862457
-64.896828
-64.884331
-64.896828
-64.896828
-64.890579
-64.878082
-64.878082
-64.884331
-64.896828
-64.909332
-64.906204
-64.940582
-64.946823
-64.974953
-64.984322
-64.981201
-64.981201
-65.006203
-65.021828
-65.021828
-65.040573
-65.021828
-65.003075
-65.021828
-65.034325
-65.043701
-65.049942
-65.046822
-65.046822
-65.065567
-65.046822
-65.046822
-65.049942
-65.056198
-65.05307
-65.059319
-65.071823
-65.08432
-65.081192
-65.059319
-65.096817
-65.099945
-65.103073
-65.103073
-65.08432
-65.103073
-65.11557
-65.124947
-65.128067
-65.134323
-65.140572
-65.137444
-65.143692
-65.146812
-65.128067
-65.146812
-65.146812
-65.156189
-65.143692
-65.137444
-65.156189
-65.162437
-65.159317
-65.162437
-65.14994
-65.174942
-65.178062
-65.196815
-65.18119
-65.193687
-65.196815
-65.234314
-65.231194
-65.249931
-65.246819
-65.256187
-65.246819
-65.271812
-65.268684
-65.296806
-65.318687
-65.293686
-65.306183
-65.303062
-65.312431
-65.328056
-65.328056
-65.312431
-65.346802
-65.362427
-65.346802
-65.34993
-65.362427
-65.356178
-65.368683
-65.371803
-65.38118
-65.378052
-65.387428
-65.396805
-65.396805
-65.396805
-65.421806
-65.421806
-65.428055
-65.428055
-65.421806
-65.41243
-65.440552
-65.440552
-65.446808
-65.449928
-65.468674
-65.459297
-65.474922
-65.481178
-65.465553
-65.465553
-65.468674
-65.474922
-65.493675
-65.493675
-65.474922
-65.471802
-65.503052
-65.506172
-65.521797
-65.5093
-65.531174
-65.549919
-65.549919
-65.559296
-65.578049
-65.562424
-65.559296
-65.553047
-65.556168
-65.54055
-65.546799
-65.559296
-65.571793
-65.565544
-65.590546
-65.581169
-65.590546
-65.609299
-65.599922
-65.596794
-65.593674
-65.606171
-65.606171
-65.634293
-65.634293
-65.640549
-65.646797
-65.659294
-65.646797
-65.646797
-65.631172
-65.628044
-65.615547
-65.596794
-65.621796
-65.609299
-65.628044
-65.631172
-65.637421
-65.628044
-65.640549
-65.649918
-65.637421
-65.649918
-65.662415
-65.662415
-65.693665
-65.687416
-65.690544
-65.696793
-65.706169
-65.674919
-65.693665
-65.690544
-65.690544
-65.703041
-65.693665
-65.696793
-65.703041
-65.712418
-65.721794
-65.70929
-65.715538
-65.728043
-65.721794
-65.712418
-65.724915
-65.74054
-65.715538
-65.734291
-65.74054
-65.746788
-65.77491
-65.765533
-65.753036
-65.762413
-65.778038
-65.753036
-65.765533
-65.787407
-65.781158
-65.803032
-65.796783
-65.796783
-65.784286
-65.787407
-65.809288
-65.803032
-65.818657
-65.812408
-65.818657
-65.812408
-65.824913
-65.818657
-65.821785
-65.840538
-65.828033
-65.843658
-65.831161
-65.831161
-65.840538
-65.83741
-65.815536
-65.821785
-65.846786
-65.87178
-65.859283
-65.853027
-65.856155
-65.846786
-65.849907
-65.840538
-65.856155
-65.846786
-65.846786
-65.859283
-65.868652
-65.874908
-65.865532
-65.878029
-65.881157
-65.890533
-65.87178
-65.887405
-65.896782
-65.896782
-65.906158
-65.912407
-65.924904
-65.928032
-65.928032
-65.909279
-65.878029
-65.896782
-65.912407
-65.909279
-65.918655
-65.940529
-65.953026
-65.937408
-65.921783
-65.924904
-65.928032
-65.921783
-65.896782
-65.931152
-65.946777
-65.937408
-65.937408
-65.946777
-65.953026
-65.959274
-65.956154
-65.962402
-65.962402
-65.965523
-65.974899
-65.981148
-65.971779
-65.978027
-65.974899
-65.981148
-65.971779
-65.968651
-65.959274
-65.965523
-65.974899
-65.987404
-65.987404
-66.009277
-65.987404
-65.987404
-66.003029
-65.990524
-65.987404
-65.993652
-65.978027
-65.987404
-65.993652
-66.006149
-65.984276
-65.996773
-66.006149
-66.012398
-66.018654
-66.009277
-66.024902
-66.034279
-66.015526
-66.015526
-66.021774
-66.046776
-66.040527
-66.034279
-66.046776
-66.046776
-66.043648
-66.062393
-66.078018
-66.065521
-66.093643
-66.07177
-66.07177
-66.096771
-66.078018
-66.084274
-66.112396
-66.090523
-66.099899
-66.121773
-66.124893
-66.128021
-66.137398
-66.124893
-66.112396
-66.13427
-66.099899
-66.096771
-66.106148
-66.118645
-66.118645
-66.13427
-66.115524
-66.121773
-66.10302
-66.109268
-66.131149
-66.140518
-66.13427
-66.131149
-66.131149
-66.140518
-66.16864
-66.149895
-66.146767
-66.159264
-66.143646
-66.146767
-66.16552
-66.178017
-66.16552
-66.153015
-66.153015
-66.159264
-66.16864
-66.159264
-66.178017
-66.16552
-66.178017
-66.159264
-66.174889
-66.19677
-66.184265
-66.193642
-66.190514
-66.193642
-66.181145
-66.19677
-66.193642
-66.212395
-66.19989
-66.209267
-66.206139
-66.224892
-66.193642
-66.212395
-66.215515
-66.234268
-66.246765
-66.237389
-66.218643
-66.22802
-66.23114
-66.221764
-66.218643
-66.237389
-66.221764
-66.234268
-66.237389
-66.246765
-66.246765
-66.246765
-66.246765
-66.22802
-66.22802
-66.246765
-66.23114
-66.234268
-66.224892
-66.237389
-66.243645
-66.246765
-66.271759
-66.265511
-66.268639
-66.281136
-66.274887
-66.268639
-66.293633
-66.281136
-66.290512
-66.306137
-66.306137
-66.296761
-66.315514
-66.296761
-66.299889
-66.309258
-66.296761
-66.296761
-66.271759
-66.281136
-66.293633
-66.296761
-66.306137
-66.328011
-66.306137
-66.315514
-66.343636
-66.324883
-66.340508
-66.328011
-66.334259
-66.321762
-66.306137
-66.312386
-66.296761
-66.290512
-66.281136
-66.290512
-66.318634
-66.303009
-66.331139
-66.309258
-66.321762
-66.309258
-66.312386
-66.303009
-66.309258
-66.315514
-66.321762
-66.318634
-66.328011
-66.331139
-66.309258
-66.309258
-66.334259
-66.337387
-66.315514
-66.331139
-66.315514
-66.318634
-66.340508
-66.346756
-66.356133
-66.390503
-66.390503
-66.381134
-66.365509
-66.371758
-66.374878
-66.396759
-66.390503
-66.412384
-66.393631
-66.378006
-66.371758
-66.374878
-66.384254
-66.396759
-66.393631
-66.390503
-66.396759
-66.387383
-66.409256
-66.409256
-66.412384
-66.412384
-66.421753
-66.437378
-66.415504
-66.406128
-66.396759
-66.403008
-66.406128
-66.415504
-66.431129
-66.424881
-66.440506
-66.437378
-66.424881
-66.409256
-66.421753
-66.424881
-66.409256
-66.440506
-66.418633
-66.415504
-66.387383
-66.412384
-66.409256
-66.421753
-66.415504
-66.431129
-66.424881
-66.409256
-66.415504
-66.418633
-66.406128
-66.415504
-66.428009
-66.418633
-66.418633
-66.393631
-66.384254
-66.390503
-66.384254
-66.403008
-66.396759
-66.415504
-66.418633
-66.428009
-66.418633
-66.440506
-66.446754
-66.443634
-66.446754
-66.462379
-66.459251
-66.474876
-66.456123
-66.456123
-66.449875
-66.446754
-66.446754
-66.459251
-66.446754
-66.462379
-66.493629
-66.468628
-66.471748
-66.468628
-66.481125
-66.484253
-66.487373
-66.506126
-66.499878
-66.49675
-66.49675
-66.493629
-66.481125
-66.471748
-66.49675
-66.484253
-66.487373
-66.49675
-66.49675
-66.512375
-66.521751
-66.518623
-66.528
-66.531128
-66.524879
-66.537376
-66.528
-66.512375
-66.524879
-66.521751
-66.521751
-66.518623
-66.518623
-66.506126
-66.502998
-66.49675
-66.484253
-66.528
-66.509254
-66.531128
-66.515503
-66.512375
-66.509254
-66.506126
-66.518623
-66.534248
-66.537376
-66.546745
-66.540504
-66.534248
-66.524879
-66.534248
-66.531128
-66.537376
-66.546745
-66.546745
-66.552994
-66.55925
-66.549873
-66.55925
-66.543625
-66.528
-66.528
-66.518623
-66.515503
-66.546745
-66.528
-66.531128
-66.534248
-66.549873
-66.55925
-66.546745
-66.552994
-66.546745
-66.540504
-66.543625
-66.546745
-66.546745
-66.552994
-66.552994
-66.571747
-66.574875
-66.602997
-66.609245
-66.574875
-66.581123
-66.577995
-66.581123
-66.606125
-66.5905
-66.571747
-66.571747
-66.568619
-66.552994
-66.587372
-66.581123
-66.584244
-66.5905
-66.56237
-66.556122
-66.552994
-66.552994
-66.552994
-66.546745
-66.543625
-66.546745
-66.55925
-66.577995
-66.581123
-66.587372
-66.571747
-66.584244
-66.577995
-66.571747
-66.568619
-66.568619
-66.571747
-66.574875
-66.556122
-66.552994
-66.568619
-66.56237
-66.568619
-66.574875
-66.571747
-66.596748
-66.587372
-66.571747
-66.571747
-66.571747
-66.587372
-66.571747
-66.565498
-66.565498
-66.556122
-66.556122
-66.556122
-66.596748
-66.568619
-66.574875
-66.587372
-66.571747
-66.587372
-66.581123
-66.599869
-66.599869
-66.596748
-66.599869
-66.612373
-66.596748
-66.606125
-66.59362
-66.596748
-66.59362
-66.596748
-66.587372
-66.59362
-66.609245
-66.59362
-66.602997
-66.609245
-66.599869
-66.596748
-66.59362
-66.587372
-66.5905
-66.5905
-66.5905
-66.596748
-66.5905
-66.581123
-66.5905
-66.581123
-66.574875
-66.577995
-66.584244
-66.584244
-66.5905
-66.55925
-66.584244
-66.596748
-66.5905
-66.5905
-66.606125
-66.596748
-66.627998
-66.627998
-66.640495
-66.646744
-66.634247
-66.606125
-66.62175
-66.62487
-66.634247
-66.62487
-66.602997
-66.5905
-66.596748
-66.612373
-66.62175
-66.634247
-66.627998
-66.615494
-66.634247
-66.627998
-66.646744
-66.659241
-66.674866
-66.665489
-66.649864
-66.646744
-66.659241
-66.646744
-66.649864
-66.668617
-66.646744
-66.668617
-66.674866
-66.652992
-66.646744
-66.659241
-66.646744
-66.646744
-66.627998
-66.602997
-66.62175
-66.631119
-66.612373
-66.62487
-66.609245
-66.602997
-66.618622
-66.615494
-66.618622
-66.62487
-66.62175
-66.612373
-66.609245
-66.618622
-66.609245
-66.599869
-66.596748
-66.5905
-66.587372
-66.606125
-66.637375
-66.602997
-66.602997
-66.599869
-66.59362
-66.602997
-66.62175
-66.602997
-66.615494
-66.631119
-66.634247
-66.643623
-66.640495
-66.631119
-66.618622
-66.612373
-66.609245
-66.62175
-66.634247
-66.618622
-66.602997
-66.606125
-66.618622
-66.602997
-66.602997
-66.612373
-66.59362
-66.618622
-66.612373
-66.62487
-66.618622
-66.602997
-66.587372
-66.584244
-66.609245
-66.596748
-66.606125
-66.62175
-66.609245
-66.602997
-66.62175
-66.618622
-66.602997
-66.596748
-66.59362
-66.609245
-66.602997
-66.615494
-66.602997
-66.618622
-66.618622
-66.646744
-66.652992
-66.649864
-66.637375
-66.634247
-66.634247
-66.596748
-66.612373
-66.596748
-66.5905
-66.584244
-66.599869
-66.602997
-66.62175
-66.631119
-66.65612
-66.65612
-66.643623
-66.646744
-66.634247
-66.637375
-66.618622
-66.634247
-66.618622
-66.62487
-66.62175
-66.615494
-66.634247
-66.62175
-66.631119
-66.643623
-66.627998
-66.627998
-66.62487
-66.627998
-66.612373
-66.609245
-66.62175
-66.643623
-66.646744
-66.646744
-66.65612
-66.646744
-66.649864
-66.640495
-66.634247
-66.634247
-66.640495
-66.646744
-66.627998
-66.634247
-66.609245
-66.640495
-66.643623
-66.646744
-66.637375
-66.634247
-66.646744
-66.662369
-66.671745
-66.640495
-66.637375
-66.631119
-66.646744
-66.649864
-66.646744
-66.665489
-66.65612
-66.659241
-66.665489
-66.665489
-66.668617
-66.665489
-66.662369
-66.652992
-66.65612
-66.646744
-66.662369
-66.65612
-66.652992
-66.659241
-66.646744
-66.652992
-66.652992
-66.646744
-66.640495
-66.631119
-66.643623
-66.662369
-66.652992
-66.677994
-66.665489
-66.665489
-66.643623
-66.646744
-66.652992
-66.631119
-66.646744
-66.662369
-66.649864
-66.646744
-66.674866
-66.671745
-66.696739
-66.702995
-66.671745
-66.640495
-66.634247
-66.640495
-66.62175
-66.602997
-66.606125
-66.602997
-66.5905
-66.596748
-66.581123
-66.568619
-66.537376
-66.534248
-66.521751
-66.490501
-66.484253
-66.490501
-66.484253
-66.478004
-66.4655
-66.446754
-66.437378
-66.434258
-66.412384
-66.415504
-66.396759
-66.412384
-66.415504
-66.399879
-66.390503
-66.378006
-66.353004
-66.374878
-66.346756
-66.340508
-66.340508
-66.331139
-66.334259
-66.318634
-66.290512
-66.287384
-66.284264
-66.262383
-66.246765
-66.246765
-66.218643
-66.246765
-66.240517
-66.224892
-66.23114
-66.224892
-66.215515
-66.19989
-66.212395
-66.19989
-66.178017
-66.16552
-66.162392
-66.174889
-66.171768
-66.16864
-66.178017
-66.171768
-66.146767
-66.121773
-66.10302
-66.112396
-66.121773
-66.140518
-66.143646
-66.143646
-66.146767
-66.140518
-66.124893
-66.115524
-66.096771
-66.07177
-66.074898
-66.084274
-66.084274
-66.07177
-66.062393
-66.046776
-66.034279
-66.028023
-66.024902
-66.012398
-65.993652
-66.009277
-66.018654
-66.018654
-66.012398
-66.009277
-65.981148
-65.971779
-65.984276
-65.959274
-65.971779
-65.971779
-65.943657
-65.921783
-65.918655
-65.924904
-65.937408
-65.915527
-65.90303
-65.906158
-65.90303
-65.890533
-65.896782
-65.878029
-65.874908
-65.868652
-65.853027
-65.853027
-65.846786
-65.828033
-65.828033
-65.831161
-65.818657
-65.824913
-65.843658
-65.828033
-65.818657
-65.815536
-65.80616
-65.799911
-65.787407
-65.771782
-65.778038
-65.781158
-65.765533
-65.753036
-65.759285
-65.756157
-65.756157
-65.731163
-65.718666
-65.724915
-65.715538
-65.728043
-65.721794
-65.712418
-65.724915
-65.724915
-65.734291
-65.721794
-65.724915
-65.721794
-65.734291
-65.728043
-65.712418
-65.724915
-65.715538
-65.703041
-65.703041
-65.703041
-65.684288
-65.696793
-65.681168
-65.67804
-65.662415
-65.671791
-65.696793
-65.696793
-65.681168
-65.671791
-65.649918
-65.653038
-65.646797
-65.646797
-65.646797
-65.643669
-65.640549
-65.599922
-65.609299
-65.606171
-65.609299
-65.615547
-65.596794
-65.612419
-65.621796
-65.609299
-65.596794
-65.590546
-65.578049
-65.581169
-65.574921
-65.596794
-65.584297
-65.559296
-65.549919
-65.559296
-65.556168
-65.553047
-65.553047
-65.537422
-65.528053
-65.54055
-65.54055
-65.546799
-65.534302
-65.524925
-65.515549
-65.524925
-65.503052
-65.5093
-65.5093
-65.496803
-65.512428
-65.518677
-65.506172
-65.496803
-65.499924
-65.506172
-65.490547
-65.493675
-65.496803
-65.496803
-65.490547
-65.484299
-65.496803
-65.5093
-65.490547
-65.506172
-65.487427
-65.481178
-65.474922
-65.446808
-65.446808
-65.440552
-65.453049
-65.453049
-65.437431
-65.434303
-65.446808
-65.431183
-65.44368
-65.446808
-65.44368
-65.446808
-65.440552
-65.415558
-65.440552
-65.446808
-65.440552
-65.453049
-65.415558
-65.399933
-65.396805
-65.393677
-65.384308
-65.384308
-65.378052
-65.362427
-65.34993
-65.371803
-65.356178
-65.356178
-65.346802
-65.353058
-65.346802
-65.328056
-65.337433
-65.309311
-65.303062
-65.318687
-65.337433
-65.324936
-65.321808
-65.328056
-65.303062
-65.299934
-65.287437
-65.296806
-65.299934
-65.303062
-65.296806
-65.303062
-65.306183
-65.293686
-65.299934
-65.284309
-65.293686
-65.293686
-65.274933
-65.296806
-65.284309
-65.253059
-65.253059
-65.246819
-65.234314
-65.234314
-65.24369
-65.262436
-65.265556
-65.249931
-65.246819
-65.246819
-65.224937
-65.240562
-65.240562
-65.246819
-65.246819
-65.246819
-65.221817
-65.228065
-65.209312
-65.221817
-65.221817
-65.215569
-65.187439
-65.224937
-65.224937
-65.228065
-65.221817
-65.218689
-65.228065
-65.231194
-65.224937
-65.215569
-65.228065
-65.209312
-65.209312
-65.193687
-65.193687
-65.184319
-65.187439
-65.190567
-65.171814
-65.159317
-65.159317
-65.159317
-65.156189
-65.146812
-65.143692
-65.121819
-65.093697
-65.124947
-65.140572
-65.14994
-65.14994
-65.137444
-65.137444
-65.131195
-65.124947
-65.131195
-65.109322
-65.128067
-65.131195
-65.128067
-65.11557
-65.140572
-65.128067
-65.143692
-65.128067
-65.128067
-65.131195
-65.128067
-65.124947
-65.124947
-65.112442
-65.106194
-65.093697
-65.081192
-65.087448
-65.090569
-65.090569
-65.078072
-65.090569
-65.08432
-65.08432
-65.08432
-65.071823
-65.065567
-65.078072
-65.059319
-65.046822
-65.062447
-65.056198
-65.049942
-65.046822
-65.034325
-65.046822
-65.046822
-65.049942
-65.046822
-65.046822
-65.037453
-65.040573
-65.046822
-65.040573
-65.046822
-65.043701
-65.046822
-65.034325
-65.028076
-65.021828
-65.028076
-65.0187
-65.0187
-65.009323
-65.012451
-65.037453
-65.012451
-65.0187
-65.031197
-65.015572
-65.028076
-65.015572
-65.006203
-65.009323
-65.024948
-65.012451
-64.996826
-65.006203
-64.98745
-64.993698
-65.003075
-64.981201
-64.981201
-64.968697
-64.971825
-64.968697
-64.959328
-64.949951
-64.962448
-64.953072
-64.949951
-64.9562
-64.953072
-64.946823
-64.934326
-64.940582
-64.949951
-64.946823
-64.940582
-64.953072
-64.943703
-64.928078
-64.912453
-64.903076
-64.921829
-64.924957
-64.921829
-64.903076
-64.896828
-64.893707
-64.903076
-64.893707
-64.881203
-64.896828
-64.896828
-64.893707
-64.899956
-64.918701
-64.918701
-64.912453
-64.903076
-64.906204
-64.906204
-64.921829
-64.903076
-64.899956
-64.896828
-64.890579
-64.862457
-64.865578
-64.846832
-64.862457
-64.843712
-64.846832
-64.874954
-64.853081
-64.881203
-64.871826
-64.849953
-64.843712
-64.843712
-64.846832
-64.862457
-64.859329
-64.856201
-64.865578
-64.837456
-64.834335
-64.846832
-64.846832
-64.843712
-64.834335
-64.840584
-64.834335
-64.849953
-64.837456
-64.859329
-64.843712
-64.821831
-64.796837
-64.81871
-64.81871
-64.796837
-64.809334
-64.806206
-64.815582
-64.81871
-64.803085
-64.809334
-64.803085
-64.778084
-64.784332
-64.781212
-64.765587
-64.762459
-64.753082
-64.75621
-64.746834
-64.75621
-64.749962
-64.759331
-64.75621
-64.75621
-64.765587
-64.746834
-64.759331
-64.762459
-64.753082
-64.740593
-64.746834
-64.75621
-64.746834
-64.718712
-64.718712
-64.737465
-64.746834
-64.737465
-64.762459
-64.740593
-64.746834
-64.740593
-64.737465
-64.731216
-64.72184
-64.709343
-64.72184
-64.743713
-64.734337
-64.740593
-64.737465
-64.709343
-64.712463
-64.693718
-64.696838
-64.696838
-64.69059
-64.681213
-64.678093
-64.674965
-64.696838
-64.684341
-64.653091
-64.646843
-64.662468
-64.656212
-64.653091
-64.656212
-64.646843
-64.662468
-64.678093
-64.646843
-64.656212
-64.653091
-64.653091
-64.678093
-64.671837
-64.671837
-64.674965
-64.678093
-64.656212
-64.65934
-64.656212
-64.662468
-64.656212
-64.671837
-64.671837
-64.65934
-64.643723
-64.656212
-64.640594
-64.631218
-64.649963
-64.656212
-64.646843
-64.637466
-64.640594
-64.643723
-64.646843
-64.634346
-64.634346
-64.637466
-64.634346
-64.615593
-64.593719
-64.596848
-64.568718
-64.574966
-64.584343
-64.581223
-64.590591
-64.578094
-64.596848
-64.581223
-64.606216
-64.609344
-64.606216
-64.615593
-64.612473
-64.606216
-64.599968
-64.618721
-64.599968
-64.596848
-64.612473
-64.596848
-64.593719
-64.606216
-64.590591
-64.568718
-64.565598
-64.568718
-64.593719
-64.587471
-64.596848
-64.584343
-64.571846
-64.578094
-64.584343
-64.574966
-64.565598
-64.556221
-64.556221
-64.549973
-64.546844
-64.534348
-64.543724
-64.506226
-64.518723
-64.512474
-64.518723
-64.503098
-64.506226
-64.496849
-64.496849
-64.515602
-64.496849
-64.499977
-64.499977
-64.503098
-64.506226
-64.515602
-64.490601
-64.484352
-64.490601
-64.490601
-64.487473
-64.484352
-64.471848
-64.487473
-64.496849
-64.487473
-64.496849
-64.478096
-64.481224
-64.478096
-64.487473
-64.474976
-64.474976
-64.481224
-64.453102
-64.453102
-64.434357
-64.434357
-64.440605
-64.446854
-64.465599
-64.468727
-64.471848
-64.487473
-64.462471
-64.453102
-64.456223
-64.462471
-64.440605
-64.443726
-64.453102
-64.440605
-64.440605
-64.446854
-64.446854
-64.453102
-64.434357
-64.443726
-64.446854
-64.437477
-64.415604
-64.406227
-64.42498
-64.428101
-64.434357
-64.418732
-64.437477
-64.428101
-64.421852
-64.437477
-64.434357
-64.443726
-64.446854
-64.437477
-64.437477
-64.415604
-64.42498
-64.412476
-64.428101
-64.42498
-64.42498
-64.42498
-64.409355
-64.384354
-64.368729
-64.371857
-64.356232
-64.371857
-64.371857
-64.396851
-64.409355
-64.409355
-64.418732
-64.396851
-64.406227
-64.418732
-64.421852
-64.412476
-64.42498
-64.406227
-64.396851
-64.387482
-64.371857
-64.368729
-64.381226
-64.359352
-64.39373
-64.356232
-64.359352
-64.353104
-64.36248
-64.371857
-64.365601
-64.359352
-64.359352
-64.365601
-64.365601
-64.365601
-64.390602
-64.381226
-64.378105
-64.396851
-64.378105
-64.384354
-64.387482
-64.371857
-64.374977
-64.365601
-64.365601
-64.378105
-64.349976
-64.36248
-64.384354
-64.384354
-64.374977
-64.356232
-64.36248
-64.359352
-64.365601
-64.365601
-64.374977
-64.39373
-64.359352
-64.378105
-64.390602
-64.359352
-64.349976
-64.346855
-64.334358
-64.349976
-64.334358
-64.337486
-64.346855
-64.356232
-64.343735
-64.340607
-64.32811
-64.337486
-64.334358
-64.346855
-64.343735
-64.340607
-64.343735
-64.346855
-64.337486
-64.321861
-64.340607
-64.346855
-64.33123
-64.353104
-64.346855
-64.349976
-64.337486
-64.309357
-64.318733
-64.334358
-64.312485
-64.309357
-64.29686
-64.29998
-64.29686
-64.32811
-64.315605
-64.321861
-64.32811
-64.303108
-64.318733
-64.312485
-64.33123
-64.32811
-64.318733
-64.321861
-64.303108
-64.29686
-64.318733
-64.312485
-64.293732
-64.287483
-64.287483
-64.293732
-64.312485
-64.321861
-64.340607
-64.349976
-64.334358
-64.337486
-64.324982
-64.346855
-64.321861
-64.324982
-64.334358
-64.343735
-64.32811
-64.321861
-64.32811
-64.343735
-64.33123
-64.309357
-64.321861
-64.324982
-64.349976
-64.346855
-64.371857
-64.340607
-64.337486
-64.324982
-64.343735
-64.343735
-64.33123
-64.337486
-64.32811
-64.321861
-64.337486
-64.318733
-64.321861
-64.346855
-64.324982
-64.324982
-64.321861
-64.29998
-64.312485
-64.315605
-64.284355
-64.303108
-64.29686
-64.274986
-64.281235
-64.26873
-64.249985
-64.284355
-64.274986
-64.26873
-64.259361
-64.26873
-64.290611
-64.278107
-64.26561
-64.26561
-64.284355
-64.271858
-64.278107
-64.259361
-64.253105
-64.26561
-64.26561
-64.246864
-64.246864
-64.234367
-64.243736
-64.228111
-64.249985
-64.228111
-64.224991
-64.228111
-64.228111
-64.240616
-64.221863
-64.215614
-64.199989
-64.187492
-64.196861
-64.174988
-64.171867
-64.184364
-64.171867
-64.174988
-64.196861
-64.196861
-64.190613
-64.190613
-64.171867
-64.181236
-64.196861
-64.187492
-64.184364
-64.193741
-64.196861
-64.181236
-64.184364
-64.196861
-64.190613
-64.187492
-64.196861
-64.206238
-64.212486
-64.203117
-64.209366
-64.221863
-64.212486
-64.221863
-64.196861
-64.171867
-64.190613
-64.181236
-64.181236
-64.190613
-64.156242
-64.159363
-64.162491
-64.162491
-64.165611
-64.184364
-64.178116
-64.184364
-64.159363
-64.162491
-64.174988
-64.162491
-64.184364
-64.184364
-64.168739
-64.156242
-64.165611
-64.181236
-64.181236
-64.187492
-64.190613
-64.190613
-64.190613
-64.181236
-64.174988
-64.162491
-64.156242
-64.159363
-64.146866
-64.153114
-64.162491
-64.146866
-64.146866
-64.146866
-64.159363
-64.153114
-64.146866
-64.146866
-64.143745
-64.146866
-64.153114
-64.143745
-64.153114
-64.137497
-64.146866
-64.171867
-64.165611
-64.149986
-64.153114
-64.149986
-64.156242
-64.162491
-64.162491
-64.149986
-64.143745
-64.121872
-64.12812
-64.118744
-64.131241
-64.115616
-64.103119
-64.112495
-64.124992
-64.134369
-64.118744
-64.134369
-64.118744
-64.134369
-64.115616
-64.099991
-64.106247
-64.124992
-64.134369
-64.149986
-64.153114
-64.153114
-64.159363
-64.146866
-64.156242
-64.149986
-64.143745
-64.159363
-64.149986
-64.146866
-64.162491
-64.171867
-64.187492
-64.193741
-64.162491
-64.146866
-64.156242
-64.178116
-64.171867
-64.184364
-64.171867
-64.153114
-64.184364
-64.171867
-64.193741
-64.193741
-64.193741
-64.196861
-64.196861
-64.196861
-64.199989
-64.196861
-64.181236
-64.184364
-64.187492
-64.168739
-64.168739
-64.162491
-64.174988
-64.174988
-64.171867
-64.193741
-64.196861
-64.196861
-64.203117
-64.206238
-64.181236
-64.190613
-64.174988
-64.190613
-64.178116
-64.187492
-64.184364
-64.190613
-64.196861
-64.178116
-64.193741
-64.184364
-64.178116
-64.168739
-64.146866
-64.143745
-64.146866
-64.153114
-64.171867
-64.174988
-64.162491
-64.159363
-64.162491
-64.149986
-64.149986
-64.171867
-64.153114
-64.146866
-64.149986
-64.162491
-64.174988
-64.174988
-64.168739
-64.146866
-64.156242
-64.146866
-64.140617
-64.121872
-64.131241
-64.146866
-64.12812
-64.146866
-64.181236
-64.171867
-64.149986
-64.165611
-64.134369
-64.140617
-64.140617
-64.143745
-64.143745
-64.137497
-64.134369
-64.174988
-64.168739
-64.153114
-64.162491
-64.159363
-64.149986
-64.146866
-64.134369
-64.140617
-64.140617
-64.118744
-64.12812
-64.143745
-64.137497
-64.124992
-64.134369
-64.09687
-64.099991
-64.103119
-64.087494
-64.09687
-64.099991
-64.074997
-64.084366
-64.078117
-64.062492
-64.109367
-64.090622
-64.09687
-64.099991
-64.099991
-64.103119
-64.109367
-64.093742
-64.081245
-64.074997
-64.059372
-64.046875
-64.053116
-64.062492
-64.046875
-64.053116
-64.059372
-64.078117
-64.09687
-64.081245
-64.090622
-64.074997
-64.081245
-64.090622
-64.084366
-64.09687
-64.087494
-64.103119
-64.121872
-64.131241
-64.115616
-64.106247
-64.118744
-64.109367
-64.109367
-64.106247
-64.118744
-64.118744
-64.118744
-64.090622
-64.109367
-64.121872
-64.112495
-64.087494
-64.093742
-64.09687
-64.09687
-64.106247
-64.112495
-64.090622
-64.103119
-64.087494
-64.103119
-64.109367
-64.09687
-64.09687
-64.084366
-64.112495
-64.09687
-64.106247
-64.106247
-64.112495
-64.115616
-64.109367
-64.124992
-64.115616
-64.109367
-64.09687
-64.121872
-64.118744
-64.118744
-64.109367
-64.115616
-64.12812
-64.156242
-64.146866
-64.131241
-64.124992
-64.099991
-64.115616
-64.121872
-64.103119
-64.109367
-64.109367
-64.099991
-64.12812
-64.090622
-64.084366
-64.09687
-64.090622
-64.071869
-64.099991
-64.109367
-64.124992
-64.121872
-64.106247
-64.09687
-64.12812
-64.124992
-64.115616
-64.143745
-64.143745
-64.146866
-64.131241
-64.112495
-64.112495
-64.112495
-64.09687
-64.12812
-64.140617
-64.115616
-64.146866
-64.143745
-64.121872
-64.137497
-64.146866
-64.137497
-64.118744
-64.106247
-64.137497
-64.140617
-64.131241
-64.12812
-64.118744
-64.124992
-64.121872
-64.112495
-64.121872
-64.140617
-64.146866
-64.153114
-64.149986
-64.134369
-64.143745
-64.146866
-64.140617
-64.143745
-64.140617
-64.12812
-64.12812
-64.115616
-64.099991
-64.09687
-64.118744
-64.093742
-64.09687
-64.09687
-64.093742
-64.09687
-64.106247
-64.121872
-64.124992
-64.124992
-64.115616
-64.109367
-64.106247
-64.084366
-64.115616
-64.12812
-64.140617
-64.140617
-64.140617
-64.131241
-64.140617
-64.140617
-64.131241
-64.140617
-64.12812
-64.134369
-64.134369
-64.140617
-64.146866
-64.156242
-64.149986
-64.134369
-64.137497
-64.112495
-64.112495
-64.106247
-64.118744
-64.153114
-64.146866
-64.156242
-64.159363
-64.149986
-64.137497
-64.146866
-64.143745
-64.131241
-64.140617
-64.134369
-64.143745
-64.143745
-64.131241
-64.134369
-64.131241
-64.134369
-64.131241
-64.12812
-64.115616
-64.118744
-64.124992
-64.124992
-64.121872
-64.103119
-64.106247
-64.115616
-64.109367
-64.131241
-64.12812
-64.109367
-64.134369
-64.121872
-64.103119
-64.09687
-64.087494
-64.062492
-64.040627
-64.006248
-63.953125
-63.931255
-63.88438
-63.850002
-63.828133
-63.771885
-63.750008
-63.712513
-63.671886
-63.634392
-63.596893
-63.571892
-63.553143
-63.540649
-63.512524
-63.490646
-63.471897
-63.446903
-63.428154
-63.396904
-63.387527
-63.36253
-63.343784
-63.318783
-63.300034
-63.281284
-63.290657
-63.278156
-63.278156
-63.278156
-63.246914
-63.196911
-63.203163
-63.196911
-63.171913
-63.175037
-63.162537
-63.146912
-63.131294
-63.112541
-63.087543
-63.118793
-63.093792
-63.071918
-63.056293
-63.065666
-63.075043
-63.050041
-63.040672
-63.059418
-63.037548
-63.015671
-63.025047
-63.021923
-63.018799
-63.031296
-63.021923
-63.028172
-63.021923
-63.025047
-63.015671
-63.037548
-63.012547
-63.021923
-63.031296
-63.031296
-63.025047
-63.043797
-63.037548
-63.046921
-63.046921
-63.015671
-63.037548
-63.040672
-63.025047
-63.034424
-63.034424
-63.053169
-63.046921
-63.028172
-63.040672
-63.034424
-63.037548
-63.034424
-63.040672
-63.015671
-63.012547
-63.037548
-63.006298
-63.006298
-63.000046
-63.003174
-63.000046
-63.003174
-62.993797
-62.993797
-62.990673
-62.996922
-62.996922
-62.996922
-62.993797
-63.000046
-62.984421
-62.984421
-62.971924
-62.978172
-62.984421
-62.990673
-62.981297
-62.990673
-62.993797
-62.987549
-62.996922
-62.978172
-62.956299
-62.987549
-62.990673
-62.996922
-62.984421
-62.984421
-62.993797
-63.003174
-62.996922
-63.003174
-63.006298
-62.996922
-63.000046
-63.003174
-63.009422
-63.009422
-63.000046
-63.003174
-63.003174
-62.990673
-62.981297
-63.015671
-63.021923
-63.025047
-63.021923
-63.012547
-63.025047
-63.043797
-63.021923
-63.021923
-63.018799
-63.018799
-63.018799
-63.040672
-63.040672
-63.037548
-63.053169
-63.040672
-63.046921
-63.056293
-63.043797
-63.046921
-63.046921
-63.037548
-63.025047
-63.037548
-63.015671
-63.031296
-63.018799
-63.040672
-63.043797
-63.040672
-63.046921
-63.068794
-63.056293
-63.059418
-63.034424
-63.021923
-63.046921
-63.043797
-63.053169
-63.046921
-63.059418
-63.062542
-63.053169
-63.059418
-63.056293
-63.046921
-63.059418
-63.059418
-63.065666
-63.053169
-63.056293
-63.081291
-63.059418
-63.068794
-63.096916
-63.081291
-63.081291
-63.096916
-63.096916
-63.115669
-63.112541
-63.096916
-63.096916
-63.087543
-63.075043
-63.096916
-63.081291
-63.078167
-63.059418
-63.053169
-63.068794
-63.087543
-63.075043
-63.084419
-63.081291
-63.071918
-63.096916
-63.096916
-63.078167
-63.075043
-63.096916
-63.096916
-63.112541
-63.103168
-63.112541
-63.109417
-63.112541
-63.131294
-63.128166
-63.115669
-63.131294
-63.137543
-63.131294
-63.128166
-63.146912
-63.146912
-63.156288
-63.165661
-63.159412
-63.165661
-63.165661
-63.165661
-63.159412
-63.156288
-63.153164
-63.165661
-63.190662
-63.196911
-63.187538
-63.178162
-63.181286
-63.190662
-63.175037
-63.187538
-63.196911
-63.196911
-63.209412
-63.203163
-63.181286
-63.181286
-63.146912
-63.140667
-63.162537
-63.162537
-63.146912
-63.175037
-63.187538
-63.196911
-63.209412
-63.193787
-63.181286
-63.171913
-63.165661
-63.168789
-63.196911
-63.196911
-63.215664
-63.221912
-63.218788
-63.243786
-63.237537
-63.225037
-63.234413
-63.234413
-63.231289
-63.290657
-63.246914
-63.259407
-63.296909
-63.290657
-63.284409
-63.268784
-63.256283
-63.268784
-63.262531
-63.259407
-63.275032
-63.284409
-63.275032
-63.265659
-63.290657
-63.275032
-63.293781
-63.287533
-63.281284
-63.296909
-63.278156
-63.281284
-63.296909
-63.284409
-63.296909
-63.312534
-63.309406
-63.309406
-63.312534
-63.290657
-63.284409
-63.271908
-63.256283
-63.265659
-63.268784
-63.268784
-63.246914
-63.281284
-63.278156
-63.284409
-63.281284
-63.265659
-63.246914
-63.253159
-63.259407
-63.253159
-63.246914
-63.246914
-63.265659
-63.281284
-63.287533
-63.290657
-63.284409
-63.284409
-63.281284
-63.281284
-63.293781
-63.281284
-63.293781
-63.290657
-63.303158
-63.309406
-63.315659
-63.325031
-63.346905
-63.334408
-63.337532
-63.356277
-63.359402
-63.375027
-63.36253
-63.353153
-63.359402
-63.36253
-63.36253
-63.359402
-63.384403
-63.396904
-63.396904
-63.396904
-63.384403
-63.378155
-63.368778
-63.384403
-63.384403
-63.39378
-63.375027
-63.359402
-63.375027
-63.359402
-63.368778
-63.381279
-63.368778
-63.375027
-63.384403
-63.400028
-63.415653
-63.396904
-63.396904
-63.406277
-63.406277
-63.403152
-63.418777
-63.421902
-63.428154
-63.42503
-63.421902
-63.421902
-63.412529
-63.431278
-63.437527
-63.431278
-63.418777
-63.415653
-63.421902
-63.431278
-63.431278
-63.421902
-63.421902
-63.443779
-63.440655
-63.440655
-63.434402
-63.446903
-63.446903
-63.453148
-63.456272
-63.446903
-63.446903
-63.443779
-63.456272
-63.431278
-63.42503
-63.443779
-63.415653
-63.431278
-63.443779
-63.428154
-63.456272
-63.459396
-63.456272
-63.487522
-63.478149
-63.471897
-63.465649
-63.487522
-63.456272
-63.471897
-63.481274
-63.490646
-63.487522
-63.490646
-63.481274
-63.512524
-63.496899
-63.471897
-63.446903
-63.456272
-63.446903
-63.459396
-63.468773
-63.478149
-63.500023
-63.503147
-63.512524
-63.528149
-63.512524
-63.506271
-63.509399
-63.503147
-63.531273
-63.540649
-63.546894
-63.559395
-63.534397
-63.525024
-63.521896
-63.528149
-63.540649
-63.537521
-63.509399
-63.540649
-63.521896
-63.496899
-63.493774
-63.518772
-63.515648
-63.518772
-63.537521
-63.521896
-63.546894
-63.553143
-63.559395
-63.553143
-63.543774
-63.543774
-63.553143
-63.559395
-63.550018
-63.537521
-63.543774
-63.540649
-63.540649
-63.546894
-63.562519
-63.587517
-63.587517
-63.57502
-63.596893
-63.615643
-63.60627
-63.609394
-63.596893
-63.60627
-63.603142
-63.60627
-63.609394
-63.603142
-63.615643
-63.603142
-63.625019
-63.618767
-63.640644
-63.646893
-63.665638
-63.653137
-63.63752
-63.640644
-63.625019
-63.612518
-63.625019
-63.628143
-63.643768
-63.653137
-63.656261
-63.665638
-63.662514
-63.653137
-63.665638
-63.675014
-63.665638
-63.665638
-63.681263
-63.687511
-63.671886
-63.675014
-63.687511
-63.659389
-63.671886
-63.684387
-63.696888
-63.696888
-63.690639
-63.696888
-63.718761
-63.706264
-63.718761
-63.715637
-63.709389
-63.696888
-63.693764
-63.700012
-63.715637
-63.693764
-63.706264
-63.715637
-63.696888
-63.706264
-63.725014
-63.734386
-63.706264
-63.718761
-63.706264
-63.728138
-63.746883
-63.768757
-63.768757
-63.778133
-63.781258
-63.775009
-63.762508
-63.765633
-63.765633
-63.771885
-63.796883
-63.778133
-63.765633
-63.778133
-63.781258
-63.765633
-63.771885
-63.768757
-63.759384
-63.753132
-63.759384
-63.750008
-63.759384
-63.746883
-63.746883
-63.775009
-63.768757
-63.746883
-63.778133
-63.78751
-63.781258
-63.781258
-63.768757
-63.781258
-63.771885
-63.771885
-63.78751
-63.768757
-63.775009
-63.796883
-63.78751
-63.812508
-63.815632
-63.803135
-63.781258
-63.796883
-63.778133
-63.784382
-63.793758
-63.784382
-63.78751
-63.775009
-63.784382
-63.778133
-63.778133
-63.784382
-63.778133
-63.790634
-63.790634
-63.812508
-63.784382
-63.78751
-63.821884
-63.796883
-63.803135
-63.815632
-63.78751
-63.803135
-63.806259
-63.78751
-63.806259
-63.837509
-63.828133
-63.821884
-63.815632
-63.796883
-63.796883
-63.815632
-63.825008
-63.837509
-63.828133
-63.815632
-63.821884
-63.815632
-63.793758
-63.796883
-63.781258
-63.781258
-63.771885
-63.790634
-63.796883
-63.793758
-63.781258
-63.790634
-63.809383
-63.793758
-63.784382
-63.803135
-63.78751
-63.806259
-63.796883
-63.796883
-63.796883
-63.834385
-63.837509
-63.828133
-63.843758
-63.837509
-63.840633
-63.840633
-63.821884
-63.834385
-63.846882
-63.843758
-63.859379
-63.856255
-63.859379
-63.875004
-63.859379
-63.865627
-63.88438
-63.868755
-63.862503
-63.850002
-63.868755
-63.878128
-63.856255
-63.87188
-63.896877
-63.912502
-63.912502
-63.921879
-63.931255
-63.918755
-63.925003
-63.91563
-63.91563
-63.921879
-63.906254
-63.918755
-63.940628
-63.931255
-63.918755
-63.93438
-63.93438
-63.946873
-63.931255
-63.940628
-63.946873
-63.925003
-63.921879
-63.956249
-63.946873
-63.953125
-63.946873
-63.946873
-63.953125
-63.946873
-63.946873
-63.956249
-63.974998
-63.993748
-63.987499
-63.987499
-63.996872
-64.012497
-63.990623
-64.03437
-64.015625
-63.996872
-63.996872
-63.990623
-63.971874
-63.978123
-63.984375
-63.978123
-63.978123
-63.956249
-63.984375
-63.990623
-63.984375
-63.990623
-64.012497
-63.987499
-63.993748
-63.996872
-63.984375
-63.978123
-63.990623
-63.984375
-63.971874
-63.984375
-64.015625
-63.996872
-63.996872
-63.996872
-64.006248
-63.996872
-64.00312
-64.028122
-64.012497
-63.996872
-63.996872
-63.990623
-63.996872
-63.996872
-64.012497
-63.996872
-64.037498
-64.018745
-64.028122
-64.028122
-63.996872
-63.996872
-63.996872
-63.990623
-63.96875
-63.96875
-63.959373
-63.971874
-63.971874
-63.996872
-63.993748
-63.996872
-63.993748
-63.987499
-63.965622
-63.996872
-64.012497
-64.028122
-64.021873
-64.037498
-64.012497
-64.025002
-64.00312
-64.015625
-64.00312
-64.021873
-64.028122
-64.03437
-64.028122
-64.03125
-64.043747
-64.043747
-64.03125
-64.049995
-64.03437
-64.043747
-64.046875
-64.046875
-64.046875
-64.062492
-64.059372
-64.087494
-64.074997
-64.06562
-64.037498
-64.040627
-64.056244
-64.068741
-64.053116
-64.056244
-64.053116
-64.056244
-64.043747
-64.046875
-64.040627
-64.028122
-64.053116
-64.046875
-64.046875
-64.043747
-64.043747
-64.046875
-64.062492
-64.071869
-64.078117
-64.071869
-64.062492
-64.068741
-64.046875
-64.056244
-64.056244
-64.046875
-64.046875
-64.068741
-64.071869
-64.090622
-64.087494
-64.081245
-64.068741
-64.06562
-64.053116
-64.046875
-64.053116
-64.059372
-64.059372
-64.06562
-64.068741
-64.071869
-64.06562
-64.062492
-64.081245
-64.087494
-64.09687
-64.09687
-64.093742
-64.09687
-64.09687
-64.09687
-64.103119
-64.115616
-64.118744
-64.124992
-64.12812
-64.112495
-64.103119
-64.09687
-64.081245
-64.09687
-64.09687
-64.103119
-64.115616
-64.106247
-64.124992
-64.115616
-64.112495
-64.118744
-64.143745
-64.140617
-64.131241
-64.131241
-64.112495
-64.099991
-64.112495
-64.121872
-64.146866
-64.131241
-64.115616
-64.124992
-64.115616
-64.121872
-64.156242
-64.162491
-64.156242
-64.153114
-64.146866
-64.143745
-64.159363
-64.12812
-64.140617
-64.131241
-64.118744
-64.121872
-64.090622
-64.099991
-64.118744
-64.143745
-64.156242
-64.171867
-64.156242
-64.162491
-64.174988
-64.162491
-64.156242
-64.137497
-64.137497
-64.140617
-64.137497
-64.103119
-64.090622
-64.099991
-64.093742
-64.093742
-64.078117
-64.078117
-64.109367
-64.131241
-64.112495
-64.12812
-64.124992
-64.099991
-64.124992
-64.134369
-64.12812
-64.121872
-64.115616
-64.112495
-64.09687
-64.084366
-64.087494
-64.087494
-64.093742
-64.103119
-64.12812
-64.103119
-64.09687
-64.059372
-64.078117
-64.068741
-64.062492
-64.081245
-64.068741
-64.056244
-64.068741
-64.081245
-64.062492
-64.068741
-64.090622
-64.09687
-64.090622
-64.081245
-64.059372
-64.071869
-64.062492
-64.071869
-64.049995
-64.056244
-64.078117
-64.068741
-64.090622
-64.09687
-64.103119
-64.093742
-64.09687
-64.103119
-64.109367
-64.109367
-64.118744
-64.109367
-64.103119
-64.09687
-64.090622
-64.09687
-64.106247
-64.093742
-64.068741
-64.071869
-64.090622
-64.087494
-64.090622
-64.068741
-64.093742
-64.084366
-64.090622
-64.093742
-64.09687
-64.084366
-64.078117
-64.090622
-64.081245
-64.06562
-64.056244
-64.06562
-64.068741
-64.078117
-64.09687
-64.09687
-64.09687
-64.118744
-64.124992
-64.109367
-64.121872
-64.118744
-64.112495
-64.121872
-64.118744
-64.099991
-64.12812
-64.121872
-64.112495
-64.115616
-64.099991
-64.090622
-64.099991
-64.109367
-64.124992
-64.115616
-64.112495
-64.121872
-64.140617
-64.112495
-64.143745
-64.140617
-64.146866
-64.149986
-64.146866
-64.165611
-64.165611
-64.165611
-64.146866
-64.165611
-64.162491
-64.190613
-64.215614
-64.193741
-64.193741
-64.193741
-64.181236
-64.184364
-64.184364
-64.181236
-64.181236
-64.187492
-64.171867
-64.184364
-64.178116
-64.190613
-64.174988
-64.162491
-64.159363
-64.168739
-64.153114
-64.153114
-64.143745
-64.12812
-64.109367
-64.146866
-64.137497
-64.162491
-64.162491
-64.146866
-64.156242
-64.156242
-64.171867
-64.178116
-64.187492
-64.178116
-64.165611
-64.178116
-64.171867
-64.184364
-64.184364
-64.209366
-64.212486
-64.206238
-64.199989
-64.209366
-64.196861
-64.196861
-64.206238
-64.212486
-64.243736
-64.234367
-64.234367
-64.224991
-64.218742
-64.231239
-64.228111
-64.215614
-64.206238
-64.215614
-64.221863
-64.234367
-64.234367
-64.234367
-64.256233
-64.256233
-64.253105
-64.262482
-64.274986
-64.246864
-64.253105
-64.231239
-64.221863
-64.234367
-64.203117
-64.215614
-64.228111
-64.228111
-64.215614
-64.237488
-64.237488
-64.246864
-64.243736
-64.234367
-64.234367
-64.231239
-64.221863
-64.221863
-64.234367
-64.231239
-64.231239
-64.249985
-64.240616
-64.253105
-64.234367
-64.253105
-64.224991
-64.221863
-64.237488
-64.240616
-64.228111
-64.240616
-64.246864
-64.240616
-64.228111
-64.240616
-64.237488
-64.249985
-64.253105
-64.256233
-64.246864
-64.262482
-64.26873
-64.271858
-64.271858
-64.274986
-64.262482
-64.26561
-64.26873
-64.26561
-64.293732
-64.29686
-64.29686
-64.306236
-64.29686
-64.293732
-64.290611
-64.290611
-64.274986
-64.253105
-64.26873
-64.271858
-64.262482
-64.256233
-64.249985
-64.26873
-64.271858
-64.26561
-64.281235
-64.26873
-64.290611
-64.284355
-64.29686
-64.284355
-64.303108
-64.29998
-64.29998
-64.318733
-64.29686
-64.315605
-64.29686
-64.29686
-64.306236
-64.293732
-64.290611
-64.293732
-64.290611
-64.281235
-64.281235
-64.290611
-64.29686
-64.290611
-64.29686
-64.303108
-64.287483
-64.274986
-64.290611
-64.29686
-64.29686
-64.293732
-64.284355
-64.284355
-64.281235
-64.29686
-64.303108
-64.293732
-64.29998
-64.287483
-64.281235
-64.293732
-64.281235
-64.293732
-64.287483
-64.293732
-64.293732
-64.274986
-64.293732
-64.306236
-64.306236
-64.315605
-64.312485
-64.315605
-64.318733
-64.334358
-64.334358
-64.349976
-64.346855
-64.353104
-64.346855
-64.353104
-64.324982
-64.334358
-64.324982
-64.321861
-64.318733
-64.337486
-64.346855
-64.356232
-64.343735
-64.340607
-64.356232
-64.353104
-64.346855
-64.33123
-64.318733
-64.29998
-64.29686
-64.290611
-64.29686
-64.29686
-64.312485
-64.340607
-64.33123
-64.321861
-64.32811
-64.33123
-64.309357
-64.315605
-64.309357
-64.33123
-64.337486
-64.337486
-64.337486
-64.346855
-64.33123
-64.318733
-64.346855
-64.36248
-64.353104
-64.340607
-64.346855
-64.349976
-64.368729
-64.374977
-64.387482
-64.381226
-64.356232
-64.356232
-64.359352
-64.356232
-64.381226
-64.36248
-64.36248
-64.359352
-64.346855
-64.346855
-64.36248
-64.346855
-64.346855
-64.334358
-64.324982
-64.334358
-64.349976
-64.33123
-64.346855
-64.346855
-64.346855
-64.349976
-64.353104
-64.356232
-64.387482
-64.371857
-64.384354
-64.387482
-64.381226
-64.368729
-64.359352
-64.353104
-64.346855
-64.346855
-64.356232
-64.346855
-64.36248
-64.374977
-64.368729
-64.340607
-64.32811
-64.33123
-64.334358
-64.33123
-64.346855
-64.324982
-64.324982
-64.32811
-64.324982
-64.337486
-64.340607
-64.346855
-64.346855
-64.374977
-64.371857
-64.359352
-64.368729
-64.368729
-64.381226
-64.381226
-64.359352
-64.387482
-64.399979
-64.387482
-64.365601
-64.378105
-64.381226
-64.378105
-64.371857
-64.371857
-64.384354
-64.39373
-64.390602
-64.381226
-64.36248
-64.359352
-64.365601
-64.36248
-64.368729
-64.378105
-64.371857
-64.384354
-64.387482
-64.378105
-64.418732
-64.403107
-64.399979
-64.415604
-64.418732
-64.421852
-64.42498
-64.428101
-64.415604
-64.42498
-64.412476
-64.421852
-64.418732
-64.418732
-64.399979
-64.403107
-64.418732
-64.434357
-64.421852
-64.399979
-64.406227
-64.406227
-64.415604
-64.443726
-64.440605
-64.440605
-64.437477
-64.434357
-64.443726
-64.462471
-64.453102
-64.446854
-64.449974
-64.440605
-64.421852
-64.446854
-64.446854
-64.449974
-64.446854
-64.443726
-64.421852
-64.412476
-64.415604
-64.431229
-64.443726
-64.434357
-64.437477
-64.415604
-64.440605
-64.453102
-64.434357
-64.434357
-64.443726
-64.437477
-64.446854
-64.446854
-64.446854
-64.449974
-64.471848
-64.456223
-64.459351
-64.446854
-64.434357
-64.443726
-64.440605
-64.453102
-64.459351
-64.453102
-64.443726
-64.453102
-64.446854
-64.434357
-64.456223
-64.446854
-64.465599
-64.462471
-64.449974
-64.449974
-64.437477
-64.446854
-64.453102
-64.453102
-64.446854
-64.437477
-64.462471
-64.456223
-64.465599
-64.456223
-64.446854
-64.459351
-64.456223
-64.462471
-64.468727
-64.446854
-64.437477
-64.446854
-64.440605
-64.446854
-64.440605
-64.437477
-64.446854
-64.446854
-64.456223
-64.453102
-64.481224
-64.471848
-64.481224
-64.471848
-64.481224
-64.453102
-64.459351
-64.471848
-64.474976
-64.462471
-64.484352
-64.496849
-64.484352
-64.474976
-64.487473
-64.478096
-64.503098
-64.506226
-64.487473
-64.490601
-64.490601
-64.496849
-64.474976
-64.493721
-64.474976
-64.465599
-64.456223
-64.468727
-64.490601
-64.478096
-64.481224
-64.478096
-64.465599
-64.468727
-64.474976
-64.484352
-64.493721
-64.496849
-64.496849
-64.496849
-64.509346
-64.503098
-64.515602
-64.512474
-64.493721
-64.490601
-64.481224
-64.496849
-64.499977
-64.487473
-64.487473
-64.484352
-64.471848
-64.481224
-64.465599
-64.478096
-64.471848
-64.468727
-64.462471
-64.478096
-64.478096
-64.462471
-64.468727
-64.449974
-64.462471
-64.462471
-64.462471
-64.471848
-64.499977
-64.487473
-64.487473
-64.496849
-64.484352
-64.471848
-64.478096
-64.481224
-64.471848
-64.468727
-64.456223
-64.453102
-64.449974
-64.449974
-64.487473
-64.449974
-64.453102
-64.468727
-64.456223
-64.453102
-64.446854
-64.434357
-64.443726
-64.449974
-64.453102
-64.459351
-64.465599
-64.456223
-64.471848
-64.449974
-64.443726
-64.449974
-64.456223
-64.446854
-64.443726
-64.440605
-64.462471
-64.446854
-64.428101
-64.446854
-64.446854
-64.443726
-64.446854
-64.443726
-64.440605
-64.440605
-64.440605
-64.437477
-64.431229
-64.409355
-64.437477
-64.440605
-64.434357
-64.418732
-64.437477
-64.456223
-64.446854
-64.465599
-64.474976
-64.468727
-64.493721
-64.484352
-64.478096
-64.478096
-64.459351
-64.474976
-64.465599
-64.462471
-64.459351
-64.459351
-64.446854
-64.456223
-64.474976
-64.449974
-64.465599
-64.446854
-64.446854
-64.459351
-64.421852
-64.428101
-64.431229
-64.406227
-64.409355
-64.415604
-64.399979
-64.421852
-64.418732
-64.415604
-64.421852
-64.443726
-64.42498
-64.428101
-64.446854
-64.443726
-64.446854
-64.434357
-64.428101
-64.428101
-64.421852
-64.434357
-64.446854
-64.446854
-64.437477
-64.449974
-64.443726
-64.446854
-64.440605
-64.446854
-64.428101
-64.428101
-64.415604
-64.443726
-64.437477
-64.418732
-64.437477
-64.443726
-64.456223
-64.449974
-64.453102
-64.465599
-64.449974
-64.471848
-64.465599
-64.459351
-64.446854
-64.446854
-64.434357
-64.415604
-64.42498
-64.431229
-64.421852
-64.399979
-64.418732
-64.418732
-64.399979
-64.415604
-64.421852
-64.415604
-64.421852
-64.409355
-64.418732
-64.399979
-64.403107
-64.418732
-64.396851
-64.396851
-64.374977
-64.306236
-64.32811
-64.33123
-64.343735
-64.359352
-64.343735
-64.353104
-64.359352
-64.349976
-64.353104
-64.374977
-64.381226
-64.396851
-64.368729
-64.356232
-64.371857
-64.353104
-64.378105
-64.390602
-64.409355
-64.399979
-64.409355
-64.390602
-64.403107
-64.409355
-64.399979
-64.415604
-64.396851
-64.409355
-64.399979
-64.399979
-64.403107
-64.403107
-64.396851
-64.396851
-64.396851
-64.381226
-64.387482
-64.418732
-64.418732
-64.421852
-64.434357
-64.434357
-64.418732
-64.403107
-64.406227
-64.403107
-64.418732
-64.415604
-64.406227
-64.412476
-64.412476
-64.412476
-64.412476
-64.39373
-64.399979
-64.406227
-64.399979
-64.409355
-64.390602
-64.403107
-64.399979
-64.390602
-64.374977
-64.384354
-64.368729
-64.365601
-64.403107
-64.368729
-64.371857
-64.381226
-64.387482
-64.396851
-64.409355
-64.384354
-64.381226
-64.406227
-64.406227
-64.412476
-64.409355
-64.399979
-64.399979
-64.396851
-64.381226
-64.403107
-64.378105
-64.374977
-64.384354
-64.378105
-64.374977
-64.396851
-64.365601
-64.36248
-64.365601
-64.36248
-64.359352
-64.359352
-64.353104
-64.353104
-64.343735
-64.346855
-64.356232
-64.346855
-64.356232
-64.381226
-64.384354
-64.378105
-64.387482
-64.384354
-64.403107
-64.387482
-64.368729
-64.371857
-64.359352
-64.343735
-64.356232
-64.353104
-64.36248
-64.368729
-64.343735
-64.334358
-64.343735
-64.343735
-64.365601
-64.378105
-64.365601
-64.365601
-64.368729
-64.378105
-64.378105
-64.390602
-64.378105
-64.36248
-64.371857
-64.378105
-64.381226
-64.406227
-64.39373
-64.39373
-64.387482
-64.415604
-64.390602
-64.399979
-64.415604
-64.406227
-64.421852
-64.428101
-64.418732
-64.403107
-64.39373
-64.412476
-64.406227
-64.418732
-64.412476
-64.409355
-64.403107
-64.415604
-64.412476
-64.446854
-64.446854
-64.443726
-64.437477
-64.446854
-64.449974
-64.446854
-64.431229
-64.431229
-64.415604
-64.421852
-64.399979
-64.421852
-64.421852
-64.415604
-64.409355
-64.403107
-64.437477
-64.431229
-64.434357
-64.421852
-64.412476
-64.403107
-64.399979
-64.399979
-64.387482
-64.403107
-64.39373
-64.396851
-64.406227
-64.390602
-64.406227
-64.396851
-64.396851
-64.42498
-64.421852
-64.418732
-64.446854
-64.459351
-64.428101
-64.456223
-64.462471
-64.481224
-64.496849
-64.499977
-64.474976
-64.465599
-64.474976
-64.481224
-64.478096
-64.478096
-64.484352
-64.481224
-64.462471
-64.465599
-64.459351
-64.456223
-64.459351
-64.437477
-64.449974
-64.446854
-64.459351
-64.449974
-64.446854
-64.446854
-64.446854
-64.462471
-64.443726
-64.431229
-64.434357
-64.443726
-64.437477
-64.449974
-64.428101
-64.437477
-64.440605
-64.443726
-64.443726
-64.449974
-64.459351
-64.481224
-64.453102
-64.446854
-64.446854
-64.459351
-64.459351
-64.478096
-64.490601
-64.462471
-64.459351
-64.462471
-64.465599
-64.446854
-64.459351
-64.453102
-64.453102
-64.459351
-64.462471
-64.459351
-64.462471
-64.462471
-64.462471
-64.443726
-64.431229
-64.443726
-64.437477
-64.462471
-64.471848
-64.468727
-64.456223
-64.443726
-64.453102
-64.456223
-64.446854
-64.459351
-64.465599
-64.459351
-64.462471
-64.468727
-64.456223
-64.471848
-64.496849
-64.490601
-64.490601
-64.490601
-64.462471
-64.484352
-64.462471
-64.481224
-64.471848
-64.462471
-64.481224
-64.496849
-64.499977
-64.499977
-64.531227
-64.496849
-64.484352
-64.481224
-64.493721
-64.484352
-64.496849
-64.468727
-64.462471
-64.462471
-64.453102
-64.456223
-64.456223
-64.446854
-64.449974
-64.446854
-64.446854
-64.453102
-64.465599
-64.484352
-64.496849
-64.490601
-64.484352
-64.496849
-64.478096
-64.490601
-64.484352
-64.478096
-64.462471
-64.431229
-64.443726
-64.434357
-64.443726
-64.462471
-64.468727
-64.459351
-64.446854
-64.446854
-64.465599
-64.453102
-64.446854
-64.449974
-64.465599
-64.468727
-64.446854
-64.449974
-64.446854
-64.468727
-64.459351
-64.446854
-64.428101
-64.446854
-64.456223
-64.434357
-64.437477
-64.434357
-64.449974
-64.453102
-64.453102
-64.468727
-64.478096
-64.468727
-64.456223
-64.446854
-64.446854
-64.456223
-64.459351
-64.453102
-64.471848
-64.443726
-64.437477
-64.443726
-64.440605
-64.456223
-64.462471
-64.456223
-64.459351
-64.465599
-64.446854
-64.443726
-64.456223
-64.462471
-64.446854
-64.459351
-64.446854
-64.446854
-64.459351
-64.462471
-64.462471
-64.462471
-64.449974
-64.474976
-64.465599
-64.468727
-64.474976
-64.484352
-64.481224
-64.478096
-64.468727
-64.484352
-64.468727
-64.459351
-64.465599
-64.471848
-64.465599
-64.478096
-64.481224
-64.490601
-64.493721
-64.499977
-64.496849
-64.487473
-64.474976
-64.478096
-64.459351
-64.446854
-64.446854
-64.459351
-64.453102
-64.456223
-64.468727
-64.462471
-64.465599
-64.443726
-64.440605
-64.42498
-64.440605
-64.471848
-64.453102
-64.468727
-64.459351
-64.487473
-64.493721
-64.490601
-64.481224
-64.468727
-64.446854
-64.465599
-64.453102
-64.459351
-64.459351
-64.440605
-64.434357
-64.468727
-64.459351
-64.456223
-64.453102
-64.449974
-64.459351
-64.456223
-64.459351
-64.459351
-64.462471
-64.468727
-64.484352
-64.471848
-64.465599
-64.465599
-64.462471
-64.471848
-64.465599
-64.471848
-64.487473
-64.462471
-64.499977
-64.509346
-64.478096
-64.493721
-64.509346
-64.515602
-64.515602
-64.496849
-64.487473
-64.493721
-64.499977
-64.484352
-64.478096
-64.468727
-64.496849
-64.506226
-64.496849
-64.481224
-64.468727
-64.474976
-64.459351
-64.478096
-64.487473
-64.478096
-64.490601
-64.496849
-64.474976
-64.487473
-64.490601
-64.515602
-64.515602
-64.509346
-64.512474
-64.496849
-64.490601
-64.478096
-64.478096
-64.490601
-64.490601
-64.487473
-64.512474
-64.512474
-64.518723
-64.515602
-64.521851
-64.515602
-64.512474
-64.496849
-64.512474
-64.521851
-64.493721
-64.484352
-64.481224
-64.512474
-64.474976
-64.481224
-64.490601
-64.493721
-64.503098
-64.503098
-64.493721
-64.478096
-64.456223
-64.465599
-64.478096
-64.474976
-64.465599
-64.493721
-64.487473
-64.493721
-64.499977
-64.496849
-64.506226
-64.512474
-64.503098
-64.506226
-64.515602
-64.478096
-64.478096
-64.468727
-64.484352
-64.481224
-64.496849
-64.471848
-64.493721
-64.487473
-64.465599
-64.459351
-64.453102
-64.462471
-64.471848
-64.481224
-64.468727
-64.490601
-64.465599
-64.468727
-64.490601
-64.471848
-64.471848
-64.459351
-64.471848
-64.453102
-64.446854
-64.434357
-64.446854
-64.443726
-64.449974
-64.446854
-64.431229
-64.446854
-64.440605
-64.449974
-64.465599
-64.471848
-64.471848
-64.468727
-64.459351
-64.446854
-64.481224
-64.478096
-64.484352
-64.478096
-64.490601
-64.465599
-64.481224
-64.509346
-64.493721
-64.496849
-64.481224
-64.449974
-64.465599
-64.446854
-64.446854
-64.446854
-64.440605
-64.421852
-64.446854
-64.443726
-64.468727
-64.456223
-64.446854
-64.456223
-64.440605
-64.440605
-64.446854
-64.437477
-64.446854
-64.459351
-64.434357
-64.437477
-64.440605
-64.421852
-64.415604
-64.437477
-64.434357
-64.456223
-64.446854
-64.453102
-64.446854
-64.446854
-64.421852
-64.415604
-64.418732
-64.412476
-64.418732
-64.409355
-64.409355
-64.421852
-64.415604
-64.428101
-64.459351
-64.440605
-64.443726
-64.443726
-64.456223
-64.462471
-64.440605
-64.421852
-64.415604
-64.387482
-64.381226
-64.374977
-64.390602
-64.39373
-64.399979
-64.396851
-64.403107
-64.396851
-64.387482
-64.396851
-64.412476
-64.387482
-64.39373
-64.39373
-64.387482
-64.381226
-64.384354
-64.36248
-64.371857
-64.381226
-64.381226
-64.378105
-64.36248
-64.365601
-64.346855
-64.36248
-64.378105
-64.387482
-64.381226
-64.384354
-64.412476
-64.381226
-64.390602
-64.406227
-64.409355
-64.371857
-64.378105
-64.36248
-64.368729
-64.359352
-64.340607
-64.36248
-64.359352
-64.359352
-64.359352
-64.346855
-64.353104
-64.346855
-64.33123
-64.33123
-64.343735
-64.337486
-64.343735
-64.36248
-64.340607
-64.337486
-64.346855
-64.353104
-64.390602
-64.36248
-64.387482
-64.365601
-64.378105
-64.374977
-64.371857
-64.374977
-64.359352
-64.36248
-64.368729
-64.374977
-64.39373
-64.384354
-64.390602
-64.371857
-64.368729
-64.374977
-64.384354
-64.356232
-64.340607
-64.353104
-64.349976
-64.356232
-64.346855
-64.337486
-64.346855
-64.346855
-64.346855
-64.346855
-64.346855
-64.36248
-64.365601
-64.359352
-64.36248
-64.36248
-64.36248
-64.346855
-64.371857
-64.378105
-64.371857
-64.365601
-64.359352
-64.346855
-64.356232
-64.353104
-64.368729
-64.36248
-64.353104
-64.374977
-64.371857
-64.356232
-64.359352
-64.374977
-64.36248
-64.378105
-64.36248
-64.381226
-64.378105
-64.368729
-64.384354
-64.374977
-64.374977
-64.396851
-64.387482
-64.368729
-64.359352
-64.343735
-64.337486
-64.346855
-64.349976
-64.340607
-64.324982
-64.324982
-64.32811
-64.33123
-64.334358
-64.343735
-64.324982
-64.346855
-64.315605
-64.340607
-64.334358
-64.324982
-64.315605
-64.315605
-64.337486
-64.337486
-64.306236
-64.318733
-64.321861
-64.306236
-64.318733
-64.324982
-64.324982
-64.340607
-64.334358
-64.303108
-64.334358
-64.32811
-64.337486
-64.340607
-64.33123
-64.337486
-64.324982
-64.321861
-64.33123
-64.337486
-64.343735
-64.346855
-64.334358
-64.334358
-64.324982
-64.29998
-64.33123
-64.334358
-64.312485
-64.312485
-64.315605
-64.315605
-64.321861
-64.309357
-64.293732
-64.29998
-64.303108
-64.309357
-64.337486
-64.306236
-64.315605
-64.321861
-64.324982
-64.290611
-64.29686
-64.293732
-64.278107
-64.303108
-64.29686
-64.29686
-64.318733
-64.306236
-64.306236
-64.293732
-64.29686
-64.287483
-64.287483
-64.278107
-64.26873
-64.281235
-64.278107
-64.284355
-64.281235
-64.278107
-64.303108
-64.253105
-64.249985
-64.26561
-64.243736
-64.256233
-64.278107
-64.284355
-64.29686
-64.309357
-64.312485
-64.303108
-64.29686
-64.293732
-64.309357
-64.29686
-64.315605
-64.306236
-64.29686
-64.29686
-64.29998
-64.29686
-64.29686
-64.324982
-64.324982
-64.318733
-64.303108
-64.29686
-64.29998
-64.315605
-64.312485
-64.29686
-64.303108
-64.274986
-64.290611
-64.29686
-64.281235
-64.29998
-64.29686
-64.306236
-64.29998
-64.284355
-64.274986
-64.293732
-64.293732
-64.306236
-64.281235
-64.284355
-64.29686
-64.29998
-64.29686
-64.290611
-64.309357
-64.29686
-64.293732
-64.256233
-64.271858
-64.26873
-64.290611
-64.278107
-64.293732
-64.290611
-64.29686
-64.303108
-64.309357
-64.274986
-64.278107
-64.29686
-64.29686
-64.284355
-64.287483
-64.271858
-64.29998
-64.293732
-64.293732
-64.29686
-64.29686
-64.290611
-64.309357
-64.29686
-64.29998
-64.306236
-64.290611
-64.293732
-64.309357
-64.334358
-64.321861
-64.303108
-64.29686
-64.309357
-64.293732
-64.29686
-64.29998
-64.278107
-64.309357
-64.309357
-64.29686
-64.293732
-64.26873
-64.262482
-64.26561
-64.246864
-64.249985
-64.246864
-64.237488
-64.234367
-64.246864
-64.253105
-64.26561
-64.26561
-64.262482
-64.29686
-64.29686
-64.29686
-64.290611
-64.278107
-64.278107
-64.321861
-64.32811
-64.306236
-64.312485
-64.29686
-64.293732
-64.29686
-64.306236
-64.29686
-64.29686
-64.309357
-64.309357
-64.29686
-64.303108
-64.29686
-64.290611
-64.303108
-64.29686
-64.284355
-64.26873
-64.256233
-64.26873
-64.29686
-64.29686
-64.278107
-64.26873
-64.26561
-64.26561
-64.26873
-64.274986
-64.281235
-64.29686
-64.309357
-64.29686
-64.312485
-64.303108
-64.303108
-64.309357
-64.318733
-64.29998
-64.29686
-64.306236
-64.293732
-64.293732
-64.284355
-64.290611
-64.29998
-64.281235
-64.293732
-64.278107
-64.271858
-64.293732
-64.29686
-64.29998
-64.293732
-64.303108
-64.293732
-64.281235
-64.29998
-64.290611
-64.29686
-64.29998
-64.278107
-64.274986
-64.274986
-64.262482
-64.271858
-64.256233
-64.271858
-64.274986
-64.26873
-64.290611
-64.284355
-64.243736
-64.26561
-64.259361
-64.271858
-64.293732
-64.281235
-64.249985
-64.271858
-64.284355
-64.29686
-64.306236
-64.303108
-64.303108
-64.312485
-64.29686
-64.29686
-64.29686
-64.29686
-64.278107
-64.290611
-64.278107
-64.287483
-64.29686
-64.284355
-64.284355
-64.303108
-64.293732
-64.284355
-64.287483
-64.293732
-64.29686
-64.29686
-64.281235
-64.303108
-64.293732
-64.284355
-64.309357
-64.29686
-64.29686
-64.29686
-64.290611
-64.29686
-64.312485
-64.29686
-64.29686
-64.29686
-64.324982
-64.337486
-64.321861
-64.321861
-64.324982
-64.315605
-64.309357
-64.32811
-64.324982
-64.318733
-64.315605
-64.324982
-64.321861
-64.33123
-64.312485
-64.315605
-64.33123
-64.315605
-64.334358
-64.368729
-64.36248
-64.378105
-64.365601
-64.365601
-64.371857
-64.36248
-64.353104
-64.353104
-64.318733
-64.318733
-64.337486
-64.356232
-64.356232
-64.349976
-64.343735
-64.349976
-64.334358
-64.340607
-64.346855
-64.33123
-64.321861
-64.32811
-64.324982
-64.32811
-64.33123
-64.365601
-64.356232
-64.36248
-64.36248
-64.371857
-64.353104
-64.346855
-64.334358
-64.346855
-64.353104
-64.343735
-64.343735
-64.346855
-64.337486
-64.321861
-64.324982
-64.324982
-64.324982
-64.312485
-64.312485
-64.340607
-64.318733
-64.340607
-64.303108
-64.315605
-64.334358
-64.334358
-64.321861
-64.318733
-64.29686
-64.290611
-64.274986
-64.290611
-64.29686
-64.29686
-64.303108
-64.315605
-64.309357
-64.303108
-64.309357
-64.303108
-64.309357
-64.306236
-64.321861
-64.318733
-64.318733
-64.309357
-64.29686
-64.318733
-64.29686
-64.343735
-64.32811
-64.321861
-64.321861
-64.303108
-64.306236
-64.318733
-64.312485
-64.324982
-64.303108
-64.29686
-64.290611
-64.29686
-64.315605
-64.343735
-64.318733
-64.321861
-64.343735
-64.340607
-64.346855
-64.346855
-64.334358
-64.337486
-64.340607
-64.340607
-64.324982
-64.33123
-64.33123
-64.343735
-64.340607
-64.340607
-64.343735
-64.334358
-64.324982
-64.346855
-64.340607
-64.343735
-64.340607
-64.33123
-64.340607
-64.36248
-64.36248
-64.346855
-64.346855
-64.353104
-64.340607
-64.334358
-64.324982
-64.324982
-64.334358
-64.321861
-64.337486
-64.315605
-64.29998
-64.29686
-64.29998
-64.287483
-64.290611
-64.290611
-64.29686
-64.303108
-64.315605
-64.33123
-64.346855
-64.337486
-64.321861
-64.340607
-64.29998
-64.318733
-64.278107
-64.290611
-64.29686
-64.290611
-64.278107
-64.281235
-64.259361
-64.249985
-64.259361
-64.26873
-64.246864
-64.278107
-64.290611
-64.271858
-64.290611
-64.281235
-64.26873
-64.274986
-64.274986
-64.290611
-64.262482
-64.271858
-64.26873
-64.271858
-64.26561
-64.259361
-64.253105
-64.243736
-64.246864
-64.240616
-64.243736
-64.271858
-64.259361
-64.237488
-64.246864
-64.243736
-64.243736
-64.240616
-64.262482
-64.249985
-64.246864
-64.246864
-64.240616
-64.262482
-64.262482
-64.271858
-64.26561
-64.278107
-64.26873
-64.274986
-64.262482
-64.274986
-64.281235
-64.262482
-64.26561
-64.26873
-64.253105
-64.246864
-64.228111
-64.234367
-64.231239
-64.221863
-64.234367
-64.243736
-64.243736
-64.215614
-64.231239
-64.228111
-64.224991
-64.221863
-64.209366
-64.199989
-64.221863
-64.215614
-64.209366
-64.224991
-64.246864
-64.231239
-64.215614
-64.212486
-64.212486
-64.203117
-64.196861
-64.218742
-64.231239
-64.234367
-64.253105
-64.243736
-64.234367
-64.231239
-64.218742
-64.243736
-64.228111
-64.237488
-64.224991
-64.221863
-64.228111
-64.243736
-64.218742
-64.209366
-64.209366
-64.221863
-64.215614
-64.224991
-64.221863
-64.206238
-64.203117
-64.215614
-64.224991
-64.221863
-64.196861
-64.187492
-64.193741
-64.196861
-64.221863
-64.228111
-64.209366
-64.240616
-64.218742
-64.193741
-64.212486
-64.187492
-64.181236
-64.184364
-64.171867
-64.196861
-64.187492
-64.196861
-64.187492
-64.190613
-64.199989
-64.203117
-64.190613
-64.203117
-64.196861
-64.199989
-64.199989
-64.203117
-64.221863
-64.240616
-64.271858
-64.256233
-64.243736
-64.237488
-64.218742
-64.231239
-64.224991
-64.237488
-64.212486
-64.209366
-64.196861
-64.203117
-64.206238
-64.181236
-64.193741
-64.181236
-64.171867
-64.156242
-64.171867
-64.174988
-64.171867
-64.171867
-64.165611
-64.178116
-64.159363
-64.168739
-64.153114
-64.162491
-64.153114
-64.168739
-64.146866
-64.156242
-64.149986
-64.159363
-64.187492
-64.190613
-64.203117
-64.199989
-64.206238
-64.215614
-64.203117
-64.212486
-64.193741
-64.203117
-64.199989
-64.209366
-64.199989
-64.206238
-64.196861
-64.203117
-64.156242
-64.178116
-64.181236
-64.190613
-64.190613
-64.199989
-64.193741
-64.228111
-64.234367
-64.212486
-64.203117
-64.190613
-64.184364
-64.196861
-64.196861
-64.203117
-64.206238
-64.206238
-64.187492
-64.193741
-64.178116
-64.178116
-64.181236
-64.203117
-64.203117
-64.203117
-64.199989
-64.196861
-64.184364
-64.178116
-64.187492
-64.165611
-64.171867
-64.165611
-64.190613
-64.193741
-64.224991
-64.199989
-64.212486
-64.206238
-64.181236
-64.184364
-64.153114
-64.149986
-64.168739
-64.171867
-64.174988
-64.174988
-64.209366
-64.209366
-64.209366
-64.212486
-64.203117
-64.231239
-64.224991
-64.209366
-64.228111
-64.224991
-64.215614
-64.215614
-64.196861
-64.193741
-64.228111
-64.206238
-64.199989
-64.212486
-64.206238
-64.203117
-64.206238
-64.196861
-64.190613
-64.196861
-64.215614
-64.221863
-64.196861
-64.224991
-64.224991
-64.196861
-64.190613
-64.209366
-64.196861
-64.196861
-64.215614
-64.206238
-64.218742
-64.218742
-64.212486
-64.237488
-64.221863
-64.218742
-64.224991
-64.231239
-64.234367
-64.234367
-64.234367
-64.234367
-64.256233
-64.249985
-64.259361
-64.271858
-64.256233
-64.256233
-64.278107
-64.256233
-64.253105
-64.246864
-64.237488
-64.249985
-64.249985
-64.26561
-64.246864
-64.26561
-64.262482
-64.249985
-64.249985
-64.26561
-64.281235
-64.259361
-64.281235
-64.284355
-64.281235
-64.281235
-64.293732
-64.290611
-64.29686
-64.278107
-64.26561
-64.26873
-64.253105
-64.262482
-64.26561
-64.287483
-64.284355
-64.29686
-64.262482
-64.274986
-64.290611
-64.284355
-64.29686
-64.29686
-64.281235
-64.290611
-64.274986
-64.278107
-64.26561
-64.26873
-64.271858
-64.259361
-64.259361
-64.253105
-64.246864
-64.243736
-64.234367
-64.256233
-64.246864
-64.249985
-64.256233
-64.253105
-64.259361
-64.259361
-64.259361
-64.246864
-64.249985
-64.259361
-64.271858
-64.26561
-64.256233
-64.253105
-64.256233
-64.253105
-64.287483
-64.29686
-64.290611
-64.290611
-64.284355
-64.259361
-64.271858
-64.271858
-64.246864
-64.253105
-64.243736
-64.256233
-64.237488
-64.256233
-64.249985
-64.243736
-64.262482
-64.274986
-64.278107
-64.271858
-64.26561
-64.26561
-64.256233
-64.271858
-64.256233
-64.26561
-64.278107
-64.26561
-64.26873
-64.287483
-64.259361
-64.281235
-64.287483
-64.259361
-64.284355
-64.26873
-64.26561
-64.271858
-64.278107
-64.271858
-64.26561
-64.281235
-64.249985
-64.256233
-64.256233
-64.253105
-64.256233
-64.231239
-64.237488
-64.221863
-64.212486
-64.196861
-64.212486
-64.206238
-64.228111
-64.243736
-64.234367
-64.234367
-64.224991
-64.246864
-64.262482
-64.234367
-64.231239
-64.256233
-64.246864
-64.246864
-64.253105
-64.237488
-64.231239
-64.246864
-64.231239
-64.228111
-64.240616
-64.234367
-64.259361
-64.249985
-64.256233
-64.26873
-64.256233
-64.259361
-64.256233
-64.271858
-64.246864
-64.249985
-64.246864
-64.259361
-64.26561
-64.253105
-64.262482
-64.29686
-64.262482
-64.278107
-64.26561
-64.259361
-64.259361
-64.26561
-64.256233
-64.284355
-64.246864
-64.259361
-64.26561
-64.262482
-64.246864
-64.262482
-64.256233
-64.281235
-64.26873
-64.246864
-64.271858
-64.278107
-64.287483
-64.29686
-64.290611
-64.274986
-64.26873
-64.26873
-64.246864
-64.246864
-64.262482
-64.249985
-64.262482
-64.26873
-64.26561
-64.287483
-64.287483
-64.274986
-64.278107
-64.246864
-64.26873
-64.262482
-64.246864
-64.253105
-64.249985
-64.256233
-64.237488
-64.240616
-64.231239
-64.234367
-64.237488
-64.224991
-64.234367
-64.221863
-64.243736
-64.243736
-64.237488
-64.228111
-64.231239
-64.224991
-64.246864
-64.256233
-64.237488
-64.221863
-64.212486
-64.206238
-64.218742
-64.224991
-64.240616
-64.249985
-64.243736
-64.243736
-64.246864
-64.246864
-64.246864
-64.249985
-64.26561
-64.262482
-64.274986
-64.253105
-64.253105
-64.240616
-64.215614
-64.231239
-64.221863
-64.224991
-64.221863
-64.212486
-64.215614
-64.231239
-64.240616
-64.228111
-64.240616
-64.253105
-64.246864
-64.26561
-64.26561
-64.271858
-64.281235
-64.271858
-64.274986
-64.262482
-64.26561
-64.287483
-64.271858
-64.253105
-64.259361
-64.281235
-64.26873
-64.246864
-64.256233
-64.246864
-64.237488
-64.224991
-64.249985
-64.26561
-64.26873
-64.29686
-64.278107
-64.271858
-64.26561
-64.26873
-64.256233
-64.249985
-64.246864
-64.246864
-64.237488
-64.259361
-64.246864
-64.278107
-64.274986
-64.26873
-64.284355
-64.256233
-64.26873
-64.29998
-64.256233
-64.249985
-64.249985
-64.237488
-64.246864
-64.234367
-64.190613
-64.184364
-64.199989
-64.212486
-64.218742
-64.215614
-64.212486
-64.206238
-64.215614
-64.218742
-64.218742
-64.215614
-64.184364
-64.193741
-64.203117
-64.199989
-64.206238
-64.190613
-64.184364
-64.212486
-64.196861
-64.193741
-64.209366
-64.209366
-64.209366
-64.196861
-64.190613
-64.190613
-64.184364
-64.190613
-64.199989
-64.196861
-64.196861
-64.196861
-64.206238
-64.174988
-64.190613
-64.196861
-64.203117
-64.209366
-64.193741
-64.206238
-64.187492
-64.174988
-64.171867
-64.181236
-64.196861
-64.174988
-64.171867
-64.159363
-64.174988
-64.171867
-64.178116
-64.178116
-64.171867
-64.199989
-64.212486
-64.193741
-64.193741
-64.187492
-64.181236
-64.184364
-64.184364
-64.203117
-64.196861
-64.206238
-64.206238
-64.199989
-64.184364
-64.184364
-64.187492
-64.184364
-64.181236
-64.196861
-64.184364
-64.181236
-64.184364
-64.196861
-64.174988
-64.181236
-64.181236
-64.171867
-64.184364
-64.181236
-64.187492
-64.171867
-64.162491
-64.184364
-64.159363
-64.156242
-64.174988
-64.181236
-64.187492
-64.199989
-64.190613
-64.196861
-64.221863
-64.218742
-64.221863
-64.218742
-64.206238
-64.206238
-64.206238
-64.209366
-64.209366
-64.218742
-64.203117
-64.224991
-64.224991
-64.218742
-64.221863
-64.209366
-64.218742
-64.228111
-64.237488
-64.224991
-64.231239
-64.209366
-64.203117
-64.206238
-64.218742
-64.209366
-64.221863
-64.206238
-64.218742
-64.221863
-64.231239
-64.218742
-64.215614
-64.206238
-64.224991
-64.231239
-64.212486
-64.209366
-64.234367
-64.215614
-64.199989
-64.184364
-64.184364
-64.206238
-64.206238
-64.206238
-64.206238
-64.209366
-64.206238
-64.209366
-64.209366
-64.234367
-64.234367
-64.234367
-64.237488
-64.253105
-64.246864
-64.243736
-64.221863
-64.231239
-64.234367
-64.234367
-64.209366
-64.196861
-64.199989
-64.193741
-64.199989
-64.190613
-64.196861
-64.193741
-64.196861
-64.206238
-64.215614
-64.212486
-64.215614
-64.218742
-64.209366
-64.178116
-64.203117
-64.187492
-64.206238
-64.209366
-64.228111
-64.237488
-64.196861
-64.199989
-64.199989
-64.206238
-64.218742
-64.221863
-64.224991
-64.240616
-64.215614
-64.212486
-64.218742
-64.193741
-64.181236
-64.187492
-64.181236
-64.168739
-64.181236
-64.203117
-64.199989
-64.215614
-64.221863
-64.231239
-64.237488
-64.215614
-64.209366
-64.209366
-64.187492
-64.196861
-64.165611
-64.153114
-64.168739
-64.156242
-64.153114
-64.146866
-64.156242
-64.153114
-64.174988
-64.171867
-64.199989
-64.184364
-64.174988
-64.196861
-64.196861
-64.193741
-64.184364
-64.218742
-64.199989
-64.199989
-64.190613
-64.193741
-64.203117
-64.212486
-64.209366
-64.199989
-64.196861
-64.206238
-64.240616
-64.231239
-64.237488
-64.212486
-64.215614
-64.212486
-64.221863
-64.234367
-64.221863
-64.212486
-64.203117
-64.203117
-64.212486
-64.221863
-64.212486
-64.215614
-64.196861
-64.203117
-64.187492
-64.196861
-64.187492
-64.196861
-64.196861
-64.193741
-64.190613
-64.193741
-64.187492
-64.203117
-64.215614
-64.224991
-64.215614
-64.196861
-64.196861
-64.212486
-64.215614
-64.203117
-64.215614
-64.209366
-64.240616
-64.240616
-64.262482
-64.249985
-64.234367
-64.231239
-64.218742
-64.206238
-64.206238
-64.203117
-64.212486
-64.187492
-64.178116
-64.184364
-64.190613
-64.181236
-64.171867
-64.187492
-64.190613
-64.193741
-64.203117
-64.190613
-64.203117
-64.196861
-64.209366
-64.196861
-64.193741
-64.218742
-64.243736
-64.234367
-64.246864
-64.246864
-64.218742
-64.234367
-64.218742
-64.203117
-64.221863
-64.209366
-64.199989
-64.212486
-64.196861
-64.203117
-64.221863
-64.224991
-64.221863
-64.218742
-64.199989
-64.221863
-64.224991
-64.224991
-64.240616
-64.224991
-64.224991
-64.215614
-64.221863
-64.209366
-64.206238
-64.199989
-64.196861
-64.193741
-64.162491
-64.165611
-64.178116
-64.184364
-64.184364
-64.184364
-64.196861
-64.199989
-64.196861
-64.187492
-64.184364
-64.187492
-64.174988
-64.171867
-64.193741
-64.184364
-64.190613
-64.190613
-64.187492
-64.184364
-64.153114
-64.159363
-64.156242
-64.171867
-64.168739
-64.156242
-64.146866
-64.168739
-64.181236
-64.162491
-64.156242
-64.140617
-64.146866
-64.156242
-64.134369
-64.146866
-64.162491
-64.165611
-64.178116
-64.168739
-64.156242
-64.153114
-64.146866
-64.140617
-64.140617
-64.131241
-64.124992
-64.121872
-64.121872
-64.103119
-64.112495
-64.137497
-64.134369
-64.137497
-64.143745
-64.121872
-64.106247
-64.109367
-64.093742
-64.087494
-64.084366
-64.068741
-64.084366
-64.074997
-64.103119
-64.106247
-64.109367
-64.09687
-64.106247
-64.103119
-64.090622
-64.084366
-64.06562
-64.09687
-64.078117
-64.078117
-64.093742
-64.084366
-64.081245
-64.078117
-64.084366
-64.093742
-64.099991
-64.09687
-64.103119
-64.099991
-64.093742
-64.099991
-64.09687
-64.09687
-64.131241
-64.134369
-64.134369
-64.140617
-64.131241
-64.103119
-64.103119
-64.09687
-64.109367
-64.121872
-64.09687
-64.093742
-64.093742
-64.090622
-64.103119
-64.093742
-64.081245
-64.084366
-64.084366
-64.081245
-64.087494
-64.09687
-64.078117
-64.087494
-64.081245
-64.062492
-64.059372
-64.074997
-64.053116
-64.071869
-64.087494
-64.06562
-64.087494
-64.087494
-64.099991
-64.115616
-64.109367
-64.087494
-64.09687
-64.109367
-64.09687
-64.109367
-64.090622
-64.071869
-64.071869
-64.062492
-64.06562
-64.046875
-64.046875
-64.046875
-64.049995
-64.043747
-64.084366
-64.09687
-64.099991
-64.109367
-64.093742
-64.099991
-64.09687
-64.081245
-64.059372
-64.078117
-64.049995
-64.06562
-64.059372
-64.062492
-64.071869
-64.074997
-64.078117
-64.084366
-64.09687
-64.09687
-64.103119
-64.090622
-64.103119
-64.09687
-64.090622
-64.09687
-64.106247
-64.09687
-64.09687
-64.09687
-64.09687
-64.099991
-64.109367
-64.115616
-64.121872
-64.103119
-64.099991
-64.106247
-64.09687
-64.087494
-64.09687
-64.09687
-64.112495
-64.09687
-64.09687
-64.09687
-64.103119
-64.118744
-64.12812
-64.121872
-64.109367
-64.099991
-64.115616
-64.081245
-64.090622
-64.103119
-64.112495
-64.09687
-64.103119
-64.106247
-64.121872
-64.118744
-64.106247
-64.12812
-64.103119
-64.134369
-64.112495
-64.109367
-64.12812
-64.124992
-64.134369
-64.124992
-64.124992
-64.118744
-64.118744
-64.109367
-64.118744
-64.12812
-64.115616
-64.093742
-64.087494
-64.09687
-64.090622
-64.112495
-64.118744
-64.09687
-64.12812
-64.121872
-64.134369
-64.124992
-64.121872
-64.143745
-64.137497
-64.134369
-64.137497
-64.146866
-64.143745
-64.124992
-64.118744
-64.115616
-64.115616
-64.09687
-64.112495
-64.106247
-64.112495
-64.103119
-64.099991
-64.093742
-64.093742
-64.099991
-64.087494
-64.109367
-64.106247
-64.124992
-64.112495
-64.112495
-64.118744
-64.140617
-64.115616
-64.112495
-64.118744
-64.109367
-64.109367
-64.106247
-64.106247
-64.121872
-64.103119
-64.09687
-64.081245
-64.078117
-64.068741
-64.087494
-64.081245
-64.084366
-64.074997
-64.059372
-64.09687
-64.103119
-64.090622
-64.093742
-64.078117
-64.081245
-64.093742
-64.074997
-64.071869
-64.081245
-64.059372
-64.046875
-64.049995
-64.078117
-64.074997
-64.090622
-64.087494
-64.09687
-64.099991
-64.093742
-64.087494
-64.090622
-64.109367
-64.090622
-64.081245
-64.059372
-64.06562
-64.059372
-64.074997
-64.053116
-64.056244
-64.06562
-64.081245
-64.071869
-64.09687
-64.074997
-64.078117
-64.068741
-64.06562
-64.087494
-64.078117
-64.084366
-64.087494
-64.093742
-64.090622
-64.093742
-64.074997
-64.078117
-64.084366
-64.087494
-64.078117
-64.049995
-64.046875
-64.049995
-64.053116
-64.049995
-64.059372
-64.046875
-64.040627
-64.040627
-64.028122
-64.06562
-64.046875
-64.03125
-64.046875
-64.043747
-64.056244
-64.046875
-64.015625
-64.009377
-64.025002
-64.018745
-64.018745
-64.040627
-64.040627
-64.03437
-64.056244
-64.062492
-64.078117
-64.056244
-64.059372
-64.071869
-64.06562
-64.046875
-64.059372
-64.062492
-64.059372
-64.046875
-64.03437
-64.059372
-64.071869
-64.087494
-64.078117
-64.093742
-64.09687
-64.09687
-64.093742
-64.112495
-64.106247
-64.09687
-64.084366
-64.09687
-64.109367
-64.084366
-64.099991
-64.06562
-64.06562
-64.081245
-64.059372
-64.06562
-64.071869
-64.059372
-64.056244
-64.068741
-64.046875
-64.059372
-64.046875
-64.046875
-64.056244
-64.040627
-64.03125
-64.046875
-64.028122
-64.046875
-64.068741
-64.06562
-64.059372
-64.053116
-64.046875
-64.068741
-64.053116
-64.037498
-64.043747
-64.053116
-64.046875
-64.059372
-64.090622
-64.081245
-64.078117
-64.046875
-64.049995
-64.03437
-64.037498
-64.056244
-64.06562
-64.046875
-64.043747
-64.040627
-64.025002
-64.049995
-64.06562
-64.059372
-64.046875
-64.056244
-64.046875
-64.049995
-64.06562
-64.046875
-64.043747
-64.03125
-64.046875
-64.046875
-64.03437
-64.021873
-64.043747
-64.025002
-64.009377
-64.012497
-64.021873
-64.018745
-64.046875
-64.012497
-64.012497
-63.996872
-64.012497
-64.012497
-64.018745
-64.006248
-64.025002
-64.012497
-64.009377
-64.03125
-64.018745
-63.996872
-63.996872
-63.993748
-63.981247
-63.984375
-63.996872
-63.987499
-63.996872
-64.012497
-63.993748
-63.996872
-63.990623
-64.012497
-63.996872
-63.993748
-64.015625
-63.990623
-63.96875
-63.978123
-63.993748
-63.96875
-63.993748
-63.990623
-63.990623
-63.987499
-63.984375
-63.987499
-63.993748
-63.990623
-63.990623
-63.996872
-63.978123
-63.974998
-63.996872
-63.990623
-63.996872
-63.996872
-63.996872
-64.018745
-64.018745
-63.996872
-63.996872
-63.996872
-63.996872
-63.990623
-63.978123
-63.984375
-63.996872
-64.03125
-64.021873
-64.037498
-64.03125
-64.046875
-64.043747
-64.028122
-64.037498
-64.018745
-64.028122
-64.03437
-64.028122
-64.037498
-64.021873
-64.018745
-64.021873
-64.028122
-64.037498
-64.03125
-64.015625
-63.996872
-64.021873
-64.015625
-64.021873
-64.021873
-64.009377
-64.025002
-64.046875
-64.046875
-64.040627
-64.028122
-64.015625
-64.037498
-64.03437
-64.03437
-64.046875
-64.040627
-64.043747
-64.046875
-64.046875
-64.043747
-64.046875
-64.018745
-64.025002
-64.025002
-64.028122
-64.015625
-64.03437
-64.03125
-64.043747
-64.03437
-64.021873
-64.025002
-64.040627
-64.040627
-64.028122
-64.021873
-64.012497
-64.037498
-64.049995
-64.043747
-64.046875
-64.046875
-64.009377
-64.009377
-64.037498
-64.018745
-64.03125
-64.012497
-64.006248
-64.025002
-64.021873
-64.018745
-64.025002
-64.021873
-64.021873
-64.021873
-63.996872
-63.996872
-63.996872
-63.996872
-63.996872
-63.996872
-63.993748
-63.996872
-63.984375
-63.984375
-63.978123
-63.993748
-63.984375
-63.965622
-63.965622
-63.990623
-64.006248
-64.021873
-64.006248
-64.015625
-63.984375
-63.984375
-63.996872
-63.965622
-63.965622
-63.990623
-63.990623
-63.996872
-64.00312
-64.006248
-63.990623
-64.006248
-63.996872
-63.996872
-64.00312
-63.996872
-64.015625
-63.996872
-64.018745
-63.996872
-64.006248
-63.996872
-64.015625
-64.018745
-64.009377
-63.996872
-64.012497
-64.006248
-63.996872
-63.981247
-63.996872
-63.996872
-63.996872
-63.996872
-63.987499
-63.984375
-63.984375
-63.953125
-63.984375
-63.996872
-63.996872
-63.996872
-63.96875
-63.953125
-63.971874
-63.996872
-63.978123
-63.987499
-63.996872
-63.996872
-64.009377
-63.993748
-63.971874
-63.953125
-63.953125
-63.937504
-63.953125
-63.953125
-63.943752
-63.965622
-63.978123
-63.981247
-63.971874
-63.959373
-63.953125
-63.962498
-63.965622
-63.971874
-63.984375
-63.971874
-63.984375
-63.962498
-63.971874
-63.981247
-63.96875
-63.996872
-63.996872
-63.990623
-63.993748
-63.993748
-63.996872
-63.996872
-63.990623
-63.984375
-63.96875
-63.96875
-63.956249
-63.974998
-63.978123
-63.990623
-63.974998
-63.965622
-63.965622
-63.974998
-63.978123
-63.978123
-63.974998
-63.953125
-63.937504
-63.940628
-63.925003
-63.937504
-63.928127
-63.937504
-63.943752
-63.946873
-63.931255
-63.940628
-63.946873
-63.93438
-63.943752
-63.918755
-63.921879
-63.909378
-63.890629
-63.900005
-63.893753
-63.87188
-63.850002
-63.859379
-63.856255
-63.88438
-63.875004
-63.87188
-63.865627
-63.87188
-63.893753
-63.878128
-63.88438
-63.88438
-63.878128
-63.87188
-63.859379
-63.856255
-63.850002
-63.85313
-63.856255
-63.85313
-63.85313
-63.87188
-63.846882
-63.846882
-63.868755
-63.85313
-63.865627
-63.868755
-63.843758
-63.850002
-63.843758
-63.834385
-63.862503
-63.85313
-63.856255
-63.87188
-63.862503
-63.840633
-63.81876
-63.821884
-63.821884
-63.846882
-63.831257
-63.834385
-63.837509
-63.831257
-63.821884
-63.821884
-63.796883
-63.81876
-63.812508
-63.809383
-63.81876
-63.831257
-63.825008
-63.81876
-63.828133
-63.834385
-63.837509
-63.834385
-63.834385
-63.812508
-63.800007
-63.81876
-63.831257
-63.78751
-63.806259
-63.837509
-63.821884
-63.837509
-63.815632
-63.812508
-63.803135
-63.796883
-63.790634
-63.796883
-63.806259
-63.796883
-63.796883
-63.800007
-63.81876
-63.828133
-63.796883
-63.796883
-63.806259
-63.809383
-63.812508
-63.806259
-63.828133
-63.828133
-63.809383
-63.790634
-63.806259
-63.800007
-63.809383
-63.828133
-63.821884
-63.825008
-63.834385
-63.828133
-63.815632
-63.821884
-63.812508
-63.821884
-63.809383
-63.796883
-63.806259
-63.790634
-63.796883
-63.793758
-63.812508
-63.809383
-63.821884
-63.821884
-63.831257
-63.846882
-63.825008
-63.81876
-63.821884
-63.78751
-63.775009
-63.796883
-63.781258
-63.796883
-63.796883
-63.796883
-63.809383
-63.831257
-63.825008
-63.840633
-63.837509
-63.812508
-63.796883
-63.781258
-63.768757
-63.784382
-63.793758
-63.784382
-63.825008
-63.81876
-63.812508
-63.81876
-63.825008
-63.840633
-63.840633
-63.846882
-63.856255
-63.878128
-63.865627
-63.893753
-63.878128
-63.875004
-63.868755
-63.846882
-63.837509
-63.856255
-63.87188
-63.85313
-63.865627
-63.85313
-63.875004
-63.88438
-63.865627
-63.859379
-63.85313
-63.868755
-63.868755
-63.856255
-63.856255
-63.87188
-63.887505
-63.88438
-63.881252
-63.856255
-63.846882
-63.87188
-63.856255
-63.846882
-63.878128
-63.881252
-63.868755
-63.87188
-63.890629
-63.878128
-63.88438
-63.881252
-63.87188
-63.88438
-63.859379
-63.868755
-63.88438
-63.865627
-63.865627
-63.87188
-63.856255
-63.87188
-63.859379
-63.881252
-63.887505
-63.896877
-63.887505
-63.906254
-63.87188
-63.88438
-63.896877
-63.90313
-63.906254
-63.900005
-63.90313
-63.90313
-63.906254
-63.912502
-63.896877
-63.896877
-63.896877
-63.890629
-63.881252
-63.90313
-63.912502
-63.909378
-63.925003
-63.93438
-63.931255
-63.937504
-63.937504
-63.928127
-63.940628
-63.937504
-63.943752
-63.91563
-63.90313
-63.896877
-63.90313
-63.921879
-63.909378
-63.912502
-63.909378
-63.906254
-63.906254
-63.893753
-63.90313
-63.90313
-63.909378
-63.91563
-63.912502
-63.890629
-63.896877
-63.878128
-63.87188
-63.881252
-63.868755
-63.881252
-63.88438
-63.875004
-63.87188
-63.868755
-63.875004
-63.865627
-63.890629
-63.887505
-63.887505
-63.875004
-63.88438
-63.909378
-63.909378
-63.896877
-63.906254
-63.896877
-63.887505
-63.896877
-63.896877
-63.896877
-63.896877
-63.925003
-63.912502
-63.918755
-63.909378
-63.912502
-63.91563
-63.931255
-63.909378
-63.91563
-63.91563
-63.906254
-63.925003
-63.909378
-63.912502
-63.925003
-63.909378
-63.90313
-63.912502
-63.896877
-63.921879
-63.946873
-63.946873
-63.946873
-63.921879
-63.900005
-63.890629
-63.896877
-63.91563
-63.900005
-63.890629
-63.896877
-63.896877
-63.900005
-63.921879
-63.906254
-63.906254
-63.921879
-63.946873
-63.953125
-63.937504
-63.946873
-63.93438
-63.943752
-63.925003
-63.900005
-63.921879
-63.921879
-63.906254
-63.921879
-63.906254
-63.91563
-63.928127
-63.896877
-63.896877
-63.912502
-63.906254
-63.90313
-63.928127
-63.91563
-63.946873
-63.959373
-63.949997
-63.965622
-63.974998
-63.971874
-63.962498
-63.956249
-63.946873
-63.962498
-63.959373
-63.978123
-63.956249
-63.962498
-63.962498
-63.956249
-63.956249
-63.949997
-63.928127
-63.93438
-63.928127
-63.946873
-63.940628
-63.937504
-63.93438
-63.940628
-63.946873
-63.93438
-63.946873
-63.940628
-63.921879
-63.946873
-63.93438
-63.943752
-63.946873
-63.946873
-63.959373
-63.931255
-63.925003
-63.943752
-63.956249
-63.956249
-63.956249
-63.962498
-63.940628
-63.946873
-63.953125
-63.928127
-63.928127
-63.943752
-63.946873
-63.946873
-63.946873
-63.978123
-63.996872
-64.00312
-63.971874
-63.962498
-63.978123
-63.956249
-63.971874
-63.959373
-63.953125
-63.974998
-63.96875
-63.956249
-63.965622
-63.96875
-63.971874
-63.96875
-63.93438
-63.953125
-63.962498
-63.962498
-63.959373
-63.96875
-63.953125
-63.981247
-63.96875
-63.971874
-63.984375
-63.978123
-63.990623
-64.006248
-63.996872
-63.996872
-63.990623
-63.996872
-63.996872
-64.012497
-64.021873
-64.018745
-63.996872
-63.996872
-63.990623
-63.996872
-63.993748
-63.996872
-64.015625
-63.996872
-64.012497
-63.987499
-63.987499
-63.956249
-63.956249
-63.959373
-63.96875
-63.949997
-63.96875
-63.956249
-63.984375
-63.953125
-63.940628
-63.940628
-63.93438
-63.956249
-63.959373
-63.959373
-63.959373
-63.956249
-63.946873
-63.931255
-63.909378
-63.93438
-63.943752
-63.946873
-63.937504
-63.918755
-63.937504
-63.943752
-63.940628
-63.946873
-63.962498
-63.962498
-63.981247
-63.974998
-63.965622
-63.96875
-63.974998
-63.981247
-63.974998
-63.984375
-63.971874
-63.984375
-63.993748
-63.984375
-63.996872
-63.996872
-64.00312
-63.996872
-63.996872
-63.996872
-63.96875
-63.971874
-63.996872
-63.996872
-63.996872
-63.996872
-63.996872
-63.96875
-63.971874
-63.996872
-63.993748
-64.015625
-63.996872
-63.996872
-63.996872
-63.978123
-63.974998
-63.971874
-63.965622
-63.978123
-63.996872
-63.987499
-63.990623
-63.996872
-63.993748
-64.015625
-64.009377
-64.018745
-64.03437
-64.046875
-64.03437
-64.053116
-64.043747
-64.046875
-64.06562
-64.053116
-64.059372
-64.056244
-64.046875
-64.068741
-64.081245
-64.074997
-64.059372
-64.062492
-64.059372
-64.059372
-64.053116
-64.081245
-64.071869
-64.068741
-64.06562
-64.078117
-64.078117
-64.071869
-64.074997
-64.053116
-64.043747
-64.06562
-64.043747
-64.046875
-64.056244
-64.053116
-64.053116
-64.06562
-64.043747
-64.049995
-64.046875
-64.012497
-64.012497
-64.028122
-64.028122
-64.037498
-64.03125
-64.049995
-64.043747
-64.046875
-64.049995
-64.03437
-64.03125
-64.037498
-64.03437
-64.03125
-64.025002
-64.028122
-64.021873
-64.03437
-64.028122
-64.037498
-64.028122
-64.028122
-64.018745
-64.025002
-64.021873
-64.025002
-64.025002
-64.028122
-64.018745
-64.021873
-64.015625
-63.996872
-64.015625
-64.018745
-63.996872
-64.021873
-64.009377
-63.996872
-64.028122
-64.028122
-64.043747
-64.059372
-64.03437
-64.046875
-64.053116
-64.049995
-64.056244
-64.056244
-64.062492
-64.053116
-64.043747
-64.053116
-64.056244
-64.028122
-64.028122
-63.996872
-63.956249
-63.91563
-63.87188
-63.837509
-63.809383
-63.771885
-63.746883
-63.731262
-63.696888
-63.662514
-63.656261
-63.612518
-63.584393
-63.568768
-63.537521
-63.521896
-63.500023
-63.475021
-63.453148
-63.459396
-63.421902
-63.437527
-63.431278
-63.403152
-63.403152
-63.381279
-63.353153
-63.340656
-63.328159
-63.296909
-63.296909
-63.262531
-63.268784
-63.265659
-63.256283
-63.246914
-63.246914
-63.221912
-63.212536
-63.221912
-63.209412
-63.209412
-63.193787
-63.187538
-63.209412
-63.196911
-63.187538
-63.190662
-63.162537
-63.146912
-63.165661
-63.159412
-63.156288
-63.171913
-63.146912
-63.134418
-63.106293
-63.121918
-63.140667
-63.153164
-63.162537
-63.159412
-63.165661
-63.150036
-63.146912
-63.162537
-63.112541
-63.146912
-63.146912
-63.143791
-63.159412
-63.146912
-63.146912
-63.159412
-63.146912
-63.134418
-63.150036
-63.146912
-63.134418
-63.134418
-63.146912
-63.156288
-63.184414
-63.175037
-63.193787
-63.187538
-63.162537
-63.162537
-63.184414
-63.178162
-63.181286
-63.190662
-63.215664
-63.212536
-63.209412
-63.206287
-63.234413
-63.196911
-63.231289
-63.243786
-63.246914
-63.234413
-63.243786
-63.243786
-63.228161
-63.243786
-63.237537
-63.246914
-63.243786
-63.253159
-63.246914
-63.253159
-63.271908
-63.253159
-63.250034
-63.246914
-63.246914
-63.253159
-63.278156
-63.281284
-63.284409
-63.287533
-63.287533
-63.290657
-63.284409
-63.271908
-63.290657
-63.278156
-63.278156
-63.296909
-63.278156
-63.278156
-63.275032
-63.303158
-63.306282
-63.312534
-63.325031
-63.315659
-63.296909
-63.309406
-63.318783
-63.334408
-63.337532
-63.315659
-63.321907
-63.321907
-63.328159
-63.340656
-63.346905
-63.328159
-63.340656
-63.343784
-63.346905
-63.346905
-63.328159
-63.331284
-63.309406
-63.318783
-63.325031
-63.365654
-63.356277
-63.350029
-63.371902
-63.365654
-63.384403
-63.387527
-63.390652
-63.381279
-63.368778
-63.384403
-63.396904
-63.36253
-63.371902
-63.36253
-63.375027
-63.384403
-63.396904
-63.403152
-63.396904
-63.396904
-63.381279
-63.390652
-63.39378
-63.39378
-63.412529
-63.403152
-63.39378
-63.396904
-63.39378
-63.412529
-63.403152
-63.409405
-63.396904
-63.418777
-63.415653
-63.440655
-63.418777
-63.434402
-63.446903
-63.453148
-63.462524
-63.475021
-63.481274
-63.496899
-63.496899
-63.490646
-63.496899
-63.515648
-63.493774
-63.496899
-63.515648
-63.521896
-63.528149
-63.512524
-63.518772
-63.534397
-63.534397
-63.534397
-63.518772
-63.534397
-63.515648
-63.540649
-63.553143
-63.546894
-63.553143
-63.540649
-63.546894
-63.556267
-63.546894
-63.568768
-63.550018
-63.546894
-63.556267
-63.584393
-63.578144
-63.553143
-63.568768
-63.546894
-63.546894
-63.568768
-63.546894
-63.543774
-63.546894
-63.537521
-63.540649
-63.546894
-63.565643
-63.571892
-63.578144
-63.559395
-63.587517
-63.571892
-63.562519
-63.596893
-63.587517
-63.593769
-63.593769
-63.596893
-63.596893
-63.596893
-63.60627
-63.609394
-63.609394
-63.625019
-63.643768
-63.640644
-63.63752
-63.621895
-63.60627
-63.621895
-63.60627
-63.609394
-63.609394
-63.584393
-63.590645
-63.612518
-63.593769
-63.590645
-63.581268
-63.596893
-63.596893
-63.615643
-63.615643
-63.621895
-63.621895
-63.625019
-63.631268
-63.634392
-63.63752
-63.612518
-63.625019
-63.625019
-63.628143
-63.643768
-63.646893
-63.640644
-63.684387
-63.671886
-63.675014
-63.690639
-63.675014
-63.668762
-63.659389
-63.678139
-63.690639
-63.696888
-63.678139
-63.668762
-63.656261
-63.668762
-63.671886
-63.653137
-63.668762
-63.668762
-63.681263
-63.681263
-63.690639
-63.690639
-63.700012
-63.712513
-63.703136
-63.703136
-63.715637
-63.715637
-63.721889
-63.706264
-63.696888
-63.678139
-63.671886
-63.671886
-63.665638
-63.650013
-63.665638
-63.684387
-63.671886
-63.678139
-63.671886
-63.687511
-63.665638
-63.659389
-63.681263
-63.690639
-63.693764
-63.700012
-63.703136
-63.728138
-63.715637
-63.728138
-63.718761
-63.725014
-63.731262
-63.728138
-63.728138
-63.740639
-63.728138
-63.712513
-63.734386
-63.712513
-63.746883
-63.746883
-63.721889
-63.728138
-63.731262
-63.721889
-63.718761
-63.746883
-63.737514
-63.721889
-63.715637
-63.725014
-63.728138
-63.734386
-63.734386
-63.734386
-63.740639
-63.725014
-63.759384
-63.746883
-63.759384
-63.743763
-63.740639
-63.746883
-63.750008
-63.762508
-63.759384
-63.778133
-63.75626
-63.768757
-63.750008
-63.753132
-63.775009
-63.765633
-63.768757
-63.800007
-63.796883
-63.812508
-63.796883
-63.778133
-63.781258
-63.775009
-63.759384
-63.765633
-63.768757
-63.753132
-63.762508
-63.765633
-63.740639
-63.746883
-63.753132
-63.721889
-63.737514
-63.768757
-63.796883
-63.800007
-63.806259
-63.793758
-63.796883
-63.784382
-63.78751
-63.806259
-63.815632
-63.828133
-63.825008
-63.821884
-63.821884
-63.803135
-63.793758
-63.796883
-63.771885
-63.796883
-63.81876
-63.815632
-63.809383
-63.812508
-63.793758
-63.796883
-63.81876
-63.803135
-63.81876
-63.796883
-63.81876
-63.81876
-63.837509
-63.828133
-63.846882
-63.846882
-63.862503
-63.875004
-63.868755
-63.862503
-63.859379
-63.87188
-63.859379
-63.862503
-63.859379
-63.843758
-63.831257
-63.85313
-63.87188
-63.87188
-63.887505
-63.87188
-63.846882
-63.846882
-63.846882
-63.840633
-63.834385
-63.828133
-63.815632
-63.796883
-63.809383
-63.796883
-63.821884
-63.81876
-63.821884
-63.81876
-63.809383
-63.784382
-63.806259
-63.809383
-63.815632
-63.831257
-63.828133
-63.821884
-63.821884
-63.834385
-63.843758
-63.843758
-63.846882
-63.815632
-63.825008
-63.821884
-63.837509
-63.850002
-63.865627
-63.846882
-63.87188
-63.859379
-63.87188
-63.887505
-63.896877
-63.88438
-63.906254
-63.909378
-63.900005
-63.890629
-63.87188
-63.896877
-63.890629
-63.875004
-63.887505
-63.878128
-63.893753
-63.896877
-63.881252
-63.893753
-63.896877
-63.912502
-63.925003
-63.931255
-63.937504
-63.925003
-63.896877
-63.887505
-63.878128
-63.88438
-63.87188
-63.87188
-63.865627
-63.87188
-63.893753
-63.887505
-63.896877
-63.896877
-63.906254
-63.921879
-63.912502
-63.918755
-63.925003
-63.91563
-63.900005
-63.909378
-63.906254
-63.912502
-63.940628
-63.946873
-63.946873
-63.937504
-63.940628
-63.93438
-63.921879
-63.918755
-63.921879
-63.906254
-63.921879
-63.925003
-63.925003
-63.921879
-63.925003
-63.931255
-63.953125
-63.956249
-63.946873
-63.928127
-63.931255
-63.949997
-63.93438
-63.931255
-63.909378
-63.912502
-63.918755
-63.921879
-63.940628
-63.937504
-63.925003
-63.928127
-63.921879
-63.925003
-63.943752
-63.946873
-63.949997
-63.959373
-63.971874
-63.959373
-63.962498
-63.949997
-63.965622
-63.971874
-63.937504
-63.946873
-63.959373
-63.943752
-63.946873
-63.956249
-63.959373
-63.946873
-63.946873
-63.971874
-63.956249
-63.946873
-63.940628
-63.940628
-63.946873
-63.946873
-63.959373
-63.949997
-63.91563
-63.918755
-63.921879
-63.928127
-63.918755
-63.909378
-63.925003
-63.940628
-63.943752
-63.949997
-63.974998
-63.931255
-63.946873
-63.962498
-63.959373
-63.96875
-63.946873
-63.93438
-63.956249
-63.978123
-63.971874
-63.978123
-63.965622
-63.953125
-63.96875
-63.965622
-63.946873
-63.956249
-63.946873
-63.953125
-63.956249
-63.943752
-63.946873
-63.946873
-63.946873
-63.946873
-63.93438
-63.918755
-63.946873
-63.943752
-63.943752
-63.925003
-63.928127
-63.937504
-63.946873
-63.949997
-63.971874
-63.956249
-63.959373
-63.96875
-63.959373
-63.965622
-63.962498
-63.96875
-63.962498
-63.96875
-63.953125
-63.943752
-63.981247
-63.946873
-63.946873
-63.959373
-63.981247
-63.962498
-63.984375
-63.971874
-63.962498
-63.971874
-63.949997
-63.959373
-63.959373
-63.965622
-63.959373
-63.946873
-63.946873
-63.940628
-63.943752
-63.946873
-63.965622
-63.949997
-63.971874
-63.987499
-63.984375
-63.971874
-63.959373
-63.946873
-63.943752
-63.931255
-63.912502
-63.931255
-63.931255
-63.940628
-63.93438
-63.946873
-63.946873
-63.959373
-63.953125
-63.93438
-63.946873
-63.962498
-63.959373
-63.946873
-63.959373
-63.946873
-63.959373
-63.946873
-63.953125
-63.946873
-63.93438
-63.953125
-63.93438
-63.940628
-63.940628
-63.93438
-63.937504
-63.940628
-63.937504
-63.93438
-63.93438
-63.918755
-63.912502
-63.925003
-63.91563
-63.912502
-63.909378
-63.909378
-63.918755
-63.93438
-63.931255
-63.91563
-63.928127
-63.921879
-63.918755
-63.928127
-63.943752
-63.959373
-63.981247
-63.965622
-63.959373
-63.943752
-63.940628
-63.959373
-63.978123
-63.956249
-63.956249
-63.940628
-63.946873
-63.959373
-63.956249
-63.946873
-63.949997
-63.949997
-63.959373
-63.978123
-63.971874
-63.978123
-63.974998
-63.984375
-63.974998
-63.990623
-63.978123
-63.96875
-63.965622
-63.940628
-63.940628
-63.928127
-63.921879
-63.928127
-63.91563
-63.931255
-63.946873
-63.946873
-63.971874
-63.987499
-63.953125
-63.949997
-63.946873
-63.946873
-63.962498
-63.96875
-63.971874
-63.965622
-63.953125
-63.946873
-63.943752
-63.940628
-63.946873
-63.965622
-63.959373
-63.953125
-63.953125
-63.940628
-63.940628
-63.940628
-63.937504
-63.937504
-63.931255
-63.921879
-63.93438
-63.949997
-63.946873
-63.93438
-63.946873
-63.965622
-63.993748
-64.009377
-63.990623
-63.996872
-64.00312
-63.990623
-63.965622
-63.971874
-63.953125
-63.965622
-63.956249
-63.959373
-63.959373
-63.971874
-63.981247
-63.996872
-63.993748
-63.996872
-63.965622
-63.965622
-63.987499
-63.984375
-63.993748
-63.996872
-63.974998
-63.978123
-63.96875
-63.949997
-63.981247
-63.981247
-63.974998
-63.984375
-63.956249
-63.974998
-63.978123
-63.953125
-63.962498
-63.962498
-63.987499
-63.96875
-63.974998
-63.96875
-63.974998
-63.996872
-63.996872
-64.006248
-64.025002
-64.00312
-63.987499
-63.987499
-63.984375
-64.00312
-64.015625
-64.009377
-64.021873
-64.021873
-64.00312
-64.03437
-64.03437
-64.03437
-64.025002
-64.046875
-64.03437
-64.037498
-64.046875
-64.037498
-64.046875
-64.021873
-64.037498
-64.03125
-64.018745
-64.021873
-64.018745
-64.025002
-64.018745
-64.009377
-63.993748
-64.043747
-64.018745
-64.015625
-64.009377
-64.012497
-64.03437
-64.037498
-64.043747
-64.025002
-64.021873
-63.996872
-64.03437
-64.046875
-64.056244
-64.046875
-64.053116
-64.040627
-64.043747
-64.040627
-64.062492
-64.06562
-64.062492
-64.049995
-64.078117
-64.06562
-64.06562
-64.06562
-64.068741
-64.059372
-64.090622
-64.09687
-64.087494
-64.093742
-64.071869
-64.084366
-64.093742
-64.09687
-64.112495
-64.124992
-64.090622
-64.087494
-64.106247
-64.112495
-64.12812
-64.12812
-64.137497
-64.118744
-64.093742
-64.09687
-64.09687
-64.106247
-64.09687
-64.118744
-64.106247
-64.112495
-64.103119
-64.081245
-64.078117
-64.084366
-64.068741
-64.071869
-64.068741
-64.06562
-64.090622
-64.087494
-64.084366
-64.106247
-64.099991
-64.084366
-64.093742
-64.078117
-64.084366
-64.071869
-64.090622
-64.099991
-64.106247
-64.099991
-64.109367
-64.103119
-64.099991
-64.093742
-64.099991
-64.09687
-64.09687
-64.09687
-64.09687
-64.106247
-64.115616
-64.103119
-64.106247
-64.131241
-64.143745
-64.118744
-64.109367
-64.099991
-64.09687
-64.093742
-64.09687
-64.090622
-64.106247
-64.109367
-64.103119
-64.090622
-64.084366
-64.099991
-64.109367
-64.115616
-64.115616
-64.124992
-64.103119
-64.09687
-64.087494
-64.112495
-64.121872
-64.131241
-64.124992
-64.099991
-64.106247
-64.134369
-64.121872
-64.12812
-64.143745
-64.137497
-64.134369
-64.134369
-64.146866
-64.149986
-64.146866
-64.153114
-64.146866
-64.112495
-64.134369
-64.131241
-64.146866
-64.140617
-64.146866
-64.134369
-64.156242
-64.181236
-64.178116
-64.165611
-64.153114
-64.149986
-64.156242
-64.137497
-64.121872
-64.146866
-64.165611
-64.162491
-64.174988
-64.190613
-64.187492
-64.203117
-64.203117
-64.209366
-64.190613
-64.203117
-64.196861
-64.209366
-64.199989
-64.206238
-64.209366
-64.199989
-64.215614
-64.203117
-64.209366
-64.231239
-64.234367
-64.253105
-64.246864
-64.228111
-64.243736
-64.256233
-64.259361
-64.237488
-64.228111
-64.249985
-64.240616
-64.237488
-64.234367
-64.240616
-64.246864
-64.240616
-64.253105
-64.253105
-64.237488
-64.221863
-64.237488
-64.221863
-64.228111
-64.234367
-64.228111
-64.221863
-64.209366
-64.209366
-64.212486
-64.209366
-64.234367
-64.212486
-64.212486
-64.243736
-64.237488
-64.224991
-64.237488
-64.246864
-64.218742
-64.234367
-64.221863
-64.221863
-64.234367
-64.234367
-64.246864
-64.234367
-64.231239
-64.231239
-64.215614
-64.218742
-64.212486
-64.206238
-64.190613
-64.190613
-64.199989
-64.206238
-64.196861
-64.178116
-64.196861
-64.209366
-64.218742
-64.212486
-64.196861
-64.209366
-64.209366
-64.218742
-64.212486
-64.199989
-64.224991
-64.231239
-64.246864
-64.240616
-64.215614
-64.218742
-64.218742
-64.206238
-64.193741
-64.190613
-64.168739
-64.178116
-64.184364
-64.171867
-64.187492
-64.178116
-64.187492
-64.196861
-64.171867
-64.181236
-64.178116
-64.193741
-64.193741
-64.209366
-64.212486
-64.209366
-64.206238
-64.221863
-64.215614
-64.206238
-64.203117
-64.221863
-64.199989
-64.203117
-64.224991
-64.240616
-64.228111
-64.240616
-64.215614
-64.196861
-64.224991
-64.221863
-64.221863
-64.215614
-64.231239
-64.231239
-64.243736
-64.246864
-64.262482
-64.253105
-64.262482
-64.240616
-64.243736
-64.228111
-64.246864
-64.243736
-64.249985
-64.253105
-64.271858
-64.249985
-64.253105
-64.228111
-64.246864
-64.246864
-64.237488
-64.221863
-64.215614
-64.206238
-64.240616
-64.209366
-64.231239
-64.237488
-64.237488
-64.246864
-64.240616
-64.249985
-64.253105
-64.253105
-64.246864
-64.246864
-64.253105
-64.246864
-64.240616
-64.218742
-64.228111
-64.237488
-64.246864
-64.237488
-64.240616
-64.228111
-64.231239
-64.234367
-64.237488
-64.243736
-64.259361
-64.26873
-64.259361
-64.26873
-64.284355
-64.29998
-64.29686
-64.274986
-64.290611
-64.287483
-64.281235
-64.284355
-64.26561
-64.262482
-64.259361
-64.253105
-64.212486
-64.215614
-64.221863
-64.228111
-64.215614
-64.212486
-64.190613
-64.187492
-64.193741
-64.203117
-64.206238
-64.196861
-64.215614
-64.206238
-64.221863
-64.224991
-64.196861
-64.199989
-64.203117
-64.221863
-64.231239
-64.246864
-64.246864
-64.231239
-64.237488
-64.240616
-64.215614
-64.240616
-64.209366
-64.243736
-64.243736
-64.240616
-64.224991
-64.218742
-64.221863
-64.221863
-64.215614
-64.231239
-64.246864
-64.240616
-64.237488
-64.237488
-64.231239
-64.231239
-64.240616
-64.231239
-64.240616
-64.218742
-64.206238
-64.212486
-64.206238
-64.184364
-64.190613
-64.193741
-64.190613
-64.206238
-64.187492
-64.203117
-64.209366
-64.190613
-64.209366
-64.218742
-64.196861
-64.187492
-64.199989
-64.196861
-64.228111
-64.231239
-64.196861
-64.231239
-64.212486
-64.224991
-64.249985
-64.246864
-64.246864
-64.234367
-64.231239
-64.231239
-64.228111
-64.196861
-64.184364
-64.190613
-64.178116
-64.193741
-64.221863
-64.224991
-64.224991
-64.240616
-64.221863
-64.218742
-64.215614
-64.181236
-64.221863
-64.215614
-64.206238
-64.209366
-64.215614
-64.224991
-64.224991
-64.221863
-64.228111
-64.206238
-64.196861
-64.196861
-64.203117
-64.187492
-64.196861
-64.203117
-64.203117
-64.203117
-64.181236
-64.184364
-64.203117
-64.196861
-64.196861
-64.187492
-64.184364
-64.196861
-64.228111
-64.215614
-64.203117
-64.187492
-64.171867
-64.171867
-64.168739
-64.181236
-64.174988
-64.171867
-64.171867
-64.203117
-64.196861
-64.184364
-64.184364
-64.149986
-64.149986
-64.146866
-64.149986
-64.153114
-64.156242
-64.171867
-64.165611
-64.178116
-64.149986
-64.146866
-64.165611
-64.146866
-64.12812
-64.143745
-64.124992
-64.12812
-64.149986
-64.156242
-64.165611
-64.156242
-64.184364
-64.199989
-64.193741
-64.181236
-64.174988
-64.156242
-64.162491
-64.162491
-64.153114
-64.168739
-64.153114
-64.137497
-64.140617
-64.156242
-64.134369
-64.121872
-64.12812
-64.134369
-64.121872
-64.121872
-64.124992
-64.109367
-64.131241
-64.143745
-64.153114
-64.146866
-64.153114
-64.137497
-64.134369
-64.131241
-64.109367
-64.09687
-64.115616
-64.140617
-64.140617
-64.146866
-64.146866
-64.134369
-64.140617
-64.12812
-64.146866
-64.131241
-64.12812
-64.115616
-64.137497
-64.143745
-64.137497
-64.124992
-64.131241
-64.134369
-64.134369
-64.12812
-64.140617
-64.165611
-64.146866
-64.146866
-64.149986
-64.162491
-64.153114
-64.162491
-64.168739
-64.162491
-64.181236
-64.165611
-64.171867
-64.193741
-64.171867
-64.181236
-64.165611
-64.143745
-64.178116
-64.156242
-64.156242
-64.146866
-64.146866
-64.143745
-64.162491
-64.143745
-64.134369
-64.140617
-64.143745
-64.137497
-64.159363
-64.143745
-64.165611
-64.146866
-64.162491
-64.162491
-64.137497
-64.146866
-64.153114
-64.131241
-64.143745
-64.146866
-64.124992
-64.112495
-64.121872
-64.121872
-64.115616
-64.118744
-64.112495
-64.115616
-64.124992
-64.103119
-64.106247
-64.09687
-64.090622
-64.090622
-64.090622
-64.099991
-64.103119
-64.099991
-64.124992
-64.118744
-64.137497
-64.134369
-64.124992
-64.140617
-64.12812
-64.143745
-64.131241
-64.143745
-64.146866
-64.146866
-64.156242
-64.131241
-64.131241
-64.115616
-64.121872
-64.12812
-64.134369
-64.146866
-64.146866
-64.143745
-64.118744
-64.146866
-64.146866
-64.134369
-64.131241
-64.115616
-64.109367
-64.118744
-64.134369
-64.137497
-64.124992
-64.134369
-64.12812
-64.162491
-64.162491
-64.153114
-64.181236
-64.168739
-64.178116
-64.181236
-64.174988
-64.178116
-64.168739
-64.165611
-64.159363
-64.137497
-64.137497
-64.118744
-64.124992
-64.146866
-64.146866
-64.146866
-64.12812
-64.146866
-64.140617
-64.149986
-64.149986
-64.131241
-64.146866
-64.162491
-64.137497
-64.134369
-64.12812
-64.131241
-64.131241
-64.121872
-64.134369
-64.143745
-64.146866
-64.143745
-64.137497
-64.112495
-64.124992
-64.134369
-64.140617
-64.140617
-64.149986
-64.146866
-64.149986
-64.131241
-64.146866
-64.143745
-64.149986
-64.12812
-64.112495
-64.112495
-64.121872
-64.140617
-64.146866
-64.162491
-64.146866
-64.109367
-64.137497
-64.143745
-64.12812
-64.118744
-64.131241
-64.121872
-64.118744
-64.115616
-64.118744
-64.112495
-64.121872
-64.12812
-64.137497
-64.143745
-64.131241
-64.159363
-64.159363
-64.137497
-64.149986
-64.159363
-64.165611
-64.168739
-64.190613
-64.165611
-64.184364
-64.184364
-64.187492
-64.196861
-64.196861
-64.184364
-64.165611
-64.178116
-64.168739
-64.156242
-64.171867
-64.174988
-64.181236
-64.159363
-64.165611
-64.162491
-64.149986
-64.162491
-64.159363
-64.156242
-64.146866
-64.146866
-64.146866
-64.156242
-64.149986
-64.146866
-64.140617
-64.156242
-64.149986
-64.140617
-64.143745
-64.149986
-64.134369
-64.149986
-64.159363
-64.118744
-64.109367
-64.118744
-64.124992
-64.12812
-64.146866
-64.12812
-64.131241
-64.115616
-64.109367
-64.143745
-64.156242
-64.153114
-64.168739
-64.171867
-64.178116
-64.174988
-64.174988
-64.149986
-64.146866
-64.146866
-64.131241
-64.103119
-64.106247
-64.131241
-64.12812
-64.118744
-64.121872
-64.149986
-64.146866
-64.153114
-64.174988
-64.165611
-64.140617
-64.149986
-64.168739
-64.181236
-64.181236
-64.153114
-64.146866
-64.146866
-64.146866
-64.146866
-64.146866
-64.159363
-64.146866
-64.146866
-64.146866
-64.171867
-64.178116
-64.187492
-64.184364
-64.165611
-64.181236
-64.190613
-64.187492
-64.171867
-64.162491
-64.153114
-64.165611
-64.165611
-64.168739
-64.168739
-64.178116
-64.193741
-64.171867
-64.149986
-64.140617
-64.146866
-64.12812
-64.137497
-64.12812
-64.115616
-64.131241
-64.137497
-64.131241
-64.12812
-64.134369
-64.146866
-64.156242
-64.149986
-64.143745
-64.153114
-64.121872
-64.121872
-64.149986
-64.12812
-64.149986
-64.171867
-64.146866
-64.159363
-64.153114
-64.146866
-64.159363
-64.153114
-64.134369
-64.131241
-64.134369
-64.137497
-64.143745
-64.137497
-64.124992
-64.134369
-64.143745
-64.146866
-64.146866
-64.146866
-64.146866
-64.143745
-64.159363
-64.178116
-64.168739
-64.143745
-64.149986
-64.146866
-64.159363
-64.165611
-64.171867
-64.174988
-64.181236
-64.193741
-64.171867
-64.168739
-64.153114
-64.140617
-64.159363
-64.146866
-64.149986
-64.174988
-64.162491
-64.159363
-64.165611
-64.153114
-64.159363
-64.153114
-64.131241
-64.153114
-64.165611
-64.149986
-64.159363
-64.149986
-64.153114
-64.159363
-64.140617
-64.146866
-64.134369
-64.134369
-64.140617
-64.12812
-64.118744
-64.146866
-64.12812
-64.137497
-64.140617
-64.146866
-64.146866
-64.159363
-64.165611
-64.165611
-64.153114
-64.153114
-64.153114
-64.165611
-64.156242
-64.174988
-64.168739
-64.153114
-64.153114
-64.184364
-64.171867
-64.187492
-64.162491
-64.162491
-64.181236
-64.165611
-64.187492
-64.203117
-64.199989
-64.184364
-64.196861
-64.193741
-64.187492
-64.206238
-64.199989
-64.203117
-64.231239
-64.212486
-64.246864
-64.246864
-64.231239
-64.228111
-64.221863
-64.212486
-64.218742
-64.196861
-64.218742
-64.231239
-64.231239
-64.215614
-64.215614
-64.209366
-64.199989
-64.212486
-64.234367
-64.221863
-64.237488
-64.228111
-64.231239
-64.224991
-64.212486
-64.234367
-64.246864
-64.234367
-64.224991
-64.234367
-64.221863
-64.221863
-64.234367
-64.209366
-64.224991
-64.237488
-64.231239
-64.246864
-64.212486
-64.209366
-64.215614
-64.246864
-64.246864
-64.228111
-64.228111
-64.228111
-64.243736
-64.240616
-64.246864
-64.218742
-64.215614
-64.203117
-64.199989
-64.209366
-64.228111
-64.221863
-64.203117
-64.224991
-64.218742
-64.228111
-64.209366
-64.221863
-64.243736
-64.237488
-64.237488
-64.231239
-64.240616
-64.228111
-64.231239
-64.224991
-64.221863
-64.218742
-64.228111
-64.203117
-64.215614
-64.228111
-64.237488
-64.246864
-64.246864
-64.221863
-64.221863
-64.187492
-64.206238
-64.215614
-64.224991
-64.218742
-64.228111
-64.218742
-64.218742
-64.196861
-64.193741
-64.203117
-64.228111
-64.218742
-64.231239
-64.215614
-64.215614
-64.224991
-64.209366
-64.199989
-64.228111
-64.234367
-64.234367
-64.224991
-64.215614
-64.221863
-64.215614
-64.212486
-64.221863
-64.228111
-64.234367
-64.246864
-64.240616
-64.240616
-64.246864
-64.246864
-64.224991
-64.246864
-64.246864
-64.221863
-64.228111
-64.221863
-64.196861
-64.209366
-64.196861
-64.199989
-64.203117
-64.187492
-64.187492
-64.193741
-64.174988
-64.174988
-64.178116
-64.178116
-64.196861
-64.190613
-64.196861
-64.206238
-64.206238
-64.218742
-64.212486
-64.212486
-64.196861
-64.203117
-64.199989
-64.203117
-64.218742
-64.215614
-64.209366
-64.218742
-64.199989
-64.196861
-64.218742
-64.218742
-64.196861
-64.215614
-64.199989
-64.203117
-64.187492
-64.187492
-64.196861
-64.187492
-64.174988
-64.184364
-64.171867
-64.190613
-64.171867
-64.146866
-64.193741
-64.171867
-64.168739
-64.178116
-64.196861
-64.190613
-64.196861
-64.196861
-64.181236
-64.187492
-64.181236
-64.171867
-64.171867
-64.178116
-64.193741
-64.174988
-64.181236
-64.190613
-64.187492
-64.190613
-64.190613
-64.196861
-64.181236
-64.171867
-64.193741
-64.187492
-64.193741
-64.174988
-64.174988
-64.190613
-64.193741
-64.171867
-64.168739
-64.171867
-64.153114
-64.174988
-64.159363
-64.156242
-64.168739
-64.168739
-64.184364
-64.190613
-64.184364
-64.206238
-64.196861
-64.178116
-64.190613
-64.184364
-64.181236
-64.206238
-64.212486
-64.203117
-64.187492
-64.162491
-64.159363
-64.168739
-64.146866
-64.156242
-64.171867
-64.168739
-64.181236
-64.159363
-64.178116
-64.159363
-64.171867
-64.146866
-64.146866
-64.146866
-64.109367
-64.137497
-64.156242
-64.156242
-64.156242
-64.159363
-64.156242
-64.146866
-64.159363
-64.159363
-64.146866
-64.137497
-64.149986
-64.153114
-64.174988
-64.165611
-64.165611
-64.168739
-64.171867
-64.159363
-64.165611
-64.184364
-64.181236
-64.171867
-64.165611
-64.149986
-64.146866
-64.159363
-64.146866
-64.146866
-64.168739
-64.146866
-64.162491
-64.156242
-64.153114
-64.146866
-64.153114
-64.143745
-64.149986
-64.153114
-64.174988
-64.178116
-64.171867
-64.193741
-64.187492
-64.171867
-64.178116
-64.184364
-64.184364
-64.171867
-64.165611
-64.178116
-64.168739
-64.190613
-64.187492
-64.181236
-64.174988
-64.156242
-64.159363
-64.174988
-64.159363
-64.162491
-64.153114
-64.143745
-64.149986
-64.149986
-64.146866
-64.146866
-64.156242
-64.159363
-64.181236
-64.165611
-64.171867
-64.187492
-64.146866
-64.146866
-64.159363
-64.153114
-64.165611
-64.137497
-64.146866
-64.143745
-64.112495
-64.118744
-64.143745
-64.146866
-64.159363
-64.134369
-64.112495
-64.115616
-64.12812
-64.140617
-64.146866
-64.146866
-64.146866
-64.146866
-64.143745
-64.146866
-64.146866
-64.153114
-64.146866
-64.174988
-64.162491
-64.168739
-64.146866
-64.143745
-64.143745
-64.131241
-64.134369
-64.149986
-64.159363
-64.162491
-64.168739
-64.178116
-64.193741
-64.190613
-64.184364
-64.178116
-64.171867
-64.174988
-64.162491
-64.187492
-64.165611
-64.168739
-64.178116
-64.149986
-64.146866
-64.162491
-64.140617
-64.165611
-64.159363
-64.165611
-64.178116
-64.168739
-64.153114
-64.159363
-64.140617
-64.140617
-64.159363
-64.140617
-64.146866
-64.162491
-64.153114
-64.171867
-64.159363
-64.12812
-64.112495
-64.118744
-64.115616
-64.115616
-64.134369
-64.131241
-64.146866
-64.134369
-64.143745
-64.149986
-64.149986
-64.137497
-64.137497
-64.134369
-64.131241
-64.140617
-64.131241
-64.137497
-64.121872
-64.106247
-64.118744
-64.106247
-64.12812
-64.121872
-64.115616
-64.121872
-64.109367
-64.124992
-64.112495
-64.115616
-64.103119
-64.118744
-64.09687
-64.09687
-64.081245
-64.090622
-64.093742
-64.090622
-64.081245
-64.081245
-64.103119
-64.124992
-64.09687
-64.106247
-64.109367
-64.112495
-64.121872
-64.103119
-64.112495
-64.115616
-64.112495
-64.118744
-64.112495
-64.121872
-64.124992
-64.09687
-64.121872
-64.112495
-64.087494
-64.087494
-64.09687
-64.115616
-64.109367
-64.112495
-64.115616
-64.124992
-64.12812
-64.112495
-64.115616
-64.115616
-64.153114
-64.134369
-64.115616
-64.131241
-64.121872
-64.118744
-64.118744
-64.146866
-64.137497
-64.124992
-64.134369
-64.146866
-64.153114
-64.171867
-64.153114
-64.162491
-64.178116
-64.190613
-64.153114
-64.159363
-64.162491
-64.153114
-64.146866
-64.143745
-64.146866
-64.146866
-64.137497
-64.12812
-64.12812
-64.103119
-64.131241
-64.109367
-64.106247
-64.115616
-64.134369
-64.131241
-64.134369
-64.134369
-64.137497
-64.112495
-64.115616
-64.112495
-64.121872
-64.106247
-64.09687
-64.087494
-64.071869
-64.093742
-64.093742
-64.106247
-64.099991
-64.09687
-64.109367
-64.09687
-64.115616
-64.099991
-64.124992
-64.115616
-64.106247
-64.112495
-64.118744
-64.103119
-64.103119
-64.103119
-64.071869
-64.071869
-64.074997
-64.074997
-64.074997
-64.087494
-64.09687
-64.109367
-64.099991
-64.09687
-64.090622
-64.09687
-64.093742
-64.087494
-64.081245
-64.109367
-64.087494
-64.106247
-64.106247
-64.093742
-64.09687
-64.106247
-64.121872
-64.112495
-64.112495
-64.134369
-64.134369
-64.156242
-64.140617
-64.146866
-64.137497
-64.131241
-64.153114
-64.137497
-64.131241
-64.134369
-64.112495
-64.140617
-64.146866
-64.118744
-64.09687
-64.09687
-64.081245
-64.081245
-64.09687
-64.09687
-64.103119
-64.099991
-64.118744
-64.134369
-64.134369
-64.112495
-64.134369
-64.121872
-64.131241
-64.140617
-64.103119
-64.090622
-64.09687
-64.109367
-64.099991
-64.09687
-64.099991
-64.112495
-64.106247
-64.09687
-64.099991
-64.103119
-64.099991
-64.118744
-64.106247
-64.112495
-64.112495
-64.109367
-64.103119
-64.093742
-64.112495
-64.103119
-64.09687
-64.103119
-64.093742
-64.09687
-64.09687
-64.09687
-64.09687
-64.081245
-64.081245
-64.090622
-64.071869
-64.081245
-64.087494
-64.078117
-64.084366
-64.090622
-64.09687
-64.09687
-64.099991
-64.099991
-64.106247
-64.09687
-64.112495
-64.09687
-64.093742
-64.081245
-64.109367
-64.087494
-64.09687
-64.103119
-64.09687
-64.112495
-64.090622
-64.09687
-64.090622
-64.103119
-64.093742
-64.099991
-64.093742
-64.056244
-64.053116
-64.056244
-64.03125
-64.043747
-64.046875
-64.053116
-64.059372
-64.046875
-64.049995
-64.06562
-64.06562
-64.078117
-64.090622
-64.081245
-64.09687
-64.068741
-64.056244
-64.059372
-64.071869
-64.062492
-64.081245
-64.046875
-64.059372
-64.059372
-64.056244
-64.056244
-64.074997
-64.06562
-64.074997
-64.059372
-64.053116
-64.056244
-64.053116
-64.053116
-64.068741
-64.046875
-64.053116
-64.056244
-64.078117
-64.062492
-64.059372
-64.071869
-64.06562
-64.084366
-64.087494
-64.090622
-64.099991
-64.109367
-64.09687
-64.09687
-64.093742
-64.099991
-64.115616
-64.078117
-64.071869
-64.074997
-64.074997
-64.056244
-64.068741
-64.056244
-64.068741
-64.090622
-64.074997
-64.087494
-64.099991
-64.071869
-64.106247
-64.109367
-64.118744
-64.118744
-64.12812
-64.146866
-64.134369
-64.093742
-64.09687
-64.09687
-64.087494
-64.09687
-64.078117
-64.093742
-64.103119
-64.109367
-64.099991
-64.093742
-64.078117
-64.09687
-64.099991
-64.099991
-64.084366
-64.081245
-64.084366
-64.103119
-64.093742
-64.087494
-64.09687
-64.09687
-64.071869
-64.062492
-64.068741
-64.053116
-64.084366
-64.09687
-64.099991
-64.109367
-64.09687
-64.093742
-64.071869
-64.078117
-64.06562
-64.074997
-64.053116
-64.059372
-64.071869
-64.078117
-64.062492
-64.093742
-64.068741
-64.06562
-64.09687
-64.090622
-64.084366
-64.084366
-64.099991
-64.112495
-64.115616
-64.112495
-64.121872
-64.099991
-64.12812
-64.134369
-64.146866
-64.137497
-64.159363
-64.137497
-64.137497
-64.134369
-64.115616
-64.121872
-64.131241
-64.106247
-64.106247
-64.09687
-64.09687
-64.109367
-64.109367
-64.09687
-64.099991
-64.109367
-64.106247
-64.09687
-64.09687
-64.087494
-64.09687
-64.09687
-64.112495
-64.12812
-64.106247
-64.112495
-64.118744
-64.081245
-64.087494
-64.099991
-64.118744
-64.115616
-64.087494
-64.099991
-64.112495
-64.106247
-64.115616
-64.109367
-64.121872
-64.115616
-64.106247
-64.09687
-64.09687
-64.099991
-64.093742
-64.099991
-64.074997
-64.074997
-64.09687
-64.084366
-64.087494
-64.106247
-64.09687
-64.09687
-64.109367
-64.090622
-64.074997
-64.071869
-64.090622
-64.062492
-64.093742
-64.053116
-64.068741
-64.062492
-64.046875
-64.046875
-64.053116
-64.025002
-64.03437
-64.037498
-64.018745
-64.043747
-64.049995
-64.046875
-64.049995
-64.03437
-64.037498
-64.043747
-64.046875
-64.03125
-64.03437
-64.03125
-64.037498
-64.046875
-64.059372
-64.068741
-64.056244
-64.037498
-64.03437
-64.040627
-64.03125
-64.043747
-64.049995
-64.059372
-64.046875
-64.040627
-64.018745
-64.046875
-64.03125
-64.053116
-64.046875
-64.03437
-64.046875
-64.043747
-64.018745
-64.025002
-64.021873
-64.012497
-64.012497
-64.037498
-64.046875
-64.040627
-64.046875
-64.06562
-64.062492
-64.062492
-64.06562
-64.053116
-64.049995
-64.040627
-64.046875
-64.03125
-64.056244
-64.040627
-64.053116
-64.046875
-64.043747
-64.040627
-64.028122
-63.996872
-64.012497
-64.028122
-64.015625
-64.040627
-64.046875
-64.03125
-64.025002
-64.018745
-64.006248
-64.009377
-64.018745
-63.990623
-64.018745
-64.03437
-64.03437
-64.043747
-64.040627
-64.03125
-64.043747
-64.040627
-64.018745
-64.021873
-63.996872
-64.00312
-63.996872
-63.996872
-63.996872
-63.996872
-63.996872
-64.009377
-64.018745
-64.009377
-64.012497
-64.018745
-63.996872
-64.012497
-63.996872
-64.018745
-64.012497
-63.996872
-63.993748
-64.009377
-63.996872
-64.015625
-64.018745
-64.021873
-64.028122
-64.037498
-64.056244
-64.056244
-64.046875
-64.053116
-64.03125
-64.028122
-64.015625
-64.028122
-64.009377
-63.984375
-63.996872
-64.00312
-63.996872
-63.993748
-63.971874
-63.965622
-63.984375
-63.984375
-63.981247
-63.996872
-63.987499
-63.971874
-63.984375
-63.953125
-63.990623
-63.996872
-63.996872
-64.028122
-63.990623
-63.996872
-63.996872
-63.996872
-63.990623
-63.984375
-63.996872
-63.996872
-64.009377
-63.996872
-63.987499
-63.974998
-63.953125
-63.959373
-63.959373
-63.956249
-63.959373
-63.959373
-63.943752
-63.96875
-63.981247
-63.96875
-63.953125
-63.959373
-63.971874
-63.978123
-63.96875
-63.953125
-63.956249
-63.953125
-63.962498
-63.990623
-63.96875
-63.962498
-63.96875
-63.959373
-63.971874
-63.943752
-63.946873
-63.96875
-63.96875
-63.959373
-63.956249
-63.946873
-63.940628
-63.940628
-63.946873
-63.943752
-63.93438
-63.943752
-63.974998
-63.965622
-63.937504
-63.940628
-63.943752
-63.928127
-63.937504
-63.940628
-63.946873
-63.971874
-63.96875
-63.946873
-63.940628
-63.949997
-63.949997
-63.962498
-63.962498
-63.946873
-63.981247
-63.971874
-63.962498
-63.946873
-63.962498
-63.943752
-63.946873
-63.921879
-63.946873
-63.953125
-63.965622
-63.962498
-63.965622
-63.949997
-63.949997
-63.946873
-63.946873
-63.940628
-63.921879
-63.940628
-63.943752
-63.937504
-63.925003
-63.931255
-63.93438
-63.953125
-63.971874
-63.971874
-63.978123
-63.978123
-63.978123
-63.984375
-63.965622
-63.953125
-63.953125
-63.946873
-63.943752
-63.956249
-63.953125
-63.949997
-63.943752
-63.949997
-63.953125
-63.971874
-63.962498
-63.974998
-63.971874
-63.96875
-63.956249
-63.946873
-63.937504
-63.931255
-63.931255
-63.921879
-63.91563
-63.906254
-63.896877
-63.909378
-63.918755
-63.909378
-63.906254
-63.921879
-63.928127
-63.940628
-63.91563
-63.946873
-63.946873
-63.93438
-63.909378
-63.909378
-63.896877
-63.896877
-63.88438
-63.890629
-63.909378
-63.912502
-63.896877
-63.90313
-63.896877
-63.893753
-63.896877
-63.87188
-63.868755
-63.909378
-63.887505
-63.909378
-63.906254
-63.91563
-63.918755
-63.928127
-63.912502
-63.93438
-63.946873
-63.912502
-63.946873
-63.928127
-63.943752
-63.959373
-63.93438
-63.91563
-63.91563
-63.918755
-63.909378
-63.912502
-63.906254
-63.896877
-63.896877
-63.887505
-63.893753
-63.90313
-63.896877
-63.909378
-63.928127
-63.940628
-63.93438
-63.925003
-63.909378
-63.925003
-63.909378
-63.900005
-63.890629
-63.890629
-63.878128
-63.88438
-63.893753
-63.893753
-63.90313
-63.918755
-63.928127
-63.921879
-63.931255
-63.91563
-63.90313
-63.906254
-63.925003
-63.912502
-63.921879
-63.921879
-63.900005
-63.918755
-63.931255
-63.931255
-63.93438
-63.946873
-63.921879
-63.918755
-63.91563
-63.91563
-63.928127
-63.928127
-63.921879
-63.925003
-63.928127
-63.937504
-63.912502
-63.90313
-63.909378
-63.940628
-63.918755
-63.928127
-63.921879
-63.90313
-63.912502
-63.896877
-63.890629
-63.896877
-63.90313
-63.890629
-63.906254
-63.937504
-63.90313
-63.896877
-63.896877
-63.893753
-63.909378
-63.896877
-63.909378
-63.896877
-63.909378
-63.91563
-63.900005
-63.90313
-63.896877
-63.906254
-63.88438
-63.865627
-63.87188
-63.878128
-63.890629
-63.865627
-63.87188
-63.843758
-63.834385
-63.834385
-63.843758
-63.846882
-63.837509
-63.812508
-63.821884
-63.834385
-63.834385
-63.840633
-63.821884
-63.850002
-63.850002
-63.859379
-63.859379
-63.846882
-63.846882
-63.868755
-63.87188
-63.890629
-63.88438
-63.868755
-63.875004
-63.87188
-63.88438
-63.881252
-63.88438
-63.85313
-63.881252
-63.865627
-63.85313
-63.868755
-63.856255
-63.87188
-63.856255
-63.859379
-63.846882
-63.846882
-63.846882
-63.840633
-63.831257
-63.846882
-63.846882
-63.85313
-63.859379
-63.846882
-63.840633
-63.815632
-63.840633
-63.831257
-63.831257
-63.85313
-63.846882
-63.856255
-63.887505
-63.878128
-63.865627
-63.859379
-63.878128
-63.878128
-63.88438
-63.900005
-63.900005
-63.896877
-63.900005
-63.900005
-63.906254
-63.91563
-63.896877
-63.896877
-63.909378
-63.896877
-63.88438
-63.906254
-63.900005
-63.881252
-63.887505
-63.890629
-63.868755
-63.881252
-63.890629
-63.875004
-63.896877
-63.890629
-63.893753
-63.87188
-63.868755
-63.868755
-63.87188
-63.88438
-63.868755
-63.862503
-63.856255
-63.856255
-63.859379
-63.846882
-63.840633
-63.878128
-63.846882
-63.859379
-63.865627
-63.87188
-63.887505
-63.896877
-63.88438
-63.896877
-63.896877
-63.878128
-63.881252
-63.868755
-63.868755
-63.88438
-63.868755
-63.859379
-63.87188
-63.868755
-63.881252
-63.88438
-63.878128
-63.87188
-63.881252
-63.878128
-63.88438
-63.887505
-63.881252
-63.890629
-63.881252
-63.878128
-63.881252
-63.893753
-63.896877
-63.906254
-63.893753
-63.88438
-63.909378
-63.91563
-63.931255
-63.921879
-63.906254
-63.906254
-63.918755
-63.909378
-63.921879
-63.912502
-63.912502
-63.921879
-63.912502
-63.921879
-63.925003
-63.918755
-63.906254
-63.912502
-63.900005
-63.91563
-63.91563
-63.912502
-63.93438
-63.937504
-63.940628
-63.940628
-63.937504
-63.928127
-63.959373
-63.96875
-63.946873
-63.956249
-63.928127
-63.937504
-63.937504
-63.937504
-63.937504
-63.959373
-63.946873
-63.959373
-63.953125
-63.921879
-63.946873
-63.946873
-63.959373
-63.978123
-63.946873
-63.946873
-63.953125
-63.971874
-63.953125
-63.953125
-63.940628
-63.940628
-63.946873
-63.965622
-63.962498
-63.953125
-63.949997
-63.956249
-63.978123
-63.965622
-63.996872
-63.971874
-63.959373
-63.981247
-63.962498
-63.965622
-63.959373
-63.956249
-63.971874
-63.987499
-63.996872
-63.993748
-63.996872
-63.993748
-63.971874
-63.978123
-63.978123
-63.984375
-63.993748
-63.971874
-63.953125
-63.959373
-63.971874
-63.978123
-63.990623
-63.996872
-63.990623
-63.996872
-64.006248
-64.03125
-64.015625
-64.03125
-64.03437
-64.018745
-64.00312
-63.996872
-63.996872
-63.984375
-63.981247
-63.978123
-63.990623
-63.996872
-64.012497
-64.046875
-64.03437
-64.03437
-64.040627
-64.03125
-64.018745
-64.015625
-64.021873
-64.028122
-64.021873
-64.028122
-64.037498
-64.043747
-64.037498
-64.040627
-64.046875
-64.049995
-64.046875
-64.043747
-64.046875
-64.043747
-64.062492
-64.06562
-64.059372
-64.037498
-64.056244
-64.046875
-64.037498
-64.006248
-64.021873
-64.018745
-64.043747
-64.049995
-64.046875
-64.046875
-64.053116
-64.012497
-64.021873
-63.996872
-64.00312
-63.990623
-64.021873
-64.015625
-64.046875
-64.037498
-64.021873
-64.021873
-64.018745
-64.006248
-64.03437
-64.03437
-64.043747
-64.03125
-64.03437
-64.025002
-64.040627
-64.043747
-64.028122
-64.03125
-64.021873
-64.046875
-64.046875
-64.03125
-64.046875
-64.046875
-64.040627
-64.043747
-64.046875
-64.012497
-63.996872
-63.990623
-63.990623
-63.984375
-63.996872
-63.990623
-64.018745
-64.015625
-64.03125
-64.043747
-64.046875
-64.059372
-64.053116
-64.046875
-64.043747
-64.021873
-64.006248
-63.996872
-63.996872
-64.025002
-64.046875
-64.028122
-64.025002
-64.028122
-64.025002
-64.021873
-64.015625
-63.990623
-63.971874
-63.993748
-63.987499
-63.993748
-64.021873
-64.006248
-63.984375
-63.981247
-64.006248
-64.021873
-64.018745
