-63.346905
-63.315659
-63.331284
-63.306282
-63.296909
-63.315659
-63.325031
-63.334408
-63.337532
-63.340656
-63.337532
-63.353153
-63.346905
-63.359402
-63.36253
-63.368778
-63.368778
-63.365654
-63.36253
-63.359402
-63.365654
-63.346905
-63.365654
-63.346905
-63.346905
-63.346905
-63.356277
-63.350029
-63.350029
-63.343784
-63.346905
-63.346905
-63.36253
-63.371902
-63.365654
-63.359402
-63.390652
-63.36253
-63.368778
-63.371902
-63.359402
-63.346905
-63.340656
-63.346905
-63.334408
-63.328159
-63.334408
-63.340656
-63.331284
-63.312534
-63.331284
-63.331284
-63.318783
-63.331284
-63.318783
-63.328159
-63.346905
-63.328159
-63.315659
-63.321907
-63.343784
-63.359402
-63.353153
-63.353153
-63.340656
-63.368778
-63.365654
-63.346905
-63.331284
-63.328159
-63.315659
-63.312534
-63.312534
-63.334408
-63.321907
-63.309406
-63.312534
-63.318783
-63.346905
-63.356277
-63.337532
-63.340656
-63.346905
-63.325031
-63.334408
-63.334408
-63.318783
-63.315659
-63.321907
-63.315659
-63.309406
-63.321907
-63.315659
-63.334408
-63.325031
-63.303158
-63.334408
-63.343784
-63.340656
-63.346905
-63.346905
-63.359402
-63.365654
-63.343784
-63.375027
-63.353153
-63.359402
-63.365654
-63.346905
-63.350029
-63.340656
-63.337532
-63.350029
-63.353153
-63.350029
-63.346905
-63.350029
-63.343784
-63.337532
-63.343784
-63.340656
-63.328159
-63.331284
-63.337532
-63.337532
-63.334408
-63.334408
-63.312534
-63.321907
-63.321907
-63.343784
-63.346905
-63.346905
-63.353153
-63.346905
-63.346905
-63.346905
-63.325031
-63.328159
-63.331284
-63.328159
-63.325031
-63.346905
-63.346905
-63.346905
-63.340656
-63.340656
-63.346905
-63.343784
-63.346905
-63.337532
-63.331284
-63.325031
-63.346905
-63.315659
-63.315659
-63.337532
-63.315659
-63.318783
-63.325031
-63.315659
-63.312534
-63.331284
-63.325031
-63.337532
-63.346905
-63.328159
-63.328159
-63.325031
-63.328159
-63.325031
-63.331284
-63.309406
-63.334408
-63.331284
-63.321907
-63.334408
-63.309406
-63.296909
-63.296909
-63.284409
-63.306282
-63.303158
-63.290657
-63.281284
-63.278156
-63.293781
-63.296909
-63.287533
-63.303158
-63.325031
-63.321907
-63.337532
-63.337532
-63.328159
-63.315659
-63.309406
-63.309406
-63.318783
-63.315659
-63.334408
-63.318783
-63.312534
-63.296909
-63.293781
-63.290657
-63.293781
-63.296909
-63.315659
-63.318783
-63.321907
-63.303158
-63.309406
-63.290657
-63.300034
-63.296909
-63.309406
-63.284409
-63.284409
-63.293781
-63.290657
-63.290657
-63.296909
-63.306282
-63.309406
-63.315659
-63.321907
-63.321907
-63.315659
-63.300034
-63.303158
-63.296909
-63.293781
-63.315659
-63.296909
-63.275032
-63.284409
-63.278156
-63.296909
-63.281284
-63.300034
-63.293781
-63.278156
-63.278156
-63.303158
-63.293781
-63.287533
-63.296909
-63.293781
-63.296909
-63.296909
-63.284409
-63.284409
-63.278156
-63.281284
-63.281284
-63.290657
-63.278156
-63.278156
-63.293781
-63.284409
-63.296909
-63.306282
-63.293781
-63.284409
-63.275032
-63.268784
-63.271908
-63.275032
-63.268784
-63.265659
-63.271908
-63.262531
-63.278156
-63.256283
-63.246914
-63.271908
-63.256283
-63.271908
-63.268784
-63.268784
-63.275032
-63.271908
-63.284409
-63.293781
-63.284409
-63.281284
-63.293781
-63.271908
-63.296909
-63.303158
-63.306282
-63.296909
-63.296909
-63.303158
-63.306282
-63.303158
-63.287533
-63.296909
-63.296909
-63.290657
-63.284409
-63.293781
-63.293781
-63.296909
-63.290657
-63.265659
-63.265659
-63.268784
-63.250034
-63.265659
-63.246914
-63.246914
-63.290657
-63.259407
-63.246914
-63.265659
-63.284409
-63.284409
-63.278156
-63.265659
-63.246914
-63.259407
-63.256283
-63.259407
-63.271908
-63.250034
-63.271908
-63.256283
-63.246914
-63.256283
-63.250034
-63.265659
-63.265659
-63.246914
-63.246914
-63.271908
-63.253159
-63.234413
-63.234413
-63.234413
-63.231289
-63.212536
-63.196911
-63.221912
-63.218788
-63.212536
-63.243786
-63.234413
-63.240662
-63.240662
-63.243786
-63.215664
-63.215664
-63.218788
-63.221912
-63.218788
-63.206287
-63.206287
-63.218788
-63.225037
-63.231289
-63.234413
-63.218788
-63.234413
-63.250034
-63.240662
-63.221912
-63.240662
-63.250034
-63.253159
-63.262531
-63.256283
-63.265659
-63.253159
-63.250034
-63.253159
-63.253159
-63.259407
-63.253159
-63.246914
-63.240662
-63.246914
-63.246914
-63.234413
-63.212536
-63.225037
-63.218788
-63.212536
-63.184414
-63.203163
-63.212536
-63.231289
-63.250034
-63.262531
-63.265659
-63.256283
-63.240662
-63.231289
-63.225037
-63.212536
-63.215664
-63.215664
-63.225037
-63.237537
-63.228161
-63.240662
-63.250034
-63.246914
-63.240662
-63.246914
-63.246914
-63.246914
-63.253159
-63.253159
-63.237537
-63.221912
-63.215664
-63.243786
-63.256283
-63.221912
-63.228161
-63.231289
-63.225037
-63.240662
-63.209412
-63.237537
-63.221912
-63.196911
-63.218788
-63.246914
-63.240662
-63.246914
-63.265659
-63.243786
-63.240662
-63.250034
-63.265659
-63.271908
-63.287533
-63.268784
-63.271908
-63.275032
-63.246914
-63.246914
-63.240662
-63.246914
-63.246914
-63.265659
-63.268784
-63.275032
-63.271908
-63.293781
-63.278156
-63.265659
-63.281284
-63.256283
-63.271908
-63.268784
-63.303158
-63.275032
-63.262531
-63.259407
-63.275032
-63.268784
-63.284409
-63.290657
-63.290657
-63.293781
-63.303158
-63.296909
-63.296909
-63.271908
-63.284409
-63.259407
-63.265659
-63.265659
-63.253159
-63.256283
-63.256283
-63.265659
-63.271908
-63.281284
-63.262531
-63.300034
-63.281284
-63.246914
-63.246914
-63.237537
-63.243786
-63.240662
-63.228161
-63.221912
-63.246914
-63.237537
-63.240662
-63.246914
-63.234413
-63.246914
-63.246914
-63.221912
-63.246914
-63.265659
-63.262531
-63.278156
-63.296909
-63.271908
-63.268784
-63.268784
-63.262531
-63.268784
-63.262531
-63.275032
-63.284409
-63.284409
-63.296909
-63.296909
-63.290657
-63.296909
-63.284409
-63.281284
-63.268784
-63.268784
-63.262531
-63.268784
-63.275032
-63.278156
-63.259407
-63.256283
-63.240662
-63.234413
-63.243786
-63.234413
-63.253159
-63.250034
-63.246914
-63.246914
-63.246914
-63.231289
-63.246914
-63.225037
-63.237537
-63.240662
-63.253159
-63.246914
-63.253159
-63.265659
-63.278156
-63.259407
-63.284409
-63.284409
-63.262531
-63.278156
-63.278156
-63.271908
-63.253159
-63.281284
-63.278156
-63.271908
-63.265659
-63.278156
-63.287533
-63.281284
-63.287533
-63.287533
-63.271908
-63.259407
-63.262531
-63.265659
-63.253159
-63.265659
-63.275032
-63.296909
-63.312534
-63.296909
-63.284409
-63.284409
-63.271908
-63.284409
-63.293781
-63.296909
-63.306282
-63.293781
-63.268784
-63.278156
-63.290657
-63.287533
-63.318783
-63.296909
-63.287533
-63.281284
-63.284409
-63.293781
-63.284409
-63.265659
-63.265659
-63.256283
-63.256283
-63.253159
-63.246914
-63.228161
-63.246914
-63.246914
-63.237537
-63.253159
-63.259407
-63.246914
-63.209412
-63.218788
-63.231289
-63.234413
-63.240662
-63.234413
-63.253159
-63.246914
-63.265659
-63.246914
-63.231289
-63.246914
-63.271908
-63.250034
-63.246914
-63.256283
-63.246914
-63.253159
-63.240662
-63.234413
-63.234413
-63.221912
-63.225037
-63.228161
-63.218788
-63.209412
-63.237537
-63.246914
-63.246914
-63.228161
-63.209412
-63.196911
-63.196911
-63.206287
-63.231289
-63.231289
-63.225037
-63.221912
-63.228161
-63.243786
-63.234413
-63.246914
-63.243786
-63.225037
-63.225037
-63.225037
-63.212536
-63.209412
-63.196911
-63.240662
-63.218788
-63.225037
-63.218788
-63.234413
-63.228161
-63.246914
-63.243786
-63.231289
-63.237537
-63.231289
-63.231289
-63.228161
-63.240662
-63.240662
-63.225037
-63.212536
-63.225037
-63.209412
-63.196911
-63.209412
-63.196911
-63.196911
-63.196911
-63.196911
-63.225037
-63.196911
-63.196911
-63.221912
-63.221912
-63.196911
-63.196911
-63.181286
-63.178162
-63.184414
-63.196911
-63.196911
-63.209412
-63.196911
-63.193787
-63.196911
-63.171913
-63.181286
-63.203163
-63.184414
-63.184414
-63.165661
-63.153164
-63.156288
-63.162537
-63.184414
-63.187538
-63.184414
-63.168789
-63.171913
-63.165661
-63.171913
-63.171913
-63.156288
-63.165661
-63.168789
-63.178162
-63.181286
-63.196911
-63.193787
-63.190662
-63.196911
-63.196911
-63.206287
-63.206287
-63.209412
-63.215664
-63.200039
-63.193787
-63.196911
-63.196911
-63.203163
-63.206287
-63.196911
-63.206287
-63.221912
-63.225037
-63.221912
-63.212536
-63.196911
-63.193787
-63.193787
-63.190662
-63.165661
-63.168789
-63.162537
-63.159412
-63.168789
-63.159412
-63.171913
-63.178162
-63.171913
-63.175037
-63.184414
-63.184414
-63.196911
-63.215664
-63.187538
-63.196911
-63.190662
-63.196911
-63.196911
-63.196911
-63.196911
-63.171913
-63.168789
-63.162537
-63.153164
-63.156288
-63.159412
-63.159412
-63.150036
-63.184414
-63.153164
-63.165661
-63.184414
-63.171913
-63.153164
-63.150036
-63.146912
-63.153164
-63.140667
-63.137543
-63.146912
-63.146912
-63.140667
-63.140667
-63.153164
-63.146912
-63.146912
-63.146912
-63.121918
-63.140667
-63.146912
-63.146912
-63.153164
-63.156288
-63.165661
-63.162537
-63.168789
-63.159412
-63.168789
-63.156288
-63.171913
-63.162537
-63.159412
-63.150036
-63.165661
-63.146912
-63.131294
-63.143791
-63.134418
-63.143791
-63.153164
-63.146912
-63.143791
-63.134418
-63.121918
-63.140667
-63.131294
-63.143791
-63.128166
-63.121918
-63.134418
-63.118793
-63.096916
-63.090668
-63.096916
-63.084419
-63.087543
-63.093792
-63.100044
-63.140667
-63.125042
-63.143791
-63.156288
-63.137543
-63.115669
-63.128166
-63.115669
-63.131294
-63.125042
-63.100044
-63.118793
-63.103168
-63.106293
-63.106293
-63.096916
-63.106293
-63.103168
-63.096916
-63.084419
-63.093792
-63.090668
-63.109417
-63.106293
-63.106293
-63.087543
-63.096916
-63.096916
-63.093792
-63.096916
-63.096916
-63.103168
-63.090668
-63.087543
-63.087543
-63.081291
-63.071918
-63.068794
-63.071918
-63.093792
-63.100044
-63.081291
-63.065666
-63.053169
-63.046921
-63.071918
-63.046921
-63.040672
-63.075043
-63.062542
-63.059418
-63.046921
-63.034424
-63.043797
-63.031296
-63.031296
-63.037548
-63.037548
-63.043797
-63.040672
-63.056293
-63.056293
-63.046921
-63.046921
-63.046921
-63.043797
-63.053169
-63.056293
-63.068794
-63.043797
-63.031296
-63.040672
-63.046921
-63.015671
-63.034424
-63.031296
-63.046921
-63.028172
-63.046921
-63.062542
-63.078167
-63.075043
-63.078167
-63.081291
-63.078167
-63.081291
-63.075043
-63.093792
-63.081291
-63.084419
-63.053169
-63.081291
-63.068794
-63.062542
-63.071918
-63.046921
-63.065666
-63.084419
-63.090668
-63.100044
-63.103168
-63.087543
-63.096916
-63.071918
-63.096916
-63.093792
-63.096916
-63.065666
-63.068794
-63.081291
-63.059418
-63.046921
-63.046921
-63.046921
-63.062542
-63.062542
-63.059418
-63.071918
-63.068794
-63.068794
-63.075043
-63.087543
-63.109417
-63.118793
-63.112541
-63.115669
-63.100044
-63.112541
-63.112541
-63.125042
-63.106293
-63.100044
-63.081291
-63.096916
-63.103168
-63.087543
-63.065666
-63.096916
-63.087543
-63.106293
-63.103168
-63.106293
-63.100044
-63.109417
-63.109417
-63.115669
-63.096916
-63.103168
-63.096916
-63.093792
-63.081291
-63.078167
-63.096916
-63.087543
-63.096916
-63.084419
-63.081291
-63.081291
-63.075043
-63.075043
-63.078167
-63.078167
-63.075043
-63.103168
-63.084419
-63.093792
-63.100044
-63.093792
-63.100044
-63.112541
-63.118793
-63.106293
-63.103168
-63.112541
-63.125042
-63.093792
-63.084419
-63.084419
-63.103168
-63.106293
-63.137543
-63.140667
-63.146912
-63.134418
-63.140667
-63.118793
-63.140667
-63.146912
-63.131294
-63.121918
-63.112541
-63.115669
-63.115669
-63.109417
-63.118793
-63.131294
-63.146912
-63.143791
-63.146912
-63.131294
-63.137543
-63.131294
-63.143791
-63.115669
-63.096916
-63.121918
-63.121918
-63.121918
-63.131294
-63.146912
-63.140667
-63.140667
-63.109417
-63.109417
-63.096916
-63.096916
-63.100044
-63.096916
-63.090668
-63.103168
-63.115669
-63.100044
-63.115669
-63.134418
-63.128166
-63.131294
-63.131294
-63.146912
-63.146912
-63.153164
-63.128166
-63.128166
-63.121918
-63.118793
-63.125042
-63.118793
-63.103168
-63.106293
-63.096916
-63.121918
-63.115669
-63.109417
-63.109417
-63.112541
-63.115669
-63.109417
-63.100044
-63.121918
-63.146912
-63.134418
-63.140667
-63.153164
-63.134418
-63.153164
-63.121918
-63.131294
-63.121918
-63.121918
-63.115669
-63.118793
-63.128166
-63.121918
-63.137543
-63.143791
-63.109417
-63.115669
-63.128166
-63.121918
-63.128166
-63.146912
-63.125042
-63.121918
-63.137543
-63.137543
-63.134418
-63.134418
-63.118793
-63.121918
-63.115669
-63.125042
-63.106293
-63.109417
-63.106293
-63.109417
-63.087543
-63.087543
-63.096916
-63.084419
-63.081291
-63.090668
-63.096916
-63.081291
-63.075043
-63.059418
-63.093792
-63.087543
-63.081291
-63.090668
-63.071918
-63.050041
-63.084419
-63.075043
-63.084419
-63.096916
-63.071918
-63.071918
-63.050041
-63.068794
-63.068794
-63.053169
-63.056293
-63.059418
-63.046921
-63.046921
-63.046921
-63.043797
-63.046921
-63.053169
-63.046921
-63.046921
-63.059418
-63.065666
-63.053169
-63.075043
-63.062542
-63.078167
-63.090668
-63.087543
-63.100044
-63.096916
-63.090668
-63.084419
-63.093792
-63.096916
-63.081291
-63.081291
-63.096916
-63.096916
-63.078167
-63.075043
-63.090668
-63.075043
-63.078167
-63.071918
-63.062542
-63.050041
-63.046921
-63.046921
-63.046921
-63.046921
-63.031296
-63.021923
-63.018799
-63.015671
-63.012547
-63.025047
-63.031296
-63.046921
-63.046921
-63.056293
-63.053169
-63.046921
-63.071918
-63.059418
-63.053169
-63.046921
-63.056293
-63.043797
-63.065666
-63.046921
-63.021923
-63.037548
-63.015671
-63.028172
-63.015671
-63.046921
-63.046921
-63.037548
-63.053169
-63.040672
-63.062542
-63.081291
-63.093792
-63.068794
-63.062542
-63.056293
-63.075043
-63.053169
-63.046921
-63.056293
-63.056293
-63.071918
-63.034424
-63.043797
-63.062542
-63.053169
-63.046921
-63.056293
-63.046921
-63.062542
-63.056293
-63.046921
-63.053169
-63.071918
-63.046921
-63.050041
-63.056293
-63.046921
-63.062542
-63.056293
-63.053169
-63.046921
-63.031296
-63.037548
-63.046921
-63.037548
-63.056293
-63.071918
-63.050041
-63.053169
-63.059418
-63.046921
-63.046921
-63.040672
-63.028172
-63.018799
-63.034424
-63.025047
-63.006298
-63.006298
-63.028172
-63.040672
-63.040672
-63.025047
-63.053169
-63.046921
-63.037548
-63.040672
-63.037548
-63.056293
-63.053169
-63.046921
-63.037548
-63.025047
-63.012547
-63.025047
-63.028172
-63.028172
-63.043797
-63.031296
-63.015671
-63.037548
-63.009422
-63.015671
-63.012547
-63.015671
-63.028172
-63.053169
-63.046921
-63.046921
-63.071918
-63.078167
-63.093792
-63.075043
-63.065666
-63.056293
-63.068794
-63.065666
-63.062542
-63.071918
-63.078167
-63.078167
-63.062542
-63.053169
-63.065666
-63.071918
-63.090668
-63.096916
-63.109417
-63.096916
-63.096916
-63.103168
-63.115669
-63.109417
-63.078167
-63.096916
-63.090668
-63.081291
-63.096916
-63.096916
-63.103168
-63.106293
-63.103168
-63.112541
-63.128166
-63.125042
-63.106293
-63.103168
-63.093792
-63.075043
-63.090668
-63.084419
-63.093792
-63.084419
-63.087543
-63.096916
-63.078167
-63.087543
-63.112541
-63.140667
-63.125042
-63.118793
-63.100044
-63.115669
-63.125042
-63.121918
-63.131294
-63.109417
-63.115669
-63.121918
-63.115669
-63.109417
-63.100044
-63.100044
-63.109417
-63.109417
-63.121918
-63.109417
-63.109417
-63.106293
-63.115669
-63.118793
-63.128166
-63.118793
-63.128166
-63.109417
-63.109417
-63.140667
-63.131294
-63.109417
-63.146912
-63.134418
-63.118793
-63.096916
-63.093792
-63.096916
-63.090668
-63.084419
-63.090668
-63.093792
-63.096916
-63.112541
-63.121918
-63.121918
-63.109417
-63.109417
-63.096916
-63.109417
-63.096916
-63.096916
-63.096916
-63.090668
-63.109417
-63.115669
-63.096916
-63.096916
-63.115669
-63.096916
-63.090668
-63.090668
-63.084419
-63.075043
-63.068794
-63.050041
-63.065666
-63.075043
-63.071918
-63.075043
-63.068794
-63.075043
-63.078167
-63.059418
-63.075043
-63.090668
-63.075043
-63.100044
-63.096916
-63.071918
-63.096916
-63.103168
-63.096916
-63.103168
-63.096916
-63.093792
-63.096916
-63.096916
-63.075043
-63.084419
-63.068794
-63.087543
-63.100044
-63.087543
-63.081291
-63.084419
-63.078167
-63.087543
-63.090668
-63.096916
-63.087543
-63.093792
-63.103168
-63.090668
-63.075043
-63.078167
-63.090668
-63.087543
-63.081291
-63.090668
-63.081291
-63.084419
-63.090668
-63.078167
-63.081291
-63.093792
-63.075043
-63.081291
-63.096916
-63.100044
-63.118793
-63.112541
-63.115669
-63.118793
-63.131294
-63.134418
-63.140667
-63.131294
-63.118793
-63.118793
-63.081291
-63.090668
-63.106293
-63.096916
-63.093792
-63.112541
-63.096916
-63.090668
-63.096916
-63.096916
-63.118793
-63.118793
-63.103168
-63.121918
-63.125042
-63.118793
-63.128166
-63.096916
-63.090668
-63.100044
-63.118793
-63.128166
-63.140667
-63.128166
-63.118793
-63.121918
-63.109417
-63.121918
-63.128166
-63.118793
-63.128166
-63.146912
-63.137543
-63.128166
-63.121918
-63.115669
-63.140667
-63.153164
-63.143791
-63.140667
-63.125042
-63.146912
-63.134418
-63.115669
-63.103168
-63.125042
-63.103168
-63.146912
-63.137543
-63.143791
-63.153164
-63.171913
-63.146912
-63.156288
-63.162537
-63.146912
-63.165661
-63.137543
-63.150036
-63.131294
-63.109417
-63.112541
-63.103168
-63.121918
-63.134418
-63.131294
-63.125042
-63.137543
-63.137543
-63.118793
-63.125042
-63.109417
-63.137543
-63.137543
-63.134418
-63.118793
-63.115669
-63.115669
-63.115669
-63.137543
-63.140667
-63.134418
-63.146912
-63.146912
-63.153164
-63.165661
-63.150036
-63.156288
-63.146912
-63.143791
-63.153164
-63.143791
-63.143791
-63.146912
-63.134418
-63.143791
-63.146912
-63.146912
-63.162537
-63.171913
-63.150036
-63.165661
-63.181286
-63.178162
-63.175037
-63.178162
-63.156288
-63.162537
-63.146912
-63.171913
-63.175037
-63.178162
-63.162537
-63.165661
-63.168789
-63.168789
-63.178162
-63.181286
-63.178162
-63.184414
-63.165661
-63.162537
-63.168789
-63.146912
-63.146912
-63.143791
-63.153164
-63.128166
-63.137543
-63.131294
-63.137543
-63.150036
-63.159412
-63.178162
-63.178162
-63.181286
-63.181286
-63.178162
-63.171913
-63.165661
-63.162537
-63.153164
-63.168789
-63.159412
-63.156288
-63.153164
-63.134418
-63.146912
-63.128166
-63.115669
-63.121918
-63.115669
-63.106293
-63.121918
-63.112541
-63.115669
-63.121918
-63.128166
-63.121918
-63.134418
-63.118793
-63.115669
-63.112541
-63.112541
-63.093792
-63.096916
-63.096916
-63.093792
-63.075043
-63.056293
-63.046921
-63.071918
-63.075043
-63.084419
-63.096916
-63.090668
-63.103168
-63.115669
-63.125042
-63.134418
-63.118793
-63.096916
-63.106293
-63.096916
-63.096916
-63.096916
-63.100044
-63.093792
-63.078167
-63.090668
-63.075043
-63.065666
-63.062542
-63.075043
-63.065666
-63.065666
-63.081291
-63.056293
-63.071918
-63.071918
-63.056293
-63.046921
-63.084419
-63.059418
-63.075043
-63.078167
-63.087543
-63.096916
-63.078167
-63.068794
-63.071918
-63.059418
-63.059418
-63.068794
-63.065666
-63.065666
-63.093792
-63.081291
-63.081291
-63.084419
-63.068794
-63.068794
-63.065666
-63.046921
-63.046921
-63.050041
-63.053169
-63.046921
-63.065666
-63.065666
-63.056293
-63.065666
-63.059418
-63.037548
-63.053169
-63.046921
-63.071918
-63.065666
-63.065666
-63.065666
-63.046921
-63.053169
-63.043797
-63.037548
-63.046921
-63.037548
-63.034424
-63.025047
-63.037548
-63.028172
-63.028172
-63.031296
-63.018799
-63.053169
-63.034424
-63.056293
-63.050041
-63.046921
-63.081291
-63.075043
-63.081291
-63.059418
-63.084419
-63.093792
-63.093792
-63.081291
-63.075043
-63.059418
-63.059418
-63.046921
-63.068794
-63.093792
-63.068794
-63.078167
-63.087543
-63.081291
-63.109417
-63.096916
-63.096916
-63.106293
-63.115669
-63.096916
-63.103168
-63.087543
-63.093792
-63.096916
-63.090668
-63.109417
-63.112541
-63.100044
-63.090668
-63.081291
-63.084419
-63.103168
-63.118793
-63.115669
-63.118793
-63.131294
-63.140667
-63.134418
-63.140667
-63.150036
-63.137543
-63.093792
-63.096916
-63.109417
-63.096916
-63.118793
-63.118793
-63.096916
-63.109417
-63.118793
-63.115669
-63.143791
-63.143791
-63.125042
-63.131294
-63.121918
-63.128166
-63.134418
-63.146912
-63.146912
-63.128166
-63.121918
-63.121918
-63.143791
-63.115669
-63.131294
-63.137543
-63.146912
-63.162537
-63.146912
-63.146912
-63.162537
-63.143791
-63.146912
-63.168789
-63.168789
-63.146912
-63.168789
-63.171913
-63.181286
-63.168789
-63.168789
-63.146912
-63.146912
-63.159412
-63.168789
-63.162537
-63.153164
-63.178162
-63.162537
-63.143791
-63.146912
-63.134418
-63.131294
-63.137543
-63.140667
-63.131294
-63.143791
-63.125042
-63.150036
-63.143791
-63.143791
-63.121918
-63.121918
-63.096916
-63.109417
-63.106293
-63.103168
-63.103168
-63.100044
-63.112541
-63.134418
-63.131294
-63.134418
-63.131294
-63.137543
-63.125042
-63.146912
-63.156288
-63.140667
-63.150036
-63.143791
-63.134418
-63.131294
-63.131294
-63.131294
-63.121918
-63.109417
-63.137543
-63.128166
-63.137543
-63.128166
-63.103168
-63.103168
-63.096916
-63.096916
-63.096916
-63.103168
-63.106293
-63.096916
-63.096916
-63.096916
-63.118793
-63.087543
-63.078167
-63.096916
-63.096916
-63.093792
-63.118793
-63.118793
-63.096916
-63.115669
-63.103168
-63.103168
-63.106293
-63.090668
-63.093792
-63.096916
-63.090668
-63.096916
-63.118793
-63.118793
-63.121918
-63.109417
-63.100044
-63.106293
-63.115669
-63.100044
-63.125042
-63.134418
-63.131294
-63.121918
-63.115669
-63.096916
-63.125042
-63.134418
-63.134418
-63.140667
-63.131294
-63.125042
-63.143791
-63.128166
-63.140667
-63.146912
-63.131294
-63.146912
-63.134418
-63.131294
-63.156288
-63.153164
-63.115669
-63.100044
-63.093792
-63.065666
-63.046921
-63.015671
-62.996922
-62.984421
-62.971924
-62.946922
-62.946922
-62.903179
-62.893803
-62.896927
-62.875053
-62.846931
-62.846931
-62.812557
-62.809433
-62.831306
-62.821934
-62.812557
-62.806309
-62.809433
-62.796932
-62.787556
-62.796932
-62.793808
-62.771931
-62.771931
-62.787556
-62.759434
-62.796932
-62.771931
-62.793808
-62.809433
-62.793808
-62.775059
-62.781307
-62.787556
-62.771931
-62.781307
-62.778183
-62.771931
-62.771931
-62.778183
-62.765682
-62.771931
-62.771931
-62.759434
-62.784431
-62.762558
-62.771931
-62.768806
-62.765682
-62.771931
-62.756306
-62.743813
-62.725063
-62.740688
-62.762558
-62.765682
-62.746933
-62.753181
-62.753181
-62.750057
-62.743813
-62.746933
-62.762558
-62.771931
-62.765682
-62.765682
-62.771931
-62.775059
-62.762558
-62.778183
-62.790684
-62.778183
-62.793808
-62.781307
-62.784431
-62.778183
-62.781307
-62.775059
-62.771931
-62.790684
-62.793808
-62.803181
-62.809433
-62.815681
-62.806309
-62.793808
-62.793808
-62.787556
-62.793808
-62.790684
-62.784431
-62.796932
-62.809433
-62.812557
-62.803181
-62.809433
-62.815681
-62.815681
-62.837559
-62.846931
-62.856304
-62.865677
-62.828182
-62.840683
-62.831306
-62.818806
-62.825058
-62.846931
-62.809433
-62.831306
-62.843807
-62.821934
-62.834431
-62.796932
-62.803181
-62.806309
-62.784431
-62.784431
-62.796932
-62.821934
-62.812557
-62.809433
-62.781307
-62.793808
-62.815681
-62.800056
-62.812557
-62.815681
-62.790684
-62.790684
-62.796932
-62.812557
-62.821934
-62.803181
-62.796932
-62.796932
-62.790684
-62.793808
-62.781307
-62.759434
-62.784431
-62.803181
-62.784431
-62.793808
-62.825058
-62.821934
-62.815681
-62.815681
-62.803181
-62.821934
-62.818806
-62.825058
-62.846931
-62.821934
-62.809433
-62.793808
-62.793808
-62.809433
-62.812557
-62.809433
-62.815681
-62.834431
-62.806309
-62.843807
-62.831306
-62.825058
-62.853176
-62.840683
-62.846931
-62.846931
-62.853176
-62.837559
-62.846931
-62.815681
-62.834431
-62.846931
-62.846931
-62.846931
-62.837559
-62.825058
-62.843807
-62.843807
-62.846931
-62.834431
-62.837559
-62.843807
-62.859428
-62.868801
-62.853176
-62.843807
-62.834431
-62.846931
-62.846931
-62.837559
-62.843807
-62.850052
-62.843807
-62.840683
-62.850052
-62.843807
-62.831306
-62.828182
-62.840683
-62.843807
-62.868801
-62.840683
-62.846931
-62.846931
-62.825058
-62.837559
-62.846931
-62.837559
-62.871929
-62.868801
-62.862553
-62.865677
-62.884426
-62.890678
-62.912552
-62.896927
-62.896927
-62.890678
-62.896927
-62.893803
-62.896927
-62.890678
-62.884426
-62.906303
-62.887554
-62.912552
-62.915676
-62.921928
-62.906303
-62.896927
-62.912552
-62.937553
-62.940678
-62.946922
-62.953171
-62.943802
-62.940678
-62.953171
-62.943802
-62.940678
-62.946922
-62.940678
-62.959423
-62.965672
-62.956299
-62.965672
-62.956299
-62.962547
-62.950047
-62.965672
-62.968796
-62.956299
-62.968796
-62.962547
-62.968796
-62.968796
-62.959423
-62.953171
-62.934429
-62.946922
-62.968796
-62.934429
-62.946922
-62.937553
-62.934429
-62.940678
-62.953171
-62.928177
-62.940678
-62.959423
-62.956299
-62.946922
-62.946922
-62.953171
-62.965672
-62.981297
-62.978172
-62.993797
-62.990673
-62.996922
-63.000046
-62.996922
-62.990673
-62.990673
-62.981297
-62.981297
-62.975048
-62.971924
-62.971924
-62.984421
-62.993797
-63.006298
-62.996922
-62.996922
-63.006298
-62.996922
-62.993797
-63.000046
-62.990673
-63.003174
-63.006298
-62.996922
-63.003174
-63.015671
-62.996922
-62.984421
-62.990673
-62.996922
-63.009422
-63.031296
-63.006298
-63.015671
-63.021923
-62.996922
-63.006298
-63.009422
-63.003174
-63.021923
-63.006298
-63.018799
-63.021923
-62.996922
-62.996922
-63.018799
-62.996922
-62.993797
-63.012547
-63.006298
-63.021923
-63.000046
-62.996922
-63.028172
-63.015671
-63.018799
-63.021923
-63.034424
-63.043797
-63.037548
-63.021923
-63.050041
-63.040672
-63.056293
-63.053169
-63.037548
-63.021923
-63.021923
-63.028172
-62.996922
-62.987549
-62.993797
-62.981297
-62.984421
-62.984421
-62.950047
-62.987549
-62.981297
-62.981297
-62.996922
-62.984421
-62.996922
-63.021923
-63.018799
-63.012547
-63.031296
-63.028172
-63.015671
-63.015671
-63.012547
-63.021923
-62.996922
-62.987549
-63.025047
-62.996922
-62.990673
-63.009422
-63.003174
-63.009422
-63.003174
-62.984421
-63.006298
-63.012547
-63.021923
-63.031296
-63.034424
-63.040672
-63.015671
-63.043797
-63.046921
-63.059418
-63.062542
-63.046921
-63.050041
-63.043797
-63.025047
-63.031296
-63.021923
-63.021923
-63.018799
-63.012547
-63.015671
-63.015671
-63.012547
-63.000046
-63.015671
-62.996922
-63.009422
-63.028172
-63.021923
-63.025047
-63.025047
-62.996922
-63.015671
-63.000046
-62.990673
-62.990673
-63.006298
-63.003174
-63.000046
-63.003174
-62.987549
-62.981297
-62.971924
-62.968796
-62.981297
-62.968796
-62.975048
-62.981297
-62.946922
-62.946922
-62.968796
-62.946922
-62.946922
-62.946922
-62.953171
-62.971924
-62.990673
-62.984421
-62.996922
-62.990673
-63.009422
-62.996922
-63.015671
-63.025047
-63.012547
-62.996922
-63.034424
-63.034424
-63.006298
-63.000046
-63.006298
-62.996922
-63.003174
-62.978172
-62.981297
-62.993797
-62.987549
-62.993797
-62.990673
-62.984421
-62.996922
-63.003174
-63.003174
-63.006298
-62.996922
-62.990673
-63.000046
-62.993797
-63.012547
-63.003174
-62.996922
-62.987549
-63.018799
-63.000046
-62.990673
-63.003174
-62.996922
-63.000046
-63.034424
-63.025047
-63.034424
-63.034424
-63.034424
-63.046921
-63.025047
-63.015671
-63.034424
-63.053169
-63.053169
-63.059418
-63.059418
-63.040672
-63.037548
-63.043797
-63.031296
-63.046921
-63.037548
-63.037548
-63.046921
-63.043797
-63.050041
-63.059418
-63.075043
-63.071918
-63.078167
-63.078167
-63.084419
-63.090668
-63.071918
-63.075043
-63.059418
-63.046921
-63.031296
-63.031296
-63.031296
-63.025047
-63.037548
-63.056293
-63.071918
-63.068794
-63.046921
-63.062542
-63.053169
-63.046921
-63.046921
-63.046921
-63.059418
-63.071918
-63.075043
-63.075043
-63.081291
-63.065666
-63.046921
-63.056293
-63.034424
-63.046921
-63.046921
-63.062542
-63.071918
-63.065666
-63.071918
-63.078167
-63.078167
-63.090668
-63.081291
-63.096916
-63.090668
-63.096916
-63.096916
-63.103168
-63.103168
-63.128166
-63.134418
-63.112541
-63.106293
-63.115669
-63.106293
-63.081291
-63.090668
-63.087543
-63.068794
-63.096916
-63.096916
-63.062542
-63.059418
-63.034424
-63.059418
-63.062542
-63.071918
-63.084419
-63.084419
-63.078167
-63.065666
-63.062542
-63.075043
-63.078167
-63.075043
-63.078167
-63.071918
-63.081291
-63.090668
-63.081291
-63.068794
-63.059418
-63.062542
-63.068794
-63.068794
-63.065666
-63.065666
-63.078167
-63.050041
-63.062542
-63.078167
-63.065666
-63.065666
-63.081291
-63.078167
-63.065666
-63.065666
-63.087543
-63.109417
-63.096916
-63.087543
-63.081291
-63.084419
-63.090668
-63.078167
-63.081291
-63.096916
-63.093792
-63.093792
-63.071918
-63.096916
-63.109417
-63.096916
-63.100044
-63.106293
-63.115669
-63.131294
-63.131294
-63.115669
-63.134418
-63.134418
-63.118793
-63.128166
-63.140667
-63.128166
-63.118793
-63.118793
-63.118793
-63.118793
-63.125042
-63.109417
-63.112541
-63.103168
-63.143791
-63.125042
-63.096916
-63.096916
-63.096916
-63.112541
-63.103168
-63.106293
-63.118793
-63.137543
-63.118793
-63.125042
-63.106293
-63.115669
-63.115669
-63.137543
-63.140667
-63.143791
-63.146912
-63.153164
-63.134418
-63.125042
-63.112541
-63.137543
-63.125042
-63.134418
-63.118793
-63.131294
-63.146912
-63.140667
-63.131294
-63.146912
-63.153164
-63.131294
-63.153164
-63.184414
-63.165661
-63.168789
-63.168789
-63.168789
-63.178162
-63.146912
-63.131294
-63.137543
-63.143791
-63.146912
-63.125042
-63.109417
-63.112541
-63.128166
-63.109417
-63.112541
-63.090668
-63.096916
-63.103168
-63.096916
-63.112541
-63.109417
-63.118793
-63.100044
-63.118793
-63.112541
-63.128166
-63.134418
-63.131294
-63.125042
-63.106293
-63.109417
-63.131294
-63.115669
-63.112541
-63.146912
-63.128166
-63.128166
-63.134418
-63.115669
-63.090668
-63.096916
-63.128166
-63.106293
-63.112541
-63.090668
-63.087543
-63.087543
-63.093792
-63.071918
-63.090668
-63.087543
-63.103168
-63.103168
-63.121918
-63.109417
-63.106293
-63.106293
-63.115669
-63.093792
-63.093792
-63.096916
-63.093792
-63.084419
-63.096916
-63.093792
-63.090668
-63.096916
-63.103168
-63.115669
-63.109417
-63.121918
-63.128166
-63.109417
-63.096916
-63.115669
-63.115669
-63.103168
-63.109417
-63.134418
-63.128166
-63.115669
-63.109417
-63.112541
-63.125042
-63.106293
-63.103168
-63.096916
-63.075043
-63.081291
-63.090668
-63.075043
-63.078167
-63.096916
-63.081291
-63.071918
-63.075043
-63.081291
-63.084419
-63.059418
-63.065666
-63.068794
-63.071918
-63.071918
-63.065666
-63.075043
-63.078167
-63.081291
-63.084419
-63.078167
-63.084419
-63.071918
-63.087543
-63.096916
-63.096916
-63.093792
-63.096916
-63.109417
-63.118793
-63.125042
-63.125042
-63.137543
-63.128166
-63.109417
-63.128166
-63.115669
-63.096916
-63.109417
-63.106293
-63.109417
-63.118793
-63.115669
-63.096916
-63.090668
-63.100044
-63.093792
-63.090668
-63.087543
-63.106293
-63.109417
-63.115669
-63.137543
-63.146912
-63.134418
-63.128166
-63.137543
-63.134418
-63.140667
-63.121918
-63.128166
-63.137543
-63.128166
-63.143791
-63.146912
-63.153164
-63.146912
-63.137543
-63.128166
-63.134418
-63.121918
-63.118793
-63.121918
-63.118793
-63.103168
-63.125042
-63.118793
-63.125042
-63.121918
-63.131294
-63.109417
-63.125042
-63.146912
-63.153164
-63.146912
-63.125042
-63.134418
-63.146912
-63.143791
-63.137543
-63.134418
-63.131294
-63.159412
-63.146912
-63.150036
-63.159412
-63.156288
-63.159412
-63.171913
-63.168789
-63.171913
-63.153164
-63.168789
-63.150036
-63.143791
-63.134418
-63.165661
-63.171913
-63.143791
-63.140667
-63.146912
-63.140667
-63.146912
-63.125042
-63.121918
-63.146912
-63.140667
-63.165661
-63.165661
-63.146912
-63.162537
-63.156288
-63.156288
-63.143791
-63.146912
-63.143791
-63.159412
-63.156288
-63.153164
-63.146912
-63.162537
-63.146912
-63.159412
-63.168789
-63.150036
-63.168789
-63.165661
-63.153164
-63.184414
-63.181286
-63.196911
-63.196911
-63.162537
-63.175037
-63.175037
-63.184414
-63.168789
-63.171913
-63.171913
-63.171913
-63.196911
-63.171913
-63.193787
-63.184414
-63.156288
-63.171913
-63.168789
-63.187538
-63.171913
-63.196911
-63.184414
-63.196911
-63.193787
-63.190662
-63.196911
-63.196911
-63.215664
-63.209412
-63.221912
-63.218788
-63.209412
-63.196911
-63.209412
-63.209412
-63.209412
-63.196911
-63.196911
-63.206287
-63.203163
-63.193787
-63.187538
-63.193787
-63.184414
-63.184414
-63.171913
-63.190662
-63.196911
-63.196911
-63.175037
-63.181286
-63.196911
-63.193787
-63.206287
-63.196911
-63.196911
-63.221912
-63.196911
-63.203163
-63.215664
-63.215664
-63.206287
-63.196911
-63.203163
-63.221912
-63.228161
-63.203163
-63.209412
-63.215664
-63.203163
-63.218788
-63.215664
-63.240662
-63.228161
-63.231289
-63.209412
-63.243786
-63.231289
-63.221912
-63.228161
-63.193787
-63.196911
-63.196911
-63.206287
-63.206287
-63.221912
-63.209412
-63.209412
-63.209412
-63.206287
-63.221912
-63.246914
-63.234413
-63.231289
-63.221912
-63.231289
-63.234413
-63.196911
-63.196911
-63.196911
-63.212536
-63.218788
-63.212536
-63.243786
-63.206287
-63.221912
-63.228161
-63.246914
-63.243786
-63.256283
-63.246914
-63.240662
-63.237537
-63.246914
-63.231289
-63.228161
-63.240662
-63.237537
-63.240662
-63.246914
-63.234413
-63.237537
-63.246914
-63.253159
-63.240662
-63.246914
-63.237537
-63.246914
-63.253159
-63.234413
-63.228161
-63.225037
-63.203163
-63.206287
-63.218788
-63.218788
-63.196911
-63.203163
-63.196911
-63.215664
-63.196911
-63.228161
-63.243786
-63.225037
-63.243786
-63.231289
-63.228161
-63.221912
-63.225037
-63.225037
-63.225037
-63.215664
-63.212536
-63.234413
-63.212536
-63.206287
-63.200039
-63.196911
-63.190662
-63.187538
-63.190662
-63.196911
-63.196911
-63.165661
-63.184414
-63.175037
-63.159412
-63.168789
-63.165661
-63.168789
-63.146912
-63.162537
-63.162537
-63.178162
-63.178162
-63.196911
-63.206287
-63.215664
-63.221912
-63.218788
-63.215664
-63.212536
-63.196911
-63.225037
-63.215664
-63.218788
-63.218788
-63.228161
-63.215664
-63.184414
-63.196911
-63.231289
-63.218788
-63.243786
-63.243786
-63.225037
-63.231289
-63.221912
-63.218788
-63.231289
-63.215664
-63.225037
-63.234413
-63.228161
-63.234413
-63.221912
-63.225037
-63.221912
-63.246914
-63.237537
-63.237537
-63.256283
-63.246914
-63.240662
-63.231289
-63.237537
-63.246914
-63.246914
-63.243786
-63.234413
-63.234413
-63.237537
-63.228161
-63.212536
-63.203163
-63.196911
-63.181286
-63.196911
-63.203163
-63.196911
-63.215664
-63.196911
-63.196911
-63.206287
-63.203163
-63.190662
-63.196911
-63.196911
-63.187538
-63.196911
-63.187538
-63.193787
-63.212536
-63.212536
-63.212536
-63.225037
-63.234413
-63.246914
-63.246914
-63.237537
-63.228161
-63.228161
-63.246914
-63.240662
-63.253159
-63.246914
-63.259407
-63.234413
-63.237537
-63.240662
-63.237537
-63.243786
-63.228161
-63.221912
-63.209412
-63.212536
-63.209412
-63.218788
-63.225037
-63.221912
-63.228161
-63.221912
-63.215664
-63.225037
-63.243786
-63.215664
-63.237537
-63.218788
-63.231289
-63.212536
-63.206287
-63.215664
-63.225037
-63.231289
-63.228161
-63.231289
-63.203163
-63.196911
-63.196911
-63.196911
-63.212536
-63.218788
-63.212536
-63.209412
-63.196911
-63.196911
-63.209412
-63.209412
-63.221912
-63.221912
-63.228161
-63.231289
-63.246914
-63.218788
-63.228161
-63.240662
-63.231289
-63.206287
-63.228161
-63.221912
-63.234413
-63.228161
-63.221912
-63.218788
-63.196911
-63.196911
-63.196911
-63.212536
-63.215664
-63.196911
-63.181286
-63.178162
-63.196911
-63.196911
-63.196911
-63.209412
-63.196911
-63.215664
-63.209412
-63.184414
-63.187538
-63.162537
-63.146912
-63.171913
-63.168789
-63.193787
-63.228161
-63.196911
-63.209412
-63.196911
-63.206287
-63.221912
-63.228161
-63.231289
-63.228161
-63.243786
-63.240662
-63.234413
-63.225037
-63.193787
-63.215664
-63.212536
-63.190662
-63.196911
-63.193787
-63.193787
-63.187538
-63.196911
-63.178162
-63.171913
-63.171913
-63.190662
-63.196911
-63.196911
-63.203163
-63.193787
-63.184414
-63.196911
-63.187538
-63.187538
-63.203163
-63.196911
-63.196911
-63.196911
-63.196911
-63.175037
-63.196911
-63.190662
-63.196911
-63.196911
-63.215664
-63.218788
-63.212536
-63.184414
-63.196911
-63.193787
-63.187538
-63.187538
-63.193787
-63.196911
-63.203163
-63.212536
-63.196911
-63.178162
-63.181286
-63.187538
-63.184414
-63.187538
-63.206287
-63.193787
-63.196911
-63.206287
-63.209412
-63.196911
-63.184414
-63.196911
-63.187538
-63.196911
-63.190662
-63.196911
-63.209412
-63.196911
-63.215664
-63.225037
-63.234413
-63.225037
-63.218788
-63.221912
-63.237537
-63.231289
-63.225037
-63.196911
-63.206287
-63.212536
-63.221912
-63.234413
-63.203163
-63.215664
-63.234413
-63.231289
-63.253159
-63.240662
-63.231289
-63.231289
-63.228161
-63.228161
-63.221912
-63.206287
-63.215664
-63.225037
-63.212536
-63.231289
-63.225037
-63.231289
-63.234413
-63.221912
-63.215664
-63.212536
-63.225037
-63.218788
-63.225037
-63.206287
-63.196911
-63.209412
-63.203163
-63.196911
-63.203163
-63.187538
-63.196911
-63.209412
-63.203163
-63.196911
-63.231289
-63.215664
-63.228161
-63.209412
-63.206287
-63.209412
-63.218788
-63.231289
-63.206287
-63.196911
-63.212536
-63.209412
-63.231289
-63.212536
-63.212536
-63.225037
-63.215664
-63.215664
-63.209412
-63.218788
-63.231289
-63.237537
-63.218788
-63.221912
-63.218788
-63.234413
-63.240662
-63.225037
-63.253159
-63.262531
-63.259407
-63.265659
-63.265659
-63.265659
-63.265659
-63.240662
-63.246914
-63.256283
-63.259407
-63.259407
-63.250034
-63.246914
-63.243786
-63.234413
-63.243786
-63.243786
-63.250034
-63.240662
-63.234413
-63.231289
-63.221912
-63.218788
-63.234413
-63.221912
-63.228161
-63.196911
-63.190662
-63.209412
-63.196911
-63.196911
-63.193787
-63.196911
-63.203163
-63.196911
-63.193787
-63.221912
-63.184414
-63.156288
-63.168789
-63.168789
-63.171913
-63.165661
-63.181286
-63.209412
-63.196911
-63.175037
-63.168789
-63.203163
-63.196911
-63.196911
-63.196911
-63.209412
-63.209412
-63.215664
-63.212536
-63.212536
-63.218788
-63.178162
-63.178162
-63.190662
-63.171913
-63.175037
-63.162537
-63.153164
-63.184414
-63.175037
-63.171913
-63.196911
-63.196911
-63.193787
-63.196911
-63.187538
-63.178162
-63.171913
-63.171913
-63.181286
-63.187538
-63.196911
-63.212536
-63.196911
-63.196911
-63.196911
-63.196911
-63.206287
-63.215664
-63.196911
-63.218788
-63.203163
-63.203163
-63.196911
-63.196911
-63.206287
-63.206287
-63.212536
-63.203163
-63.206287
-63.209412
-63.225037
-63.215664
-63.231289
-63.215664
-63.218788
-63.218788
-63.221912
-63.234413
-63.218788
-63.225037
-63.231289
-63.243786
-63.256283
-63.259407
-63.256283
-63.225037
-63.231289
-63.228161
-63.256283
-63.246914
-63.246914
-63.253159
-63.259407
-63.234413
-63.246914
-63.243786
-63.243786
-63.256283
-63.231289
-63.240662
-63.253159
-63.243786
-63.246914
-63.240662
-63.243786
-63.275032
-63.256283
-63.253159
-63.281284
-63.281284
-63.265659
-63.271908
-63.262531
-63.243786
-63.243786
-63.231289
-63.212536
-63.237537
-63.234413
-63.231289
-63.246914
-63.212536
-63.221912
-63.218788
-63.218788
-63.209412
-63.187538
-63.206287
-63.196911
-63.190662
-63.187538
-63.212536
-63.228161
-63.212536
-63.206287
-63.196911
-63.175037
-63.181286
-63.196911
-63.187538
-63.209412
-63.218788
-63.206287
-63.218788
-63.196911
-63.196911
-63.212536
-63.212536
-63.196911
-63.206287
-63.165661
-63.175037
-63.184414
-63.187538
-63.196911
-63.181286
-63.181286
-63.193787
-63.184414
-63.178162
-63.184414
-63.175037
-63.168789
-63.178162
-63.184414
-63.178162
-63.187538
-63.168789
-63.171913
-63.178162
-63.184414
-63.196911
-63.190662
-63.184414
-63.165661
-63.168789
-63.162537
-63.168789
-63.159412
-63.153164
-63.153164
-63.162537
-63.153164
-63.171913
-63.153164
-63.146912
-63.146912
-63.140667
-63.146912
-63.150036
-63.134418
-63.146912
-63.143791
-63.140667
-63.168789
-63.162537
-63.162537
-63.184414
-63.184414
-63.165661
-63.184414
-63.181286
-63.181286
-63.196911
-63.196911
-63.218788
-63.228161
-63.184414
-63.196911
-63.196911
-63.209412
-63.206287
-63.209412
-63.215664
-63.209412
-63.215664
-63.212536
-63.209412
-63.196911
-63.187538
-63.212536
-63.196911
-63.203163
-63.190662
-63.171913
-63.165661
-63.165661
-63.171913
-63.171913
-63.162537
-63.171913
-63.171913
-63.196911
-63.196911
-63.209412
-63.193787
-63.215664
-63.221912
-63.196911
-63.187538
-63.200039
-63.171913
-63.168789
-63.165661
-63.153164
-63.178162
-63.153164
-63.146912
-63.171913
-63.171913
-63.168789
-63.175037
-63.175037
-63.153164
-63.175037
-63.165661
-63.146912
-63.162537
-63.168789
-63.171913
-63.178162
-63.184414
-63.168789
-63.159412
-63.168789
-63.181286
-63.162537
-63.150036
-63.162537
-63.181286
-63.184414
-63.196911
-63.184414
-63.178162
-63.190662
-63.168789
-63.184414
-63.165661
-63.171913
-63.156288
-63.184414
-63.168789
-63.165661
-63.171913
-63.156288
-63.165661
-63.165661
-63.159412
-63.175037
-63.178162
-63.162537
-63.162537
-63.162537
-63.175037
-63.193787
-63.184414
-63.184414
-63.181286
-63.178162
-63.165661
-63.153164
-63.156288
-63.159412
-63.159412
-63.143791
-63.140667
-63.156288
-63.146912
-63.175037
-63.146912
-63.140667
-63.175037
-63.159412
-63.153164
-63.156288
-63.165661
-63.159412
-63.171913
-63.150036
-63.159412
-63.165661
-63.159412
-63.171913
-63.181286
-63.156288
-63.146912
-63.171913
-63.150036
-63.156288
-63.171913
-63.178162
-63.178162
-63.159412
-63.184414
-63.187538
-63.196911
-63.171913
-63.200039
-63.196911
-63.193787
-63.190662
-63.181286
-63.184414
-63.181286
-63.190662
-63.187538
-63.175037
-63.153164
-63.184414
-63.196911
-63.187538
-63.184414
-63.193787
-63.196911
-63.218788
-63.193787
-63.196911
-63.218788
-63.206287
-63.206287
-63.212536
-63.175037
-63.196911
-63.209412
-63.196911
-63.196911
-63.196911
-63.193787
-63.196911
-63.212536
-63.196911
-63.206287
-63.196911
-63.196911
-63.234413
-63.228161
-63.212536
-63.218788
-63.196911
-63.212536
-63.215664
-63.196911
-63.209412
-63.196911
-63.184414
-63.196911
-63.196911
-63.196911
-63.196911
-63.209412
-63.196911
-63.218788
-63.196911
-63.181286
-63.193787
-63.178162
-63.165661
-63.162537
-63.143791
-63.156288
-63.165661
-63.146912
-63.150036
-63.150036
-63.140667
-63.118793
-63.125042
-63.118793
-63.112541
-63.125042
-63.134418
-63.134418
-63.153164
-63.134418
-63.146912
-63.125042
-63.128166
-63.146912
-63.121918
-63.115669
-63.121918
-63.131294
-63.165661
-63.162537
-63.171913
-63.190662
-63.196911
-63.196911
-63.193787
-63.203163
-63.178162
-63.175037
-63.193787
-63.175037
-63.184414
-63.171913
-63.156288
-63.175037
-63.181286
-63.181286
-63.181286
-63.165661
-63.162537
-63.171913
-63.153164
-63.150036
-63.168789
-63.171913
-63.156288
-63.156288
-63.146912
-63.146912
-63.165661
-63.171913
-63.178162
-63.150036
-63.171913
-63.162537
-63.159412
-63.162537
-63.153164
-63.143791
-63.168789
-63.175037
-63.156288
-63.156288
-63.175037
-63.184414
-63.187538
-63.171913
-63.159412
-63.175037
-63.187538
-63.156288
-63.181286
-63.196911
-63.178162
-63.184414
-63.184414
-63.153164
-63.165661
-63.153164
-63.137543
-63.171913
-63.168789
-63.171913
-63.175037
-63.162537
-63.165661
-63.168789
-63.190662
-63.215664
-63.218788
-63.196911
-63.196911
-63.206287
-63.196911
-63.203163
-63.193787
-63.193787
-63.196911
-63.193787
-63.175037
-63.187538
-63.196911
-63.196911
-63.209412
-63.196911
-63.221912
-63.234413
-63.218788
-63.234413
-63.234413
-63.221912
-63.243786
-63.196911
-63.196911
-63.234413
-63.228161
-63.196911
-63.190662
-63.193787
-63.181286
-63.190662
-63.156288
-63.159412
-63.165661
-63.193787
-63.171913
-63.146912
-63.168789
-63.190662
-63.171913
-63.146912
-63.178162
-63.175037
-63.181286
-63.206287
-63.181286
-63.196911
-63.215664
-63.196911
-63.178162
-63.184414
-63.168789
-63.175037
-63.178162
-63.178162
-63.212536
-63.196911
-63.206287
-63.209412
-63.193787
-63.190662
-63.228161
-63.231289
-63.228161
-63.246914
-63.281284
-63.246914
-63.234413
-63.218788
-63.221912
-63.206287
-63.212536
-63.212536
-63.243786
-63.240662
-63.228161
-63.221912
-63.196911
-63.196911
-63.196911
-63.196911
-63.196911
-63.187538
-63.171913
-63.187538
-63.178162
-63.196911
-63.196911
-63.196911
-63.193787
-63.175037
-63.184414
-63.162537
-63.178162
-63.159412
-63.181286
-63.156288
-63.156288
-63.146912
-63.140667
-63.128166
-63.146912
-63.143791
-63.178162
-63.190662
-63.196911
-63.203163
-63.206287
-63.193787
-63.215664
-63.212536
-63.193787
-63.165661
-63.196911
-63.187538
-63.190662
-63.193787
-63.196911
-63.196911
-63.190662
-63.181286
-63.181286
-63.178162
-63.190662
-63.212536
-63.196911
-63.221912
-63.228161
-63.218788
-63.240662
-63.221912
-63.196911
-63.196911
-63.193787
-63.196911
-63.190662
-63.221912
-63.209412
-63.228161
-63.209412
-63.218788
-63.228161
-63.234413
-63.218788
-63.221912
-63.209412
-63.209412
-63.212536
-63.212536
-63.203163
-63.196911
-63.190662
-63.187538
-63.193787
-63.196911
-63.196911
-63.218788
-63.206287
-63.209412
-63.087543
-63.403152
-63.643768
-63.709389
-63.653137
-63.546894
-63.390652
-63.206287
-63.015671
-62.809433
-62.631317
-62.456322
-62.271957
-62.115715
-61.937603
-61.762608
-61.62199
-61.475121
-61.31263
-61.16576
-61.04702
-60.909527
-60.80328
-60.675159
-60.543919
-60.453293
-60.306431
-60.172058
-60.072063
-59.959568
-59.856449
-59.775204
-59.647087
-59.547089
-59.447098
-59.347099
-59.243984
-59.140862
-59.047119
-58.965866
-58.856499
-58.747128
-58.637764
-58.544018
-58.447147
-58.359646
-58.262775
-58.178406
-58.09716
-57.990917
-57.887798
-57.806553
-57.697182
-57.603436
-57.509689
-57.397198
-57.312824
-57.222206
-57.115959
-57.047215
-56.959717
-56.847225
-56.784725
-56.694107
-56.606609
-56.494114
-56.409744
-56.325375
-56.244129
-56.169128
-56.059761
-55.987888
-55.89727
-55.819149
-55.725403
-55.647285
-55.566032
-55.497288
-55.422295
-55.337925
-55.250423
-55.178555
-55.094185
-55.000439
-54.900444
-54.853569
-54.753574
-54.669205
-54.556709
-54.497337
-54.419216
-54.341099
-54.259846
-54.172352
-54.103607
-54.025486
-53.947361
-53.872368
-53.809872
-53.738003
-53.659878
-53.57238
-53.503635
-53.419266
-53.32552
-53.26302
-53.156776
-53.056782
-52.984909
-52.897415
-52.822422
-52.728676
-52.60368
-52.513062
-52.37244
-52.253696
-52.156826
-52.044334
-51.922466
-51.803719
-51.656849
-51.522484
-51.366238
-51.235001
-51.038136
-50.64753
-48.172646
-41.063618
-28.43611
-9.8588934
6.899663
19.286556
27.495531
32.167179
34.054588
33.876469
32.114056
29.298569
25.729992
21.69269
17.239782
12.48064
7.5933785
2.6498706
-2.3717592
-7.4558859
-12.652507
-17.877253
-22.964504
-27.823643
-32.267174
-36.24823
-39.657436
-42.54792
-44.997803
-47.000828
-48.647625
-49.978809
-51.038136
-51.878716
-52.534935
-53.031784
-53.409893
-53.697376
-53.887993
-54.025486
-54.106731
-54.137981
-54.147354
-54.128609
-54.106731
-54.053608
-53.994236
-53.900494
-53.825497
-53.728626
-53.641132
-53.531761
-53.447392
-53.350517
-53.244278
-53.138031
-53.047409
-52.947411
-52.84742
-52.747421
-52.653675
-52.575554
-52.497437
-52.40369
-52.319321
-52.241199
-52.144329
-52.072456
-51.969334
-51.884964
-51.79747
-51.722473
-51.64748
-51.547478
-51.472485
-51.391239
-51.353741
-51.263119
-51.175625
-51.116253
-51.025635
-50.985008
-50.919388
-50.86314
-50.810017
-50.747517
-50.675648
-50.619404
-50.569405
-50.535034
-50.475658
-50.397537
-50.297543
-50.244423
-50.178799
-50.122551
-50.075676
-50.006931
-49.963184
-49.906937
-49.822567
-49.731949
-49.672573
-49.594452
-49.535084
-49.463207
-49.363213
-49.29134
-49.197598
-49.060101
-48.997608
-48.847614
-48.691372
-48.528881
-48.022655
-45.104046
-38.663738
-28.573603
-13.658709
1.678043
13.980567
22.686392
28.173622
31.073481
31.957815
31.407841
29.870417
27.670525
25.098774
22.370783
19.599043
16.855427
14.189931
11.627557
9.174552
6.8121672
4.4841557
2.2123919
-0.046872709
-2.3530099
-4.7435184
-7.2433958
-9.8995161
-12.71188
-15.661736
-18.702211
-21.77706
-24.836287
-27.798641
-30.567257
-33.151505
-35.488892
-37.557541
-39.401199
-40.972996
-42.347927
-43.516624
-44.516575
-45.391533
-46.138374
-46.797714
-47.347683
-47.841415
-48.20702
-48.547626
-48.847614
-49.097603
-49.328842
-49.513206
-49.678822
-49.816319
-49.922562
-49.997559
-50.103802
-50.181923
-50.241299
-50.303791
-50.344418
-50.360039
-50.397537
-50.447536
-50.475658
-50.503784
-50.53191
-50.556904
-50.597527
-50.61628
-50.644402
-50.700649
-50.728775
-50.7444
-50.756893
-50.772518
-50.794392
-50.813145
-50.847519
-50.866264
-50.881889
-50.89439
-50.922512
-50.94751
-50.944389
-50.953758
-50.941265
-50.928764
-50.944389
-50.94751
-50.950634
-50.972507
-50.960011
-50.969383
-50.956882
-50.94751
-50.935013
-50.92564
-50.928764
-50.928764
-50.931889
-50.903763
-50.897514
-50.897514
-50.853764
-50.86314
-50.838142
-50.822517
-50.806892
-50.806892
-50.822517
-50.806892
-50.810017
-50.806892
-50.79752
-50.775642
-50.763142
-50.747517
-50.747517
-50.747517
-50.741272
-50.769394
-50.810017
-50.810017
-50.79752
-50.810017
-50.788143
-50.772518
-50.788143
-50.810017
-50.82877
-50.806892
-50.785019
-50.76627
-50.735023
-50.697525
-50.716274
-50.697525
-50.716274
-50.716274
-50.697525
-50.660023
-50.660023
-50.61628
-50.588154
-50.613152
-50.581902
-50.566277
-50.572529
-50.563152
-50.566277
-50.547527
-50.566277
-50.550652
-50.513157
-50.478783
-50.460033
-50.43504
-50.397537
-50.406914
-50.388165
-50.388165
-50.353786
-50.316292
-50.310043
-50.316292
-50.291294
-50.281918
-50.275669
-50.256916
-50.244423
-50.231922
-50.216297
-50.216297
-50.197548
-50.166298
-50.144428
-50.166298
-50.150673
-50.144428
-50.110054
-50.103802
-50.072552
-50.069427
-50.069427
-50.081928
-50.088177
-50.081928
-50.069427
-50.050678
-50.035057
-50.013184
-49.997559
-49.972557
-49.947559
-49.903812
-49.903812
-49.866314
-49.869438
-49.869438
-49.847569
-49.853813
-49.856937
-49.831944
-49.806942
-49.778816
-49.753819
-49.735073
-49.725697
-49.716324
-49.716324
-49.700699
-49.678822
-49.644451
-49.588203
-49.535084
-49.494457
-49.466331
-49.428837
-49.385086
-49.341343
-49.316341
-49.281967
-49.222595
-49.191345
-49.166348
-49.122601
-49.103851
-49.085102
-49.053852
-49.047607
-49.013233
-48.991356
-49.003857
-49.013233
-48.975731
-48.985107
-48.988232
-48.981983
-48.988232
-48.96323
-48.950733
-48.953857
-48.935112
-48.87886
-48.860111
-48.819492
-48.791367
-48.738247
-48.69762
-48.660122
-48.597626
-48.544506
-48.522633
-48.450756
-48.375759
-48.282017
-48.12265
-47.76329
-45.360283
-39.310581
-29.489183
-14.321176
1.4811777
14.111812
23.176992
29.073578
32.36092
33.638981
33.41087
32.098431
30.151651
27.783016
25.151896
22.448904
19.730286
17.049168
14.527415
12.143156
9.8620186
7.6777501
5.4997315
3.2810898
1.0624481
-1.1718178
-3.4748302
-5.8872123
-8.4027147
-11.052586
-13.774327
-16.674185
-19.639666
-22.583271
-25.548752
-28.34549
-30.898491
-33.282749
-35.370148
-37.257557
-38.919975
-40.369904
-41.651089
-42.76041
-43.719742
-44.55407
-45.297787
-45.919632
-46.478977
-46.978954
-47.388309
-47.76329
-48.075775
-48.372635
-48.638252
-48.853863
-49.066353
-49.247597
-49.391338
-49.528831
-49.669449
-49.763191
-49.916313
-50.022556
-50.131927
-50.238174
-50.319416
-50.378788
-50.460033
-50.522533
-50.572529
-50.631905
-50.6819
-50.703773
-50.756893
-50.785019
-50.831894
-50.875637
-50.913139
-50.950634
-50.97876
-51.016258
-51.038136
-51.072502
-51.094379
-51.122505
-51.16
-51.153748
-51.184998
-51.238125
-51.241249
-51.25687
-51.27562
-51.297493
-51.303745
-51.316242
-51.33812
-51.353741
-51.359989
-51.350613
-51.37249
-51.378738
-51.384991
-51.394363
-51.406864
-51.431866
-51.428738
-51.43499
-51.447491
-51.441238
-51.425613
-51.450607
-51.447491
-51.441238
-51.466232
-51.478733
-51.481857
-51.497482
-51.513107
-51.494358
-51.506859
-51.509983
-51.544357
-51.559978
-51.578728
-51.600605
-51.600605
-51.591228
-51.588104
-51.603729
-51.613106
-51.613106
-51.606853
-51.625603
-51.64748
-51.666225
-51.672474
-51.688099
-51.675598
-51.663101
-51.653725
-51.66935
-51.675598
-51.694351
-51.706848
-51.725601
-51.734974
-51.738098
-51.741226
-51.725601
-51.716225
-51.697475
-51.7006
-51.691223
-51.697475
-51.703724
-51.678726
-51.672474
-51.653725
-51.663101
-51.666225
-51.663101
-51.663101
-51.678726
-51.653725
-51.656849
-51.6506
-51.6506
-51.6506
-51.659973
-51.631855
-51.628731
-51.613106
-51.609978
-51.613106
-51.594353
-51.597481
-51.625603
-51.619354
-51.606853
-51.609978
-51.600605
-51.594353
-51.594353
-51.591228
-51.58498
-51.581856
-51.572479
-51.547478
-51.547478
-51.550606
-51.544357
-51.544357
-51.525608
-51.48811
-51.475609
-51.43499
-51.453735
-51.447491
-51.438114
-51.431866
-51.43499
-51.419365
-51.409988
-51.369366
-51.341244
-51.331867
-51.316242
-51.325619
-51.325619
-51.322495
-51.325619
-51.344368
-51.31937
-51.313118
-51.303745
-51.297493
-51.284992
-51.284992
-51.297493
-51.297493
-51.253742
-51.235001
-51.197498
-51.197498
-51.166248
-51.141254
-51.110004
-51.122505
-51.097504
-51.078754
-51.07563
-51.07563
-51.060005
-51.053753
-51.047508
-51.031883
-51.016258
-51.013134
-50.981884
-50.975636
-50.94751
-50.92564
-50.906887
-50.913139
-50.897514
-50.92564
-50.906887
-50.922512
-50.897514
-50.878765
-50.86314
-50.850639
-50.835018
-50.819393
-50.785019
-50.791267
-50.788143
-50.785019
-50.76627
-50.781895
-50.772518
-50.753769
-50.760017
-50.753769
-50.76627
-50.747517
-50.719398
-50.719398
-50.722523
-50.694397
-50.685024
-50.691273
-50.691273
-50.685024
-50.675648
-50.660023
-50.691273
-50.685024
-50.669399
-50.672523
-50.653774
-50.644402
-50.635029
-50.644402
-50.64753
-50.635029
-50.644402
-50.622528
-50.610027
-50.575653
-50.572529
-50.525658
-50.528782
-50.510033
-50.503784
-50.497532
-50.497532
-50.488159
-50.491283
-50.478783
-50.447536
-50.447536
-50.447536
-50.431911
-50.416286
-50.416286
-50.381912
-50.37254
-50.366287
-50.341293
-50.322544
-50.306919
-50.278793
-50.266293
-50.210049
-50.194424
-50.178799
-50.156921
-50.135052
-50.097553
-50.081928
-50.063179
-50.047558
-50.028809
-49.985058
-49.928814
-49.897564
-49.897564
-49.906937
-49.897564
-49.900688
-49.897564
-49.875687
-49.885063
-49.903812
-49.910061
-49.906937
-49.897564
-49.860062
-49.863186
-49.847569
-49.853813
-49.860062
-49.835068
-49.791317
-49.797565
-49.756943
-49.747566
-49.731949
-49.725697
-49.710072
-49.697571
-49.681946
-49.647575
-49.616325
-49.616325
-49.588203
-49.594452
-49.578827
-49.563202
-49.547577
-49.516331
-49.485081
-49.456959
-49.406963
-49.366337
-49.281967
-49.256966
-49.23822
-49.169472
-49.131977
-49.097603
-49.07885
-49.035107
-48.99448
-48.944485
-48.894485
-48.847614
-48.822617
-48.819492
-48.785114
-48.772617
-48.778866
-48.753864
-48.738247
-48.72887
-48.713245
-48.69762
-48.71637
-48.69762
-48.703873
-48.672623
-48.65387
-48.60075
-48.553875
-48.51638
-48.48513
-48.432011
-48.375759
-48.341389
-48.30389
-48.275764
-48.232021
-48.166397
-48.125774
-48.066399
-48.013279
-47.947655
-47.860161
-47.694546
-47.241444
-44.613445
-38.429371
-28.43611
-13.155607
2.3623846
14.705532
23.523851
29.232946
32.354671
33.504612
33.176502
31.814072
29.80167
27.404911
24.783163
22.061422
19.324057
16.655437
13.993066
11.415067
8.8870659
6.4809337
4.1185489
1.781163
-0.59684587
-3.0592253
-5.6528492
-8.3777161
-11.249451
-14.255554
-17.399151
-20.623993
-23.789463
-26.854939
-29.748547
-32.410915
-34.798302
-36.885696
-38.716858
-40.248035
-41.597969
-42.74791
-43.757236
-44.575947
-45.307163
-45.947754
-46.494602
-46.953953
-47.350811
-47.678921
-47.957031
-48.185146
-48.391384
-48.603874
-48.785114
-48.935112
-49.07885
-49.197598
-49.310093
-49.406963
-49.516331
-49.591328
-49.669449
-49.735073
-49.766315
-49.816319
-49.878811
-49.935062
-49.978809
-50.016308
-50.060051
-50.106926
-50.150673
-50.175674
-50.210049
-50.247547
-50.285042
-50.322544
-50.353786
-50.397537
-50.422539
-50.444412
-50.472534
-50.497532
-50.506908
-50.528782
-50.547527
-50.547527
-50.58503
-50.575653
-50.572529
-50.588154
-50.569405
-50.569405
-50.566277
-50.556904
-50.572529
-50.610027
-50.631905
-50.625652
-50.628777
-50.660023
-50.688148
-50.685024
-50.697525
-50.722523
-50.71315
-50.728775
-50.731899
-50.756893
-50.772518
-50.79752
-50.810017
-50.822517
-50.819393
-50.822517
-50.813145
-50.844395
-50.86314
-50.866264
-50.860012
-50.897514
-50.891262
-50.89439
-50.903763
-50.910015
-50.903763
-50.919388
-50.910015
-50.910015
-50.900639
-50.910015
-50.897514
-50.897514
-50.922512
-50.910015
-50.941265
-50.928764
-50.935013
-50.941265
-50.938137
-50.94751
-50.92564
-50.92564
-50.966259
-50.969383
-50.97876
-50.985008
-50.994385
-50.981884
-51.006886
-50.997509
-50.991261
-50.985008
-50.997509
-50.991261
-51.028759
-51.031883
-51.003757
-51.016258
-51.006886
-51.003757
-50.994385
-50.97876
-50.997509
-50.991261
-50.97876
-50.988132
-50.994385
-50.985008
-50.981884
-50.985008
-50.963135
-50.931889
-50.938137
-50.931889
-50.953758
-50.966259
-50.956882
-50.966259
-50.963135
-50.963135
-50.953758
-50.94751
-50.92564
-50.903763
-50.897514
-50.878765
-50.872513
-50.844395
-50.869389
-50.881889
-50.872513
-50.856888
-50.86314
-50.847519
-50.838142
-50.822517
-50.785019
-50.769394
-50.763142
-50.750645
-50.747517
-50.747517
-50.719398
-50.719398
-50.694397
-50.672523
-50.669399
-50.622528
-50.61628
-50.625652
-50.600655
-50.597527
-50.597527
-50.569405
-50.547527
-50.544407
-50.541283
-50.541283
-50.519409
-50.525658
-50.547527
-50.544407
-50.538158
-50.497532
-50.466282
-50.444412
-50.444412
-50.428787
-50.428787
-50.413162
-50.410038
-50.375664
-50.375664
-50.375664
-50.363163
-50.347538
-50.335041
-50.338169
-50.322544
-50.303791
-50.285042
-50.263168
-50.228798
-50.206924
-50.178799
-50.175674
-50.147549
-50.110054
-50.075676
-50.069427
-50.072552
-50.063179
-50.069427
-50.072552
-50.078804
-50.081928
-50.088177
-50.094429
-50.081928
-50.088177
-50.097553
-50.106926
-50.122551
-50.122551
-50.097553
-50.097553
-50.094429
-50.075676
-50.028809
-50.022556
-49.985058
-49.956932
-49.947559
-49.931938
-49.925686
-49.919437
-49.916313
-49.916313
-49.891312
-49.860062
-49.847569
-49.810066
-49.788193
-49.803818
-49.78194
-49.744446
-49.722572
-49.685074
-49.635078
-49.597576
-49.547577
-49.522583
-49.500706
-49.494457
-49.497581
-49.478832
-49.463207
-49.444462
-49.416336
-49.410088
-49.391338
-49.360088
-49.353836
-49.372585
-49.363213
-49.341343
-49.325718
-49.32259
-49.297592
-49.275715
-49.263218
-49.247597
-49.235096
-49.222595
-49.235096
-49.247597
-49.213223
-49.235096
-49.219471
-49.194473
-49.188221
-49.163223
-49.153847
-49.144478
-49.122601
-49.097603
-49.122601
-49.094475
-49.088226
-49.07885
-49.053852
-49.072601
-49.047607
-49.044483
-49.022606
-49.003857
-48.997608
-48.99448
-48.99448
-48.960106
-48.938236
-48.89761
-48.872612
-48.797615
-48.760117
-48.719498
-48.69762
-48.641376
-48.613251
-48.572624
-48.528881
-48.491383
-48.447636
-48.385136
-48.328892
-48.232021
-48.153896
-48.063274
-47.950779
-47.797665
-47.488304
-45.654018
-40.460526
-32.198425
-19.177189
-3.6185732
9.7370243
19.727161
26.526829
30.645378
32.673401
33.08276
32.270298
30.623505
28.426735
25.948732
23.34886
20.723989
18.145988
15.636736
13.161858
10.7526
8.3683405
5.9840827
3.5841997
1.1718178
-1.2749377
-3.7779405
-6.3778138
-9.083931
-11.949416
-14.989892
-18.095991
-21.186464
-24.267565
-27.173672
-29.898539
-32.417168
-34.670181
-36.685707
-38.454372
-40.016796
-41.329231
-42.454174
-43.429131
-44.247841
-44.969677
-45.579021
-46.091499
-46.553974
-46.92271
-47.253941
-47.560173
-47.775791
-47.978905
-48.132027
-48.297642
-48.435135
-48.572624
-48.694496
-48.797615
-48.885113
-48.947605
-49.028858
-49.069477
-49.128853
-49.203846
-49.269466
-49.319466
-49.38821
-49.428837
-49.497581
-49.547577
-49.588203
-49.660072
-49.713196
-49.753819
-49.797565
-49.847569
-49.853813
-49.900688
-49.947559
-49.975681
-49.997559
-50.053802
-50.081928
-50.122551
-50.141304
-50.181923
-50.197548
-50.225674
-50.253792
-50.269417
-50.294418
-50.319416
-50.347538
-50.356915
-50.394413
-50.394413
-50.419415
-50.447536
-50.447536
-50.46941
-50.46941
-50.466282
-50.475658
-50.497532
-50.525658
-50.538158
-50.556904
-50.563152
-50.597527
-50.610027
-50.619404
-50.628777
-50.64753
-50.660023
-50.672523
-50.663147
-50.672523
-50.678772
-50.697525
-50.725647
-50.753769
-50.775642
-50.791267
-50.800644
-50.835018
-50.841267
-50.872513
-50.866264
-50.897514
-50.938137
-50.938137
-50.960011
-50.97876
-50.985008
-50.997509
-50.997509
-50.966259
-50.985008
-50.97876
-50.991261
-50.997509
-50.997509
-50.994385
-50.997509
-50.997509
-51.019382
-51.013134
-51.013134
-51.019382
-51.022511
-51.04126
-51.044384
-51.016258
-51.019382
-51.006886
-50.997509
-50.988132
-50.97876
-50.94751
-50.944389
-50.938137
-50.931889
-50.941265
-50.981884
-50.975636
-50.97876
-50.975636
-50.972507
-50.966259
-51.000633
-50.966259
-50.994385
-50.997509
-51.025635
-51.022511
-51.038136
-51.025635
-51.016258
-50.997509
-50.972507
-50.985008
-50.97876
-50.97876
-50.981884
-50.956882
-50.935013
-50.928764
-50.92564
-50.897514
-50.903763
-50.875637
-50.853764
-50.86314
-50.869389
-50.847519
-50.841267
-50.822517
-50.816269
-50.778767
-50.7444
-50.7444
-50.738148
-50.722523
-50.725647
-50.728775
-50.710022
-50.697525
-50.716274
-50.728775
-50.747517
-50.719398
-50.710022
-50.678772
-50.635029
-50.631905
-50.622528
-50.610027
-50.606903
-50.606903
-50.597527
-50.588154
-50.560028
-50.547527
-50.53191
-50.516285
-50.497532
-50.488159
-50.450657
-50.43504
-50.428787
-50.428787
-50.410038
-50.37254
-50.350662
-50.347538
-50.322544
-50.306919
-50.297543
-50.275669
-50.266293
-50.266293
-50.244423
-50.225674
-50.256916
-50.235046
-50.231922
-50.228798
-50.219421
-50.210049
-50.206924
-50.210049
-50.216297
-50.206924
-50.194424
-50.203796
-50.194424
-50.191299
-50.191299
-50.166298
-50.156921
-50.141304
-50.150673
-50.147549
-50.150673
-50.141304
-50.131927
-50.122551
-50.078804
-50.053802
-50.035057
-49.988182
-49.966309
-49.925686
-49.897564
-49.897564
-49.900688
-49.881939
-49.838192
-49.819443
-49.788193
-49.78194
-49.769444
-49.738197
-49.719448
-49.706947
-49.697571
-49.697571
-49.688198
-49.697571
-49.685074
-49.669449
-49.691322
-49.660072
-49.647575
-49.647575
-49.644451
-49.647575
-49.647575
-49.63195
-49.644451
-49.647575
-49.647575
-49.622578
-49.613201
-49.556953
-49.547577
-49.544456
-49.535084
-49.522583
-49.491333
-49.491333
-49.475708
-49.453831
-49.444462
-49.428837
-49.394463
-49.385086
-49.347588
-49.328842
-49.285091
-49.26009
-49.247597
-49.203846
-49.166348
-49.122601
-49.097603
-49.047607
-49.019482
-49.010105
-49.000732
-48.953857
-48.92886
-48.891361
-48.847614
-48.822617
-48.794491
-48.756992
-48.741371
-48.725746
-48.713245
-48.725746
-48.69762
-48.688248
-48.672623
-48.66637
-48.647625
-48.660122
-48.625751
-48.597626
-48.597626
-48.538258
-48.528881
-48.491383
-48.475758
-48.469505
-48.469505
-48.460133
-48.45388
-48.45388
-48.422634
-48.435135
-48.425762
-48.413261
-48.385136
-48.369511
-48.347637
-48.310139
-48.297642
-48.257015
-48.197647
-48.157021
-48.125774
-48.144524
-48.094524
-48.06015
-48.010155
-47.947655
-47.885159
-47.847664
-47.797665
-47.719543
-47.647675
-47.578926
-47.557049
-47.497681
-47.435184
-47.397686
-47.325813
-47.247696
-47.185196
-47.132072
-47.050823
-46.932083
-46.647724
-45.132172
-40.457397
-32.848396
-21.005224
-5.9278355
7.5683799
17.886625
25.008154
29.429811
31.670328
32.276546
31.714077
30.339142
28.392363
26.111225
23.664469
21.142717
18.599091
16.049215
13.564961
11.099458
8.6995754
6.327816
3.9685562
1.5780479
-0.85620815
-3.3717101
-5.9528341
-8.6402035
-11.443191
-14.371173
-17.477272
-20.636492
-23.783213
-26.839314
-29.682924
-32.248425
-34.588936
-36.623211
-38.41375
-39.9543
-41.297981
-42.447929
-43.457249
-44.297836
-45.0228
-45.625896
-46.147743
-46.597725
-46.985203
-47.322689
-47.610176
-47.872662
-48.094524
-48.266392
-48.444511
-48.572624
-48.69762
-48.797615
-48.894485
-49.003857
-49.094475
-49.147598
-49.235096
-49.297592
-49.35696
-49.397587
-49.463207
-49.519459
-49.585075
-49.644451
-49.675697
-49.725697
-49.747566
-49.760067
-49.791317
-49.785069
-49.810066
-49.847569
-49.847569
-49.885063
-49.910061
-49.944439
-49.969433
-49.981934
-49.997559
-50.006931
-50.047558
-50.044434
-50.041309
-50.047558
-50.072552
-50.097553
-50.094429
-50.110054
-50.135052
-50.144428
-50.153797
-50.160049
-50.166298
-50.197548
-50.206924
-50.231922
-50.238174
-50.241299
-50.241299
-50.272541
-50.260044
-50.275669
-50.291294
-50.288166
-50.294418
-50.297543
-50.306919
-50.310043
-50.322544
-50.344418
-50.328793
-50.322544
-50.297543
-50.313168
-50.297543
-50.316292
-50.325668
-50.347538
-50.344418
-50.341293
-50.331917
-50.369411
-50.419415
-50.397537
-50.416286
-50.43504
-50.447536
-50.447536
-50.447536
-50.431911
-50.43504
-50.43504
-50.447536
-50.453785
-50.447536
-50.447536
-50.425663
-50.444412
-50.43504
-50.43504
-50.463158
-50.447536
-50.447536
-50.43504
-50.431911
-50.428787
-50.394413
-50.419415
-50.416286
-50.416286
-50.416286
-50.419415
-50.419415
-50.413162
-50.397537
-50.394413
-50.397537
-50.369411
-50.369411
-50.366287
-50.353786
-50.338169
-50.328793
-50.325668
-50.338169
-50.331917
-50.297543
-50.297543
-50.272541
-50.291294
-50.281918
-50.241299
-50.228798
-50.222549
-50.241299
-50.253792
-50.247547
-50.235046
-50.197548
-50.197548
-50.185047
-50.172546
-50.197548
-50.178799
-50.181923
-50.163174
-50.125679
-50.116302
-50.110054
-50.097553
-50.097553
-50.106926
-50.110054
-50.131927
-50.128803
-50.128803
-50.116302
-50.116302
-50.147549
-50.150673
-50.147549
-50.147549
-50.166298
-50.172546
-50.166298
-50.166298
-50.153797
-50.138176
-50.144428
-50.119427
-50.116302
-50.103802
-50.081928
-50.078804
-50.081928
-50.044434
-50.056927
-50.069427
-50.063179
-50.066303
-50.060051
-50.078804
-50.075676
-50.047558
-50.044434
-50.028809
-50.006931
-50.006931
-49.985058
-49.969433
-49.947559
-49.947559
-49.919437
-49.935062
-49.941311
-49.900688
-49.888187
-49.866314
-49.847569
-49.825691
-49.825691
-49.803818
-49.797565
-49.766315
-49.756943
-49.747566
-49.731949
-49.697571
-49.691322
-49.672573
-49.663197
-49.666321
-49.685074
-49.694447
-49.691322
-49.650696
-49.644451
-49.619453
-49.619453
-49.619453
-49.597576
-49.560078
-49.581951
-49.563202
-49.560078
-49.556953
-49.560078
-49.566326
-49.581951
-49.572578
-49.556953
-49.550701
-49.528831
-49.516331
-49.513206
-49.456959
-49.456959
-49.438213
-49.416336
-49.397587
-49.385086
-49.378838
-49.347588
-49.331966
-49.313217
-49.285091
-49.247597
-49.250717
-49.20697
-49.194473
-49.178848
-49.147598
-49.122601
-49.097603
-49.075726
-49.053852
-49.041355
-49.022606
-48.988232
-48.991356
-48.972607
-48.947605
-48.916363
-48.87886
-48.84449
-48.797615
-48.775742
-48.756992
-48.738247
-48.719498
-48.710121
-48.69762
-48.669495
-48.68512
-48.66637
-48.628876
-48.635124
-48.613251
-48.575752
-48.566376
-48.53513
-48.522633
-48.525757
-48.48513
-48.450756
-48.410137
-48.382011
-48.347637
-48.325764
-48.300766
-48.269516
-48.23827
-48.185146
-48.166397
-48.100777
-48.053902
-47.997654
-47.960155
-47.925785
-47.894535
-47.797665
-47.703918
-47.622673
-47.510181
-47.357059
-46.969578
-44.882183
-39.748058
-31.948439
-20.06152
-5.4278598
7.6215024
17.574141
24.451931
28.698599
30.892241
31.414091
30.851618
29.498558
27.604902
25.386259
23.011377
20.548996
18.142864
15.74923
13.389971
11.111958
8.8995657
6.6902981
4.4997802
2.2873883
0.018749084
-2.293638
-4.6997705
-7.2496457
-9.9182653
-12.746252
-15.664859
-18.670963
-21.68644
-24.639421
-27.423662
-30.045406
-32.401543
-34.523315
-36.404472
-38.048141
-39.479321
-40.694885
-41.735462
-42.651039
-43.441631
-44.097847
-44.719692
-45.229042
-45.682144
-46.097748
-46.460228
-46.775837
-47.044579
-47.278938
-47.482056
-47.663296
-47.82579
-47.947655
-48.075775
-48.191395
-48.297642
-48.407009
-48.491383
-48.556999
-48.647625
-48.703873
-48.797615
-48.847614
-48.87886
-48.953857
-48.997608
-49.016357
-49.060101
-49.119476
-49.150723
-49.191345
-49.219471
-49.247597
-49.272591
-49.32259
-49.347588
-49.403835
-49.410088
-49.456959
-49.453831
-49.488209
-49.510082
-49.556953
-49.578827
-49.597576
-49.63195
-49.653824
-49.697571
-49.697571
-49.731949
-49.735073
-49.747566
-49.741322
-49.747566
-49.753819
-49.760067
-49.778816
-49.797565
-49.785069
-49.825691
-49.841316
-49.860062
-49.875687
-49.919437
-49.928814
-49.944439
-49.966309
-49.972557
-49.991306
-49.997559
-50.022556
-50.038181
-50.047558
-50.063179
-50.072552
-50.088177
-50.091301
-50.097553
-50.100677
-50.110054
-50.097553
-50.106926
-50.097553
-50.106926
-50.097553
-50.103802
-50.122551
-50.141304
-50.153797
-50.156921
-50.194424
-50.213173
-50.216297
-50.247547
-50.247547
-50.272541
-50.263168
-50.256916
-50.247547
-50.235046
-50.216297
-50.247547
-50.253792
-50.272541
-50.266293
-50.285042
-50.306919
-50.310043
-50.310043
-50.303791
-50.313168
-50.310043
-50.338169
-50.347538
-50.360039
-50.394413
-50.394413
-50.397537
-50.388165
-50.410038
-50.40379
-50.43504
-50.444412
-50.43504
-50.406914
-50.428787
-50.43504
-50.422539
-50.416286
-50.385036
-50.363163
-50.344418
-50.328793
-50.306919
-50.294418
-50.272541
-50.291294
-50.288166
-50.297543
-50.300667
-50.306919
-50.300667
-50.285042
-50.297543
-50.294418
-50.278793
-50.275669
-50.266293
-50.275669
-50.288166
-50.297543
-50.294418
-50.297543
-50.303791
-50.297543
-50.297543
-50.297543
-50.319416
-50.319416
-50.316292
-50.297543
-50.297543
-50.275669
-50.272541
-50.263168
-50.250668
-50.241299
-50.253792
-50.269417
-50.260044
-50.247547
-50.241299
-50.241299
-50.228798
-50.225674
-50.225674
-50.213173
-50.191299
-50.197548
-50.197548
-50.191299
-50.169422
-50.147549
-50.147549
-50.147549
-50.125679
-50.113178
-50.097553
-50.060051
-50.044434
-50.044434
-50.006931
-49.988182
-49.972557
-49.947559
-49.960056
-49.963184
-49.950684
-49.950684
-49.950684
-49.947559
-49.975681
-49.969433
-49.944439
-49.913189
-49.903812
-49.885063
-49.897564
-49.894436
-49.872562
-49.847569
-49.841316
-49.853813
-49.847569
-49.828815
-49.838192
-49.841316
-49.847569
-49.841316
-49.831944
-49.822567
-49.797565
-49.772568
-49.728821
-49.719448
-49.706947
-49.678822
-49.663197
-49.666321
-49.644451
-49.653824
-49.616325
-49.597576
-49.594452
-49.581951
-49.560078
-49.547577
-49.528831
-49.513206
-49.494457
-49.456959
-49.447586
-49.435085
-49.422588
-49.41946
-49.385086
-49.381962
-49.394463
-49.397587
-49.372585
-49.360088
-49.316341
-49.331966
-49.300716
-49.263218
-49.244473
-49.225723
-49.169472
-49.172596
-49.166348
-49.125725
-49.1101
-49.085102
-49.072601
-49.060101
-49.035107
-49.031982
-49.02573
-49.028858
-49.013233
-48.997608
-48.960106
-48.922611
-48.913235
-48.906986
-48.89761
-48.885113
-48.856987
-48.84449
-48.825741
-48.822617
-48.78199
-48.738247
-48.694496
-48.706997
-48.68512
-48.691372
-48.681995
-48.663246
-48.644501
-48.613251
-48.591377
-48.594501
-48.597626
-48.585125
-48.597626
-48.597626
-48.566376
-48.582001
-48.575752
-48.556999
-48.5695
-48.566376
-48.528881
-48.544506
-48.547626
-48.547626
-48.538258
-48.519505
-48.513256
-48.525757
-48.528881
-48.513256
-48.463257
-48.450756
-48.447636
-48.438259
-48.422634
-48.394512
-48.378887
-48.360134
-48.325764
-48.310139
-48.275764
-48.257015
-48.219521
-48.194519
-48.185146
-48.172646
-48.160145
-48.160145
-48.113274
-48.088276
-48.050774
-48.057026
-48.057026
-48.03828
-48.013279
-48.010155
-47.997654
-47.953907
-47.947655
-47.900784
-47.891411
-47.885159
-47.869534
-47.866409
-47.866409
-47.847664
-47.832039
-47.838291
-47.82579
-47.785164
-47.747665
-47.710171
-47.694546
-47.672668
-47.647675
-47.610176
-47.557049
-47.522678
-47.491428
-47.428936
-47.372684
-47.325813
-47.263313
-47.18832
-47.107075
-47.041454
-46.957081
-46.863335
-46.672718
-45.972752
-42.885403
-36.973194
-28.282993
-15.343
-1.0936966
10.846345
19.686537
25.623749
29.161076
30.842243
31.054733
30.239147
28.695473
26.664324
24.367561
21.961428
19.495922
17.046041
14.65241
12.28065
9.9557638
7.7121234
5.4747324
3.1998436
0.92807966
-1.4686782
-3.9373076
-6.509057
-9.2120504
-12.065035
-15.024266
-18.045994
-21.09272
-24.083199
-26.920561
-29.595428
-32.039059
-34.242077
-36.198231
-37.945023
-39.423077
-40.698013
-41.841709
-42.788536
-43.594746
-44.307213
-44.900932
-45.397781
-45.850883
-46.213367
-46.52898
-46.838337
-47.085197
-47.310188
-47.522678
-47.710171
-47.853909
-47.997654
-48.125774
-48.23827
-48.322639
-48.413261
-48.48513
-48.556999
-48.616375
-48.688248
-48.756992
-48.81324
-48.875736
-48.916363
-48.960106
-49.031982
-49.072601
-49.131977
-49.150723
-49.197598
-49.235096
-49.288216
-49.316341
-49.347588
-49.366337
-49.397587
-49.428837
-49.447586
-49.447586
-49.466331
-49.485081
-49.494457
-49.497581
-49.531956
-49.535084
-49.572578
-49.588203
-49.616325
-49.660072
-49.688198
-49.716324
-49.738197
-49.747566
-49.769444
-49.791317
-49.806942
-49.847569
-49.869438
-49.872562
-49.897564
-49.897564
-49.897564
-49.931938
-49.953808
-49.960056
-49.988182
-50.006931
-49.991306
-50.028809
-50.044434
-50.047558
-50.072552
-50.066303
-50.072552
-50.072552
-50.091301
-50.110054
-50.122551
-50.131927
-50.141304
-50.147549
-50.175674
-50.169422
-50.178799
-50.181923
-50.166298
-50.185047
-50.197548
-50.241299
-50.219421
-50.197548
-50.219421
-50.203796
-50.216297
-50.222549
-50.241299
-50.260044
-50.260044
-50.253792
-50.260044
-50.294418
-50.288166
-50.297543
-50.313168
-50.291294
-50.291294
-50.281918
-50.294418
-50.291294
-50.303791
-50.325668
-50.338169
-50.335041
-50.344418
-50.363163
-50.350662
-50.356915
-50.381912
-50.378788
-50.422539
-50.397537
-50.400661
-50.397537
-50.406914
-50.391289
-50.419415
-50.397537
-50.397537
-50.397537
-50.378788
-50.378788
-50.375664
-50.385036
-50.375664
-50.363163
-50.331917
-50.341293
-50.335041
-50.322544
-50.328793
-50.331917
-50.338169
-50.344418
-50.347538
-50.335041
-50.331917
-50.297543
-50.319416
-50.319416
-50.281918
-50.285042
-50.294418
-50.263168
-50.263168
-50.263168
-50.244423
-50.247547
-50.225674
-50.194424
-50.181923
-50.147549
-50.147549
-50.131927
-50.138176
-50.147549
-50.144428
-50.125679
-50.103802
-50.097553
-50.072552
-50.069427
-50.075676
-50.047558
-50.047558
-50.047558
-50.044434
-50.035057
-50.025684
-49.997559
-49.997559
-49.985058
-49.935062
-49.922562
-49.906937
-49.885063
-49.885063
-49.891312
-49.897564
-49.916313
-49.903812
-49.894436
-49.891312
-49.869438
-49.84444
-49.856937
-49.856937
-49.831944
-49.816319
-49.81319
-49.800694
-49.825691
-49.831944
-49.853813
-49.81319
-49.822567
-49.841316
-49.828815
-49.822567
-49.825691
-49.822567
-49.835068
-49.819443
-49.806942
-49.791317
-49.78194
-49.747566
-49.738197
-49.738197
-49.713196
-49.691322
-49.697571
-49.685074
-49.672573
-49.647575
-49.647575
-49.653824
-49.644451
-49.619453
-49.591328
-49.578827
-49.591328
-49.575703
-49.556953
-49.547577
-49.560078
-49.553825
-49.538208
-49.538208
-49.513206
-49.506958
-49.513206
-49.503834
-49.506958
-49.497581
-49.469456
-49.447586
-49.422588
-49.403835
-49.360088
-49.331966
-49.306965
-49.310093
-49.306965
-49.297592
-49.294468
-49.278843
-49.247597
-49.266342
-49.253841
-49.253841
-49.26009
-49.222595
-49.203846
-49.219471
-49.191345
-49.197598
-49.188221
-49.150723
-49.135101
-49.138226
-49.097603
-49.097603
-49.066353
-49.044483
-49.066353
-49.035107
-49.035107
-49.028858
-49.003857
-49.016357
-48.985107
-48.956982
-48.947605
-48.935112
-48.900738
-48.89761
-48.850735
-48.81324
-48.819492
-48.788242
-48.766365
-48.731995
-48.694496
-48.66637
-48.669495
-48.625751
-48.597626
-48.622627
-48.597626
-48.597626
-48.578876
-48.563251
-48.5695
-48.550751
-48.547626
-48.544506
-48.525757
-48.510132
-48.51638
-48.48513
-48.460133
-48.460133
-48.444511
-48.435135
-48.41951
-48.428886
-48.428886
-48.400761
-48.372635
-48.366386
-48.344517
-48.30389
-48.297642
-48.285141
-48.257015
-48.266392
-48.235146
-48.210144
-48.219521
-48.210144
-48.219521
-48.222645
-48.222645
-48.235146
-48.213272
-48.197647
-48.203896
-48.191395
-48.169521
-48.163269
-48.157021
-48.147644
-48.128899
-48.072651
-48.03828
-48.028904
-47.988281
-47.947655
-47.913284
-47.857037
-47.810165
-47.810165
-47.766415
-47.722672
-47.694546
-47.647675
-47.616425
-47.588299
-47.566425
-47.547676
-47.538303
-47.519554
-47.497681
-47.48518
-47.407059
-47.353935
-47.338314
-47.319565
-47.30394
-47.278938
-47.269566
-47.257065
-47.222694
-47.216446
-47.194569
-47.147694
-47.132072
-47.097698
-47.097698
-47.047703
-47.013329
-46.97583
-46.960205
-46.913334
-46.897709
-46.875835
-46.832088
-46.788338
-46.744595
-46.691467
-46.647724
-46.585224
-46.49773
-46.397732
-46.310238
-46.153992
-45.838387
-44.154091
-39.585564
-32.460915
-21.798935
-7.8027439
5.2684922
15.505493
22.770763
27.389286
29.945412
30.851618
30.564133
29.464186
27.798641
25.79874
23.570724
21.220839
18.82408
16.433573
14.008691
11.63693
9.2557983
6.9340363
4.6216493
2.312387
-0.024998778
-2.4405057
-4.9435086
-7.5527563
-10.249499
-13.027489
-15.930472
-18.883453
-21.861433
-24.770666
-27.520531
-30.086029
-32.448414
-34.563938
-36.438843
-38.048141
-39.469948
-40.685513
-41.751083
-42.676041
-43.460377
-44.135345
-44.697815
-45.197792
-45.638397
-46.019627
-46.363358
-46.647724
-46.903957
-47.107075
-47.30394
-47.478931
-47.63205
-47.747665
-47.863285
-47.96328
-48.047657
-48.141399
-48.232021
-48.288265
-48.378887
-48.416386
-48.45388
-48.494507
-48.550751
-48.582001
-48.625751
-48.656998
-48.69762
-48.741371
-48.75074
-48.791367
-48.838242
-48.847614
-48.89761
-48.944485
-48.978855
-49.019482
-49.035107
-49.038231
-49.047607
-49.041355
-49.053852
-49.085102
-49.097603
-49.131977
-49.166348
-49.188221
-49.197598
-49.188221
-49.197598
-49.194473
-49.210098
-49.219471
-49.235096
-49.247597
-49.272591
-49.319466
-49.335091
-49.338215
-49.378838
-49.403835
-49.425713
-49.456959
-49.460083
-49.447586
-49.466331
-49.478832
-49.469456
-49.466331
-49.447586
-49.453831
-49.466331
-49.481956
-49.500706
-49.488209
-49.491333
-49.497581
-49.472584
-49.472584
-49.481956
-49.497581
-49.497581
-49.503834
-49.506958
-49.500706
-49.531956
-49.553825
-49.547577
-49.560078
-49.553825
-49.560078
-49.560078
-49.553825
-49.572578
-49.585075
-49.547577
-49.547577
-49.547577
-49.525707
-49.544456
-49.553825
-49.550701
-49.572578
-49.556953
-49.531956
-49.547577
-49.547577
-49.547577
-49.56945
-49.560078
-49.566326
-49.572578
-49.538208
-49.522583
-49.541332
-49.525707
-49.516331
-49.506958
-49.497581
-49.522583
-49.516331
-49.510082
-49.516331
-49.506958
-49.519459
-49.528831
-49.497581
-49.500706
-49.497581
-49.503834
-49.531956
-49.578827
-49.572578
-49.591328
-49.597576
-49.610077
-49.647575
-49.663197
-49.647575
-49.669449
-49.660072
-49.647575
-49.644451
-49.628826
-49.628826
-49.628826
-49.628826
-49.616325
-49.610077
-49.597576
-49.619453
-49.591328
-49.572578
-49.547577
-49.535084
-49.516331
-49.522583
-49.497581
-49.488209
-49.478832
-49.478832
-49.469456
-49.466331
-49.463207
-49.456959
-49.472584
-49.472584
-49.472584
-49.475708
-49.478832
-49.460083
-49.441338
-49.397587
-49.385086
-49.369461
-49.344467
-49.347588
-49.335091
-49.325718
-49.306965
-49.310093
-49.32259
-49.347588
-49.306965
-49.306965
-49.32259
-49.300716
-49.297592
-49.288216
-49.263218
-49.266342
-49.272591
-49.244473
-49.263218
-49.26009
-49.247597
-49.266342
-49.247597
-49.247597
-49.222595
-49.219471
-49.219471
-49.213223
-49.210098
-49.185097
-49.197598
-49.216347
-49.213223
-49.235096
-49.210098
-49.194473
-49.185097
-49.163223
-49.147598
-49.147598
-49.135101
-49.135101
-49.156971
-49.14135
-49.128853
-49.138226
-49.122601
-49.116352
-49.094475
-49.075726
-49.063225
-49.047607
-49.047607
-49.038231
-49.016357
-48.997608
-49.010105
-48.960106
-48.972607
-48.956982
-48.953857
-48.950733
-48.935112
-48.92886
-48.916363
-48.92886
-48.91011
-48.891361
-48.894485
-48.885113
-48.881985
-48.885113
-48.850735
-48.835117
-48.828865
-48.831989
-48.806992
-48.794491
-48.785114
-48.791367
-48.766365
-48.772617
-48.744495
-48.744495
-48.735123
-48.735123
-48.731995
-48.725746
-48.722622
-48.703873
-48.68512
-48.66637
-48.638252
-48.622627
-48.597626
-48.597626
-48.563251
-48.547626
-48.522633
-48.525757
-48.510132
-48.48513
-48.447636
-48.441387
-48.432011
-48.444511
-48.435135
-48.428886
-48.407009
-48.363262
-48.360134
-48.344517
-48.347637
-48.338264
-48.322639
-48.313267
-48.310139
-48.285141
-48.297642
-48.307014
-48.313267
-48.275764
-48.266392
-48.250767
-48.235146
-48.216396
-48.219521
-48.197647
-48.197647
-48.178894
-48.35701
-48.641376
-48.719498
-48.710121
-48.647625
-48.578876
-48.497631
-48.450756
-48.422634
-48.397636
-48.385136
-48.35701
-48.341389
-48.310139
-48.27264
-48.247646
-48.210144
-48.182022
-48.141399
-48.147644
-48.119526
-48.094524
-48.078899
-48.088276
-48.066399
-48.047657
-48.032032
-47.997654
-47.969532
-47.916409
-47.869534
-47.853909
-47.872662
-47.888287
-47.888287
-47.857037
-47.841415
-47.81329
-47.747665
-47.694546
-47.647675
-47.585175
-47.566425
-47.500805
-47.472679
-47.441433
-47.422684
-47.397686
-47.394558
-47.366436
-47.347683
-47.313313
-47.285191
-47.247696
-47.210194
-47.163319
-47.15707
-47.135201
-47.113323
-47.09145
-47.044579
-46.985203
-46.953953
-46.91021
-46.869583
-46.807087
-46.747715
-46.675842
-46.625847
-46.566475
-46.52898
-46.478977
-46.441483
-46.413357
-46.36961
-46.338364
-46.294613
-46.247742
-46.203995
-46.125874
-46.032127
-45.907131
-45.729019
-45.322788
-43.257259
-38.423122
-31.148478
-20.239635
-6.4996824
6.0840778
15.87735
22.770763
27.179922
29.592304
30.48601
30.214149
29.107954
27.439283
25.414385
23.189491
20.889605
18.570967
16.261705
13.980567
11.740051
9.5245342
7.3121428
5.1497483
2.9498558
0.7062155
-1.5499243
-3.8810604
-6.3059421
-8.8245687
-11.446316
-14.202432
-17.039793
-19.936525
-22.81451
-25.598749
-28.23612
-30.67975
-32.926514
-34.976414
-36.741955
-38.295006
-39.638687
-40.785507
-41.807335
-42.638542
-43.357254
-43.985352
-44.557198
-45.029053
-45.438408
-45.794636
-46.091499
-46.353985
-46.557098
-46.76334
-46.935207
-47.078949
-47.210194
-47.385185
-47.528931
-47.641426
-47.738297
-47.847664
-47.938286
-48.02578
-48.063274
-48.135151
-48.178894
-48.247646
-48.297642
-48.366386
-48.400761
-48.45388
-48.488255
-48.500755
-48.532005
-48.553875
-48.585125
-48.638252
-48.669495
-48.700745
-48.753864
-48.785114
-48.810116
-48.84449
-48.856987
-48.888237
-48.903862
-48.931988
-48.947605
-48.969482
-48.981983
-48.997608
-49.000732
-49.02573
-49.060101
-49.060101
-49.085102
-49.094475
-49.103851
-49.1101
-49.122601
-49.138226
-49.147598
-49.185097
-49.203846
-49.222595
-49.26009
-49.285091
-49.310093
-49.310093
-49.306965
-49.328842
-49.331966
-49.347588
-49.328842
-49.344467
-49.341343
-49.35696
-49.369461
-49.366337
-49.397587
-49.385086
-49.375713
-49.372585
-49.353836
-49.378838
-49.378838
-49.397587
-49.400711
-49.410088
-49.431961
-49.472584
-49.463207
-49.475708
-49.497581
-49.497581
-49.506958
-49.535084
-49.510082
-49.528831
-49.544456
-49.531956
-49.547577
-49.566326
-49.597576
-49.635078
-49.644451
-49.647575
-49.650696
-49.672573
-49.656948
-49.653824
-49.675697
-49.678822
-49.678822
-49.675697
-49.691322
-49.706947
-49.694447
-49.697571
-49.697571
-49.691322
-49.688198
-49.672573
-49.656948
-49.644451
-49.644451
-49.641327
-49.647575
-49.638203
-49.641327
-49.635078
-49.638203
-49.628826
-49.672573
-49.666321
-49.678822
-49.697571
-49.660072
-49.653824
-49.685074
-49.675697
-49.660072
-49.653824
-49.63195
-49.616325
-49.594452
-49.597576
-49.622578
-49.616325
-49.638203
-49.628826
-49.610077
-49.616325
-49.597576
-49.616325
-49.613201
-49.619453
-49.63195
-49.625702
-49.635078
-49.647575
-49.688198
-49.669449
-49.666321
-49.691322
-49.697571
-49.697571
-49.706947
-49.697571
-49.691322
-49.697571
-49.666321
-49.663197
-49.650696
-49.635078
-49.613201
-49.597576
-49.591328
-49.553825
-49.566326
-49.560078
-49.563202
-49.581951
-49.556953
-49.560078
-49.541332
-49.519459
-49.522583
-49.510082
-49.528831
-49.528831
-49.500706
-49.494457
-49.491333
-49.488209
-49.478832
-49.494457
-49.481956
-49.456959
-49.466331
-49.456959
-49.472584
-49.472584
-49.475708
-49.472584
-49.456959
-49.450706
-49.460083
-49.447586
-49.438213
-49.428837
-49.416336
-49.378838
-49.360088
-49.353836
-49.341343
-49.325718
-49.319466
-49.310093
-49.32259
-49.306965
-49.313217
-49.32259
-49.297592
-49.297592
-49.278843
-49.26009
-49.26009
-49.278843
-49.275715
-49.278843
-49.272591
-49.26009
-49.266342
-49.263218
-49.23822
-49.219471
-49.203846
-49.210098
-49.203846
-49.194473
-49.194473
-49.188221
-49.163223
-49.150723
-49.147598
-49.122601
-49.150723
-49.135101
-49.116352
-49.128853
-49.091351
-49.097603
-49.097603
-49.081978
-49.056976
-49.072601
-49.047607
-49.031982
-49.000732
-48.988232
-48.985107
-48.960106
-48.972607
-48.960106
-48.94136
-48.913235
-48.89761
-48.906986
-48.888237
-48.89761
-48.860111
-48.84449
-48.853863
-48.86636
-48.850735
-48.856987
-48.850735
-48.825741
-48.797615
-48.775742
-48.760117
-48.753864
-48.747616
-48.710121
-48.706997
-48.710121
-48.706997
-48.675747
-48.672623
-48.691372
-48.68512
-48.68512
-48.710121
-48.710121
-48.69762
-48.681995
-48.663246
-48.656998
-48.635124
-48.597626
-48.585125
-48.547626
-48.525757
-48.488255
-48.460133
-48.413261
-48.397636
-48.372635
-48.344517
-48.366386
-48.332016
-48.307014
-48.297642
-48.294514
-48.288265
-48.291389
-48.294514
-48.297642
-48.288265
-48.310139
-48.297642
-48.291389
-48.263264
-48.27264
-48.257015
-48.257015
-48.27264
-48.253891
-48.228897
-48.213272
-48.203896
-48.185146
-48.163269
-48.132027
-48.113274
-48.125774
-48.107025
-48.0914
-48.066399
-48.047657
-48.041405
-48.03828
-47.997654
-47.978905
-47.944534
-47.919537
-47.916409
-47.897659
-47.872662
-47.875786
-47.857037
-47.869534
-47.885159
-47.869534
-47.888287
-47.860161
-47.819538
-47.816414
-47.81329
-47.822666
-47.847664
-47.835163
-47.832039
-47.82579
-47.819538
-47.78204
-47.78204
-47.772663
-47.772663
-47.79454
-47.79454
-47.797665
-47.807041
-47.816414
-47.803913
-47.791416
-47.741421
-47.707047
-47.685169
-47.638298
-47.63205
-47.63205
-47.622673
-47.619549
-47.591423
-47.547676
-47.544556
-47.497681
-47.491428
-47.478931
-47.460178
-47.425808
-47.413311
-47.375809
-47.363308
-47.325813
-47.332066
-47.288315
-47.285191
-47.269566
-47.253941
-47.210194
-47.153946
-47.135201
-47.072701
-47.022705
-47.028954
-47.025829
-46.997704
-46.985203
-46.997704
-46.985203
-46.97583
-46.947704
-46.94146
-46.932083
-46.894585
-46.838337
-46.819588
-46.747715
-46.685219
-46.603973
-46.535229
-46.475853
-46.407108
-46.325863
-46.263363
-46.18837
-46.094624
-45.982128
-45.782139
-45.204041
-42.644794
-37.385674
-29.723549
-18.377228
-4.731019
7.3777647
16.699184
23.173866
27.267418
29.392313
30.029781
29.611053
28.44236
26.783066
24.795664
22.611397
20.327131
17.983498
15.649236
13.339972
11.096333
8.8745661
6.6371756
4.3935351
2.1530199
-0.15936722
-2.4905033
-4.9153852
-7.4433861
-10.077633
-12.8025
-15.667984
-18.574093
-21.51145
-24.370686
-27.129923
-29.670427
-31.982811
-34.045212
-35.882622
-37.507542
-38.907475
-40.119915
-41.154236
-42.047947
-42.819786
-43.44788
-44.019726
-44.497826
-44.932182
-45.285286
-45.569649
-45.829014
-46.057121
-46.266487
-46.457104
-46.616474
-46.785213
-46.91021
-47.047703
-47.160194
-47.247696
-47.297688
-47.36956
-47.45393
-47.519554
-47.622673
-47.678921
-47.732044
-47.778915
-47.828915
-47.888287
-47.91016
-47.947655
-47.997654
-48.041405
-48.085152
-48.119526
-48.144524
-48.191395
-48.244522
-48.291389
-48.30389
-48.341389
-48.35701
-48.416386
-48.457005
-48.494507
-48.497631
-48.544506
-48.597626
-48.619499
-48.647625
-48.688248
-48.719498
-48.719498
-48.735123
-48.760117
-48.778866
-48.810116
-48.825741
-48.863235
-48.885113
-48.894485
-48.919487
-48.947605
-48.975731
-48.997608
-49.031982
-49.047607
-49.063225
-49.075726
-49.081978
-49.097603
-49.128853
-49.144478
-49.153847
-49.172596
-49.181973
-49.178848
-49.197598
-49.194473
-49.197598
-49.197598
-49.188221
-49.200722
-49.194473
-49.194473
-49.197598
-49.197598
-49.197598
-49.213223
-49.197598
-49.228848
-49.244473
-49.250717
-49.269466
-49.26009
-49.288216
-49.294468
-49.319466
-49.313217
-49.331966
-49.306965
-49.328842
-49.328842
-49.353836
-49.347588
-49.372585
-49.397587
-49.38821
-49.378838
-49.394463
-49.391338
-49.403835
-49.403835
-49.410088
-49.441338
-49.456959
-49.447586
-49.444462
-49.431961
-49.447586
-49.447586
-49.447586
-49.444462
-49.441338
-49.444462
-49.463207
-49.469456
-49.469456
-49.485081
-49.497581
-49.491333
-49.503834
-49.506958
-49.497581
-49.513206
-49.497581
-49.497581
-49.497581
-49.485081
-49.475708
-49.466331
-49.444462
-49.431961
-49.444462
-49.438213
-49.444462
-49.447586
-49.447586
-49.460083
-49.438213
-49.413212
-49.413212
-49.397587
-49.375713
-49.38821
-49.385086
-49.347588
-49.328842
-49.316341
-49.32259
-49.319466
-49.300716
-49.288216
-49.297592
-49.275715
-49.294468
-49.278843
-49.281967
-49.275715
-49.278843
-49.278843
-49.266342
-49.285091
-49.275715
-49.266342
-49.278843
-49.26009
-49.247597
-49.222595
-49.222595
-49.197598
-49.14135
-49.125725
-49.128853
-49.113228
-49.106976
-49.122601
-49.097603
-49.097603
-49.075726
-49.072601
-49.063225
-49.047607
-49.041355
-49.041355
-49.047607
-49.038231
-49.031982
-49.022606
-49.003857
-48.997608
-48.975731
-48.972607
-48.956982
-48.956982
-48.966358
-48.966358
-48.960106
-48.981983
-48.956982
-48.947605
-48.925735
-48.903862
-48.89761
-48.894485
-48.869488
-48.847614
-48.856987
-48.816364
-48.810116
-48.797615
-48.778866
-48.772617
-48.797615
-48.791367
-48.791367
-48.797615
-48.797615
-48.791367
-48.778866
-48.747616
-48.741371
-48.722622
-48.710121
-48.719498
-48.710121
-48.681995
-48.66637
-48.650745
-48.644501
-48.628876
-48.610126
-48.613251
-48.585125
-48.532005
-48.513256
-48.510132
-48.497631
-48.497631
-48.482006
-48.497631
-48.50388
-48.510132
-48.513256
-48.522633
-48.525757
-48.507008
-48.507008
-48.466381
-48.463257
-48.435135
-48.385136
-48.347637
-48.344517
-48.328892
-48.319515
-48.291389
-48.297642
-48.282017
-48.269516
-48.23827
-48.250767
-48.241394
-48.216396
-48.191395
-48.178894
-48.135151
-48.128899
-48.144524
-48.119526
-48.12265
-48.097649
-48.097649
-48.0914
-48.078899
-48.050774
-48.041405
-48.03828
-48.02578
-48.016407
-47.99453
-47.997654
-47.966404
-47.985157
-47.997654
-47.972656
-47.950779
-47.94141
-47.932034
-47.932034
-47.944534
-47.897659
-47.872662
-47.857037
-47.850784
-47.863285
-47.857037
-47.860161
-47.853909
-47.84454
-47.838291
-47.838291
-47.803913
-47.772663
-47.744545
-47.735168
-47.710171
-47.713295
-47.69767
-47.685169
-47.685169
-47.685169
-47.660172
-47.625801
-47.585175
-47.56955
-47.541431
-47.507053
-47.497681
-47.503929
-47.466431
-47.463306
-47.438309
-47.413311
-47.403934
-47.360184
-47.328938
-47.322689
-47.291439
-47.263313
-47.241444
-47.207069
-47.172695
-47.194569
-47.160194
-47.135201
-47.1227
-47.085197
-47.082073
-47.094574
-47.094574
-47.088326
-47.09145
-47.094574
-47.097698
-47.100822
-47.072701
-47.0602
-46.997704
-46.947704
-46.91021
-46.882084
-46.847713
-46.857082
-46.822712
-46.828964
-46.822712
-46.813339
-46.819588
-46.791462
-46.788338
-46.819588
-46.822712
-46.832088
-46.847713
-46.844589
-46.847713
-46.850834
-46.828964
-46.822712
-46.835213
-46.847713
-46.850834
-46.847713
-46.838337
-46.82584
-46.822712
-46.810215
-46.797714
-46.772713
-46.766464
-46.750839
-46.775837
-46.753963
-46.760212
-46.735218
-46.72897
-46.725845
-46.69772
-46.691467
-46.66647
-46.635223
-46.597725
-46.585224
-46.563347
-46.516479
-46.478977
-46.438358
-46.413357
-46.382107
-46.335239
-46.310238
-46.269611
-46.213367
-46.172745
-46.163368
-46.160244
-46.132122
-46.128998
-46.122749
-46.097748
-46.060249
-46.029003
-45.997753
-45.972752
-45.966503
-45.922756
-45.841511
-45.769638
-45.707142
-45.644646
-45.572773
-45.488403
-45.397781
-45.31966
-45.244667
-45.060295
-44.735317
-43.116646
-38.826225
-32.270298
-22.664518
-9.6964016
3.0686002
13.349348
20.823984
25.764366
28.639225
29.876665
29.904789
29.073578
27.604902
25.761242
23.701967
21.502075
19.233437
16.921049
14.630535
12.340022
10.090132
7.9183631
5.7403445
3.5217028
1.2530638
-1.0905718
-3.4717052
-5.9590836
-8.5308332
-11.199452
-13.964942
-16.755432
-19.652164
-22.502026
-25.248766
-27.908012
-30.345392
-32.592159
-34.598309
-36.36385
-37.898148
-39.241833
-40.379276
-41.363602
-42.197937
-42.913528
-43.54475
-44.072845
-44.550945
-44.957176
-45.307163
-45.607147
-45.907131
-46.147743
-46.378983
-46.563347
-46.732094
-46.882084
-47.013329
-47.128948
-47.238319
-47.332066
-47.403934
-47.472679
-47.557049
-47.597675
-47.69767
-47.735168
-47.819538
-47.897659
-47.938286
-47.988281
-48.047657
-48.097649
-48.12265
-48.172646
-48.235146
-48.278889
-48.325764
-48.378887
-48.425762
-48.438259
-48.450756
-48.48513
-48.497631
-48.507008
-48.532005
-48.556999
-48.566376
-48.632
-48.663246
-48.69762
-48.735123
-48.741371
-48.747616
-48.772617
-48.785114
-48.797615
-48.816364
-48.819492
-48.831989
-48.841366
-48.86636
-48.87886
-48.869488
-48.89761
-48.916363
-48.91011
-48.922611
-48.947605
-48.988232
-48.991356
-49.047607
-49.047607
-49.038231
-49.088226
-49.119476
-49.116352
-49.147598
-49.172596
-49.181973
-49.200722
-49.197598
-49.197598
-49.203846
-49.181973
-49.185097
-49.197598
-49.178848
-49.197598
-49.210098
-49.216347
-49.241348
-49.247597
-49.26009
-49.303841
-49.328842
-49.347588
-49.360088
-49.360088
-49.381962
-49.38821
-49.372585
-49.378838
-49.381962
-49.385086
-49.391338
-49.397587
-49.397587
-49.425713
-49.438213
-49.463207
-49.491333
-49.472584
-49.497581
-49.497581
-49.494457
-49.494457
-49.503834
-49.497581
-49.491333
-49.500706
-49.519459
-49.497581
-49.519459
-49.497581
-49.522583
-49.488209
-49.472584
-49.503834
-49.516331
-49.519459
-49.506958
-49.491333
-49.460083
-49.453831
-49.478832
-49.466331
-49.463207
-49.447586
-49.428837
-49.431961
-49.425713
-49.435085
-49.447586
-49.447586
-49.453831
-49.450706
-49.453831
-49.447586
-49.447586
-49.447586
-49.441338
-49.447586
-49.425713
-49.397587
-49.41946
-49.413212
-49.416336
-49.410088
-49.422588
-49.416336
-49.378838
-49.372585
-49.369461
-49.347588
-49.335091
-49.325718
-49.297592
-49.303841
-49.288216
-49.29134
-49.29134
-49.256966
-49.247597
-49.263218
-49.272591
-49.275715
-49.285091
-49.272591
-49.29134
-49.263218
-49.281967
-49.266342
-49.250717
-49.244473
-49.222595
-49.222595
-49.225723
-49.244473
-49.256966
-49.235096
-49.213223
-49.219471
-49.191345
-49.156971
-49.160095
-49.138226
-49.147598
-49.125725
-49.119476
-49.091351
-49.07885
-49.088226
-49.07885
-49.066353
-49.066353
-49.053852
-49.056976
-49.063225
-49.069477
-49.047607
-49.047607
-49.035107
-49.028858
-49.02573
-49.019482
-48.997608
-48.997608
-48.985107
-48.981983
-49.000732
-48.978855
-48.988232
-49.010105
-49.003857
-48.997608
-48.99448
-48.972607
-48.947605
-48.947605
-48.931988
-48.931988
-48.919487
-48.913235
-48.903862
-48.881985
-48.856987
-48.86636
-48.847614
-48.84449
-48.84449
-48.819492
-48.828865
-48.810116
-48.81324
-48.81324
-48.797615
-48.772617
-48.778866
-48.772617
-48.747616
-48.735123
-48.722622
-48.678871
-48.669495
-48.641376
-48.632
-48.597626
-48.582001
-48.578876
-48.566376
-48.53513
-48.556999
-48.541382
-48.519505
-48.510132
-48.491383
-48.482006
-48.478882
-48.447636
-48.441387
-48.422634
-48.397636
-48.372635
-48.353886
-48.33514
-48.316391
-48.338264
-48.322639
-48.344517
-48.338264
-48.338264
-48.328892
-48.316391
-48.313267
-48.325764
-48.33514
-48.316391
-48.310139
-48.291389
-48.294514
-48.27264
-48.260139
-48.250767
-48.235146
-48.210144
-48.203896
-48.17577
-48.169521
-48.147644
-48.160145
-48.147644
-48.147644
-48.132027
-48.103901
-48.0914
-48.078899
-48.063274
-48.094524
-48.063274
-48.085152
-48.072651
-48.066399
-48.035156
-48.03828
-47.997654
-47.97578
-47.94141
-47.91016
-47.891411
-47.87891
-47.866409
-47.838291
-47.816414
-47.797665
-47.791416
-47.785164
-47.775791
-47.735168
-47.703918
-47.682045
-47.650795
-47.63205
-47.585175
-47.58205
-47.578926
-47.547676
-47.541431
-47.497681
-47.478931
-47.460178
-47.407059
-47.375809
-47.328938
-47.297688
-47.263313
-47.228943
-47.153946
-47.1227
-47.094574
-47.085197
-47.050823
-47.0602
-47.044579
-47.022705
-47.003956
-47.019581
-47.016453
-47.000828
-47.016453
-46.997704
-46.957081
-46.960205
-46.94146
-46.897709
-46.857082
-46.847713
-46.816463
-46.816463
-46.74147
-46.700844
-46.663345
-46.607098
-46.553974
-46.525852
-46.519604
-46.475853
-46.450855
-46.416485
-46.416485
-46.385235
-46.341488
-46.310238
-46.260239
-46.210243
-46.160244
-46.135246
-46.069622
-45.997753
-45.966503
-45.938381
-45.907131
-45.891506
-45.847763
-45.829014
-45.810261
-45.794636
-45.788387
-45.797764
-45.822762
-45.835262
-45.810261
-45.829014
-45.810261
-45.797764
-45.788387
-45.779011
-45.788387
-45.810261
-45.804012
-45.813389
-45.797764
-45.791512
-45.804012
-45.810261
-45.804012
-45.797764
-45.788387
-45.782139
-45.772762
-45.729019
-45.716518
-45.713394
-45.710266
-45.722767
-45.729019
-45.697769
-45.672768
-45.679016
-45.663391
-45.635273
-45.629021
-45.619648
-45.622772
-45.622772
-45.610271
-45.597771
-45.569649
-45.532154
-45.482151
-45.400906
-45.338413
-45.28841
-45.254036
-45.188416
-45.154041
-45.097797
-45.035301
-44.972801
-44.907181
-44.857182
-44.735317
-44.588448
-44.332211
-43.394756
-40.141788
-34.513939
-26.464333
-14.771153
-1.7217909
9.5120354
18.027245
23.873833
27.492407
29.323568
29.804794
29.317318
28.13925
26.458082
24.467556
22.29891
20.04277
17.796005
15.530492
13.283727
11.021337
8.7370729
6.5278063
4.2841654
2.0436502
-0.26248717
-2.5498755
-4.8403888
-7.2777696
-9.8088961
-12.465015
-15.230506
-18.058493
-20.883354
-23.65197
-26.348713
-28.879839
-31.214102
-33.29525
-35.182655
-36.807579
-38.26688
-39.557442
-40.676136
-41.641716
-42.463551
-43.160389
-43.804111
-44.338463
-44.785313
-45.179043
-45.538403
-45.816513
-46.088371
-46.316486
-46.522728
-46.722717
-46.89146
-47.047703
-47.191444
-47.319565
-47.438309
-47.544556
-47.625801
-47.735168
-47.822666
-47.885159
-47.953907
-47.997654
-48.022655
-48.053902
-48.128899
-48.166397
-48.210144
-48.269516
-48.310139
-48.347637
-48.394512
-48.428886
-48.478882
-48.532005
-48.563251
-48.597626
-48.622627
-48.660122
-48.710121
-48.72887
-48.747616
-48.760117
-48.760117
-48.775742
-48.806992
-48.810116
-48.835117
-48.847614
-48.885113
-48.87886
-48.91011
-48.919487
-48.92886
-48.935112
-48.94136
-48.931988
-48.922611
-48.944485
-48.960106
-48.972607
-48.991356
-48.991356
-49.003857
-49.02573
-49.016357
-49.019482
-49.02573
-49.047607
-49.041355
-49.02573
-49.044483
-49.038231
-49.041355
-49.056976
-49.047607
-49.041355
-49.035107
-49.041355
-49.047607
-49.063225
-49.072601
-49.094475
-49.094475
-49.097603
-49.106976
-49.1101
-49.116352
-49.100727
-49.091351
-49.081978
-49.072601
-49.069477
-49.041355
-49.006981
-49.003857
-49.013233
-48.997608
-48.99448
-49.010105
-48.978855
-48.966358
-48.99448
-48.985107
-48.997608
-48.99448
-48.988232
-48.99448
-48.988232
-48.972607
-48.988232
-48.985107
-48.981983
-49.003857
-48.99448
-49.010105
-48.997608
-48.997608
-49.010105
-49.022606
-49.010105
-49.016357
-49.006981
-48.997608
-48.985107
-48.997608
-48.988232
-49.006981
-48.991356
-48.969482
-48.960106
-48.944485
-48.947605
-48.953857
-48.947605
-48.94136
-48.935112
-48.953857
-48.947605
-48.960106
-48.953857
-48.950733
-48.947605
-48.92886
-48.91011
-48.931988
-48.925735
-48.947605
-48.92886
-48.906986
-48.900738
-48.91011
-48.916363
-48.913235
-48.903862
-48.89761
-48.91011
-48.888237
-48.885113
-48.891361
-48.869488
-48.872612
-48.860111
-48.860111
-48.856987
-48.869488
-48.872612
-48.860111
-48.885113
-48.850735
-48.850735
-48.822617
-48.791367
-48.785114
-48.760117
-48.766365
-48.769489
-48.744495
-48.747616
-48.763241
-48.756992
-48.769489
-48.760117
-48.785114
-48.778866
-48.797615
-48.778866
-48.763241
-48.760117
-48.772617
-48.78199
-48.772617
-48.775742
-48.772617
-48.766365
-48.731995
-48.72887
-48.747616
-48.731995
-48.744495
-48.71637
-48.681995
-48.672623
-48.638252
-48.628876
-48.632
-48.607002
-48.60075
-48.585125
-48.5695
-48.572624
-48.547626
-48.53513
-48.538258
-48.525757
-48.51638
-48.519505
-48.497631
-48.48513
-48.48513
-48.466381
-48.435135
-48.447636
-48.428886
-48.407009
-48.366386
-48.332016
-48.300766
-48.278889
-48.247646
-48.247646
-48.228897
-48.210144
-48.194519
-48.163269
-48.153896
-48.144524
-48.138275
-48.116402
-48.113274
-48.113274
-48.107025
-48.097649
-48.097649
-48.097649
-48.085152
-48.06015
-48.035156
-47.997654
-47.991405
-47.997654
-47.99453
-47.997654
-48.019531
-48.022655
-48.028904
-48.041405
-48.03828
-48.019531
-48.010155
-47.997654
-47.997654
-47.985157
-47.972656
-47.969532
-47.947655
-47.922661
-47.91016
-47.894535
-47.857037
-47.860161
-47.847664
-47.81329
-47.82579
-47.797665
-47.769539
-47.757038
-47.732044
-47.710171
-47.69767
-47.694546
-47.69767
-47.694546
-47.682045
-47.713295
-47.69767
-47.707047
-47.710171
-47.707047
-47.69767
-47.691422
-47.66642
-47.619549
-47.575798
-47.563301
-47.563301
-47.547676
-47.5508
-47.547676
-47.541431
-47.532055
-47.513306
-47.51643
-47.497681
-47.488304
-47.500805
-47.491428
-47.478931
-47.491428
-47.475803
-47.447685
-47.425808
-47.385185
-47.372684
-47.353935
-47.33519
-47.297688
-47.260189
-47.222694
-47.203945
-47.182068
-47.144573
-47.132072
-47.097698
-47.088326
-47.041454
-47.013329
-47.041454
-47.019581
-46.963329
-46.947704
-46.94146
-46.888332
-46.916458
-46.907085
-46.882084
-46.872707
-46.875835
-46.853958
-46.838337
-46.816463
-46.807087
-46.79459
-46.750839
-46.700844
-46.67897
-46.607098
-46.572723
-46.519604
-46.46648
-46.450855
-46.428982
-46.391483
-46.347733
-46.322739
-46.297737
-46.266487
-46.238369
-46.197742
-46.178993
-46.160244
-46.153992
-46.119621
-46.091499
-46.075874
-46.035252
-45.997753
-45.982128
-45.985252
-45.935257
-45.891506
-45.857132
-45.804012
-45.763386
-45.713394
-45.647774
-45.594646
-45.497776
-45.394657
-45.285286
-45.144672
-44.907181
-44.035351
-40.901127
-35.39827
-27.623652
-16.392948
-3.4498315
7.9527369
16.736681
22.852009
26.720572
28.798594
29.445436
29.123579
28.073627
26.501831
24.614424
22.548899
20.374004
18.208487
15.999218
13.849323
11.749426
9.6526537
7.5496311
5.4591084
3.2998388
1.1405693
-1.0280747
-3.2717149
-5.5684776
-7.9902349
-10.515111
-13.118109
-15.849226
-18.64909
-21.442701
-24.16132
-26.736193
-29.136076
-31.345343
-33.335873
-35.082661
-36.663834
-38.082512
-39.294956
-40.34803
-41.247986
-42.019825
-42.679165
-43.257259
-43.772861
-44.210342
-44.59782
-44.950928
-45.229042
-45.475903
-45.685268
-45.900883
-46.072746
-46.232117
-46.388359
-46.510227
-46.635223
-46.750839
-46.844589
-46.94146
-47.028954
-47.097698
-47.185196
-47.238319
-47.275814
-47.33519
-47.416435
-47.48518
-47.544556
-47.566425
-47.619549
-47.672668
-47.69767
-47.738297
-47.797665
-47.841415
-47.875786
-47.947655
-47.947655
-47.982029
-47.997654
-48.032032
-48.063274
-48.0914
-48.113274
-48.147644
-48.150772
-48.178894
-48.219521
-48.247646
-48.260139
-48.263264
-48.285141
-48.319515
-48.344517
-48.360134
-48.385136
-48.410137
-48.428886
-48.447636
-48.47263
-48.500755
-48.522633
-48.538258
-48.560127
-48.585125
-48.616375
-48.632
-48.638252
-48.647625
-48.675747
-48.706997
-48.735123
-48.760117
-48.775742
-48.797615
-48.835117
-48.847614
-48.825741
-48.841366
-48.856987
-48.869488
-48.872612
-48.872612
-48.888237
-48.91011
-48.922611
-48.913235
-48.950733
-48.972607
-48.981983
-49.000732
-48.997608
-49.019482
-49.047607
-49.035107
-49.056976
-49.047607
-49.031982
-49.028858
-49.003857
-48.99448
-49.003857
-49.010105
-48.981983
-48.981983
-48.985107
-48.972607
-48.972607
-48.956982
-48.969482
-48.96323
-48.947605
-48.947605
-48.96323
-48.975731
-48.972607
-48.997608
-48.991356
-48.988232
-49.003857
-49.006981
-48.985107
-48.969482
-48.950733
-48.960106
-48.935112
-48.956982
-48.978855
-48.985107
-48.991356
-49.013233
-49.010105
-49.022606
-49.022606
-49.003857
-49.031982
-49.035107
-49.010105
-49.02573
-49.041355
-49.041355
-49.031982
-49.035107
-49.035107
-49.047607
-49.047607
-49.047607
-49.066353
-49.085102
-49.081978
-49.091351
-49.094475
-49.091351
-49.091351
-49.072601
-49.072601
-49.07885
-49.07885
-49.081978
-49.069477
-49.053852
-49.075726
-49.072601
-49.085102
-49.063225
-49.060101
-49.060101
-49.063225
-49.047607
-49.047607
-49.053852
-49.035107
-49.050728
-49.041355
-49.016357
-49.003857
-48.981983
-48.944485
-48.938236
-48.938236
-48.903862
-48.89761
-48.872612
-48.856987
-48.86636
-48.84449
-48.847614
-48.847614
-48.847614
-48.841366
-48.822617
-48.806992
-48.819492
-48.810116
-48.788242
-48.803867
-48.797615
-48.81324
-48.819492
-48.794491
-48.775742
-48.75074
-48.741371
-48.72887
-48.72887
-48.722622
-48.719498
-48.703873
-48.700745
-48.69762
-48.703873
-48.735123
-48.738247
-48.763241
-48.772617
-48.747616
-48.747616
-48.738247
-48.744495
-48.719498
-48.719498
-48.725746
-48.69762
-48.69762
-48.675747
-48.656998
-48.656998
-48.656998
-48.635124
-48.616375
-48.625751
-48.597626
-48.597626
-48.585125
-48.563251
-48.588249
-48.572624
-48.553875
-48.547626
-48.541382
-48.553875
-48.547626
-48.541382
-48.525757
-48.519505
-48.510132
-48.497631
-48.500755
-48.497631
-48.48513
-48.482006
-48.460133
-48.447636
-48.457005
-48.447636
-48.444511
-48.457005
-48.447636
-48.441387
-48.435135
-48.428886
-48.413261
-48.391384
-48.372635
-48.366386
-48.325764
-48.344517
-48.316391
-48.30389
-48.319515
-48.316391
-48.288265
-48.297642
-48.291389
-48.250767
-48.232021
-48.222645
-48.194519
-48.194519
-48.197647
-48.197647
-48.197647
-48.185146
-48.178894
-48.172646
-48.169521
-48.182022
-48.169521
-48.153896
-48.135151
-48.119526
-48.103901
-48.113274
-48.088276
-48.069527
-48.075775
-48.047657
-48.019531
-48.041405
-47.997654
-47.997654
-47.997654
-47.972656
-47.950779
-47.925785
-47.888287
-47.885159
-47.87891
-47.860161
-47.875786
-47.872662
-47.894535
-47.897659
-47.897659
-47.894535
-47.888287
-47.885159
-47.847664
-47.84454
-47.82579
-47.803913
-47.785164
-47.757038
-47.732044
-47.69767
-47.669544
-47.641426
-47.622673
-47.597675
-47.597675
-47.607048
-47.588299
-47.597675
-47.572674
-47.563301
-47.56955
-47.585175
-47.547676
-47.553925
-47.547676
-47.535179
-47.532055
-47.513306
-47.482056
-47.497681
-47.466431
-47.422684
-47.397686
-47.36956
-47.366436
-47.360184
-47.33519
-47.297688
-47.282063
-47.269566
-47.263313
-47.241444
-47.225819
-47.216446
-47.191444
-47.15707
-47.125824
-47.097698
-47.03833
-47.025829
-47.000828
-46.978954
-46.982079
-46.953953
-46.925835
-46.919582
-46.932083
-46.916458
-46.916458
-46.907085
-46.897709
-46.907085
-46.888332
-46.885208
-46.872707
-46.847713
-46.857082
-46.803963
-46.785213
-46.775837
-46.744595
-46.69772
-46.628975
-46.575848
-46.55085
-46.544605
-46.535229
-46.49773
-46.494602
-46.435234
-46.425858
-46.391483
-46.328987
-46.297737
-46.244617
-46.175869
-46.128998
-46.088371
-46.069622
-46.063374
-46.010254
-45.954002
-45.938381
-45.897758
-45.847763
-45.825886
-45.775887
-45.725891
-45.682144
-45.597771
-45.544651
-45.472778
-45.379032
-45.285286
-45.154041
-44.963428
-44.485325
-42.257309
-37.548164
-30.707876
-20.780233
-8.0121088
4.1497974
13.852448
20.861481
25.411259
28.04863
29.179823
29.161076
28.317368
26.904936
25.170647
23.189491
21.073969
18.85533
16.636686
14.414921
12.246277
10.077633
7.9058642
5.7497191
3.6091986
1.4499291
-0.69684094
-2.8623602
-5.1028757
-7.449636
-9.8932667
-12.48064
-15.14926
-17.892876
-20.623993
-23.292612
-25.901859
-28.336115
-30.586004
-32.614033
-34.423321
-36.06699
-37.501293
-38.751232
-39.851177
-40.813633
-41.622967
-42.31356
-42.947899
-43.466625
-43.947849
-44.347832
-44.688442
-44.988426
-45.263412
-45.532154
-45.760262
-45.991505
-46.132122
-46.288364
-46.453979
-46.5821
-46.738342
-46.82584
-46.953953
-47.072701
-47.138325
-47.194569
-47.257065
-47.297688
-47.353935
-47.403934
-47.463306
-47.513306
-47.563301
-47.572674
-47.635174
-47.647675
-47.685169
-47.735168
-47.772663
-47.791416
-47.810165
-47.84454
-47.860161
-47.897659
-47.91016
-47.938286
-47.957031
-47.957031
-47.997654
-48.022655
-48.028904
-48.047657
-48.06015
-48.078899
-48.107025
-48.119526
-48.128899
-48.172646
-48.200771
-48.232021
-48.269516
-48.285141
-48.325764
-48.344517
-48.341389
-48.350761
-48.363262
-48.378887
-48.378887
-48.375759
-48.372635
-48.394512
-48.435135
-48.428886
-48.488255
-48.513256
-48.51638
-48.532005
-48.544506
-48.541382
-48.560127
-48.547626
-48.547626
-48.566376
-48.563251
-48.547626
-48.550751
-48.541382
-48.541382
-48.541382
-48.538258
-48.528881
-48.532005
-48.532005
-48.563251
-48.556999
-48.544506
-48.525757
-48.497631
-48.497631
-48.528881
-48.50388
-48.53513
-48.53513
-48.5695
-48.566376
-48.560127
-48.547626
-48.547626
-48.544506
-48.547626
-48.5695
-48.556999
-48.532005
-48.544506
-48.547626
-48.547626
-48.566376
-48.572624
-48.575752
-48.625751
-48.625751
-48.616375
-48.650745
-48.635124
-48.622627
-48.644501
-48.632
-48.635124
-48.644501
-48.628876
-48.638252
-48.635124
-48.641376
-48.644501
-48.644501
-48.656998
-48.663246
-48.66637
-48.66637
-48.669495
-48.669495
-48.65387
-48.66637
-48.69762
-48.678871
-48.691372
-48.644501
-48.647625
-48.663246
-48.669495
-48.632
-48.638252
-48.625751
-48.625751
-48.616375
-48.616375
-48.597626
-48.588249
-48.575752
-48.575752
-48.563251
-48.563251
-48.547626
-48.53513
-48.547626
-48.547626
-48.547626
-48.547626
-48.550751
-48.553875
-48.585125
-48.588249
-48.585125
-48.582001
-48.572624
-48.560127
-48.541382
-48.525757
-48.507008
-48.500755
-48.510132
-48.497631
-48.507008
-48.513256
-48.528881
-48.547626
-48.541382
-48.553875
-48.556999
-48.560127
-48.553875
-48.566376
-48.5695
-48.553875
-48.544506
-48.51638
-48.525757
-48.51638
-48.491383
-48.507008
-48.497631
-48.491383
-48.500755
-48.507008
-48.507008
-48.50388
-48.497631
-48.507008
-48.519505
-48.497631
-48.51638
-48.497631
-48.482006
-48.48513
-48.469505
-48.47263
-48.447636
-48.441387
-48.422634
-48.416386
-48.397636
-48.385136
-48.372635
-48.353886
-48.319515
-48.307014
-48.278889
-48.263264
-48.275764
-48.244522
-48.263264
-48.247646
-48.244522
-48.247646
-48.216396
-48.200771
-48.197647
-48.172646
-48.150772
-48.128899
-48.119526
-48.103901
-48.116402
-48.100777
-48.119526
-48.107025
-48.082024
-48.113274
-48.12265
-48.107025
-48.088276
-48.085152
-48.072651
-48.047657
-48.047657
-48.013279
-47.969532
-47.935162
-47.91016
-47.913284
-47.91016
-47.885159
-47.875786
-47.869534
-47.850784
-47.82579
-47.810165
-47.810165
-47.797665
-47.803913
-47.797665
-47.810165
-47.803913
-47.803913
-47.79454
-47.78204
-47.791416
-47.772663
-47.753914
-47.747665
-47.72892
-47.716419
-47.716419
-47.785164
-47.460178
-47.216446
-47.15707
-47.253941
-47.375809
-47.535179
-47.735168
-47.938286
-48.12265
-48.347637
-48.547626
-48.731995
-48.903862
-49.069477
-49.225723
-49.372585
-49.513206
-49.63195
-49.760067
-49.878811
-49.997559
-50.085052
-50.203796
-50.322544
-50.438164
-50.525658
-50.644402
-50.747517
-50.847519
-50.94751
-51.044384
-51.131878
-51.228748
-51.309994
-51.388115
-51.497482
-51.572479
-51.68185
-51.769344
-51.838093
-51.906841
-52.013084
-52.078705
-52.156826
-52.244324
-52.284946
-52.356815
-52.431816
-52.491184
-52.547432
-52.619305
-52.697426
-52.763046
-52.853664
-52.897415
-52.959911
-53.009911
-53.081779
-53.159901
-53.216152
-53.281773
-53.347393
-53.397392
-53.444267
-53.534885
-53.57238
-53.638008
-53.672379
-53.716125
-53.781746
-53.825497
-53.872368
-53.934868
-53.969238
-54.016113
-54.081734
-54.125481
-54.191101
-54.241104
-54.287971
-54.341099
-54.397343
-54.447342
-54.484837
-54.506714
-54.562958
-54.594208
-54.644207
-54.697327
-54.772324
-54.837948
-54.862942
-54.912945
-54.953564
-55.022312
-55.094185
-55.137932
-55.203552
-55.262924
-55.325424
-55.353542
-55.412918
-55.441044
-55.459789
-55.509789
-55.55666
-55.597282
-55.622284
-55.672279
-55.719154
-55.747272
-55.8004
-55.903519
-55.941021
-55.959763
-56.016014
-56.059761
-56.100384
-56.144135
-56.178505
-56.244129
-56.297249
-56.347244
-56.387871
-56.422245
-56.47224
-56.515991
-56.547234
-56.584736
-56.612862
-56.656605
-56.690979
-56.756599
-56.784725
-56.847225
-56.881596
-56.912846
-56.947216
-56.987839
-57.015965
-57.053459
-57.094086
-57.115959
-57.147205
-57.197205
-57.22533
-57.253452
-57.287827
-57.303452
-57.353447
-57.378445
-57.40657
-57.43782
-57.465942
-57.506565
-57.547188
-57.600311
-57.63781
-57.675308
-57.697182
-57.744057
-57.797176
-57.828426
-57.875298
-57.887798
-57.940922
-57.972168
-58.019043
-58.047165
-58.078411
-58.078411
-58.109661
-58.147156
-58.165905
-58.197155
-58.250278
-58.287777
-58.322151
-58.344028
-58.397148
-58.434647
-58.459641
-58.484642
-58.519016
-58.544018
-58.550262
-58.581512
-58.600262
-58.634636
-58.656506
-58.697132
-58.734631
-58.772129
-58.790878
-58.812752
-58.828377
-58.856499
-58.884624
-58.915874
-58.934624
-58.943996
-58.997116
-59.018993
-59.059612
-59.118988
-59.128365
-59.150234
-59.159607
-59.162731
-59.231483
-59.231483
-59.247108
-59.275227
-59.312729
-59.32523
-59.375225
-59.393974
-59.409599
-59.431473
-59.431473
-59.447098
-59.490845
-59.522095
-59.556465
-59.57209
-59.606464
-59.647087
-59.675209
-59.712708
-59.728333
-59.775204
-59.772079
-59.797077
-59.840828
-59.850201
-59.872074
-59.872074
-59.897076
-59.937698
-59.975193
-59.99707
-60.006443
-60.018944
-60.006443
-60.037693
-60.05019
-60.087688
-60.125191
-60.14706
-60.181435
-60.212685
-60.20956
-60.247059
-60.250179
-60.275181
-60.315804
-60.353298
-60.365799
-60.393925
-60.397049
-60.428299
-60.443924
-60.478294
-60.493919
-60.50642
-60.515793
-60.534546
-60.575165
-60.578289
-60.628288
-60.668911
-60.681408
-60.706409
-60.731411
-60.756405
-60.768906
-60.797031
-60.825153
-60.850151
-60.862652
-60.8564
-60.909527
-60.928276
-60.962646
-60.975143
-60.997021
-61.034519
-61.031395
-61.05014
-61.087639
-61.115765
-61.147011
-61.137642
-61.140766
-61.175137
-61.193886
-61.19701
-61.231384
-61.243885
-61.253254
-61.259506
-61.297005
-61.31263
-61.322006
-61.356377
-61.393875
-61.418877
-61.453247
-61.484497
-61.500122
-61.537621
-61.531372
-61.581367
-61.593864
-61.606365
-61.618866
-61.637615
-61.643867
-61.656361
-61.687611
-61.700111
-61.715736
-61.750107
-61.762608
-61.796982
-61.809483
-61.82198
-61.846981
-61.859478
-61.896976
-61.906353
-61.896976
-61.940727
-61.968845
-61.975098
-61.996971
-62.012596
-62.04697
-62.081341
-62.103218
-62.109467
-62.143841
-62.159462
-62.18446
-62.171963
-62.193836
-62.203213
-62.234463
-62.256332
-62.265705
-62.284458
-62.296955
-62.303207
-62.318832
-62.331333
-62.328205
-62.356327
-62.375076
-62.396954
-62.390701
-62.428204
-62.450073
-62.446953
-62.471947
-62.496948
-62.512573
-62.528198
-62.521946
-62.543823
-62.546944
-62.565693
-62.587566
-62.603191
-62.606316
-62.646942
-62.653187
-62.665688
-62.671936
-62.700062
-62.696938
-62.696938
-62.73756
-62.746933
-62.778183
-62.803181
-62.834431
-62.843807
-62.878178
-62.896927
-62.881302
-62.893803
-62.896927
-62.896927
-62.921928
-62.940678
-62.931301
-62.978172
-62.971924
-62.996922
-63.003174
-63.015671
-63.046921
-63.078167
-63.103168
-63.109417
-63.106293
-63.109417
-63.131294
-63.131294
-63.175037
-63.184414
-63.190662
-63.234413
-63.240662
-63.259407
-63.275032
-63.271908
-63.290657
-63.296909
-63.321907
-63.337532
-63.375027
-63.390652
-63.403152
-63.396904
-63.421902
-63.446903
-63.453148
-63.456272
-63.462524
-63.465649
-63.496899
-63.506271
-63.521896
-63.521896
-63.546894
-63.562519
-63.593769
-63.625019
-63.618767
-63.615643
-63.646893
-63.656261
-63.659389
-63.662514
-63.684387
-63.684387
-63.690639
-63.696888
-63.712513
-63.734386
-63.740639
-63.750008
-63.753132
-63.775009
-63.796883
-63.806259
-63.837509
-63.850002
-63.850002
-63.850002
-63.856255
-63.856255
-63.878128
-63.896877
-63.909378
-63.918755
-63.93438
-63.921879
-63.946873
-63.940628
-63.943752
-63.96875
-63.962498
-63.971874
-63.996872
-64.021873
-64.028122
-64.037498
-64.053116
-64.068741
-64.053116
-64.062492
-64.087494
-64.09687
-64.112495
-64.134369
-64.146866
-64.140617
-64.146866
-64.184364
-64.187492
-64.221863
-64.218742
-64.218742
-64.215614
-64.215614
-64.243736
-64.253105
-64.278107
-64.259361
-64.259361
-64.246864
-64.243736
-64.259361
-64.284355
-64.293732
-64.32811
-64.337486
-64.340607
-64.359352
-64.371857
-64.371857
-64.374977
-64.387482
-64.390602
-64.390602
-64.409355
-64.431229
-64.443726
-64.434357
-64.459351
-64.471848
-64.478096
-64.515602
-64.503098
-64.524971
-64.546844
-64.543724
-64.553093
-64.559341
-64.559341
-64.549973
-64.571846
-64.578094
-64.618721
-64.643723
-64.662468
-64.69059
-64.653091
-64.662468
-64.693718
-64.687462
-64.687462
-64.718712
-64.696838
-64.731216
-64.715591
-64.746834
-64.765587
-64.746834
-64.753082
-64.762459
-64.759331
-64.753082
-64.762459
-64.768707
-64.768707
-64.784332
-64.796837
-64.796837
-64.828087
-64.849953
-64.871826
-64.890579
-64.884331
-64.890579
-64.881203
-64.887451
-64.896828
-64.887451
-64.896828
-64.943703
-64.937454
-64.962448
-64.949951
-64.965576
-64.962448
-64.949951
-64.968697
-64.962448
-64.971825
-64.959328
-64.953072
-64.9562
-64.959328
-64.965576
-64.993698
-64.984322
-65.024948
-65.003075
-65.015572
-65.031197
-65.046822
-65.037453
-65.071823
-65.08432
-65.096817
-65.109322
-65.121819
-65.112442
-65.128067
-65.124947
-65.146812
-65.143692
-65.156189
-65.178062
-65.171814
-65.168694
-65.190567
-65.218689
-65.218689
-65.224937
-65.21244
-65.215569
-65.228065
-65.234314
-65.246819
-65.253059
-65.246819
-65.234314
-65.249931
-65.249931
-65.256187
-65.271812
-65.256187
-65.287437
-65.293686
-65.296806
-65.306183
-65.318687
-65.303062
-65.321808
-65.321808
-65.331184
-65.340561
-65.331184
-65.337433
-65.353058
-65.359306
-65.371803
-65.384308
-65.368683
-65.371803
-65.406181
-65.384308
-65.406181
-65.406181
-65.418678
-65.44368
-65.44368
-65.459297
-65.468674
-65.471802
-65.459297
-65.449928
-65.449928
-65.471802
-65.490547
-65.493675
-65.493675
-65.496803
-65.481178
-65.496803
-65.512428
-65.503052
-65.521797
-65.506172
-65.512428
-65.54055
-65.543678
-65.559296
-65.565544
-65.568672
-65.553047
-65.568672
-65.553047
-65.568672
-65.568672
-65.553047
-65.565544
-65.571793
-65.581169
-65.590546
-65.581169
-65.584297
-65.599922
-65.615547
-65.609299
-65.609299
-65.615547
-65.621796
-65.646797
-65.643669
-65.656166
-65.646797
-65.643669
-65.646797
-65.659294
-65.646797
-65.656166
-65.674919
-65.662415
-65.681168
-65.693665
-65.706169
-65.696793
-65.703041
-65.699913
-65.703041
-65.70929
-65.696793
-65.696793
-65.712418
-65.699913
-65.712418
-65.731163
-65.746788
-65.762413
-65.74054
-65.746788
-65.746788
-65.746788
-65.746788
-65.753036
-65.734291
-65.759285
-65.765533
-65.765533
-65.793663
-65.784286
-65.749908
-65.765533
-65.778038
-65.765533
-65.781158
-65.778038
-65.790535
-65.787407
-65.796783
-65.793663
-65.809288
-65.787407
-65.784286
-65.799911
-65.809288
-65.812408
-65.809288
-65.815536
-65.815536
-65.812408
-65.834282
-65.834282
-65.843658
-65.828033
-65.828033
-65.840538
-65.868652
-65.868652
-65.868652
-65.849907
-65.878029
-65.874908
-65.865532
-65.874908
-65.884277
-65.881157
-65.899902
-65.896782
-65.884277
-65.874908
-65.87178
-65.884277
-65.865532
-65.865532
-65.890533
-65.90303
-65.899902
-65.921783
-65.906158
-65.915527
-65.93428
-65.921783
-65.93428
-65.937408
-65.93428
-65.946777
-65.971779
-65.946777
-65.946777
-65.968651
-65.962402
-65.974899
-65.974899
-65.974899
-65.984276
-65.993652
-65.978027
-65.974899
-65.965523
-65.987404
-66.024902
-66.028023
-66.028023
-66.046776
-66.031151
-66.012398
-66.018654
-66.018654
-66.021774
-66.018654
-66.012398
-66.031151
-66.065521
-66.065521
-66.059273
-66.053024
-66.07177
-66.059273
-66.065521
-66.078018
-66.084274
-66.081146
-66.07177
-66.062393
-66.059273
-66.068649
-66.084274
-66.081146
-66.084274
-66.093643
-66.081146
-66.096771
-66.106148
-66.096771
-66.084274
-66.087395
-66.090523
-66.106148
-66.121773
-66.109268
-66.106148
-66.112396
-66.124893
-66.13427
-66.112396
-66.118645
-66.10302
-66.090523
-66.106148
-66.118645
-66.128021
-66.13427
-66.115524
-66.131149
-66.137398
-66.143646
-66.149895
-66.156143
-66.159264
-66.171768
-66.171768
-66.156143
-66.171768
-66.187393
-66.174889
-66.190514
-66.190514
-66.203018
-66.224892
-66.215515
-66.22802
-66.240517
-66.237389
-66.240517
-66.246765
-66.253014
-66.246765
-66.237389
-66.215515
-66.218643
-66.22802
-66.221764
-66.23114
-66.246765
-66.23114
-66.259262
-66.246765
-66.268639
-66.293633
-66.306137
-66.303009
-66.303009
-66.293633
-66.293633
-66.290512
-66.299889
-66.287384
-66.299889
-66.306137
-66.328011
-66.324883
-66.318634
-66.318634
-66.337387
-66.334259
-66.353004
-66.346756
-66.349884
-66.371758
-66.362381
-66.346756
-66.349884
-66.349884
-66.346756
-66.340508
-66.337387
-66.328011
-66.315514
-66.331139
-66.309258
-66.331139
-66.315514
-66.318634
-66.346756
-66.337387
-66.331139
-66.337387
-66.312386
-66.337387
-66.343636
-66.343636
-66.328011
-66.343636
-66.346756
-66.353004
-66.337387
-66.337387
-66.334259
-66.309258
-66.306137
-66.312386
-66.312386
-66.312386
-66.328011
-66.334259
-66.324883
-66.331139
-66.334259
-66.346756
-66.334259
-66.324883
-66.334259
-66.315514
-66.324883
-66.321762
-66.324883
-66.356133
-66.368629
-66.353004
-66.346756
-66.353004
-66.340508
-66.337387
-66.346756
-66.334259
-66.340508
-66.321762
-66.321762
-66.340508
-66.337387
-66.337387
-66.353004
-66.334259
-66.331139
-66.337387
-66.343636
-66.340508
-66.318634
-66.318634
-66.331139
-66.328011
-66.328011
-66.331139
-66.343636
-66.340508
-66.346756
-66.346756
-66.353004
-66.356133
-66.349884
-66.356133
-66.378006
-66.365509
-66.349884
-66.359253
-66.346756
-66.353004
-66.362381
-66.353004
-66.356133
-66.371758
-66.359253
-66.365509
-66.353004
-66.356133
-66.368629
-66.349884
-66.353004
-66.349884
-66.359253
-66.346756
-66.340508
-66.346756
-66.346756
-66.378006
-66.343636
-66.356133
-66.371758
-66.365509
-66.371758
-66.384254
-66.384254
-66.387383
-66.396759
-66.396759
-66.378006
-66.378006
-66.396759
-66.396759
-66.371758
-66.368629
-66.368629
-66.365509
-66.359253
-66.362381
-66.340508
-66.353004
-66.362381
-66.368629
-66.384254
-66.368629
-66.362381
-66.368629
-66.378006
-66.356133
-66.381134
-66.368629
-66.371758
-66.396759
-66.415504
-66.396759
-66.412384
-66.403008
-66.396759
-66.418633
-66.393631
-66.406128
-66.387383
-66.396759
-66.390503
-66.406128
-66.412384
-66.418633
-66.431129
-66.406128
-66.396759
-66.396759
-66.384254
-66.399879
-66.384254
-66.396759
-66.390503
-66.415504
-66.371758
-66.406128
-66.396759
-66.381134
-66.384254
-66.384254
-66.396759
-66.412384
-66.371758
-66.387383
-66.409256
-66.406128
-66.403008
-66.390503
-66.387383
-66.390503
-66.393631
-66.393631
-66.396759
-66.396759
-66.387383
-66.393631
-66.387383
-66.368629
-66.381134
-66.371758
-66.381134
-66.384254
-66.368629
-66.349884
-66.337387
-66.362381
-66.374878
-66.381134
-66.356133
-66.362381
-66.368629
-66.356133
-66.381134
-66.378006
-66.403008
-66.396759
-66.387383
-66.396759
-66.396759
-66.390503
-66.393631
-66.406128
-66.406128
-66.421753
-66.412384
-66.393631
-66.390503
-66.384254
-66.374878
-66.362381
-66.390503
-66.393631
-66.396759
-66.381134
-66.368629
-66.399879
-66.384254
-66.381134
-66.387383
-66.378006
-66.378006
-66.396759
-66.381134
-66.362381
-66.374878
-66.359253
-66.368629
-66.368629
-66.365509
-66.362381
-66.346756
-66.349884
-66.359253
-66.368629
-66.365509
-66.356133
-66.349884
-66.346756
-66.353004
-66.353004
-66.353004
-66.362381
-66.353004
-66.343636
-66.324883
-66.337387
-66.331139
-66.343636
-66.337387
-66.349884
-66.337387
-66.321762
-66.346756
-66.337387
-66.331139
-66.321762
-66.318634
-66.321762
-66.340508
-66.343636
-66.346756
-66.343636
-66.331139
-66.349884
-66.346756
-66.346756
-66.337387
-66.321762
-66.321762
-66.318634
-66.309258
-66.334259
-66.340508
-66.328011
-66.321762
-66.321762
-66.299889
-66.296761
-66.296761
-66.296761
-66.303009
-66.318634
-66.328011
-66.321762
-66.303009
-66.303009
-66.309258
-66.321762
-66.284264
-66.296761
-66.296761
-66.296761
-66.306137
-66.321762
-66.296761
-66.324883
-66.340508
-66.343636
-66.340508
-66.321762
-66.328011
-66.328011
-66.315514
-66.315514
-66.318634
-66.309258
-66.321762
-66.321762
-66.303009
-66.309258
-66.315514
-66.296761
-66.312386
-66.309258
-66.312386
-66.306137
-66.315514
-66.296761
-66.324883
-66.303009
-66.290512
-66.296761
-66.268639
-66.284264
-66.296761
-66.296761
-66.303009
-66.281136
-66.274887
-66.253014
-66.256134
-66.262383
-66.246765
-66.243645
-66.237389
-66.234268
-66.23114
-66.23114
-66.221764
-66.215515
-66.221764
-66.246765
-66.253014
-66.237389
-66.246765
-66.246765
-66.237389
-66.234268
-66.215515
-66.22802
-66.209267
-66.212395
-66.246765
-66.265511
-66.249886
-66.281136
-66.256134
-66.256134
-66.262383
-66.253014
-66.246765
-66.256134
-66.243645
-66.243645
-66.246765
-66.246765
-66.259262
-66.259262
-66.271759
-66.253014
-66.253014
-66.240517
-66.240517
-66.249886
-66.23114
-66.234268
-66.218643
-66.209267
-66.234268
-66.22802
-66.224892
-66.224892
-66.215515
-66.234268
-66.268639
-66.253014
-66.246765
-66.262383
-66.243645
-66.215515
-66.215515
-66.215515
-66.19677
-66.215515
-66.215515
-66.23114
-66.22802
-66.22802
-66.237389
-66.22802
-66.215515
-66.19989
-66.203018
-66.187393
-66.19677
-66.19677
-66.19677
-66.19677
-66.181145
-66.19677
-66.19677
-66.19677
-66.181145
-66.184265
-66.184265
-66.212395
-66.23114
-66.206139
-66.218643
-66.19677
-66.181145
-66.174889
-66.181145
-66.187393
-66.178017
-66.193642
-66.190514
-66.19677
-66.19677
-66.190514
-66.181145
-66.181145
-66.19989
-66.19677
-66.181145
-66.19677
-66.171768
-66.190514
-66.218643
-66.209267
-66.209267
-66.206139
-66.190514
-66.184265
-66.171768
-66.159264
-66.16552
-66.178017
-66.162392
-66.174889
-66.16552
-66.178017
-66.178017
-66.190514
-66.159264
-66.171768
-66.171768
-66.143646
-66.162392
-66.149895
-66.13427
-66.13427
-66.131149
-66.143646
-66.124893
-66.112396
-66.124893
-66.121773
-66.137398
-66.140518
-66.131149
-66.13427
-66.13427
-66.140518
-66.115524
-66.137398
-66.106148
-66.10302
-66.109268
-66.096771
-66.099899
-66.121773
-66.096771
-66.10302
-66.106148
-66.10302
-66.121773
-66.106148
-66.087395
-66.081146
-66.096771
-66.053024
-66.056145
-66.062393
-66.031151
-66.046776
-66.043648
-66.046776
-66.065521
-66.046776
-66.043648
-66.046776
-66.040527
-66.062393
-66.053024
-66.07177
-66.074898
-66.074898
-66.065521
-66.081146
-66.078018
-66.084274
-66.087395
-66.087395
-66.084274
-66.081146
-66.078018
-66.059273
-66.084274
-66.096771
-66.068649
-66.074898
-66.056145
-66.07177
-66.065521
-66.065521
-66.081146
-66.078018
-66.049896
-66.068649
-66.068649
-66.068649
-66.074898
-66.065521
-66.065521
-66.062393
-66.046776
-66.053024
-66.046776
-66.043648
-66.049896
-66.056145
-66.031151
-66.034279
-66.015526
-65.987404
-65.981148
-65.974899
-65.959274
-65.974899
-65.968651
-65.962402
-65.965523
-65.946777
-65.956154
-65.953026
-65.946777
-65.93428
-65.928032
-65.915527
-65.90303
-65.906158
-65.909279
-65.887405
-65.909279
-65.878029
-65.878029
-65.899902
-65.893654
-65.909279
-65.912407
-65.915527
-65.921783
-65.90303
-65.899902
-65.906158
-65.899902
-65.890533
-65.906158
-65.899902
-65.90303
-65.912407
-65.899902
-65.906158
-65.943657
-65.912407
-65.931152
-65.956154
-65.946777
-65.946777
-65.940529
-65.946777
-65.943657
-65.937408
-65.940529
-65.946777
-65.921783
-65.937408
-65.946777
-65.937408
-65.943657
-65.943657
-65.921783
-65.896782
-65.868652
-65.868652
-65.890533
-65.881157
-65.874908
-65.881157
-65.881157
-65.896782
-65.912407
-65.906158
-65.90303
-65.909279
-65.909279
-65.90303
-65.909279
-65.896782
-65.896782
-65.918655
-65.893654
-65.896782
-65.924904
-65.918655
-65.931152
-65.943657
-65.918655
-65.918655
-65.906158
-65.896782
-65.90303
-65.874908
-65.874908
-65.878029
-65.859283
-65.846786
-65.846786
-65.849907
-65.856155
-65.853027
-65.846786
-65.840538
-65.840538
-65.834282
-65.840538
-65.828033
-65.809288
-65.809288
-65.803032
-65.803032
-65.787407
-65.809288
-65.809288
-65.815536
-65.803032
-65.787407
-65.790535
-65.796783
-65.784286
-65.787407
-65.790535
-65.771782
-65.759285
-65.749908
-65.759285
-65.737419
-65.737419
-65.731163
-65.753036
-65.746788
-65.724915
-65.737419
-65.715538
-65.706169
-65.703041
-65.721794
-65.721794
-65.712418
-65.721794
-65.749908
-65.734291
-65.703041
-65.728043
-65.696793
-65.721794
-65.731163
-65.724915
-65.70929
-65.74054
-65.737419
-65.728043
-65.728043
-65.712418
-65.715538
-65.728043
-65.718666
-65.718666
-65.721794
-65.696793
-65.70929
-65.715538
-65.712418
-65.724915
-65.718666
-65.706169
-65.696793
-65.690544
-65.696793
-65.696793
-65.699913
-65.696793
-65.690544
-65.693665
-65.687416
-65.681168
-65.665543
-65.671791
-65.665543
-65.653038
-65.653038
-65.659294
-65.674919
-65.693665
-65.696793
-65.696793
-65.70929
-65.690544
-65.684288
-65.681168
-65.693665
-65.699913
-65.690544
-65.671791
-65.681168
-65.690544
-65.668663
-65.687416
-65.696793
-65.684288
-65.693665
-65.699913
-65.687416
-65.703041
-65.696793
-65.693665
-65.696793
-65.67804
-65.687416
-65.662415
-65.649918
-65.671791
-65.662415
-65.662415
-65.659294
-65.662415
-65.637421
-65.649918
-65.653038
-65.634293
-65.649918
-65.668663
-65.640549
-65.637421
-65.628044
-65.659294
-65.668663
-65.659294
-65.662415
-65.662415
-65.656166
-65.668663
-65.653038
-65.640549
-65.640549
-65.649918
-65.646797
-65.643669
-65.656166
-65.659294
-65.656166
-65.659294
-65.640549
-65.653038
-65.665543
-65.618668
-65.634293
-65.618668
-65.612419
-65.624924
-65.624924
-65.628044
-65.599922
-65.606171
-65.624924
-65.609299
-65.596794
-65.596794
-65.578049
-65.590546
-65.606171
-65.603043
-65.603043
-65.618668
-65.609299
-65.624924
-65.603043
-65.578049
-65.568672
-65.599922
-65.609299
-65.590546
-65.618668
-65.621796
-65.634293
-65.628044
-65.631172
-65.628044
-65.628044
-65.609299
-65.609299
-65.574921
-65.574921
-65.596794
-65.593674
-65.606171
-65.615547
-65.593674
-65.584297
-65.596794
-65.584297
-65.581169
-65.587418
-65.593674
-65.556168
-65.584297
-65.559296
-65.596794
-65.581169
-65.596794
-65.603043
-65.590546
-65.578049
-65.571793
-65.549919
-65.571793
-65.587418
-65.574921
-65.599922
-65.596794
-65.596794
-65.593674
-65.612419
-65.596794
-65.609299
-65.590546
-65.562424
-65.574921
-65.553047
-65.546799
-65.546799
-65.54055
-65.534302
-65.54055
-65.543678
-65.546799
-65.546799
-65.528053
-65.543678
-65.54055
-65.528053
-65.534302
-65.553047
-65.537422
-65.549919
-65.54055
-65.521797
-65.559296
-65.543678
-65.54055
-65.546799
-65.524925
-65.512428
-65.531174
-65.521797
-65.521797
-65.543678
-65.546799
-65.531174
-65.534302
-65.521797
-65.528053
-65.54055
-65.518677
-65.512428
-65.515549
-65.503052
-65.499924
-65.481178
-65.474922
-65.490547
-65.493675
-65.515549
-65.518677
-65.503052
-65.512428
-65.518677
-65.518677
-65.496803
-65.506172
-65.515549
-65.546799
-65.534302
-65.518677
-65.518677
-65.521797
-65.512428
-65.5093
-65.496803
-65.496803
-65.496803
-65.481178
-65.490547
-65.499924
-65.474922
-65.468674
-65.459297
-65.446808
-65.437431
-65.446808
-65.446808
-65.468674
-65.459297
-65.456177
-65.456177
-65.446808
-65.446808
-65.446808
-65.474922
-65.449928
-65.47805
-65.456177
-65.453049
-65.446808
-65.431183
-65.446808
-65.44368
-65.465553
-65.468674
-65.456177
-65.446808
-65.437431
-65.459297
-65.453049
-65.440552
-65.437431
-65.428055
-65.428055
-65.428055
-65.449928
-65.440552
-65.418678
-65.415558
-65.406181
-65.409302
-65.421806
-65.428055
-65.424927
-65.459297
-65.453049
-65.446808
-65.446808
-65.446808
-65.431183
-65.424927
-65.434303
-65.424927
-65.418678
-65.399933
-65.406181
-65.415558
-65.396805
-65.396805
-65.415558
-65.393677
-65.396805
-65.384308
-65.371803
-65.378052
-65.359306
-65.365555
-65.362427
-65.356178
-65.365555
-65.362427
-65.359306
-65.346802
-65.362427
-65.346802
-65.356178
-65.353058
-65.321808
-65.343681
-65.324936
-65.334312
-65.340561
-65.343681
-65.34993
-65.328056
-65.312431
-65.303062
-65.309311
-65.321808
-65.324936
-65.346802
-65.328056
-65.321808
-65.328056
-65.340561
-65.346802
-65.362427
-65.353058
-65.371803
-65.353058
-65.346802
-65.346802
-65.346802
-65.331184
-65.346802
-65.353058
-65.340561
-65.346802
-65.346802
-65.356178
-65.356178
-65.384308
-65.378052
-65.393677
-65.384308
-65.371803
-65.384308
-65.365555
-65.378052
-65.365555
-65.378052
-65.362427
-65.368683
-65.374931
-65.353058
-65.362427
-65.34993
-65.353058
-65.362427
-65.353058
-65.359306
-65.371803
-65.353058
-65.368683
-65.38118
-65.356178
-65.368683
-65.362427
-65.34993
-65.346802
-65.337433
-65.324936
-65.321808
-65.318687
-65.315559
-65.331184
-65.334312
-65.318687
-65.321808
-65.318687
-65.312431
-65.334312
-65.315559
-65.334312
-65.324936
-65.328056
-65.321808
-65.312431
-65.315559
-65.324936
-65.318687
-65.315559
-65.340561
-65.318687
-65.328056
-65.337433
-65.324936
-65.318687
-65.324936
-65.318687
-65.324936
-65.315559
-65.318687
-65.334312
-65.309311
-65.309311
-65.312431
-65.309311
-65.306183
-65.315559
-65.303062
-65.312431
-65.315559
-65.306183
-65.296806
-65.293686
-65.278061
-65.287437
-65.287437
-65.274933
-65.271812
-65.274933
-65.265556
-65.274933
-65.253059
-65.256187
-65.246819
-65.234314
-65.253059
-65.246819
-65.234314
-65.246819
-65.271812
-65.246819
-65.24369
-65.249931
-65.262436
-65.262436
-65.249931
-65.253059
-65.265556
-65.268684
-65.262436
-65.253059
-65.253059
-65.246819
-65.249931
-65.24369
-65.246819
-65.256187
-65.278061
-65.278061
-65.262436
-65.246819
-65.256187
-65.284309
-65.293686
-65.296806
-65.271812
-65.259308
-65.278061
-65.256187
-65.262436
-65.290558
-65.284309
-65.296806
-65.296806
-65.287437
-65.296806
-65.287437
-65.256187
-65.284309
-65.271812
-65.253059
-65.271812
-65.259308
-65.253059
-65.253059
-65.271812
-65.278061
-65.268684
-65.262436
-65.262436
-65.265556
-65.259308
-65.259308
-65.259308
-65.246819
-65.256187
-65.240562
-65.228065
-65.234314
-65.240562
-65.24369
-65.240562
-65.253059
-65.246819
-65.259308
-65.246819
-65.209312
-65.221817
-65.203064
-65.193687
-65.203064
-65.218689
-65.21244
-65.234314
-65.224937
-65.206192
-65.24369
-65.234314
-65.234314
-65.234314
-65.221817
-65.21244
-65.234314
-65.240562
-65.246819
-65.246819
-65.228065
-65.240562
-65.249931
-65.259308
-65.246819
-65.224937
-65.234314
-65.249931
-65.240562
-65.228065
-65.215569
-65.221817
-65.21244
-65.224937
-65.228065
-65.206192
-65.231194
-65.240562
-65.249931
-65.228065
-65.21244
-65.228065
-65.209312
-65.206192
-65.190567
-65.184319
-65.18119
-65.196815
-65.203064
-65.21244
-65.215569
-65.196815
-65.21244
-65.196815
-65.196815
-65.196815
-65.209312
-65.209312
-65.21244
-65.209312
-65.199944
-65.203064
-65.196815
-65.203064
-65.206192
-65.224937
-65.221817
-65.234314
-65.209312
-65.206192
-65.21244
-65.190567
-65.196815
-65.21244
-65.190567
-65.218689
-65.184319
-65.178062
-65.190567
-65.178062
-65.171814
-65.18119
-65.18119
-65.190567
-65.18119
-65.156189
-65.171814
-65.196815
-65.196815
-65.203064
-65.184319
-65.156189
-65.146812
-65.143692
-65.140572
-65.146812
-65.146812
-65.137444
-65.156189
-65.146812
-65.159317
-65.165565
-65.131195
-65.124947
-65.146812
-65.112442
-65.118698
-65.121819
-65.112442
-65.124947
-65.140572
-65.146812
-65.137444
-65.146812
-65.124947
-65.131195
-65.14994
-65.14994
-65.14994
-65.146812
-65.146812
-65.146812
-65.146812
-65.134323
-65.128067
-65.124947
-65.106194
-65.128067
-65.112442
-65.134323
-65.128067
-65.131195
-65.143692
-65.134323
-65.121819
-65.099945
-65.124947
-65.099945
-65.096817
-65.118698
-65.146812
-65.134323
-65.146812
-65.143692
-65.134323
-65.112442
-65.112442
-65.11557
-65.096817
-65.096817
-65.103073
-65.078072
-65.090569
-65.099945
-65.109322
-65.109322
-65.11557
-65.103073
-65.112442
-65.112442
-65.11557
-65.134323
-65.124947
-65.124947
-65.140572
-65.140572
-65.14994
-65.146812
-65.128067
-65.140572
-65.153069
-65.140572
-65.134323
-65.168694
-65.146812
-65.156189
-65.146812
-65.153069
-65.159317
-65.146812
-65.118698
-65.121819
-65.112442
-65.128067
-65.146812
-65.118698
-65.131195
-65.109322
-65.121819
-65.11557
-65.093697
-65.096817
-65.087448
-65.096817
-65.08432
-65.106194
-65.103073
-65.08432
-65.096817
-65.099945
-65.109322
-65.140572
-65.109322
-65.096817
-65.106194
-65.096817
-65.096817
-65.096817
-65.071823
-65.068695
-65.081192
-65.081192
-65.090569
-65.090569
-65.068695
-65.068695
-65.049942
-65.046822
-65.043701
-65.031197
-65.0187
-65.034325
-65.034325
-65.037453
-65.074944
-65.062447
-65.068695
-65.096817
-65.062447
-65.078072
-65.081192
-65.056198
-65.062447
-65.068695
-65.062447
-65.056198
-65.046822
-65.05307
-65.062447
-65.056198
-65.062447
-65.065567
-65.071823
-65.068695
-65.062447
-65.078072
-65.078072
-65.059319
-65.05307
-65.043701
-65.040573
-65.049942
-65.049942
-65.046822
-65.046822
-65.056198
-65.05307
-65.037453
-65.05307
-65.043701
-65.037453
-65.071823
-65.074944
-65.065567
-65.068695
-65.065567
-65.08432
-65.071823
-65.071823
-65.096817
-65.090569
-65.065567
-65.08432
-65.074944
-65.049942
-65.059319
-65.049942
-65.043701
-65.043701
-65.046822
-65.059319
-65.062447
-65.062447
-65.059319
-65.059319
-65.071823
-65.090569
-65.090569
-65.081192
-65.074944
-65.059319
-65.049942
-65.059319
-65.056198
-65.046822
-65.059319
-65.078072
-65.078072
-65.093697
-65.062447
-65.056198
-65.071823
-65.068695
-65.059319
-65.037453
-65.031197
-65.034325
-65.046822
-65.040573
-65.040573
-65.034325
-65.021828
-65.012451
-65.0187
-65.037453
-65.037453
-65.028076
-65.034325
-65.034325
-65.034325
-65.028076
-65.05307
-65.046822
-65.081192
-65.071823
-65.081192
-65.081192
-65.05307
-65.046822
-65.068695
-65.065567
-65.05307
-65.059319
-65.068695
-65.071823
-65.074944
-65.062447
-65.056198
-65.046822
-65.059319
-65.040573
-65.034325
-65.015572
-65.037453
-65.059319
-65.043701
-65.031197
-65.024948
-65.021828
-65.043701
-65.021828
-65.024948
-65.021828
-65.024948
-65.006203
-64.999947
-65.015572
-64.996826
-64.990578
-64.990578
-65.003075
-65.0187
-65.040573
-65.043701
-65.059319
-65.031197
-65.049942
-65.059319
-65.062447
-65.040573
-65.031197
-65.0187
-64.996826
-65.009323
-64.984322
-64.974953
-64.996826
-64.968697
-64.990578
-64.993698
-65.003075
-64.996826
-65.009323
-64.990578
-65.003075
-64.996826
-64.996826
-65.012451
-64.996826
-64.98745
-64.971825
-64.959328
-64.965576
-64.978073
-64.971825
-64.993698
-64.993698
-64.993698
-65.006203
-65.006203
-64.993698
-65.0187
-65.021828
-65.031197
-65.034325
-65.015572
-65.034325
-65.021828
-65.015572
-64.996826
-65.006203
-64.98745
-64.98745
-64.993698
-64.993698
-64.978073
-64.974953
-64.971825
-64.996826
-65.009323
-65.009323
-65.012451
-64.993698
-65.003075
-64.990578
-64.978073
-64.959328
-64.996826
-64.959328
-64.946823
-64.943703
-64.937454
-64.959328
-64.981201
-64.968697
-64.971825
-64.981201
-64.974953
-64.978073
-64.971825
-64.962448
-64.990578
-64.974953
-64.971825
-64.9562
-64.949951
-64.940582
-64.924957
-64.934326
-64.940582
-64.940582
-64.934326
-64.946823
-64.946823
-64.9562
-64.9562
-64.974953
-64.959328
-64.999947
-64.984322
-64.981201
-65.015572
-65.012451
-65.006203
-64.996826
-65.003075
-65.012451
-65.003075
-64.981201
-64.978073
-64.981201
-64.974953
-64.98745
-64.996826
-64.984322
-64.990578
-64.971825
-64.959328
-64.959328
-64.9562
-64.968697
-64.98745
-64.974953
-64.984322
-64.981201
-64.968697
-64.974953
-64.996826
-64.984322
-64.953072
-64.953072
-64.9562
-64.946823
-64.946823
-64.943703
-64.946823
-64.965576
-64.946823
-64.940582
-64.946823
-64.940582
-64.9562
-64.949951
-64.934326
-64.946823
-64.937454
-64.959328
-64.943703
-64.928078
-64.946823
-64.934326
-64.943703
-64.946823
-64.962448
-64.965576
-64.962448
-64.974953
-64.962448
-64.978073
-64.978073
-64.949951
-64.978073
-64.984322
-64.9562
-64.974953
-64.962448
-64.984322
-64.978073
-64.981201
-64.984322
-64.962448
-64.949951
-64.978073
-64.978073
-64.968697
-64.993698
-64.990578
-64.968697
-64.974953
-64.974953
-64.984322
-65.021828
-64.999947
-65.0187
-65.021828
-65.006203
-64.999947
-64.996826
-64.999947
-64.984322
-64.98745
-64.984322
-64.990578
-64.98745
-64.993698
-64.984322
-64.984322
-64.978073
-64.971825
-64.968697
-64.971825
-64.965576
-64.962448
-64.962448
-64.959328
-64.959328
-64.959328
-64.959328
-64.953072
-64.962448
-64.974953
-64.968697
-64.974953
-64.984322
-64.984322
-64.98745
-64.978073
-64.968697
-64.978073
-64.981201
-64.984322
-64.993698
-64.962448
-64.959328
-64.953072
-64.946823
-64.946823
-64.9562
-64.943703
-64.940582
-64.937454
-64.931206
-64.943703
-64.953072
-64.946823
-64.968697
-64.946823
-64.953072
-64.946823
-64.924957
-64.909332
-64.903076
-64.899956
-64.909332
-64.909332
-64.903076
-64.890579
-64.893707
-64.899956
-64.903076
-64.918701
-64.899956
-64.918701
-64.903076
-64.896828
-64.896828
-64.906204
-64.915581
-64.921829
-64.909332
-64.918701
-64.918701
-64.928078
-64.912453
-64.915581
-64.906204
-64.903076
-64.928078
-64.934326
-64.968697
-64.959328
-64.959328
-64.965576
-64.953072
-64.949951
-64.962448
-64.965576
-64.949951
-64.959328
-64.9562
-64.934326
-64.940582
-64.953072
-64.9562
-64.984322
-64.981201
-64.974953
-64.984322
-64.974953
-64.971825
-64.978073
-64.959328
-64.968697
-64.971825
-64.965576
-64.946823
-64.9562
-64.946823
-64.953072
-64.946823
-64.949951
-64.9562
-64.974953
-64.978073
-64.978073
-64.978073
-64.9562
-64.9562
-64.9562
-64.974953
-64.990578
-64.98745
-64.984322
-64.996826
-64.993698
-65.003075
-64.996826
-64.996826
-64.996826
-64.999947
-64.993698
-65.003075
-64.990578
-64.962448
-64.990578
-64.978073
-64.971825
-64.98745
-64.984322
-64.98745
-64.981201
-64.996826
-64.978073
-64.959328
-64.9562
-64.968697
-64.971825
-64.996826
-64.996826
-64.971825
-64.965576
-64.9562
-64.968697
-64.946823
-64.949951
-64.946823
-64.946823
-64.940582
-64.928078
-64.918701
-64.943703
-64.946823
-64.943703
-64.934326
-64.937454
-64.937454
-64.934326
-64.931206
-64.946823
-64.937454
-64.896828
-64.896828
-64.890579
-64.899956
-64.896828
-64.909332
-64.906204
-64.915581
-64.896828
-64.909332
-64.893707
-64.896828
-64.890579
-64.893707
-64.887451
-64.890579
-64.884331
-64.874954
-64.881203
-64.874954
-64.871826
-64.881203
-64.878082
-64.890579
-64.896828
-64.887451
-64.884331
-64.893707
-64.906204
-64.915581
-64.918701
-64.931206
-64.931206
-64.915581
-64.912453
-64.906204
-64.909332
-64.924957
-64.899956
-64.893707
-64.896828
-64.903076
-64.896828
-64.887451
-64.884331
-64.893707
-64.878082
-64.896828
-64.884331
-64.884331
-64.884331
-64.890579
-64.881203
-64.896828
-64.890579
-64.896828
-64.903076
-64.893707
-64.899956
-64.896828
-64.896828
-64.915581
-64.918701
-64.906204
-64.931206
-64.928078
-64.943703
-64.928078
-64.918701
-64.937454
-64.940582
-64.921829
-64.924957
-64.937454
-64.934326
-64.924957
-64.915581
-64.940582
-64.940582
-64.9562
-64.949951
-64.946823
-64.946823
-64.931206
-64.949951
-64.940582
-64.934326
-64.934326
-64.909332
-64.937454
-64.946823
-64.934326
-64.934326
-64.912453
-64.896828
-64.906204
-64.899956
-64.906204
-64.906204
-64.899956
-64.906204
-64.893707
-64.918701
-64.909332
-64.921829
-64.896828
-64.906204
-64.915581
-64.896828
-64.893707
-64.899956
-64.887451
-64.896828
-64.899956
-64.865578
-64.896828
-64.871826
-64.874954
-64.871826
-64.887451
-64.859329
-64.868706
-64.887451
-64.890579
-64.859329
-64.868706
-64.871826
-64.881203
-64.893707
-64.856201
-64.874954
-64.868706
-64.862457
-64.846832
-64.865578
-64.856201
-64.859329
-64.871826
-64.859329
-64.837456
-64.828087
-64.843712
-64.831207
-64.828087
-64.843712
-64.834335
-64.831207
-64.828087
-64.809334
-64.843712
-64.846832
-64.828087
-64.853081
-64.862457
-64.821831
-64.853081
-64.846832
-64.837456
-64.840584
-64.840584
-64.828087
-64.815582
-64.834335
-64.843712
-64.846832
-64.843712
-64.843712
-64.846832
-64.849953
-64.849953
-64.859329
-64.834335
-64.846832
-64.843712
-64.831207
-64.834335
-64.834335
-64.846832
-64.846832
-64.831207
-64.815582
-64.831207
-64.821831
-64.806206
-64.812462
-64.815582
-64.824959
-64.831207
-64.834335
-64.828087
-64.828087
-64.812462
-64.815582
-64.815582
-64.81871
-64.812462
-64.834335
-64.803085
-64.796837
-64.796837
-64.78746
-64.796837
-64.796837
-64.784332
-64.793709
-64.781212
-64.790581
-64.796837
-64.796837
-64.809334
-64.806206
-64.778084
-64.774956
-64.796837
-64.799957
-64.78746
-64.790581
-64.803085
-64.806206
-64.796837
-64.799957
-64.803085
-64.784332
-64.774956
-64.771835
-64.765587
-64.746834
-64.768707
-64.762459
-64.75621
-64.78746
-64.765587
-64.762459
-64.75621
-64.740593
-64.749962
-64.746834
-64.731216
-64.72184
-64.746834
-64.728088
-64.728088
-64.734337
-64.746834
-64.746834
-64.753082
-64.746834
-64.72184
-64.712463
-64.724968
-64.72184
-64.72184
-64.724968
-64.696838
-64.696838
-64.712463
-64.746834
-64.72184
-64.715591
-64.731216
-64.734337
-64.746834
-64.718712
-64.737465
-64.731216
-64.740593
-64.728088
-64.740593
-64.734337
-64.743713
-64.749962
-64.765587
-64.759331
-64.771835
-64.753082
-64.778084
-64.762459
-64.749962
-64.72184
-64.709343
-64.703087
-64.706215
-64.706215
-64.706215
-64.706215
-64.709343
-64.737465
-64.746834
-64.728088
-64.715591
-64.712463
-64.728088
-64.715591
-64.715591
-64.706215
-64.72184
-64.743713
-64.715591
-64.715591
-64.703087
-64.696838
-64.715591
-64.706215
-64.693718
-64.703087
-64.671837
-64.69059
-64.696838
-64.703087
-64.712463
-64.712463
-64.706215
-64.718712
-64.706215
-64.696838
-64.69059
-64.693718
-64.712463
-64.696838
-64.737465
-64.731216
-64.703087
-64.687462
-64.687462
-64.703087
-64.709343
-64.696838
-64.706215
-64.696838
-64.703087
-64.715591
-64.703087
-64.687462
-64.715591
-64.696838
-64.712463
-64.712463
-64.706215
-64.72184
-64.728088
-64.706215
-64.728088
-64.734337
-64.724968
-64.746834
-64.737465
-64.737465
-64.746834
-64.724968
-64.740593
-64.743713
-64.746834
-64.75621
-64.762459
-64.746834
-64.746834
-64.75621
-64.734337
-64.746834
-64.753082
-64.765587
-64.75621
-64.771835
-64.778084
-64.759331
-64.768707
-64.774956
-64.793709
-64.784332
-64.759331
-64.765587
-64.771835
-64.778084
-64.784332
-64.799957
-64.790581
-64.781212
-64.759331
-64.759331
-64.765587
-64.774956
-64.762459
-64.753082
-64.759331
-64.759331
-64.774956
-64.774956
-64.78746
-64.78746
-64.784332
-64.796837
-64.784332
-64.784332
-64.75621
-64.759331
-64.765587
-64.768707
-64.768707
-64.771835
-64.75621
-64.781212
-64.765587
-64.765587
-64.759331
-64.768707
-64.759331
-64.771835
-64.771835
-64.75621
-64.740593
-64.765587
-64.75621
-64.762459
-64.771835
-64.784332
-64.790581
-64.799957
-64.781212
-64.796837
-64.774956
-64.759331
-64.774956
-64.768707
-64.78746
-64.793709
-64.796837
-64.78746
-64.796837
-64.771835
-64.75621
-64.75621
-64.762459
-64.781212
-64.765587
-64.781212
-64.771835
-64.753082
-64.765587
-64.774956
-64.78746
-64.793709
-64.790581
-64.784332
-64.790581
-64.790581
-64.781212
-64.771835
-64.790581
-64.768707
-64.762459
-64.753082
-64.731216
-64.746834
-64.746834
-64.746834
-64.740593
-64.753082
-64.75621
-64.746834
-64.743713
-64.734337
-64.734337
-64.715591
-64.709343
-64.69059
-64.687462
-64.69059
-64.709343
-64.715591
-64.709343
-64.706215
-64.709343
-64.709343
-64.72184
-64.715591
-64.703087
-64.712463
-64.696838
-64.715591
-64.699966
-64.712463
-64.715591
-64.703087
-64.696838
-64.728088
-64.734337
-64.706215
-64.734337
-64.724968
-64.728088
-64.724968
-64.72184
-64.734337
-64.743713
-64.731216
-64.740593
-64.740593
-64.743713
-64.737465
-64.734337
-64.718712
-64.737465
-64.743713
-64.728088
-64.743713
-64.746834
-64.746834
-64.740593
-64.718712
-64.737465
-64.746834
-64.746834
-64.746834
-64.774956
-64.762459
-64.778084
-64.778084
-64.784332
-64.790581
-64.799957
-64.784332
-64.790581
-64.765587
-64.774956
-64.768707
-64.784332
-64.765587
-64.774956
-64.78746
-64.790581
-64.781212
-64.774956
-64.753082
-64.762459
-64.759331
-64.781212
-64.784332
-64.774956
-64.806206
-64.806206
-64.78746
-64.762459
-64.759331
-64.746834
-64.765587
-64.749962
-64.743713
-64.753082
-64.75621
-64.749962
-64.731216
-64.724968
-64.715591
-64.703087
-64.709343
-64.728088
-64.737465
-64.743713
-64.759331
-64.753082
-64.743713
-64.771835
-64.759331
-64.746834
-64.753082
-64.746834
-64.749962
-64.778084
-64.753082
-64.753082
-64.753082
-64.759331
-64.759331
-64.765587
-64.762459
-64.749962
-64.784332
-64.784332
-64.793709
-64.778084
-64.759331
-64.78746
-64.781212
-64.771835
-64.78746
-64.781212
-64.768707
-64.774956
-64.768707
-64.762459
-64.774956
-64.781212
-64.784332
-64.809334
-64.790581
-64.799957
-64.803085
-64.796837
-64.796837
-64.784332
-64.790581
-64.781212
-64.771835
-64.778084
-64.774956
-64.778084
-64.784332
-64.784332
-64.774956
-64.778084
-64.781212
-64.771835
-64.793709
-64.806206
-64.793709
-64.796837
-64.806206
-64.781212
-64.781212
-64.781212
-64.774956
-64.796837
-64.784332
-64.793709
-64.815582
-64.81871
-64.81871
-64.806206
-64.824959
-64.840584
-64.846832
-64.837456
-64.821831
-64.837456
-64.821831
-64.803085
-64.796837
-64.803085
-64.796837
-64.809334
-64.796837
-64.796837
-64.796837
-64.803085
-64.796837
-64.806206
-64.796837
-64.803085
-64.815582
-64.828087
-64.821831
-64.806206
-64.821831
-64.828087
-64.831207
-64.81871
-64.834335
-64.831207
-64.821831
-64.793709
-64.809334
-64.840584
-64.834335
-64.828087
-64.815582
-64.793709
-64.806206
-64.821831
-64.809334
-64.806206
-64.828087
-64.809334
-64.812462
-64.812462
-64.812462
-64.81871
-64.812462
-64.812462
-64.821831
-64.828087
-64.815582
-64.815582
-64.81871
-64.815582
-64.806206
-64.809334
-64.803085
-64.796837
-64.790581
-64.796837
-64.809334
-64.824959
-64.824959
-64.840584
-64.843712
-64.840584
-64.837456
-64.812462
-64.806206
-64.812462
-64.812462
-64.809334
-64.796837
-64.768707
-64.78746
-64.768707
-64.784332
-64.771835
-64.781212
-64.765587
-64.796837
-64.793709
-64.790581
-64.806206
-64.796837
-64.809334
-64.793709
-64.793709
-64.790581
-64.815582
-64.806206
-64.815582
-64.821831
-64.803085
-64.815582
-64.815582
-64.803085
-64.812462
-64.784332
-64.793709
-64.803085
-64.806206
-64.809334
-64.815582
-64.81871
-64.796837
-64.806206
-64.799957
-64.81871
-64.821831
-64.803085
-64.81871
-64.824959
-64.840584
-64.837456
-64.837456
-64.821831
-64.824959
-64.834335
-64.824959
-64.821831
-64.812462
-64.809334
-64.831207
-64.799957
-64.815582
-64.81871
-64.81871
-64.834335
-64.81871
-64.831207
-64.840584
-64.837456
-64.828087
-64.831207
-64.831207
-64.840584
-64.821831
-64.799957
-64.799957
-64.784332
-64.812462
-64.799957
-64.793709
-64.778084
-64.762459
-64.753082
-64.765587
-64.778084
-64.768707
-64.746834
-64.728088
-64.715591
-64.703087
-64.712463
-64.72184
-64.709343
-64.709343
-64.696838
-64.696838
-64.709343
-64.699966
-64.709343
-64.706215
-64.724968
-64.724968
-64.72184
-64.718712
-64.734337
-64.712463
-64.715591
-64.709343
-64.712463
-64.712463
-64.712463
-64.703087
-64.715591
-64.746834
-64.746834
-64.749962
-64.746834
-64.737465
-64.734337
-64.734337
-64.734337
-64.746834
-64.743713
-64.731216
-64.718712
-64.737465
-64.72184
-64.706215
-64.709343
-64.696838
-64.706215
-64.712463
-64.709343
-64.696838
-64.718712
-64.724968
-64.72184
-64.728088
-64.724968
-64.718712
-64.703087
-64.703087
-64.699966
-64.696838
-64.703087
-64.69059
-64.706215
-64.715591
-64.724968
-64.709343
-64.718712
-64.696838
-64.687462
-64.696838
-64.69059
-64.696838
-64.706215
-64.712463
-64.72184
-64.703087
-64.718712
-64.740593
-64.72184
-64.728088
-64.743713
-64.724968
-64.715591
-64.709343
-64.699966
-64.687462
-64.696838
-64.69059
-64.649963
-64.618721
-64.568718
-64.528099
-64.471848
-64.42498
-64.390602
-64.33123
-64.29686
-64.259361
-64.224991
-64.193741
-64.143745
-64.109367
-64.093742
-64.090622
-64.074997
-64.056244
-64.078117
-64.056244
-64.049995
-64.046875
-64.053116
-64.062492
-64.053116
-64.046875
-64.028122
-64.015625
-64.006248
-64.009377
-63.996872
-63.984375
-63.974998
-63.978123
-63.981247
-63.996872
-64.00312
-63.996872
-63.971874
-63.987499
-63.96875
-63.974998
-63.978123
-63.987499
-63.987499
-63.962498
-63.965622
-63.953125
-63.962498
-63.965622
-63.978123
-63.996872
-64.006248
-64.025002
-64.006248
-64.015625
-64.012497
-64.012497
-64.012497
-64.006248
-64.028122
-64.037498
-64.021873
-64.028122
-64.040627
-64.028122
-64.012497
-64.028122
-64.021873
-64.018745
-64.03437
-64.043747
-64.040627
-64.043747
-64.040627
-64.028122
-64.021873
-64.021873
-64.040627
-64.056244
-64.049995
-64.059372
-64.046875
-64.099991
-64.131241
-64.121872
-64.112495
-64.121872
-64.121872
-64.118744
-64.12812
-64.131241
-64.12812
-64.109367
-64.134369
-64.146866
-64.146866
-64.146866
-64.190613
-64.181236
-64.168739
-64.181236
-64.181236
-64.193741
-64.190613
-64.178116
-64.209366
-64.215614
-64.209366
-64.203117
-64.212486
-64.212486
-64.221863
-64.218742
-64.212486
-64.221863
-64.228111
-64.224991
-64.221863
-64.231239
-64.218742
-64.243736
-64.224991
-64.218742
-64.228111
-64.218742
-64.209366
-64.218742
-64.209366
-64.231239
-64.246864
-64.231239
-64.259361
-64.26873
-64.246864
-64.287483
-64.281235
-64.262482
-64.278107
-64.271858
-64.271858
-64.26561
-64.262482
-64.262482
-64.253105
-64.221863
-64.237488
-64.234367
-64.231239
-64.224991
-64.218742
-64.228111
-64.224991
-64.228111
-64.203117
-64.234367
-64.215614
-64.209366
-64.221863
-64.212486
-64.234367
-64.234367
-64.215614
-64.212486
-64.234367
-64.237488
-64.246864
-64.234367
-64.218742
-64.224991
-64.215614
-64.199989
-64.181236
-64.171867
-64.190613
-64.181236
-64.165611
-64.168739
-64.184364
-64.168739
-64.171867
-64.181236
-64.181236
-64.184364
-64.171867
-64.171867
-64.184364
-64.162491
-64.168739
-64.165611
-64.168739
-64.168739
-64.181236
-64.190613
-64.178116
-64.174988
-64.174988
-64.171867
-64.196861
-64.190613
-64.199989
-64.234367
-64.218742
-64.218742
-64.212486
-64.203117
-64.209366
-64.218742
-64.209366
-64.221863
-64.243736
-64.224991
-64.215614
-64.196861
-64.190613
-64.196861
-64.206238
-64.206238
-64.240616
-64.224991
-64.237488
-64.246864
-64.243736
-64.240616
-64.262482
-64.240616
-64.249985
-64.246864
-64.243736
-64.246864
-64.246864
-64.231239
-64.228111
-64.231239
-64.234367
-64.218742
-64.215614
-64.218742
-64.237488
-64.221863
-64.228111
-64.240616
-64.209366
-64.221863
-64.231239
-64.209366
-64.228111
-64.221863
-64.221863
-64.249985
-64.237488
-64.228111
-64.240616
-64.228111
-64.240616
-64.234367
-64.243736
-64.262482
-64.281235
-64.26561
-64.262482
-64.259361
-64.243736
-64.243736
-64.221863
-64.209366
-64.203117
-64.218742
-64.234367
-64.231239
-64.246864
-64.246864
-64.262482
-64.249985
-64.249985
-64.256233
-64.256233
-64.249985
-64.259361
-64.243736
-64.249985
-64.281235
-64.26561
-64.243736
-64.256233
-64.246864
-64.218742
-64.224991
-64.231239
-64.246864
-64.256233
-64.240616
-64.243736
-64.249985
-64.253105
-64.284355
-64.281235
-64.284355
-64.29998
-64.281235
-64.274986
-64.26561
-64.293732
-64.278107
-64.290611
-64.293732
-64.26873
-64.284355
-64.29998
-64.29686
-64.303108
-64.303108
-64.287483
-64.271858
-64.259361
-64.246864
-64.234367
-64.234367
-64.240616
-64.243736
-64.253105
-64.278107
-64.253105
-64.26873
-64.26561
-64.26561
-64.278107
-64.278107
-64.26561
-64.249985
-64.234367
-64.243736
-64.26873
-64.262482
-64.253105
-64.249985
-64.215614
-64.243736
-64.246864
-64.243736
-64.243736
-64.271858
-64.249985
-64.262482
-64.256233
-64.253105
-64.278107
-64.290611
-64.278107
-64.274986
-64.26561
-64.259361
-64.271858
-64.293732
-64.290611
-64.284355
-64.278107
-64.29686
-64.293732
-64.29686
-64.290611
-64.312485
-64.29686
-64.287483
-64.29686
-64.293732
-64.306236
-64.312485
-64.321861
-64.29686
-64.293732
-64.29686
-64.287483
-64.262482
-64.278107
-64.284355
-64.29686
-64.318733
-64.33123
-64.315605
-64.306236
-64.29686
-64.271858
-64.287483
-64.287483
-64.271858
-64.284355
-64.281235
-64.293732
-64.303108
-64.309357
-64.303108
-64.321861
-64.346855
-64.337486
-64.340607
-64.346855
-64.343735
-64.346855
-64.340607
-64.315605
-64.29998
-64.32811
-64.32811
-64.346855
-64.353104
-64.324982
-64.318733
-64.321861
-64.33123
-64.309357
-64.324982
-64.346855
-64.337486
-64.33123
-64.346855
-64.349976
-64.324982
-64.334358
-64.33123
-64.32811
-64.334358
-64.324982
-64.346855
-64.349976
-64.33123
-64.340607
-64.349976
-64.346855
-64.340607
-64.346855
-64.343735
-64.346855
-64.32811
-64.312485
-64.334358
-64.337486
-64.324982
-64.33123
-64.32811
-64.32811
-64.334358
-64.32811
-64.321861
-64.334358
-64.346855
-64.33123
-64.318733
-64.324982
-64.334358
-64.33123
-64.340607
-64.353104
-64.346855
-64.346855
-64.32811
-64.353104
-64.324982
-64.337486
-64.337486
-64.324982
-64.343735
-64.346855
-64.337486
-64.346855
-64.324982
-64.356232
-64.36248
-64.36248
-64.349976
-64.346855
-64.334358
-64.353104
-64.346855
-64.337486
-64.359352
-64.346855
-64.359352
-64.365601
-64.36248
-64.374977
-64.384354
-64.396851
-64.39373
-64.399979
-64.371857
-64.374977
-64.384354
-64.381226
-64.368729
-64.359352
-64.353104
-64.368729
-64.359352
-64.365601
-64.390602
-64.39373
-64.39373
-64.396851
-64.396851
-64.396851
-64.406227
-64.384354
-64.396851
-64.415604
-64.409355
-64.409355
-64.412476
-64.396851
-64.396851
-64.409355
-64.399979
-64.418732
-64.409355
-64.396851
-64.415604
-64.412476
-64.415604
-64.42498
-64.421852
-64.418732
-64.434357
-64.42498
-64.428101
-64.415604
-64.428101
-64.421852
-64.428101
-64.440605
-64.434357
-64.434357
-64.449974
-64.446854
-64.434357
-64.446854
-64.440605
-64.431229
-64.437477
-64.440605
-64.443726
-64.453102
-64.459351
-64.459351
-64.462471
-64.474976
-64.465599
-64.487473
-64.496849
-64.474976
-64.468727
-64.481224
-64.478096
-64.478096
-64.428101
-64.437477
-64.440605
-64.446854
-64.446854
-64.437477
-64.437477
-64.443726
-64.462471
-64.456223
-64.437477
-64.434357
-64.437477
-64.456223
-64.474976
-64.456223
-64.462471
-64.468727
-64.456223
-64.453102
-64.462471
-64.446854
-64.456223
-64.446854
-64.459351
-64.459351
-64.468727
-64.471848
-64.462471
-64.446854
-64.440605
-64.446854
-64.449974
-64.453102
-64.449974
-64.434357
-64.437477
-64.443726
-64.437477
-64.453102
-64.462471
-64.456223
-64.478096
-64.462471
-64.456223
-64.471848
-64.481224
-64.471848
-64.468727
-64.446854
-64.456223
-64.465599
-64.453102
-64.468727
-64.446854
-64.440605
-64.465599
-64.465599
-64.446854
-64.462471
-64.471848
-64.453102
-64.459351
-64.449974
-64.456223
-64.493721
-64.481224
-64.478096
-64.474976
-64.468727
-64.484352
-64.471848
-64.484352
-64.481224
-64.484352
-64.484352
-64.496849
-64.496849
-64.484352
-64.493721
-64.496849
-64.496849
-64.499977
-64.503098
-64.506226
-64.493721
-64.471848
-64.503098
-64.499977
-64.496849
-64.499977
-64.528099
-64.506226
-64.490601
-64.496849
-64.462471
-64.478096
-64.471848
-64.493721
-64.499977
-64.490601
-64.459351
-64.465599
-64.462471
-64.459351
-64.474976
-64.490601
-64.481224
-64.478096
-64.496849
-64.484352
-64.478096
-64.481224
-64.496849
-64.499977
-64.506226
-64.499977
-64.521851
-64.512474
-64.521851
-64.549973
-64.546844
-64.568718
-64.559341
-64.553093
-64.549973
-64.546844
-64.549973
-64.546844
-64.571846
-64.553093
-64.584343
-64.571846
-64.568718
-64.562469
-64.553093
-64.546844
-64.543724
-64.531227
-64.537476
-64.540596
-64.540596
-64.549973
-64.546844
-64.540596
-64.553093
-64.565598
-64.565598
-64.584343
-64.574966
-64.584343
-64.606216
-64.603096
-64.615593
-64.615593
-64.612473
-64.609344
-64.596848
-64.612473
-64.603096
-64.615593
-64.615593
-64.612473
-64.621841
-64.590591
-64.584343
-64.571846
-64.596848
-64.599968
-64.612473
-64.590591
-64.612473
-64.603096
-64.615593
-64.618721
-64.609344
-64.646843
-64.643723
-64.628098
-64.628098
-64.618721
-64.628098
-64.606216
-64.618721
-64.631218
-64.640594
-64.631218
-64.615593
-64.615593
-64.628098
-64.621841
-64.615593
-64.621841
-64.618721
-64.628098
-64.618721
-64.621841
-64.606216
-64.596848
-64.593719
-64.584343
-64.590591
-64.590591
-64.603096
-64.593719
-64.603096
-64.596848
-64.587471
-64.612473
-64.609344
-64.637466
-64.631218
-64.621841
-64.637466
-64.649963
-64.618721
-64.621841
-64.628098
-64.634346
-64.643723
-64.631218
-64.628098
-64.631218
-64.621841
-64.612473
-64.603096
-64.590591
-64.596848
-64.596848
-64.590591
-64.590591
-64.609344
-64.603096
-64.603096
-64.596848
-64.596848
-64.599968
-64.606216
-64.612473
-64.628098
-64.621841
-64.615593
-64.621841
-64.596848
-64.606216
-64.606216
-64.578094
-64.565598
-64.553093
-64.528099
-64.512474
-64.484352
-64.446854
-64.437477
-64.412476
-64.396851
-64.384354
-64.365601
-64.346855
-64.33123
-64.32811
-64.32811
-64.324982
-64.309357
-64.303108
-64.312485
-64.29998
-64.29686
-64.284355
-64.259361
-64.271858
-64.293732
-64.271858
-64.26873
-64.281235
-64.262482
-64.26561
-64.256233
-64.249985
-64.246864
-64.237488
-64.218742
-64.215614
-64.212486
-64.206238
-64.218742
-64.203117
-64.215614
-64.199989
-64.193741
-64.209366
-64.209366
-64.221863
-64.221863
-64.221863
-64.224991
-64.246864
-64.253105
-64.228111
-64.228111
-64.240616
-64.224991
-64.221863
-64.224991
-64.212486
-64.228111
-64.215614
-64.243736
-64.246864
-64.231239
-64.246864
-64.256233
-64.259361
-64.253105
-64.246864
-64.231239
-64.237488
-64.224991
-64.221863
-64.215614
-64.228111
-64.196861
-64.224991
-64.234367
-64.224991
-64.237488
-64.231239
-64.237488
-64.246864
-64.234367
-64.240616
-64.231239
-64.221863
-64.221863
-64.218742
-64.231239
-64.237488
-64.246864
-64.249985
-64.262482
-64.249985
-64.246864
-64.246864
-64.253105
-64.249985
-64.243736
-64.240616
-64.234367
-64.231239
-64.221863
-64.215614
-64.228111
-64.240616
-64.253105
-64.284355
-64.26561
-64.284355
-64.290611
-64.290611
-64.29686
-64.306236
-64.312485
-64.312485
-64.303108
-64.29686
-64.306236
-64.278107
-64.287483
-64.274986
-64.256233
-64.284355
-64.287483
-64.29686
-64.29686
-64.274986
-64.262482
-64.274986
-64.26561
-64.26561
-64.26561
-64.274986
-64.271858
-64.26561
-64.271858
-64.278107
-64.278107
-64.253105
-64.256233
-64.278107
-64.26561
-64.271858
-64.284355
-64.284355
-64.274986
-64.293732
-64.26873
-64.293732
-64.26561
-64.259361
-64.26873
-64.246864
-64.240616
-64.234367
-64.237488
-64.237488
-64.246864
-64.243736
-64.221863
-64.218742
-64.203117
-64.206238
-64.209366
-64.206238
-64.218742
-64.224991
-64.212486
-64.231239
-64.237488
-64.221863
-64.221863
-64.228111
-64.209366
-64.234367
-64.234367
-64.212486
-64.237488
-64.237488
-64.234367
-64.237488
-64.262482
-64.271858
-64.26873
-64.26561
-64.26873
-64.278107
-64.271858
-64.274986
-64.271858
-64.262482
-64.271858
-64.26561
-64.246864
-64.281235
-64.26561
-64.26873
-64.26873
-64.262482
-64.271858
-64.256233
-64.274986
-64.26561
-64.278107
-64.278107
-64.274986
-64.290611
-64.26873
-64.278107
-64.281235
-64.278107
-64.278107
-64.278107
-64.259361
-64.274986
-64.293732
-64.26873
-64.281235
-64.26873
-64.281235
-64.29686
-64.29686
-64.29686
-64.29686
-64.303108
-64.315605
-64.318733
-64.309357
-64.33123
-64.321861
-64.315605
-64.309357
-64.312485
-64.321861
-64.321861
-64.324982
-64.321861
-64.337486
-64.318733
-64.337486
-64.346855
-64.340607
-64.359352
-64.356232
-64.36248
-64.390602
-64.403107
-64.406227
-64.396851
-64.396851
-64.390602
-64.378105
-64.371857
-64.381226
-64.403107
-64.399979
-64.378105
-64.409355
-64.412476
-64.412476
-64.418732
-64.39373
-64.39373
-64.390602
-64.390602
-64.387482
-64.399979
-64.403107
-64.399979
-64.415604
-64.415604
-64.406227
-64.396851
-64.409355
-64.415604
-64.384354
-64.390602
-64.415604
-64.412476
-64.384354
-64.412476
-64.396851
-64.399979
-64.406227
-64.39373
-64.381226
-64.371857
-64.359352
-64.36248
-64.371857
-64.39373
-64.421852
-64.431229
-64.415604
-64.418732
-64.409355
-64.421852
-64.415604
-64.415604
-64.418732
-64.415604
-64.434357
-64.42498
-64.431229
-64.406227
-64.378105
-64.390602
-64.368729
-64.378105
-64.356232
-64.356232
-64.384354
-64.396851
-64.371857
-64.378105
-64.378105
-64.365601
-64.356232
-64.36248
-64.349976
-64.368729
-64.378105
-64.368729
-64.374977
-64.396851
-64.384354
-64.371857
-64.356232
-64.371857
-64.371857
-64.378105
-64.39373
-64.399979
-64.409355
-64.434357
-64.431229
-64.437477
-64.453102
-64.453102
-64.440605
-64.443726
-64.453102
-64.428101
-64.443726
-64.440605
-64.434357
-64.456223
-64.434357
-64.434357
-64.446854
-64.42498
-64.437477
-64.428101
-64.409355
-64.421852
-64.415604
-64.412476
-64.421852
-64.434357
-64.415604
-64.428101
-64.396851
-64.406227
-64.412476
-64.403107
-64.409355
-64.409355
-64.409355
-64.403107
-64.418732
-64.409355
-64.399979
-64.418732
-64.39373
-64.412476
-64.403107
-64.412476
-64.443726
-64.421852
-64.409355
-64.42498
-64.412476
-64.409355
-64.399979
-64.412476
-64.428101
-64.428101
-64.440605
-64.434357
-64.440605
-64.440605
-64.440605
-64.415604
-64.415604
-64.431229
-64.415604
-64.42498
-64.437477
-64.434357
-64.453102
-64.449974
-64.449974
-64.440605
-64.449974
-64.443726
-64.471848
-64.481224
-64.487473
-64.481224
-64.474976
-64.499977
-64.499977
-64.490601
-64.509346
-64.518723
-64.531227
-64.496849
-64.490601
-64.468727
-64.465599
-64.484352
-64.496849
-64.471848
-64.490601
-64.493721
-64.496849
-64.503098
-64.496849
-64.496849
-64.534348
-64.531227
-64.515602
-64.515602
-64.499977
-64.496849
-64.478096
-64.490601
-64.487473
-64.462471
-64.465599
-64.474976
-64.474976
-64.478096
-64.481224
-64.496849
-64.481224
-64.487473
-64.493721
-64.509346
-64.518723
-64.518723
-64.518723
-64.524971
-64.534348
-64.546844
-64.534348
-64.509346
-64.540596
-64.528099
-64.528099
-64.528099
-64.499977
-64.515602
-64.543724
-64.521851
-64.515602
-64.521851
-64.506226
-64.509346
-64.503098
-64.484352
-64.493721
-64.478096
-64.478096
-64.462471
-64.462471
-64.490601
-64.493721
-64.487473
-64.493721
-64.503098
-64.496849
-64.509346
-64.503098
-64.487473
-64.496849
-64.518723
-64.493721
-64.499977
-64.521851
-64.509346
-64.521851
-64.506226
-64.512474
-64.524971
-64.521851
-64.496849
-64.537476
-64.524971
-64.509346
-64.543724
-64.528099
-64.524971
-64.531227
-64.521851
-64.540596
-64.540596
-64.537476
-64.546844
-64.524971
-64.518723
-64.509346
-64.496849
-64.496849
-64.528099
-64.524971
-64.515602
-64.534348
-64.518723
-64.515602
-64.524971
-64.512474
-64.518723
-64.521851
-64.503098
-64.506226
-64.534348
-64.528099
-64.524971
-64.518723
-64.496849
-64.518723
-64.534348
-64.521851
-64.512474
-64.496849
-64.515602
-64.546844
-64.546844
-64.515602
-64.515602
-64.534348
-64.543724
-64.553093
-64.549973
-64.553093
-64.559341
-64.540596
-64.559341
-64.559341
-64.543724
-64.553093
-64.559341
-64.562469
-64.562469
-64.553093
-64.543724
-64.543724
-64.546844
-64.531227
-64.546844
-64.531227
-64.546844
-64.537476
-64.537476
-64.518723
-64.518723
-64.515602
-64.524971
-64.524971
-64.499977
-64.518723
-64.518723
-64.528099
-64.528099
-64.540596
-64.531227
-64.521851
-64.515602
-64.521851
-64.537476
-64.537476
-64.515602
-64.540596
-64.528099
-64.518723
-64.518723
-64.537476
-64.534348
-64.531227
-64.518723
-64.546844
-64.531227
-64.549973
-64.546844
-64.537476
-64.540596
-64.546844
-64.546844
-64.540596
-64.559341
-64.549973
-64.565598
-64.565598
-64.546844
-64.546844
-64.562469
-64.553093
-64.559341
-64.568718
-64.562469
-64.565598
-64.571846
-64.546844
-64.568718
-64.565598
-64.546844
-64.562469
-64.565598
-64.562469
-64.571846
-64.565598
-64.553093
-64.578094
-64.559341
-64.562469
-64.581223
-64.581223
-64.587471
-64.584343
-64.581223
-64.596848
-64.590591
-64.603096
-64.596848
-64.590591
-64.596848
-64.587471
-64.562469
-64.578094
-64.546844
-64.549973
-64.549973
-64.571846
-64.553093
-64.562469
-64.546844
-64.543724
-64.546844
-64.537476
-64.543724
-64.565598
-64.559341
-64.556221
-64.581223
-64.568718
-64.571846
-64.571846
-64.571846
-64.590591
-64.578094
-64.568718
-64.571846
-64.578094
-64.565598
-64.593719
-64.596848
-64.559341
-64.584343
-64.587471
-64.571846
-64.565598
-64.568718
-64.584343
-64.578094
-64.571846
-64.574966
-64.571846
-64.556221
-64.549973
-64.565598
-64.546844
-64.556221
-64.559341
-64.562469
-64.556221
-64.581223
-64.565598
-64.581223
-64.578094
-64.584343
-64.593719
-64.574966
-64.581223
-64.565598
-64.568718
-64.568718
-64.559341
-64.578094
-64.587471
-64.568718
-64.559341
-64.565598
-64.553093
-64.546844
-64.546844
-64.549973
-64.534348
-64.543724
-64.531227
-64.515602
-64.540596
-64.543724
-64.559341
-64.534348
-64.540596
-64.540596
-64.540596
-64.531227
-64.503098
-64.499977
-64.506226
-64.518723
-64.537476
-64.546844
-64.546844
-64.562469
-64.546844
-64.546844
-64.549973
-64.546844
-64.553093
-64.553093
-64.537476
-64.546844
-64.540596
-64.540596
-64.524971
-64.534348
-64.549973
-64.546844
-64.546844
-64.565598
-64.565598
-64.574966
-64.559341
-64.546844
-64.540596
-64.524971
-64.531227
-64.540596
-64.534348
-64.524971
-64.521851
-64.531227
-64.528099
-64.528099
-64.546844
-64.546844
-64.537476
-64.540596
-64.512474
-64.515602
-64.509346
-64.509346
-64.499977
-64.512474
-64.515602
-64.528099
-64.528099
-64.534348
-64.537476
-64.515602
-64.506226
-64.509346
-64.528099
-64.524971
-64.515602
-64.537476
-64.509346
-64.509346
-64.499977
-64.490601
-64.499977
-64.496849
-64.490601
-64.496849
-64.499977
-64.484352
-64.499977
-64.493721
-64.484352
-64.512474
-64.499977
-64.496849
-64.496849
-64.496849
-64.521851
-64.521851
-64.531227
-64.546844
-64.546844
-64.512474
-64.528099
-64.528099
-64.521851
-64.540596
-64.521851
-64.515602
-64.546844
-64.534348
-64.543724
-64.524971
-64.534348
-64.546844
-64.553093
-64.553093
-64.540596
-64.543724
-64.546844
-64.556221
-64.537476
-64.546844
-64.559341
-64.543724
-64.549973
-64.553093
-64.546844
-64.562469
-64.559341
-64.559341
-64.549973
-64.559341
-64.546844
-64.562469
-64.559341
-64.546844
-64.556221
-64.537476
-64.512474
-64.534348
-64.524971
-64.549973
-64.546844
-64.524971
-64.512474
-64.534348
-64.493721
-64.506226
-64.509346
-64.509346
-64.493721
-64.496849
-64.496849
-64.515602
-64.512474
-64.512474
-64.512474
-64.528099
-64.534348
-64.534348
-64.521851
-64.528099
-64.546844
-64.534348
-64.531227
-64.528099
-64.537476
-64.537476
-64.528099
-64.531227
-64.553093
-64.540596
-64.537476
-64.537476
-64.534348
-64.540596
-64.546844
-64.540596
-64.543724
-64.546844
-64.531227
-64.543724
-64.568718
-64.556221
-64.546844
-64.553093
-64.559341
-64.568718
-64.578094
-64.584343
-64.596848
-64.593719
-64.565598
-64.578094
-64.565598
-64.574966
-64.590591
-64.581223
-64.596848
-64.603096
-64.596848
-64.590591
-64.603096
-64.593719
-64.578094
-64.593719
-64.590591
-64.584343
-64.581223
-64.596848
-64.574966
-64.599968
-64.593719
-64.584343
-64.593719
-64.606216
-64.606216
-64.596848
-64.590591
-64.599968
-64.599968
-64.596848
-64.606216
-64.615593
-64.612473
-64.606216
-64.596848
-64.596848
-64.593719
-64.590591
-64.612473
-64.603096
-64.609344
-64.618721
-64.618721
-64.609344
-64.609344
-64.590591
-64.587471
-64.593719
-64.578094
-64.584343
-64.571846
-64.565598
-64.559341
-64.556221
-64.540596
-64.562469
-64.578094
-64.571846
-64.606216
-64.596848
-64.581223
-64.574966
-64.584343
-64.590591
-64.593719
-64.578094
-64.581223
-64.571846
-64.578094
-64.574966
-64.562469
-64.534348
-64.540596
-64.546844
-64.537476
-64.534348
-64.543724
-64.528099
-64.546844
-64.553093
-64.549973
-64.553093
-64.553093
-64.556221
-64.553093
-64.556221
-64.559341
-64.559341
-64.534348
-64.534348
-64.537476
-64.528099
-64.546844
-64.549973
-64.546844
-64.537476
-64.549973
-64.546844
-64.546844
-64.546844
-64.540596
-64.534348
-64.528099
-64.528099
-64.531227
-64.509346
-64.496849
-64.509346
-64.515602
-64.518723
-64.546844
-64.515602
-64.531227
-64.540596
-64.540596
-64.534348
-64.553093
-64.543724
-64.549973
-64.546844
-64.556221
-64.546844
-64.546844
-64.528099
-64.534348
-64.546844
-64.528099
-64.546844
-64.565598
-64.574966
-64.571846
-64.578094
-64.571846
-64.584343
-64.590591
-64.606216
-64.596848
-64.590591
-64.609344
-64.628098
-64.581223
-64.578094
-64.581223
-64.578094
-64.568718
-64.562469
-64.581223
-64.593719
-64.596848
-64.571846
-64.571846
-64.537476
-64.556221
-64.543724
-64.556221
-64.553093
-64.553093
-64.556221
-64.556221
-64.549973
-64.562469
-64.568718
-64.546844
-64.562469
-64.581223
-64.587471
-64.584343
-64.590591
-64.568718
-64.562469
-64.559341
-64.571846
-64.568718
-64.556221
-64.549973
-64.553093
-64.559341
-64.562469
-64.571846
-64.584343
-64.568718
-64.587471
-64.574966
-64.553093
-64.559341
-64.546844
-64.546844
-64.531227
-64.521851
-64.515602
-64.521851
-64.521851
-64.512474
-64.534348
-64.528099
-64.546844
-64.543724
-64.537476
-64.537476
-64.546844
-64.546844
-64.562469
-64.546844
-64.540596
-64.556221
-64.546844
-64.559341
-64.568718
-64.556221
-64.571846
-64.546844
-64.549973
-64.549973
-64.531227
-64.528099
-64.528099
-64.528099
-64.524971
-64.521851
-64.524971
-64.521851
-64.546844
-64.553093
-64.546844
-64.549973
-64.562469
-64.546844
-64.553093
-64.537476
-64.546844
-64.571846
-64.556221
-64.559341
-64.584343
-64.568718
-64.590591
-64.578094
-64.556221
-64.562469
-64.565598
-64.556221
-64.571846
-64.578094
-64.578094
-64.581223
-64.571846
-64.546844
-64.534348
-64.546844
-64.553093
-64.562469
-64.549973
-64.546844
-64.543724
-64.546844
-64.559341
-64.556221
-64.596848
-64.596848
-64.590591
-64.565598
-64.549973
-64.546844
-64.540596
-64.543724
-64.528099
-64.518723
-64.534348
-64.543724
-64.531227
-64.518723
-64.515602
-64.534348
-64.528099
-64.515602
-64.543724
-64.524971
-64.512474
-64.518723
-64.537476
-64.515602
-64.521851
-64.512474
-64.524971
-64.528099
-64.546844
-64.531227
-64.543724
-64.540596
-64.540596
-64.531227
-64.537476
-64.546844
-64.565598
-64.559341
-64.571846
-64.571846
-64.578094
-64.596848
-64.581223
-64.581223
-64.590591
-64.612473
-64.596848
-64.584343
-64.581223
-64.571846
-64.587471
-64.581223
-64.584343
-64.596848
-64.571846
-64.578094
-64.571846
-64.581223
-64.596848
-64.593719
-64.565598
-64.574966
-64.571846
-64.574966
-64.590591
-64.587471
-64.559341
-64.559341
-64.571846
-64.559341
-64.574966
-64.587471
-64.590591
-64.596848
-64.584343
-64.596848
-64.599968
-64.587471
-64.568718
-64.584343
-64.584343
-64.593719
-64.578094
-64.568718
-64.590591
-64.578094
-64.565598
-64.603096
-64.584343
-64.587471
-64.596848
-64.596848
-64.593719
-64.596848
-64.603096
-64.584343
-64.590591
-64.574966
-64.549973
-64.556221
-64.540596
-64.565598
-64.559341
-64.556221
-64.549973
-64.546844
-64.537476
-64.553093
-64.549973
-64.556221
-64.562469
-64.565598
-64.568718
-64.556221
-64.549973
-64.562469
-64.562469
-64.562469
-64.578094
-64.587471
-64.571846
-64.562469
-64.549973
-64.565598
-64.590591
-64.584343
-64.584343
-64.590591
-64.584343
-64.599968
-64.593719
-64.587471
-64.606216
-64.621841
-64.609344
-64.603096
-64.609344
-64.599968
-64.603096
-64.612473
-64.590591
-64.621841
-64.606216
-64.599968
-64.599968
-64.596848
-64.612473
-64.624969
-64.609344
-64.615593
-64.646843
-64.606216
-64.631218
-64.624969
-64.609344
-64.599968
-64.590591
-64.599968
-64.596848
-64.624969
-64.615593
-64.624969
-64.621841
-64.609344
-64.631218
-64.612473
-64.621841
-64.612473
-64.612473
-64.634346
-64.637466
-64.631218
-64.612473
-64.624969
-64.624969
-64.603096
-64.599968
-64.603096
-64.587471
-64.603096
-64.603096
-64.603096
-64.612473
-64.615593
-64.631218
-64.593719
-64.606216
-64.615593
-64.621841
-64.637466
-64.646843
-64.628098
-64.621841
-64.618721
-64.618721
-64.628098
-64.618721
-64.606216
-64.603096
-64.618721
-64.596848
-64.637466
-64.643723
-64.646843
-64.646843
-64.612473
-64.615593
-64.603096
-64.606216
-64.603096
-64.603096
-64.596848
-64.618721
-64.646843
-64.646843
-64.656212
-64.653091
-64.649963
-64.65934
-64.665588
-64.646843
-64.665588
-64.678093
-64.65934
-64.674965
-64.662468
-64.662468
-64.653091
-64.646843
-64.640594
-64.653091
-64.662468
-64.646843
-64.637466
-64.637466
-64.646843
-64.65934
-64.656212
-64.649963
-64.646843
-64.640594
-64.637466
-64.634346
-64.603096
-64.606216
-64.603096
-64.581223
-64.581223
-64.596848
-64.584343
-64.590591
-64.599968
-64.606216
-64.618721
-64.596848
-64.606216
-64.603096
-64.584343
-64.590591
-64.615593
-64.593719
-64.590591
-64.596848
-64.593719
-64.590591
-64.596848
-64.590591
-64.599968
-64.596848
-64.596848
-64.615593
-64.593719
-64.584343
-64.574966
-64.565598
-64.549973
-64.578094
-64.571846
-64.559341
-64.571846
-64.559341
-64.587471
-64.593719
-64.596848
-64.621841
-64.609344
-64.606216
-64.596848
-64.606216
-64.587471
-64.599968
-64.596848
-64.578094
-64.556221
-64.574966
-64.549973
-64.568718
-64.574966
-64.596848
-64.596848
-64.596848
-64.578094
-64.574966
-64.587471
-64.571846
-64.596848
-64.568718
-64.574966
-64.568718
-64.581223
-64.578094
-64.581223
-64.578094
-64.581223
-64.581223
-64.559341
-64.562469
-64.578094
-64.574966
-64.578094
-64.574966
-64.587471
-64.571846
-64.584343
-64.565598
-64.553093
-64.540596
-64.546844
-64.549973
-64.562469
-64.565598
-64.549973
-64.571846
-64.565598
-64.556221
-64.546844
-64.565598
-64.556221
-64.549973
-64.559341
-64.540596
-64.571846
-64.565598
-64.549973
-64.559341
-64.546844
-64.549973
-64.574966
-64.568718
-64.568718
-64.571846
-64.562469
-64.549973
-64.584343
-64.571846
-64.559341
-64.562469
-64.553093
-64.549973
-64.562469
-64.546844
-64.553093
-64.540596
-64.537476
-64.546844
-64.549973
-64.549973
-64.571846
-64.565598
-64.565598
-64.590591
-64.574966
-64.559341
-64.590591
-64.571846
-64.559341
-64.559341
-64.549973
-64.546844
-64.534348
-64.515602
-64.521851
-64.528099
-64.524971
-64.506226
-64.496849
-64.487473
-64.490601
-64.484352
-64.490601
-64.496849
-64.478096
-64.474976
-64.493721
-64.468727
-64.484352
-64.481224
-64.503098
-64.531227
-64.537476
-64.546844
-64.524971
-64.503098
-64.503098
-64.515602
-64.518723
-64.509346
-64.531227
-64.509346
-64.521851
-64.509346
-64.509346
-64.503098
-64.518723
-64.509346
-64.534348
-64.543724
-64.571846
-64.568718
-64.568718
-64.543724
-64.546844
-64.562469
-64.553093
-64.559341
-64.553093
-64.559341
-64.574966
-64.578094
-64.562469
-64.559341
-64.546844
-64.546844
-64.556221
-64.549973
-64.543724
-64.546844
-64.546844
-64.559341
-64.546844
-64.565598
-64.571846
-64.553093
-64.565598
-64.574966
-64.571846
-64.568718
-64.581223
-64.578094
-64.565598
-64.571846
-64.571846
-64.546844
-64.553093
-64.568718
-64.556221
-64.546844
-64.553093
-64.556221
-64.559341
-64.540596
-64.546844
-64.565598
-64.556221
-64.537476
-64.534348
-64.531227
-64.524971
-64.512474
-64.506226
-64.524971
-64.528099
-64.521851
-64.531227
-64.553093
-64.553093
-64.556221
-64.559341
-64.553093
-64.571846
-64.534348
-64.537476
-64.521851
-64.521851
-64.518723
-64.503098
-64.509346
-64.543724
-64.521851
-64.509346
-64.506226
-64.496849
-64.503098
-64.515602
-64.509346
-64.521851
-64.543724
-64.524971
-64.515602
-64.518723
-64.537476
-64.540596
-64.540596
-64.521851
-64.537476
-64.503098
-64.496849
-64.521851
-64.521851
-64.521851
-64.515602
-64.506226
-64.512474
-64.496849
-64.484352
-64.481224
-64.518723
-64.515602
-64.521851
-64.534348
-64.512474
-64.521851
-64.528099
-64.521851
-64.540596
-64.534348
-64.524971
-64.543724
-64.549973
-64.524971
-64.546844
-64.528099
-64.537476
-64.534348
-64.524971
-64.524971
-64.521851
-64.521851
-64.509346
-64.524971
-64.512474
-64.509346
-64.496849
-64.509346
-64.496849
-64.518723
-64.528099
-64.546844
-64.543724
-64.528099
-64.556221
-64.556221
-64.546844
-64.543724
-64.540596
-64.499977
-64.521851
-64.518723
-64.534348
-64.524971
-64.499977
-64.528099
-64.521851
-64.528099
-64.540596
-64.543724
-64.540596
-64.531227
-64.534348
-64.540596
-64.537476
-64.546844
-64.571846
-64.571846
-64.568718
-64.559341
-64.562469
-64.556221
-64.559341
-64.553093
-64.537476
-64.568718
-64.553093
-64.559341
-64.553093
-64.553093
-64.543724
-64.537476
-64.546844
-64.521851
-64.537476
-64.528099
-64.537476
-64.537476
-64.524971
-64.546844
-64.546844
-64.543724
-64.549973
-64.574966
-64.578094
-64.565598
-64.546844
-64.546844
-64.559341
-64.559341
-64.546844
-64.546844
-64.546844
-64.521851
-64.543724
-64.553093
-64.546844
-64.571846
-64.553093
-64.559341
-64.568718
-64.543724
-64.559341
-64.565598
-64.578094
-64.574966
-64.578094
-64.590591
-64.609344
-64.568718
-64.559341
-64.565598
-64.546844
-64.553093
-64.549973
-64.565598
-64.553093
-64.578094
-64.587471
-64.587471
-64.599968
-64.596848
-64.609344
-64.603096
-64.596848
-64.599968
-64.603096
-64.599968
-64.612473
-64.606216
-64.624969
-64.643723
-64.618721
-64.624969
-64.628098
-64.618721
-64.643723
-64.634346
-64.640594
-64.65934
-64.653091
-64.640594
-64.634346
-64.631218
-64.624969
-64.603096
-64.609344
-64.584343
-64.593719
-64.584343
-64.565598
-64.578094
-64.574966
-64.562469
-64.578094
-64.571846
-64.571846
-64.574966
-64.559341
-64.568718
-64.574966
-64.587471
-64.593719
-64.584343
-64.587471
-64.596848
-64.615593
-64.615593
-64.603096
-64.590591
-64.596848
-64.593719
-64.581223
-64.571846
-64.574966
-64.553093
-64.584343
-64.599968
-64.578094
-64.549973
-64.546844
-64.537476
-64.524971
-64.531227
-64.531227
-64.546844
-64.556221
-64.559341
-64.565598
-64.565598
-64.581223
-64.581223
-64.590591
-64.587471
-64.606216
-64.593719
-64.596848
-64.596848
-64.571846
-64.565598
-64.587471
-64.578094
-64.578094
-64.565598
-64.546844
-64.565598
-64.562469
-64.553093
-64.553093
-64.565598
-64.574966
-64.568718
-64.565598
-64.562469
-64.571846
-64.559341
-64.556221
-64.556221
-64.553093
-64.534348
-64.534348
-64.528099
-64.534348
-64.543724
-64.556221
-64.556221
-64.565598
-64.562469
-64.584343
-64.562469
-64.571846
-64.590591
-64.587471
-64.587471
-64.574966
-64.574966
-64.571846
-64.574966
-64.568718
-64.562469
-64.587471
-64.571846
-64.599968
-64.612473
-64.596848
-64.599968
-64.615593
-64.603096
-64.612473
-64.587471
-64.590591
-64.596848
-64.603096
-64.593719
-64.609344
-64.603096
-64.562469
-64.578094
-64.571846
-64.565598
-64.578094
-64.578094
-64.593719
-64.590591
-64.587471
-64.590591
-64.565598
-64.574966
-64.581223
-64.574966
-64.590591
-64.596848
-64.593719
-64.596848
-64.590591
-64.559341
-64.559341
-64.581223
-64.590591
-64.587471
-64.606216
-64.596848
-64.612473
-64.609344
-64.581223
-64.596848
-64.606216
-64.596848
-64.593719
-64.584343
-64.593719
-64.612473
-64.621841
-64.599968
-64.603096
-64.606216
-64.596848
-64.593719
-64.568718
-64.559341
-64.590591
-64.584343
-64.596848
-64.596848
-64.606216
-64.596848
-64.581223
-64.571846
-64.578094
-64.584343
-64.568718
-64.571846
-64.571846
-64.565598
-64.553093
-64.546844
-64.562469
-64.603096
-64.596848
-64.590591
-64.596848
-64.596848
-64.606216
-64.596848
-64.615593
-64.618721
-64.612473
-64.590591
-64.596848
-64.612473
-64.587471
-64.596848
-64.574966
-64.584343
-64.584343
-64.587471
-64.590591
-64.606216
-64.609344
-64.640594
-64.662468
-64.646843
-64.643723
-64.646843
-64.653091
-64.646843
-64.65934
-64.665588
-64.684341
-64.662468
-64.653091
-64.649963
-64.646843
-64.646843
-64.646843
-64.634346
-64.643723
-64.649963
-64.646843
-64.653091
-64.646843
-64.646843
-64.646843
-64.637466
-64.624969
-64.643723
-64.649963
-64.624969
-64.618721
-64.603096
-64.599968
-64.615593
-64.612473
-64.599968
-64.603096
-64.612473
-64.609344
-64.634346
-64.618721
-64.615593
-64.637466
-64.643723
-64.649963
-64.631218
-64.624969
-64.646843
-64.649963
-64.640594
-64.643723
-64.646843
-64.631218
-64.640594
-64.631218
-64.621841
-64.634346
-64.640594
-64.646843
-64.65934
-64.656212
-64.656212
-64.646843
-64.634346
-64.621841
-64.624969
-64.603096
-64.612473
-64.590591
-64.578094
-64.571846
-64.549973
-64.546844
-64.562469
-64.565598
-64.553093
-64.559341
-64.553093
-64.546844
-64.549973
-64.553093
-64.559341
-64.556221
-64.546844
-64.546844
-64.565598
-64.537476
-64.546844
-64.559341
-64.556221
-64.562469
-64.578094
-64.559341
-64.562469
-64.553093
-64.546844
-64.553093
-64.556221
-64.568718
-64.559341
-64.571846
-64.574966
-64.587471
-64.559341
-64.562469
-64.574966
-64.556221
-64.584343
-64.587471
-64.571846
-64.562469
-64.568718
-64.596848
-64.584343
-64.587471
-64.590591
-64.556221
-64.556221
-64.584343
-64.584343
-64.568718
-64.562469
-64.615593
-64.565598
-64.559341
-64.568718
-64.562469
-64.531227
-64.546844
-64.546844
-64.546844
-64.556221
-64.562469
-64.556221
-64.562469
-64.559341
-64.574966
-64.574966
-64.562469
-64.581223
-64.571846
-64.571846
-64.556221
-64.549973
-64.543724
-64.540596
-64.521851
-64.521851
-64.512474
-64.524971
-64.537476
-64.546844
-64.546844
-64.562469
-64.546844
-64.553093
-64.540596
-64.556221
-64.562469
-64.565598
-64.565598
-64.574966
-64.562469
-64.556221
-64.549973
-64.559341
-64.534348
-64.559341
-64.562469
-64.534348
-64.528099
-64.543724
-64.546844
-64.562469
-64.559341
-64.540596
-64.543724
-64.521851
-64.506226
-64.546844
-64.534348
-64.549973
-64.549973
-64.553093
-64.543724
-64.540596
-64.543724
-64.546844
-64.515602
-64.493721
-64.506226
-64.509346
-64.528099
-64.528099
-64.518723
-64.534348
-64.518723
-64.531227
-64.546844
-64.546844
-64.540596
-64.553093
-64.559341
-64.553093
-64.546844
-64.537476
-64.534348
-64.531227
-64.531227
-64.524971
-64.534348
-64.524971
-64.531227
-64.521851
-64.515602
-64.518723
-64.515602
-64.512474
-64.518723
-64.521851
-64.521851
-64.515602
-64.528099
-64.515602
-64.534348
-64.506226
-64.503098
-64.503098
-64.521851
-64.490601
-64.521851
-64.537476
-64.534348
-64.537476
-64.521851
-64.521851
-64.543724
-64.531227
-64.537476
-64.546844
-64.540596
-64.543724
-64.543724
-64.537476
-64.521851
-64.537476
-64.521851
-64.518723
-64.509346
-64.493721
-64.487473
-64.481224
-64.453102
-64.478096
-64.490601
-64.496849
-64.512474
-64.521851
-64.524971
-64.524971
-64.509346
-64.518723
-64.524971
-64.528099
-64.546844
-64.543724
-64.528099
-64.521851
-64.531227
-64.528099
-64.537476
-64.534348
-64.528099
-64.521851
-64.528099
-64.540596
-64.556221
-64.546844
-64.543724
-64.568718
-64.568718
-64.568718
-64.565598
-64.568718
-64.574966
-64.556221
-64.559341
-64.578094
-64.574966
-64.565598
-64.574966
-64.549973
-64.546844
-64.556221
-64.590591
-64.559341
-64.565598
-64.571846
-64.581223
-64.590591
-64.581223
-64.581223
-64.590591
-64.571846
-64.581223
-64.584343
-64.581223
-64.562469
-64.565598
-64.553093
-64.574966
-64.593719
-64.574966
-64.559341
-64.581223
-64.584343
-64.593719
-64.584343
-64.584343
-64.593719
-64.565598
-64.553093
-64.571846
-64.571846
-64.546844
-64.565598
-64.565598
-64.584343
-64.571846
-64.571846
-64.568718
-64.562469
-64.553093
-64.578094
-64.581223
-64.578094
-64.581223
-64.571846
-64.596848
-64.624969
-64.596848
-64.599968
-64.596848
-64.587471
-64.603096
-64.596848
-64.587471
-64.596848
-64.593719
-64.587471
-64.593719
-64.599968
-64.618721
-64.621841
-64.609344
-64.618721
-64.612473
-64.621841
-64.634346
-64.612473
-64.609344
-64.603096
-64.621841
-64.599968
-64.612473
-64.615593
-64.590591
-64.599968
-64.590591
-64.587471
-64.593719
-64.596848
-64.615593
-64.631218
-64.618721
-64.603096
-64.612473
-64.612473
-64.606216
-64.646843
-64.634346
-64.640594
-64.649963
-64.656212
-64.640594
-64.640594
-64.65934
-64.662468
-64.656212
-64.646843
-64.649963
-64.668716
-64.640594
-64.646843
-64.656212
-64.656212
-64.646843
-64.646843
-64.656212
-64.656212
-64.628098
-64.631218
-64.624969
-64.615593
-64.628098
-64.628098
-64.621841
-64.612473
-64.634346
-64.624969
-64.631218
-64.603096
-64.618721
-64.637466
-64.628098
-64.637466
-64.628098
-64.628098
-64.637466
-64.637466
-64.656212
-64.653091
-64.653091
-64.640594
-64.624969
-64.631218
-64.628098
-64.628098
-64.634346
-64.631218
-64.634346
-64.640594
-64.628098
-64.646843
-64.643723
-64.662468
-64.668716
-64.671837
-64.649963
-64.65934
-64.643723
-64.646843
-64.631218
-64.628098
-64.606216
-64.618721
-64.603096
-64.628098
-64.621841
-64.606216
-64.615593
-64.603096
-64.599968
-64.615593
-64.640594
-64.634346
-64.628098
-64.606216
-64.612473
-64.653091
-64.640594
-64.628098
-64.634346
-64.637466
-64.646843
-64.646843
-64.637466
-64.624969
-64.621841
-64.615593
-64.609344
-64.615593
-64.596848
-64.634346
-64.628098
-64.637466
-64.646843
-64.634346
-64.646843
-64.624969
-64.624969
-64.624969
-64.634346
-64.612473
-64.634346
-64.628098
-64.631218
-64.640594
-64.637466
-64.643723
-64.65934
-64.665588
-64.637466
-64.671837
-64.671837
-64.65934
-64.640594
-64.624969
-64.634346
-64.646843
-64.646843
-64.618721
-64.643723
-64.618721
-64.618721
-64.615593
-64.615593
-64.631218
-64.618721
-64.612473
-64.618721
-64.634346
-64.628098
-64.643723
-64.646843
-64.653091
-64.671837
-64.687462
-64.671837
-64.668716
-64.662468
-64.674965
-64.665588
-64.643723
-64.653091
-64.646843
-64.649963
-64.643723
-64.640594
-64.618721
-64.634346
-64.653091
-64.621841
-64.631218
-64.621841
-64.612473
-64.609344
-64.587471
-64.606216
-64.609344
-64.603096
-64.603096
-64.603096
-64.596848
-64.596848
-64.599968
-64.599968
-64.606216
-64.615593
-64.612473
-64.606216
-64.609344
-64.618721
-64.615593
-64.596848
-64.590591
-64.612473
-64.621841
-64.603096
-64.624969
-64.631218
-64.637466
-64.634346
-64.621841
-64.631218
-64.615593
-64.612473
-64.603096
-64.621841
-64.612473
-64.612473
-64.624969
-64.628098
-64.628098
-64.621841
-64.628098
-64.631218
-64.637466
-64.624969
-64.637466
-64.631218
-64.621841
-64.637466
-64.634346
-64.618721
-64.621841
-64.609344
-64.624969
-64.631218
-64.656212
-64.65934
-64.665588
-64.653091
-64.649963
-64.646843
-64.646843
-64.646843
-64.646843
-64.646843
-64.634346
-64.640594
-64.634346
-64.649963
-64.634346
-64.634346
-64.640594
-64.637466
-64.674965
-64.671837
-64.631218
-64.631218
-64.649963
-64.637466
-64.653091
-64.631218
-64.637466
-64.662468
-64.646843
-64.643723
-64.646843
-64.621841
-64.631218
-64.615593
-64.643723
-64.653091
-64.646843
-64.646843
-64.653091
-64.671837
-64.678093
-64.671837
-64.678093
-64.665588
-64.656212
-64.65934
-64.668716
-64.671837
-64.65934
-64.656212
-64.668716
-64.653091
-64.646843
-64.634346
-64.643723
-64.640594
-64.656212
-64.665588
-64.653091
-64.637466
-64.628098
-64.646843
-64.653091
-64.665588
-64.668716
-64.671837
-64.646843
-64.656212
-64.653091
-64.674965
-64.671837
-64.65934
-64.656212
-64.665588
-64.671837
-64.65934
-64.646843
-64.649963
-64.662468
-64.665588
-64.662468
-64.643723
-64.646843
-64.646843
-64.653091
-64.662468
-64.65934
-64.653091
-64.671837
-64.674965
-64.668716
-64.653091
-64.653091
-64.649963
-64.634346
-64.646843
-64.649963
-64.631218
-64.649963
-64.643723
-64.628098
-64.640594
-64.65934
-64.646843
-64.668716
-64.665588
-64.65934
-64.649963
-64.65934
-64.656212
-64.656212
-64.646843
-64.637466
-64.653091
-64.646843
-64.646843
-64.637466
-64.624969
-64.634346
-64.656212
-64.656212
-64.674965
-64.687462
-64.646843
-64.662468
-64.646843
-64.631218
-64.649963
-64.646843
-64.646843
-64.678093
-64.674965
-64.665588
-64.69059
-64.662468
-64.674965
-64.681213
-64.665588
-64.643723
-64.634346
-64.634346
-64.649963
-64.646843
-64.646843
-64.653091
-64.656212
-64.640594
-64.65934
-64.668716
-64.674965
-64.709343
-64.687462
-64.678093
-64.687462
-64.678093
-64.693718
-64.684341
-64.665588
-64.681213
-64.681213
-64.668716
-64.69059
-64.681213
-64.69059
-64.681213
-64.696838
-64.696838
-64.699966
-64.703087
-64.693718
-64.706215
-64.693718
-64.69059
-64.687462
-64.674965
-64.662468
-64.671837
-64.674965
-64.674965
-64.662468
-64.674965
-64.671837
-64.674965
-64.678093
-64.665588
-64.656212
-64.646843
-64.640594
-64.637466
-64.649963
-64.634346
-64.631218
-64.631218
-64.643723
-64.631218
-64.637466
-64.618721
-64.640594
-64.646843
-64.640594
-64.646843
-64.631218
-64.618721
-64.612473
-64.603096
-64.618721
-64.624969
-64.628098
-64.615593
-64.612473
-64.599968
-64.603096
-64.606216
-64.603096
-64.609344
-64.624969
-64.615593
-64.609344
-64.618721
-64.621841
-64.615593
-64.634346
-64.649963
-64.628098
-64.624969
-64.618721
-64.606216
-64.606216
-64.612473
-64.596848
-64.621841
-64.599968
-64.596848
-64.599968
-64.612473
-64.603096
-64.621841
-64.603096
-64.609344
-64.637466
-64.628098
-64.646843
-64.643723
-64.628098
-64.653091
-64.634346
-64.634346
-64.637466
-64.634346
-64.624969
-64.621841
-64.618721
-64.606216
-64.596848
-64.571846
-64.593719
-64.606216
-64.628098
-64.637466
-64.624969
-64.593719
-64.618721
-64.609344
-64.615593
-64.637466
-64.631218
-64.603096
-64.615593
-64.618721
-64.606216
-64.624969
-64.615593
-64.609344
-64.634346
-64.624969
-64.628098
-64.621841
-64.628098
-64.624969
-64.631218
-64.628098
-64.621841
-64.631218
-64.631218
-64.624969
-64.631218
-64.624969
-64.596848
-64.596848
-64.599968
-64.603096
-64.593719
-64.606216
-64.599968
-64.606216
-64.584343
-64.584343
-64.574966
-64.574966
-64.581223
-64.584343
-64.587471
-64.596848
-64.574966
-64.584343
-64.581223
-64.562469
-64.584343
-64.590591
-64.571846
-64.578094
-64.581223
-64.581223
-64.596848
-64.596848
-64.587471
-64.596848
-64.574966
-64.609344
-64.628098
-64.621841
-64.612473
-64.593719
-64.596848
-64.603096
-64.609344
-64.606216
-64.615593
-64.590591
-64.571846
-64.574966
-64.578094
-64.571846
-64.568718
-64.543724
-64.553093
-64.546844
-64.546844
-64.534348
-64.556221
-64.559341
-64.546844
-64.543724
-64.559341
-64.584343
-64.568718
-64.553093
-64.553093
-64.546844
-64.531227
-64.531227
-64.528099
-64.546844
-64.556221
-64.540596
-64.534348
-64.546844
-64.528099
-64.546844
-64.549973
-64.524971
-64.534348
-64.512474
-64.528099
-64.549973
-64.556221
-64.540596
-64.546844
-64.543724
-64.540596
-64.518723
-64.540596
-64.528099
-64.534348
-64.543724
-64.546844
-64.534348
-64.540596
-64.546844
-64.549973
-64.524971
-64.534348
-64.537476
-64.546844
-64.528099
-64.531227
-64.531227
-64.546844
-64.540596
-64.534348
-64.518723
-64.540596
-64.531227
-64.534348
-64.546844
-64.549973
-64.559341
-64.565598
-64.556221
-64.546844
-64.562469
-64.584343
-64.565598
-64.565598
-64.565598
-64.549973
-64.546844
-64.559341
-64.562469
-64.568718
-64.562469
-64.574966
-64.571846
-64.603096
-64.590591
-64.603096
-64.615593
-64.587471
-64.596848
-64.587471
-64.581223
-64.578094
-64.590591
-64.593719
-64.593719
-64.584343
-64.593719
-64.596848
-64.578094
-64.571846
-64.603096
-64.590591
-64.596848
-64.603096
-64.565598
-64.593719
-64.571846
-64.584343
-64.578094
-64.584343
-64.584343
-64.596848
-64.590591
-64.593719
-64.584343
-64.584343
-64.574966
-64.603096
-64.593719
-64.568718
-64.571846
-64.565598
-64.578094
-64.571846
-64.587471
-64.578094
-64.581223
-64.559341
-64.578094
-64.574966
-64.565598
-64.556221
-64.584343
-64.568718
-64.568718
-64.571846
-64.584343
-64.596848
-64.615593
-64.590591
-64.599968
-64.581223
-64.574966
-64.559341
-64.565598
-64.549973
-64.559341
-64.537476
-64.546844
-64.553093
-64.540596
-64.524971
-64.506226
-64.524971
-64.540596
-64.528099
-64.546844
-64.559341
-64.546844
-64.546844
-64.531227
-64.528099
-64.521851
-64.524971
-64.515602
-64.506226
-64.512474
-64.496849
-64.493721
-64.468727
-64.471848
-64.474976
-64.459351
-64.456223
-64.471848
-64.468727
-64.478096
-64.493721
-64.468727
-64.465599
-64.474976
-64.478096
-64.496849
-64.503098
-64.471848
-64.478096
-64.490601
-64.506226
-64.490601
-64.496849
-64.484352
-64.487473
-64.490601
-64.446854
-64.453102
-64.468727
-64.465599
-64.474976
-64.471848
-64.478096
-64.481224
-64.478096
-64.465599
-64.449974
-64.459351
-64.471848
-64.484352
-64.478096
-64.471848
-64.496849
-64.481224
-64.493721
-64.478096
-64.465599
-64.459351
-64.42498
-64.434357
-64.421852
-64.421852
-64.428101
-64.456223
-64.449974
-64.446854
-64.471848
-64.474976
-64.446854
-64.471848
-64.453102
-64.446854
-64.453102
-64.446854
-64.453102
-64.449974
-64.453102
-64.459351
-64.449974
-64.437477
-64.440605
-64.443726
-64.446854
-64.437477
-64.434357
-64.428101
-64.446854
-64.412476
-64.42498
-64.421852
-64.399979
-64.403107
-64.399979
-64.42498
-64.431229
-64.446854
-64.449974
-64.459351
-64.446854
-64.437477
-64.440605
-64.443726
-64.409355
-64.421852
-64.437477
-64.434357
-64.446854
-64.446854
-64.437477
-64.431229
-64.42498
-64.42498
-64.421852
-64.421852
-64.418732
-64.396851
-64.390602
-64.399979
-64.418732
-64.42498
-64.421852
-64.428101
-64.428101
-64.434357
-64.428101
-64.446854
-64.440605
-64.434357
-64.431229
-64.443726
-64.431229
-64.446854
-64.456223
-64.437477
-64.443726
-64.456223
-64.437477
-64.434357
-64.446854
-64.443726
-64.449974
-64.440605
-64.428101
-64.437477
-64.434357
-64.443726
-64.415604
-64.412476
-64.415604
-64.443726
-64.443726
-64.437477
-64.440605
-64.431229
-64.446854
-64.440605
-64.418732
-64.42498
-64.437477
-64.434357
-64.443726
-64.431229
-64.431229
-64.437477
-64.437477
-64.437477
-64.437477
-64.42498
-64.399979
-64.440605
-64.443726
-64.440605
-64.440605
-64.453102
-64.465599
-64.446854
-64.453102
-64.465599
-64.465599
-64.453102
-64.446854
-64.434357
-64.428101
-64.446854
-64.42498
-64.421852
-64.446854
-64.446854
-64.456223
-64.456223
-64.459351
-64.478096
-64.468727
-64.468727
-64.465599
-64.456223
-64.453102
-64.459351
-64.459351
-64.471848
-64.468727
-64.484352
-64.453102
-64.468727
-64.471848
-64.459351
-64.459351
-64.446854
-64.468727
-64.437477
-64.471848
-64.471848
-64.465599
-64.440605
-64.446854
-64.453102
-64.449974
-64.462471
-64.459351
-64.459351
-64.487473
-64.465599
-64.487473
-64.465599
-64.471848
-64.446854
-64.459351
-64.471848
-64.456223
-64.484352
-64.478096
-64.481224
-64.471848
-64.465599
-64.471848
-64.471848
-64.474976
-64.484352
-64.481224
-64.493721
-64.496849
-64.493721
-64.493721
-64.478096
-64.471848
-64.478096
-64.478096
-64.462471
-64.493721
-64.484352
-64.490601
-64.499977
-64.487473
-64.506226
-64.484352
-64.459351
-64.471848
-64.465599
-64.459351
-64.481224
-64.493721
-64.499977
-64.496849
-64.518723
-64.509346
-64.496849
-64.493721
-64.493721
-64.499977
-64.493721
-64.471848
-64.487473
-64.496849
-64.481224
-64.474976
-64.456223
-64.446854
-64.446854
-64.443726
-64.453102
-64.449974
-64.481224
-64.493721
-64.496849
-64.490601
-64.471848
-64.471848
-64.487473
-64.481224
-64.478096
-64.481224
-64.487473
-64.487473
-64.474976
-64.474976
-64.484352
-64.487473
-64.456223
-64.484352
-64.478096
-64.487473
-64.471848
-64.468727
-64.484352
-64.499977
-64.515602
-64.521851
-64.524971
-64.521851
-64.543724
-64.512474
-64.515602
-64.512474
-64.493721
-64.499977
-64.499977
-64.478096
-64.490601
-64.478096
-64.484352
-64.462471
-64.474976
-64.446854
-64.456223
-64.459351
-64.459351
-64.468727
-64.456223
-64.462471
-64.468727
-64.459351
-64.462471
-64.465599
-64.459351
-64.474976
-64.465599
-64.465599
-64.465599
-64.453102
-64.478096
-64.468727
-64.465599
-64.468727
-64.459351
-64.453102
-64.449974
-64.421852
-64.437477
-64.421852
-64.440605
-64.434357
-64.42498
-64.415604
-64.396851
-64.421852
-64.39373
-64.374977
-64.39373
-64.396851
-64.374977
-64.403107
-64.412476
-64.418732
-64.415604
-64.409355
-64.39373
-64.399979
-64.39373
-64.378105
-64.399979
-64.396851
-64.403107
-64.378105
-64.39373
-64.399979
-64.39373
-64.396851
-64.39373
-64.399979
-64.418732
-64.42498
-64.428101
-64.409355
-64.403107
-64.396851
-64.399979
-64.403107
-64.412476
-64.387482
-64.409355
-64.412476
-64.434357
-64.406227
-64.403107
-64.42498
-64.403107
-64.403107
-64.39373
-64.374977
-64.378105
-64.396851
-64.396851
-64.381226
-64.378105
-64.381226
-64.396851
-64.406227
-64.396851
-64.403107
-64.431229
-64.443726
-64.437477
-64.421852
-64.409355
-64.421852
-64.403107
-64.387482
-64.374977
-64.403107
-64.412476
-64.390602
-64.399979
-64.390602
-64.399979
-64.387482
-64.409355
-64.412476
-64.390602
-64.384354
-64.378105
-64.378105
-64.384354
-64.409355
-64.399979
-64.406227
-64.399979
-64.415604
-64.421852
-64.42498
-64.409355
-64.421852
-64.412476
-64.39373
-64.39373
-64.374977
-64.384354
-64.415604
-64.396851
-64.390602
-64.384354
-64.384354
-64.39373
-64.387482
-64.374977
-64.371857
-64.356232
-64.349976
-64.356232
-64.359352
-64.346855
-64.371857
-64.374977
-64.368729
-64.384354
-64.374977
-64.368729
-64.390602
-64.368729
-64.365601
-64.384354
-64.356232
-64.368729
-64.384354
-64.390602
-64.403107
-64.399979
-64.396851
-64.39373
-64.396851
-64.371857
-64.381226
-64.365601
-64.368729
-64.374977
-64.368729
-64.368729
-64.381226
-64.359352
-64.371857
-64.387482
-64.406227
-64.406227
-64.409355
-64.396851
-64.412476
-64.39373
-64.365601
-64.378105
-64.365601
-64.371857
-64.384354
-64.371857
-64.390602
-64.396851
-64.390602
-64.368729
-64.374977
-64.371857
-64.381226
-64.396851
-64.378105
-64.384354
-64.399979
-64.390602
-64.378105
-64.390602
-64.39373
-64.371857
-64.371857
-64.368729
-64.374977
-64.403107
-64.409355
-64.403107
-64.387482
-64.349976
-64.371857
-64.340607
-64.346855
-64.381226
-64.371857
-64.384354
-64.396851
-64.384354
-64.374977
-64.396851
-64.387482
-64.399979
-64.381226
-64.378105
-64.390602
-64.368729
-64.378105
-64.368729
-64.356232
-64.33123
-64.356232
-64.340607
-64.349976
-64.346855
-64.346855
-64.378105
-64.387482
-64.365601
-64.374977
-64.36248
-64.359352
-64.365601
-64.359352
-64.353104
-64.346855
-64.334358
-64.324982
-64.29998
-64.318733
-64.33123
-64.318733
-64.321861
-64.318733
-64.346855
-64.321861
-64.346855
-64.371857
-64.371857
-64.356232
-64.36248
-64.353104
-64.368729
-64.378105
-64.371857
-64.349976
-64.353104
-64.346855
-64.353104
-64.353104
-64.346855
-64.36248
-64.365601
-64.374977
-64.359352
-64.353104
-64.346855
-64.371857
-64.374977
-64.39373
-64.396851
-64.371857
-64.384354
-64.406227
-64.396851
-64.387482
-64.412476
-64.406227
-64.396851
-64.374977
-64.353104
-64.343735
-64.324982
-64.29686
-64.33123
-64.315605
-64.303108
-64.303108
-64.29686
-64.321861
-64.318733
-64.315605
-64.309357
-64.312485
-64.346855
-64.356232
-64.340607
-64.353104
-64.346855
-64.340607
-64.318733
-64.29686
-64.29998
-64.29998
-64.293732
-64.290611
-64.287483
-64.306236
-64.306236
-64.312485
-64.318733
-64.306236
-64.321861
-64.318733
-64.346855
-64.32811
-64.32811
-64.343735
-64.337486
-64.346855
-64.33123
-64.340607
-64.306236
-64.312485
-64.318733
-64.324982
-64.303108
-64.324982
-64.312485
-64.340607
-64.346855
-64.318733
-64.318733
-64.32811
-64.33123
-64.306236
-64.315605
-64.309357
-64.303108
-64.306236
-64.29686
-64.293732
-64.303108
-64.29998
-64.32811
-64.290611
-64.29686
-64.315605
-64.29686
-64.29686
-64.284355
-64.29686
-64.278107
-64.278107
-64.274986
-64.278107
-64.293732
-64.306236
-64.315605
-64.318733
-64.315605
-64.309357
-64.29686
-64.312485
-64.315605
-64.29686
-64.29998
-64.303108
-64.29998
-64.29686
-64.29998
-64.287483
-64.287483
-64.309357
-64.274986
-64.287483
-64.281235
-64.26873
-64.29686
-64.287483
-64.312485
-64.293732
-64.309357
-64.303108
-64.303108
-64.303108
-64.312485
-64.334358
-64.32811
-64.346855
-64.337486
-64.343735
-64.349976
-64.349976
-64.349976
-64.353104
-64.343735
-64.349976
-64.359352
-64.346855
-64.346855
-64.343735
-64.32811
-64.337486
-64.346855
-64.343735
-64.33123
-64.334358
-64.32811
-64.346855
-64.356232
-64.346855
-64.346855
-64.346855
-64.353104
-64.368729
-64.368729
-64.346855
-64.378105
-64.371857
-64.374977
-64.371857
-64.384354
-64.399979
-64.409355
-64.396851
-64.412476
-64.409355
-64.371857
-64.396851
-64.396851
-64.378105
-64.387482
-64.374977
-64.368729
-64.387482
-64.384354
-64.374977
-64.396851
-64.381226
-64.371857
-64.399979
-64.374977
-64.371857
-64.378105
-64.378105
-64.371857
-64.378105
-64.374977
-64.406227
-64.39373
-64.399979
-64.396851
-64.390602
-64.384354
-64.390602
-64.39373
-64.396851
-64.390602
-64.381226
-64.356232
-64.381226
-64.399979
-64.387482
-64.39373
-64.378105
-64.374977
-64.403107
-64.384354
-64.399979
-64.412476
-64.412476
-64.396851
-64.418732
-64.412476
-64.428101
-64.434357
-64.409355
-64.42498
-64.421852
-64.381226
-64.378105
-64.36248
-64.378105
-64.384354
-64.390602
-64.387482
-64.384354
-64.381226
-64.371857
-64.359352
-64.371857
-64.368729
-64.349976
-64.346855
-64.340607
-64.346855
-64.334358
-64.346855
-64.343735
-64.346855
-64.346855
-64.353104
-64.353104
-64.368729
-64.343735
-64.346855
-64.353104
-64.346855
-64.353104
-64.334358
-64.33123
-64.356232
-64.343735
-64.340607
-64.334358
-64.337486
-64.321861
-64.343735
-64.306236
-64.303108
-64.29998
-64.293732
-64.303108
-64.29686
-64.306236
-64.32811
-64.315605
-64.340607
-64.318733
-64.318733
-64.29998
-64.318733
-64.32811
-64.32811
-64.312485
-64.315605
-64.312485
-64.318733
-64.309357
-64.321861
-64.306236
-64.309357
-64.321861
-64.324982
-64.346855
-64.353104
-64.346855
-64.368729
-64.365601
-64.368729
-64.346855
-64.346855
-64.365601
-64.337486
-64.346855
-64.321861
-64.318733
-64.340607
-64.343735
-64.346855
-64.346855
-64.353104
-64.368729
-64.36248
-64.337486
-64.33123
-64.324982
-64.32811
-64.337486
-64.356232
-64.340607
-64.346855
-64.356232
-64.346855
-64.36248
-64.340607
-64.349976
-64.349976
-64.340607
-64.349976
-64.356232
-64.353104
-64.346855
-64.346855
-64.324982
-64.337486
-64.346855
-64.334358
-64.321861
-64.312485
-64.321861
-64.334358
-64.340607
-64.324982
-64.337486
-64.346855
-64.343735
-64.346855
-64.36248
-64.39373
-64.396851
-64.399979
-64.371857
-64.346855
-64.374977
-64.371857
-64.371857
-64.353104
-64.346855
-64.343735
-64.324982
-64.346855
-64.340607
-64.33123
-64.324982
-64.334358
-64.340607
-64.337486
-64.324982
-64.315605
-64.346855
-64.318733
-64.306236
-64.29998
-64.312485
-64.318733
-64.312485
-64.318733
-64.315605
-64.309357
-64.312485
-64.293732
-64.29686
-64.306236
-64.303108
-64.290611
-64.284355
-64.306236
-64.303108
-64.29998
-64.293732
-64.293732
-64.290611
-64.29998
-64.303108
-64.303108
-64.303108
-64.29686
-64.293732
-64.303108
-64.284355
-64.287483
-64.271858
-64.262482
-64.246864
-64.237488
-64.234367
-64.249985
-64.249985
-64.246864
-64.253105
-64.231239
-64.218742
-64.221863
-64.218742
-64.234367
-64.231239
-64.237488
-64.246864
-64.234367
-64.240616
-64.240616
-64.240616
-64.246864
-64.262482
-64.262482
-64.256233
-64.26873
-64.243736
-64.26561
-64.26561
-64.256233
-64.243736
-64.246864
-64.246864
-64.256233
-64.256233
-64.253105
-64.246864
-64.246864
-64.228111
-64.240616
-64.246864
-64.224991
-64.246864
-64.253105
-64.256233
-64.253105
-64.259361
-64.246864
-64.26561
-64.262482
-64.246864
-64.26873
-64.262482
-64.243736
-64.246864
-64.259361
-64.26561
-64.249985
-64.228111
-64.234367
-64.253105
-64.234367
-64.246864
-64.246864
-64.231239
-64.224991
-64.234367
-64.240616
-64.246864
-64.246864
-64.240616
-64.240616
-64.234367
-64.246864
-64.246864
-64.262482
-64.26561
-64.278107
-64.26561
-64.281235
-64.281235
-64.259361
-64.26873
-64.256233
-64.26561
-64.271858
-64.253105
-64.262482
-64.26561
-64.262482
-64.26561
-64.271858
-64.253105
-64.253105
-64.246864
-64.231239
-64.221863
-64.228111
-64.246864
-64.26561
-64.246864
-64.246864
-64.253105
-64.249985
-64.246864
-64.249985
-64.218742
-64.246864
-64.249985
-64.246864
-64.262482
-64.256233
-64.240616
-64.256233
-64.253105
-64.212486
-64.221863
-64.234367
-64.237488
-64.240616
-64.237488
-64.240616
-64.246864
-64.249985
-64.253105
-64.271858
-64.262482
-64.262482
-64.253105
-64.221863
-64.237488
-64.246864
-64.246864
-64.246864
-64.243736
-64.249985
-64.249985
-64.237488
-64.246864
-64.246864
-64.262482
-64.26873
-64.253105
-64.26873
-64.246864
-64.246864
-64.246864
-64.256233
-64.26561
-64.26561
-64.246864
-64.246864
-64.240616
-64.26561
-64.259361
-64.262482
-64.274986
-64.303108
-64.274986
-64.287483
-64.318733
-64.29686
-64.293732
-64.290611
-64.278107
-64.29686
-64.293732
-64.262482
-64.293732
-64.274986
-64.284355
-64.284355
-64.274986
-64.281235
-64.293732
-64.303108
-64.318733
-64.32811
-64.324982
-64.33123
-64.312485
-64.309357
-64.29686
-64.32811
-64.321861
-64.312485
-64.32811
-64.315605
-64.309357
-64.306236
-64.309357
-64.309357
-64.306236
-64.324982
-64.309357
-64.315605
-64.303108
-64.29686
-64.29998
-64.303108
-64.287483
-64.284355
-64.303108
-64.29686
-64.293732
-64.306236
-64.315605
-64.315605
-64.309357
-64.29998
-64.306236
-64.306236
-64.293732
-64.303108
-64.306236
-64.306236
-64.315605
-64.33123
-64.33123
-64.337486
-64.359352
-64.346855
-64.349976
-64.346855
-64.359352
-64.343735
-64.337486
-64.32811
-64.343735
-64.33123
-64.353104
-64.36248
-64.349976
-64.346855
-64.368729
-64.36248
-64.368729
-64.371857
-64.346855
-64.368729
-64.378105
-64.371857
-64.359352
-64.371857
-64.39373
-64.412476
-64.403107
-64.409355
-64.412476
-64.42498
-64.396851
-64.421852
-64.399979
-64.387482
-64.381226
-64.384354
-64.406227
-64.39373
-64.381226
-64.36248
-64.346855
-64.356232
-64.368729
-64.36248
-64.346855
-64.337486
-64.346855
-64.346855
-64.349976
-64.359352
-64.359352
-64.356232
-64.365601
-64.36248
-64.356232
-64.346855
-64.356232
-64.340607
-64.32811
-64.321861
-64.315605
-64.312485
-64.334358
-64.359352
-64.36248
-64.371857
-64.356232
-64.343735
-64.318733
-64.306236
-64.306236
-64.32811
-64.306236
-64.29686
-64.29998
-64.29686
-64.29998
-64.29686
-64.303108
-64.312485
-64.318733
-64.324982
-64.334358
-64.32811
-64.321861
-64.334358
-64.33123
-64.346855
-64.353104
-64.346855
-64.343735
-64.337486
-64.324982
-64.349976
-64.33123
-64.340607
-64.343735
-64.334358
-64.324982
-64.315605
-64.318733
-64.321861
-64.321861
-64.318733
-64.303108
-64.306236
-64.318733
-64.318733
-64.318733
-64.334358
-64.303108
-64.32811
-64.306236
-64.29686
-64.315605
-64.324982
-64.32811
-64.337486
-64.318733
-64.29686
-64.318733
-64.318733
-64.306236
-64.29686
-64.278107
-64.274986
-64.290611
-64.29998
-64.315605
-64.318733
-64.303108
-64.29686
-64.271858
-64.290611
-64.29686
-64.281235
-64.29686
-64.29686
-64.290611
-64.290611
-64.29686
-64.312485
-64.340607
-64.324982
-64.334358
-64.334358
-64.346855
-64.340607
-64.346855
-64.334358
-64.33123
-64.337486
-64.324982
-64.312485
-64.32811
-64.29998
-64.29686
-64.290611
-64.281235
-64.284355
-64.26561
-64.26561
-64.256233
-64.287483
-64.287483
-64.293732
-64.290611
-64.29686
-64.290611
-64.256233
-64.262482
-64.262482
-64.246864
-64.262482
-64.281235
-64.271858
-64.271858
-64.253105
-64.26873
-64.290611
-64.274986
-64.259361
-64.26873
-64.284355
-64.262482
-64.262482
-64.253105
-64.228111
-64.246864
-64.243736
-64.246864
-64.262482
-64.249985
-64.256233
-64.26561
-64.274986
-64.26561
-64.271858
-64.278107
-64.284355
-64.293732
-64.290611
-64.29686
-64.271858
-64.29686
-64.26561
-64.26561
-64.256233
-64.26873
-64.284355
-64.26561
-64.278107
-64.287483
-64.29686
-64.29686
-64.271858
-64.278107
-64.256233
-64.262482
-64.256233
-64.246864
-64.228111
-64.246864
-64.253105
-64.246864
-64.246864
-64.246864
-64.246864
-64.243736
-64.237488
-64.240616
-64.243736
-64.218742
-64.215614
-64.212486
-64.209366
-64.228111
-64.240616
-64.228111
-64.246864
-64.246864
-64.26561
-64.271858
-64.271858
-64.246864
-64.26561
-64.262482
-64.274986
-64.287483
-64.253105
-64.253105
-64.262482
-64.240616
-64.246864
-64.240616
-64.228111
-64.231239
-64.249985
-64.218742
-64.231239
-64.240616
-64.256233
-64.271858
-64.243736
-64.246864
-64.246864
-64.237488
-64.228111
-64.249985
-64.246864
-64.246864
-64.243736
-64.215614
-64.243736
-64.246864
-64.237488
-64.218742
-64.209366
-64.196861
-64.187492
-64.218742
-64.215614
-64.228111
-64.224991
-64.231239
-64.237488
-64.228111
-64.212486
-64.224991
-64.206238
-64.203117
-64.199989
-64.190613
-64.196861
-64.221863
-64.206238
-64.246864
-64.221863
-64.209366
-64.212486
-64.228111
-64.224991
-64.240616
-64.209366
-64.218742
-64.231239
-64.218742
-64.221863
-64.218742
-64.215614
-64.209366
-64.209366
-64.193741
-64.196861
-64.199989
-64.193741
-64.184364
-64.178116
-64.196861
-64.215614
-64.243736
-64.218742
-64.215614
-64.221863
-64.240616
-64.246864
-64.212486
-64.206238
-64.234367
-64.209366
-64.228111
-64.243736
-64.246864
-64.253105
-64.243736
-64.231239
-64.246864
-64.259361
-64.259361
-64.26561
-64.256233
-64.246864
-64.243736
-64.240616
-64.256233
-64.26561
-64.249985
-64.246864
-64.271858
-64.262482
-64.287483
-64.29686
-64.290611
-64.312485
-64.281235
-64.26873
-64.274986
-64.29686
-64.287483
-64.284355
-64.26873
-64.243736
-64.246864
-64.240616
-64.234367
-64.231239
-64.231239
-64.240616
-64.246864
-64.246864
-64.246864
-64.246864
-64.231239
-64.243736
-64.256233
-64.246864
-64.278107
-64.281235
-64.278107
-64.26561
-64.249985
-64.246864
-64.246864
-64.243736
-64.240616
-64.278107
-64.26873
-64.284355
-64.293732
-64.274986
-64.271858
-64.26561
-64.256233
-64.246864
-64.262482
-64.246864
-64.240616
-64.246864
-64.243736
-64.234367
-64.212486
-64.240616
-64.253105
-64.256233
-64.26561
-64.278107
-64.281235
-64.287483
-64.290611
-64.290611
-64.284355
-64.278107
-64.256233
-64.253105
-64.281235
-64.287483
-64.281235
-64.293732
-64.281235
-64.278107
-64.278107
-64.287483
-64.259361
-64.26561
-64.246864
-64.246864
-64.243736
-64.246864
-64.249985
-64.246864
-64.243736
-64.253105
-64.246864
-64.243736
-64.26561
-64.271858
-64.26561
-64.274986
-64.284355
-64.281235
-64.284355
-64.26873
-64.284355
-64.281235
-64.26873
-64.26561
-64.271858
-64.26873
-64.274986
-64.271858
-64.26561
-64.271858
-64.278107
-64.274986
-64.274986
-64.259361
-64.274986
-64.278107
-64.284355
-64.26873
-64.26873
-64.246864
-64.274986
-64.26873
-64.246864
-64.274986
-64.26561
-64.253105
-64.271858
-64.256233
-64.271858
-64.281235
-64.293732
-64.284355
-64.29686
-64.256233
-64.26561
-64.262482
-64.281235
-64.26873
-64.26873
-64.262482
-64.262482
-64.259361
-64.249985
-64.256233
-64.26561
-64.259361
-64.278107
-64.259361
-64.281235
-64.253105
-64.256233
-64.26873
-64.26873
-64.290611
-64.287483
-64.287483
-64.274986
-64.281235
-64.287483
-64.287483
-64.290611
-64.281235
-64.256233
-64.271858
-64.271858
-64.278107
-64.274986
-64.271858
-64.271858
-64.271858
-64.281235
-64.246864
-64.253105
-64.259361
-64.253105
-64.262482
-64.253105
-64.253105
-64.253105
-64.249985
-64.262482
-64.234367
-64.246864
-64.246864
-64.246864
-64.246864
-64.246864
-64.234367
-64.221863
-64.228111
-64.221863
-64.243736
-64.246864
-64.237488
-64.234367
-64.237488
-64.218742
-64.224991
-64.231239
-64.231239
-64.240616
-64.253105
-64.246864
-64.253105
-64.246864
-64.243736
-64.256233
-64.246864
-64.256233
-64.259361
-64.278107
-64.253105
-64.259361
-64.249985
-64.246864
-64.246864
-64.243736
-64.271858
-64.246864
-64.259361
-64.259361
-64.262482
-64.253105
-64.256233
-64.243736
-64.234367
-64.240616
-64.234367
-64.240616
-64.221863
-64.237488
-64.221863
-64.240616
-64.228111
-64.234367
-64.221863
-64.224991
-64.221863
-64.253105
-64.246864
-64.256233
-64.262482
-64.281235
-64.26561
-64.246864
-64.274986
-64.278107
-64.278107
-64.274986
-64.284355
-64.271858
-64.315605
-64.309357
-64.29686
-64.29686
-64.281235
-64.287483
-64.281235
-64.290611
-64.284355
-64.293732
-64.290611
-64.29998
-64.303108
-64.29686
-64.274986
-64.309357
-64.312485
-64.32811
-64.346855
-64.346855
-64.343735
-64.346855
-64.346855
-64.340607
-64.32811
-64.32811
-64.334358
-64.321861
-64.334358
-64.337486
-64.346855
-64.368729
-64.356232
-64.340607
-64.318733
-64.324982
-64.340607
-64.321861
-64.312485
-64.290611
-64.284355
-64.284355
-64.274986
-64.284355
-64.271858
-64.253105
-64.274986
-64.274986
-64.271858
-64.303108
-64.303108
-64.29686
-64.29686
-64.303108
-64.29686
-64.290611
-64.29686
-64.29686
-64.293732
-64.284355
-64.274986
-64.29686
-64.29686
-64.29686
-64.29998
-64.284355
-64.290611
-64.278107
-64.290611
-64.29686
-64.303108
-64.29686
-64.29686
-64.290611
-64.290611
-64.306236
-64.312485
-64.303108
-64.306236
-64.324982
-64.312485
-64.29998
-64.29686
-64.315605
-64.312485
-64.309357
-64.293732
-64.303108
-64.303108
-64.309357
-64.309357
-64.293732
-64.29686
-64.303108
-64.293732
-64.278107
-64.256233
-64.234367
-64.262482
-64.237488
-64.231239
-64.240616
-64.221863
-64.237488
-64.246864
-64.218742
-64.240616
-64.246864
-64.246864
-64.246864
-64.221863
-64.221863
-64.215614
-64.212486
-64.237488
-64.259361
-64.253105
-64.246864
-64.249985
-64.246864
-64.262482
-64.262482
-64.249985
-64.278107
-64.29686
-64.287483
-64.274986
-64.26561
-64.259361
-64.26561
-64.249985
-64.253105
-64.274986
-64.29686
-64.29686
-64.293732
-64.284355
-64.29686
-64.29686
-64.26873
-64.281235
-64.278107
-64.253105
-64.253105
-64.262482
-64.274986
-64.271858
-64.287483
-64.281235
-64.290611
-64.287483
-64.287483
-64.287483
-64.303108
-64.287483
-64.293732
-64.315605
-64.290611
-64.274986
-64.29686
-64.309357
-64.293732
-64.278107
-64.287483
-64.293732
-64.293732
-64.271858
-64.26561
-64.274986
-64.29686
-64.293732
-64.290611
-64.29686
-64.29686
-64.29686
-64.318733
-64.290611
-64.312485
-64.32811
-64.334358
-64.318733
-64.309357
-64.312485
-64.321861
-64.324982
-64.346855
-64.346855
-64.33123
-64.321861
-64.324982
-64.318733
-64.29686
-64.303108
-64.29686
-64.293732
-64.303108
-64.29686
-64.281235
-64.29686
-64.287483
-64.284355
-64.29686
-64.29998
-64.306236
-64.303108
-64.29998
-64.312485
-64.306236
-64.315605
-64.309357
-64.306236
-64.29686
-64.290611
-64.278107
-64.287483
-64.293732
-64.287483
-64.287483
-64.287483
-64.287483
-64.29686
-64.29998
-64.284355
-64.284355
-64.281235
-64.284355
-64.262482
-64.274986
-64.271858
-64.262482
-64.278107
-64.243736
-64.262482
-64.271858
-64.284355
-64.290611
-64.290611
-64.259361
-64.29998
-64.312485
-64.29686
-64.312485
-64.312485
-64.324982
-64.318733
-64.29686
-64.321861
-64.29686
-64.306236
-64.309357
-64.337486
-64.315605
-64.309357
-64.318733
-64.334358
-64.343735
-64.324982
-64.312485
-64.33123
-64.306236
-64.309357
-64.29686
-64.303108
-64.315605
-64.303108
-64.29686
-64.293732
-64.29998
-64.29998
-64.306236
-64.321861
-64.306236
-64.303108
-64.29686
-64.29686
-64.284355
-64.278107
-64.281235
-64.29998
-64.284355
-64.271858
-64.284355
-64.303108
-64.315605
-64.29686
-64.274986
-64.306236
-64.321861
-64.293732
-64.318733
-64.318733
-64.312485
-64.340607
-64.346855
-64.321861
-64.340607
-64.321861
-64.32811
-64.321861
-64.318733
-64.309357
-64.306236
-64.29686
-64.29998
-64.309357
-64.303108
-64.315605
-64.32811
-64.324982
-64.312485
-64.306236
-64.303108
-64.309357
-64.303108
-64.306236
-64.303108
-64.324982
-64.29998
-64.29998
-64.29686
-64.318733
-64.318733
-64.29686
-64.29686
-64.309357
-64.293732
-64.29998
-64.293732
-64.284355
-64.29998
-64.309357
-64.309357
-64.315605
-64.303108
-64.318733
-64.334358
-64.309357
-64.318733
-64.321861
-64.340607
-64.343735
-64.346855
-64.324982
-64.349976
-64.346855
-64.334358
-64.346855
-64.349976
-64.334358
-64.349976
-64.359352
-64.359352
-64.378105
-64.390602
-64.381226
-64.384354
-64.371857
-64.374977
-64.378105
-64.371857
-64.368729
-64.349976
-64.32811
-64.306236
-64.337486
-64.324982
-64.346855
-64.346855
-64.340607
-64.33123
-64.321861
-64.318733
-64.337486
-64.315605
-64.321861
-64.32811
-64.32811
-64.346855
-64.346855
-64.32811
-64.334358
-64.318733
-64.33123
-64.337486
-64.346855
-64.318733
-64.337486
-64.346855
-64.33123
-64.334358
-64.340607
-64.334358
-64.334358
-64.33123
-64.337486
-64.353104
-64.365601
-64.384354
-64.371857
-64.381226
-64.378105
-64.378105
-64.371857
-64.387482
-64.371857
-64.365601
-64.39373
-64.39373
-64.374977
-64.387482
-64.381226
-64.384354
-64.396851
-64.387482
-64.368729
-64.374977
-64.374977
-64.353104
-64.374977
-64.356232
-64.346855
-64.349976
-64.343735
-64.353104
-64.349976
-64.343735
-64.359352
-64.359352
-64.359352
-64.387482
-64.381226
-64.356232
-64.384354
-64.384354
-64.371857
-64.365601
-64.359352
-64.356232
-64.356232
-64.346855
-64.334358
-64.346855
-64.343735
-64.368729
-64.374977
-64.346855
-64.359352
-64.346855
-64.346855
-64.356232
-64.346855
-64.346855
-64.346855
-64.343735
-64.346855
-64.356232
-64.343735
-64.356232
-64.368729
-64.387482
-64.409355
-64.412476
-64.387482
-64.390602
-64.406227
-64.39373
-64.409355
-64.39373
-64.412476
-64.396851
-64.418732
-64.415604
-64.409355
-64.403107
-64.431229
-64.428101
-64.418732
-64.406227
-64.415604
-64.418732
-64.399979
-64.403107
-64.418732
-64.437477
-64.437477
-64.409355
-64.409355
-64.39373
-64.371857
-64.384354
-64.371857
-64.36248
-64.353104
-64.346855
-64.353104
-64.346855
-64.334358
-64.340607
-64.349976
-64.346855
-64.371857
-64.384354
-64.403107
-64.418732
-64.403107
-64.399979
-64.409355
-64.431229
-64.440605
-64.437477
-64.42498
-64.428101
-64.42498
-64.412476
-64.415604
-64.428101
-64.415604
-64.39373
-64.412476
-64.415604
-64.409355
-64.39373
-64.384354
-64.378105
-64.387482
-64.390602
-64.39373
-64.387482
-64.387482
-64.403107
-64.406227
-64.384354
-64.403107
-64.418732
-64.412476
-64.421852
-64.406227
-64.421852
-64.437477
-64.42498
-64.415604
-64.428101
-64.412476
-64.39373
-64.421852
-64.428101
-64.418732
-64.390602
-64.399979
-64.42498
-64.415604
-64.434357
-64.443726
-64.431229
-64.443726
-64.446854
-64.449974
-64.446854
-64.434357
-64.449974
-64.440605
-64.446854
-64.434357
-64.446854
-64.446854
-64.446854
-64.428101
-64.431229
-64.421852
-64.42498
-64.412476
-64.42498
-64.412476
-64.428101
-64.431229
-64.443726
-64.446854
-64.42498
-64.42498
-64.39373
-64.399979
-64.412476
-64.428101
-64.428101
-64.421852
-64.406227
-64.403107
-64.406227
-64.412476
-64.412476
-64.431229
-64.446854
-64.465599
-64.449974
-64.453102
-64.446854
-64.440605
-64.428101
-64.415604
-64.409355
-64.418732
-64.428101
-64.437477
-64.437477
-64.428101
-64.431229
-64.440605
-64.462471
-64.446854
-64.42498
-64.421852
-64.403107
-64.418732
-64.446854
-64.440605
-64.434357
-64.434357
-64.437477
-64.440605
-64.42498
-64.434357
-64.446854
-64.453102
-64.446854
-64.456223
-64.42498
-64.440605
-64.440605
-64.440605
-64.446854
-64.412476
-64.415604
-64.42498
-64.421852
-64.396851
-64.409355
-64.399979
-64.412476
-64.403107
-64.418732
-64.42498
-64.431229
-64.415604
-64.403107
-64.403107
-64.421852
-64.453102
-64.443726
-64.456223
-64.465599
-64.459351
-64.459351
-64.471848
-64.478096
-64.487473
-64.490601
-64.478096
-64.478096
-64.487473
-64.478096
-64.468727
-64.456223
-64.446854
-64.449974
-64.456223
-64.449974
-64.449974
-64.459351
-64.456223
-64.462471
-64.437477
-64.415604
-64.446854
-64.449974
-64.465599
-64.490601
-64.496849
-64.496849
-64.481224
-64.493721
-64.487473
-64.484352
-64.471848
-64.474976
-64.484352
-64.478096
-64.493721
-64.487473
-64.484352
-64.509346
-64.503098
-64.496849
-64.496849
-64.484352
-64.487473
-64.490601
-64.484352
-64.478096
-64.474976
-64.468727
-64.465599
-64.474976
-64.465599
-64.449974
-64.453102
-64.434357
-64.443726
-64.446854
-64.418732
-64.471848
-64.484352
-64.478096
-64.471848
-64.459351
-64.462471
-64.468727
-64.465599
-64.462471
-64.456223
-64.474976
-64.481224
-64.487473
-64.484352
-64.493721
-64.490601
-64.496849
-64.487473
-64.493721
-64.474976
-64.474976
-64.493721
-64.506226
-64.496849
-64.478096
-64.493721
-64.481224
-64.449974
-64.446854
-64.443726
-64.446854
-64.437477
-64.440605
-64.456223
-64.459351
-64.449974
-64.462471
-64.462471
-64.471848
-64.496849
-64.528099
-64.506226
-64.499977
-64.512474
-64.518723
-64.496849
-64.515602
-64.503098
-64.493721
-64.512474
-64.512474
-64.524971
-64.509346
-64.506226
-64.506226
-64.503098
-64.503098
-64.496849
-64.487473
-64.484352
-64.487473
-64.496849
-64.493721
-64.499977
-64.487473
-64.468727
-64.481224
-64.490601
-64.506226
-64.528099
-64.521851
-64.506226
-64.528099
-64.506226
-64.499977
-64.499977
-64.496849
-64.509346
-64.515602
-64.506226
-64.503098
-64.499977
-64.506226
-64.518723
-64.503098
-64.521851
-64.546844
-64.546844
-64.534348
-64.546844
-64.518723
-64.528099
-64.509346
-64.506226
-64.487473
-64.503098
-64.509346
-64.506226
-64.521851
-64.493721
-64.506226
-64.518723
-64.524971
-64.509346
-64.512474
-64.506226
-64.515602
-64.496849
-64.521851
-64.556221
-64.546844
-64.546844
-64.528099
-64.518723
-64.518723
-64.528099
-64.515602
-64.512474
-64.528099
-64.515602
-64.534348
-64.524971
-64.506226
-64.518723
-64.496849
-64.496849
-64.512474
-64.503098
-64.487473
-64.490601
-64.490601
-64.496849
-64.506226
-64.499977
-64.503098
-64.496849
-64.503098
-64.515602
-64.518723
-64.515602
-64.528099
-64.534348
-64.515602
-64.524971
-64.521851
-64.503098
-64.518723
-64.499977
-64.509346
-64.512474
-64.496849
-64.521851
-64.512474
-64.506226
-64.503098
-64.496849
-64.496849
-64.496849
-64.521851
-64.524971
-64.546844
-64.515602
-64.540596
-64.556221
-64.556221
-64.540596
-64.540596
-64.537476
-64.556221
-64.559341
-64.549973
-64.546844
-64.549973
-64.540596
-64.559341
-64.565598
-64.553093
-64.559341
-64.559341
-64.543724
-64.553093
-64.546844
-64.553093
-64.559341
-64.546844
-64.568718
-64.546844
-64.549973
-64.546844
-64.546844
-64.540596
-64.531227
-64.540596
-64.524971
-64.528099
-64.537476
-64.515602
-64.521851
-64.534348
-64.521851
-64.499977
-64.512474
-64.512474
-64.521851
-64.528099
-64.537476
-64.540596
-64.515602
-64.518723
-64.506226
-64.528099
-64.540596
-64.540596
-64.531227
-64.537476
-64.534348
-64.531227
-64.531227
-64.534348
-64.540596
-64.531227
-64.540596
-64.534348
-64.543724
-64.546844
-64.540596
-64.537476
-64.537476
-64.540596
-64.540596
-64.509346
-64.531227
-64.549973
-64.543724
-64.531227
-64.496849
-64.499977
-64.496849
-64.521851
-64.528099
-64.528099
-64.531227
-64.496849
-64.518723
-64.509346
-64.496849
-64.503098
-64.496849
-64.512474
-64.487473
-64.484352
-64.490601
-64.496849
-64.465599
-64.465599
-64.512474
-64.506226
-64.506226
-64.515602
-64.484352
-64.496849
-64.484352
-64.490601
-64.496849
-64.493721
-64.496849
-64.496849
-64.509346
-64.521851
-64.515602
-64.518723
-64.490601
-64.499977
-64.515602
-64.521851
-64.549973
-64.540596
-64.543724
-64.543724
-64.534348
-64.534348
-64.524971
-64.509346
-64.540596
-64.528099
-64.506226
-64.499977
-64.484352
-64.487473
-64.509346
-64.506226
-64.524971
-64.543724
-64.534348
-64.534348
-64.512474
-64.515602
-64.518723
-64.534348
-64.515602
-64.518723
-64.503098
-64.499977
-64.496849
-64.506226
-64.524971
-64.521851
-64.540596
-64.546844
-64.556221
-64.559341
-64.543724
-64.540596
-64.549973
-64.534348
-64.540596
-64.537476
-64.531227
-64.546844
-64.537476
-64.537476
-64.543724
-64.528099
-64.534348
-64.512474
-64.528099
-64.549973
-64.518723
-64.540596
-64.540596
-64.553093
-64.553093
-64.568718
-64.546844
-64.553093
-64.546844
-64.553093
-64.553093
-64.562469
-64.565598
-64.556221
-64.543724
-64.546844
-64.565598
-64.546844
-64.562469
-64.578094
-64.553093
-64.546844
-64.534348
-64.549973
-64.546844
-64.537476
-64.546844
-64.556221
-64.553093
-64.562469
-64.553093
-64.553093
-64.559341
-64.543724
-64.537476
-64.531227
-64.540596
-64.543724
-64.543724
-64.549973
-64.549973
-64.556221
-64.553093
-64.546844
-64.559341
-64.562469
-64.568718
-64.578094
-64.571846
-64.553093
-64.540596
-64.540596
-64.521851
-64.528099
-64.531227
-64.518723
-64.509346
-64.490601
-64.509346
-64.487473
-64.490601
-64.496849
-64.518723
-64.528099
-64.537476
-64.534348
-64.524971
-64.528099
-64.528099
-64.524971
-64.531227
-64.531227
-64.524971
-64.515602
-64.531227
-64.512474
-64.515602
-64.512474
-64.509346
-64.546844
-64.543724
-64.521851
-64.521851
-64.531227
-64.534348
-64.537476
-64.503098
-64.506226
-64.518723
-64.499977
-64.496849
-64.503098
-64.493721
-64.509346
-64.540596
-64.534348
-64.543724
-64.546844
-64.521851
-64.534348
-64.528099
-64.528099
-64.540596
-64.546844
-64.543724
-64.540596
-64.553093
-64.534348
-64.534348
-64.524971
-64.506226
-64.512474
-64.521851
-64.515602
-64.518723
-64.509346
-64.521851
-64.509346
-64.496849
-64.509346
-64.515602
-64.524971
-64.521851
-64.506226
-64.531227
-64.528099
-64.509346
-64.499977
-64.509346
-64.528099
-64.506226
-64.515602
-64.496849
-64.493721
-64.490601
-64.446854
-64.459351
-64.468727
-64.484352
-64.474976
-64.484352
-64.490601
-64.496849
-64.503098
-64.496849
-64.515602
-64.499977
-64.503098
-64.515602
-64.506226
-64.509346
-64.506226
-64.496849
-64.496849
-64.506226
-64.496849
-64.496849
-64.496849
-64.506226
-64.496849
-64.496849
-64.493721
-64.518723
-64.515602
-64.537476
-64.528099
-64.537476
-64.543724
-64.540596
-64.515602
-64.543724
-64.546844
-64.546844
-64.540596
-64.528099
-64.499977
-64.512474
-64.528099
-64.528099
-64.518723
-64.528099
-64.521851
-64.515602
-64.512474
-64.528099
-64.534348
-64.518723
-64.515602
-64.543724
-64.549973
-64.559341
-64.546844
-64.515602
-64.531227
-64.518723
-64.518723
-64.509346
-64.490601
-64.499977
-64.496849
-64.493721
-64.503098
-64.499977
-64.512474
-64.509346
-64.518723
-64.518723
-64.521851
-64.506226
-64.496849
-64.512474
-64.496849
-64.512474
-64.518723
-64.537476
-64.524971
-64.515602
-64.509346
-64.493721
-64.515602
-64.512474
-64.506226
-64.518723
-64.521851
-64.521851
-64.534348
-64.521851
-64.509346
-64.499977
-64.512474
-64.512474
-64.509346
-64.496849
-64.509346
-64.512474
-64.512474
-64.496849
-64.496849
-64.499977
-64.528099
-64.531227
-64.534348
-64.543724
-64.531227
-64.524971
-64.534348
-64.506226
-64.509346
-64.481224
-64.453102
-64.459351
-64.474976
-64.456223
-64.468727
-64.462471
-64.481224
-64.490601
-64.490601
-64.481224
-64.471848
-64.456223
-64.465599
-64.456223
-64.449974
-64.443726
-64.443726
-64.449974
-64.468727
-64.459351
-64.453102
-64.459351
-64.468727
-64.471848
-64.474976
-64.484352
-64.487473
-64.496849
-64.493721
-64.509346
-64.518723
-64.546844
-64.515602
-64.515602
-64.506226
-64.496849
-64.487473
-64.490601
-64.481224
-64.490601
-64.459351
-64.446854
-64.456223
-64.487473
-64.490601
-64.484352
-64.490601
-64.484352
-64.481224
-64.465599
-64.465599
-64.465599
-64.465599
-64.478096
-64.471848
-64.462471
-64.462471
-64.446854
-64.456223
-64.449974
-64.449974
-64.459351
-64.468727
-64.459351
-64.496849
-64.503098
-64.474976
-64.499977
-64.487473
-64.496849
-64.496849
-64.471848
-64.484352
-64.481224
-64.484352
-64.456223
-64.471848
-64.468727
-64.456223
-64.487473
-64.462471
-64.443726
-64.431229
-64.418732
-64.412476
-64.446854
-64.446854
-64.449974
-64.465599
-64.474976
-64.471848
-64.456223
-64.446854
-64.446854
-64.42498
-64.456223
-64.446854
-64.446854
-64.462471
-64.468727
-64.453102
-64.456223
-64.462471
-64.453102
-64.446854
-64.449974
-64.437477
-64.434357
-64.453102
-64.446854
-64.453102
-64.449974
-64.465599
-64.465599
-64.446854
-64.431229
-64.446854
-64.437477
-64.453102
-64.456223
-64.431229
-64.443726
-64.471848
-64.446854
-64.446854
-64.443726
-64.440605
-64.459351
-64.449974
-64.449974
-64.453102
-64.443726
-64.446854
-64.437477
-64.446854
-64.446854
-64.456223
-64.437477
-64.418732
-64.42498
-64.428101
-64.434357
-64.440605
-64.446854
-64.446854
-64.428101
-64.428101
-64.446854
-64.42498
-64.418732
-64.440605
-64.446854
-64.453102
-64.446854
-64.446854
-64.453102
-64.446854
-64.418732
-64.403107
-64.428101
-64.42498
-64.434357
-64.437477
-64.459351
-64.471848
-64.462471
-64.462471
-64.465599
-64.459351
-64.446854
-64.468727
-64.446854
-64.453102
-64.471848
-64.459351
-64.453102
-64.453102
-64.443726
-64.453102
-64.453102
-64.446854
-64.468727
-64.468727
-64.471848
-64.493721
-64.493721
-64.462471
-64.471848
-64.468727
-64.474976
-64.471848
-64.462471
-64.453102
-64.446854
-64.446854
-64.440605
-64.453102
-64.474976
-64.471848
-64.462471
-64.446854
-64.456223
-64.462471
-64.468727
-64.478096
-64.462471
-64.459351
-64.478096
-64.471848
-64.456223
-64.459351
-64.446854
-64.443726
-64.437477
-64.434357
-64.421852
-64.418732
-64.390602
-64.403107
-64.406227
-64.428101
-64.428101
-64.418732
-64.412476
-64.399979
-64.415604
-64.409355
-64.418732
-64.421852
-64.415604
-64.42498
-64.412476
-64.428101
-64.437477
-64.434357
-64.434357
-64.42498
-64.412476
-64.421852
-64.440605
-64.415604
-64.418732
-64.428101
-64.434357
-64.431229
-64.409355
-64.409355
-64.406227
-64.409355
-64.381226
-64.412476
-64.406227
-64.378105
-64.371857
-64.365601
-64.365601
-64.381226
-64.381226
-64.396851
-64.390602
-64.406227
-64.409355
-64.415604
-64.384354
-64.387482
-64.381226
-64.371857
-64.387482
-64.387482
-64.374977
-64.378105
-64.374977
-64.381226
-64.387482
-64.381226
-64.409355
-64.403107
-64.39373
-64.399979
-64.418732
-64.412476
-64.412476
-64.415604
-64.387482
-64.378105
-64.387482
-64.390602
-64.39373
-64.399979
-64.396851
-64.415604
-64.384354
-64.381226
-64.396851
-64.374977
-64.384354
-64.396851
-64.396851
-64.403107
-64.403107
-64.384354
-64.384354
-64.365601
-64.381226
-64.365601
-64.368729
-64.374977
-64.371857
-64.36248
-64.353104
-64.371857
-64.353104
-64.349976
-64.359352
-64.340607
-64.33123
-64.337486
-64.346855
-64.346855
-64.374977
-64.353104
-64.365601
-64.384354
-64.368729
-64.381226
-64.384354
-64.365601
-64.36248
-64.359352
-64.36248
-64.381226
-64.359352
-64.346855
-64.340607
-64.343735
-64.378105
-64.340607
-64.334358
-64.334358
-64.353104
-64.337486
-64.353104
-64.359352
-64.343735
-64.365601
-64.356232
-64.346855
-64.368729
-64.36248
-64.349976
-64.340607
-64.337486
-64.334358
-64.346855
-64.33123
-64.33123
-64.349976
-64.334358
-64.340607
-64.353104
-64.343735
-64.343735
-64.349976
-64.337486
-64.346855
-64.346855
-64.346855
-64.36248
-64.356232
-64.346855
-64.309357
-64.29686
-64.29686
-64.315605
-64.334358
-64.334358
-64.303108
-64.306236
-64.306236
-64.32811
-64.318733
-64.318733
-64.33123
-64.309357
-64.318733
-64.309357
-64.303108
-64.334358
-64.340607
-64.349976
-64.340607
-64.340607
-64.340607
-64.346855
-64.343735
-64.334358
-64.321861
-64.318733
-64.312485
-64.29998
-64.29686
-64.303108
-64.293732
-64.29686
-64.284355
-64.29686
-64.29686
-64.33123
-64.306236
-64.284355
-64.312485
-64.315605
-64.315605
-64.318733
-64.315605
-64.343735
-64.349976
-64.337486
-64.349976
-64.371857
-64.365601
-64.359352
-64.390602
-64.396851
-64.412476
-64.396851
-64.403107
-64.42498
-64.418732
-64.409355
-64.42498
-64.431229
-64.415604
-64.403107
-64.406227
-64.406227
-64.396851
-64.378105
-64.387482
-64.409355
-64.390602
-64.378105
-64.378105
-64.356232
-64.387482
-64.384354
-64.387482
-64.396851
-64.390602
-64.390602
-64.403107
-64.396851
-64.390602
-64.396851
-64.387482
-64.390602
-64.396851
-64.412476
-64.412476
-64.418732
-64.381226
-64.39373
-64.39373
-64.390602
-64.403107
-64.406227
-64.374977
-64.387482
-64.403107
-64.39373
-64.412476
-64.399979
-64.378105
-64.415604
-64.39373
-64.396851
-64.39373
-64.409355
-64.396851
-64.403107
-64.39373
-64.403107
-64.406227
-64.396851
-64.390602
-64.399979
-64.396851
-64.406227
-64.412476
-64.415604
-64.412476
-64.406227
-64.428101
-64.415604
-64.428101
-64.412476
-64.437477
-64.421852
-64.418732
-64.446854
-64.415604
-64.406227
-64.434357
-64.446854
-64.42498
-64.418732
-64.431229
-64.443726
-64.421852
-64.434357
-64.446854
-64.453102
-64.465599
-64.440605
-64.446854
-64.440605
-64.437477
-64.446854
-64.446854
-64.434357
-64.434357
-64.434357
-64.431229
-64.418732
-64.446854
-64.421852
-64.409355
-64.403107
-64.387482
-64.387482
-64.396851
-64.39373
-64.371857
-64.374977
-64.39373
-64.406227
-64.415604
-64.412476
-64.434357
-64.443726
-64.437477
-64.446854
-64.459351
-64.446854
-64.449974
-64.449974
-64.449974
-64.449974
-64.453102
-64.456223
-64.446854
-64.459351
-64.440605
-64.462471
-64.453102
-64.440605
-64.431229
-64.406227
-64.428101
-64.42498
-64.399979
-64.409355
-64.403107
-64.374977
-64.384354
-64.387482
-64.387482
-64.418732
-64.434357
-64.431229
-64.437477
-64.421852
-64.409355
-64.431229
-64.406227
-64.412476
-64.418732
-64.406227
-64.399979
-64.396851
-64.412476
-64.403107
-64.399979
-64.387482
-64.390602
-64.371857
-64.346855
-64.343735
-64.356232
-64.343735
-64.349976
-64.334358
-64.349976
-64.36248
-64.381226
-64.36248
-64.371857
-64.368729
-64.368729
-64.371857
-64.371857
-64.365601
-64.353104
-64.359352
-64.349976
-64.359352
-64.368729
-64.387482
-64.384354
-64.378105
-64.374977
-64.346855
-64.353104
-64.346855
-64.36248
-64.36248
-64.365601
-64.365601
-64.381226
-64.399979
-64.378105
-64.390602
-64.390602
-64.396851
-64.378105
-64.356232
-64.381226
-64.371857
-64.378105
-64.359352
-64.387482
-64.378105
-64.374977
-64.371857
-64.36248
-64.346855
-64.346855
-64.343735
-64.353104
-64.353104
-64.353104
-64.374977
-64.365601
-64.349976
-64.346855
-64.349976
-64.356232
-64.356232
-64.365601
-64.346855
-64.337486
-64.337486
-64.334358
-64.33123
-64.33123
-64.343735
-64.343735
-64.346855
-64.334358
-64.343735
-64.340607
-64.334358
-64.340607
-64.33123
-64.334358
-64.340607
-64.340607
-64.346855
-64.340607
-64.324982
-64.343735
-64.343735
-64.346855
-64.349976
-64.32811
-64.33123
-64.29686
-64.278107
-64.271858
-64.29686
-64.29686
-64.293732
-64.293732
-64.29686
-64.29686
-64.312485
-64.284355
-64.324982
-64.309357
-64.321861
-64.318733
-64.321861
-64.334358
-64.32811
-64.318733
-64.32811
-64.32811
-64.334358
-64.343735
-64.337486
-64.315605
-64.346855
-64.334358
-64.318733
-64.318733
-64.303108
-64.318733
-64.334358
-64.334358
-64.324982
-64.343735
-64.318733
-64.337486
-64.346855
-64.349976
-64.337486
-64.334358
-64.340607
-64.346855
-64.343735
-64.340607
-64.334358
-64.346855
-64.334358
-64.346855
-64.346855
-64.340607
-64.334358
-64.353104
-64.343735
-64.33123
-64.29686
-64.306236
-64.321861
-64.32811
-64.32811
-64.318733
-64.318733
-64.334358
-64.312485
-64.324982
-64.340607
-64.32811
-64.315605
-64.309357
-64.309357
-64.306236
-64.318733
-64.309357
-64.309357
-64.312485
-64.318733
-64.315605
-64.312485
-64.29998
-64.312485
-64.318733
-64.321861
-64.315605
-64.321861
-64.309357
-64.324982
-64.340607
-64.33123
-64.334358
-64.318733
-64.334358
-64.334358
-64.334358
-64.340607
-64.356232
-64.346855
-64.343735
-64.36248
-64.374977
-64.384354
-64.396851
-64.359352
-64.346855
-64.359352
-64.371857
-64.39373
-64.390602
-64.384354
-64.359352
-64.359352
-64.346855
-64.349976
-64.353104
-64.324982
-64.315605
-64.315605
-64.315605
-64.312485
-64.33123
-64.324982
-64.353104
-64.346855
-64.343735
-64.334358
-64.321861
-64.318733
-64.315605
-64.309357
-64.321861
-64.32811
-64.343735
-64.340607
-64.340607
-64.340607
-64.346855
-64.346855
-64.321861
-64.337486
-64.349976
-64.343735
-64.334358
-64.33123
-64.340607
-64.321861
-64.346855
-64.349976
-64.356232
-64.346855
-64.346855
-64.343735
-64.340607
-64.32811
-64.312485
-64.303108
-64.33123
-64.318733
-64.337486
-64.343735
-64.337486
-64.353104
-64.374977
-64.346855
-64.334358
-64.343735
-64.337486
-64.334358
-64.334358
-64.324982
-64.337486
-64.346855
-64.32811
-64.340607
-64.343735
-64.359352
-64.346855
-64.334358
-64.32811
-64.346855
-64.346855
-64.33123
-64.359352
-64.353104
-64.381226
-64.368729
-64.353104
-64.359352
-64.346855
-64.346855
-64.359352
-64.36248
-64.368729
-64.356232
-64.359352
-64.334358
-64.343735
-64.340607
-64.343735
-64.365601
-64.346855
-64.356232
-64.346855
-64.353104
-64.346855
-64.346855
-64.337486
-64.340607
-64.321861
-64.315605
-64.315605
-64.33123
-64.334358
-64.343735
-64.321861
-64.29686
-64.315605
-64.29686
-64.29686
-64.312485
-64.284355
-64.284355
-64.293732
-64.284355
-64.290611
-64.293732
-64.315605
-64.29998
-64.309357
-64.306236
-64.293732
-64.293732
-64.312485
-64.318733
-64.318733
-64.312485
-64.321861
-64.303108
-64.29998
-64.29686
-64.318733
-64.32811
-64.318733
-64.29998
-64.29686
-64.315605
-64.293732
-64.303108
-64.29998
-64.303108
-64.29998
-64.306236
-64.306236
-64.278107
-64.26561
-64.256233
-64.262482
-64.246864
-64.262482
-64.262482
-64.26873
-64.262482
-64.278107
-64.290611
-64.274986
-64.281235
-64.256233
-64.256233
-64.256233
-64.256233
-64.271858
-64.246864
-64.249985
-64.26873
-64.278107
-64.274986
-64.29686
-64.312485
-64.293732
-64.281235
-64.256233
-64.234367
-64.259361
-64.253105
-64.246864
-64.253105
-64.240616
-64.240616
-64.253105
-64.259361
-64.274986
-64.259361
-64.281235
-64.262482
-64.246864
-64.271858
-64.26561
-64.256233
-64.246864
-64.249985
-64.253105
-64.256233
-64.278107
-64.274986
-64.29686
-64.287483
-64.287483
-64.29686
-64.290611
-64.293732
-64.262482
-64.278107
-64.253105
-64.278107
-64.271858
-64.26561
-64.274986
-64.281235
-64.271858
-64.262482
-64.243736
-64.262482
-64.249985
-64.256233
-64.237488
-64.249985
-64.249985
-64.228111
-64.256233
-64.246864
-64.240616
-64.218742
-64.221863
-64.224991
-64.234367
-64.221863
-64.212486
-64.209366
-64.206238
-64.215614
-64.228111
-64.240616
-64.221863
-64.215614
-64.196861
-64.218742
-64.218742
-64.215614
-64.228111
-64.209366
-64.206238
-64.187492
-64.174988
-64.203117
-64.196861
-64.203117
-64.206238
-64.203117
-64.215614
-64.221863
-64.218742
-64.234367
-64.224991
-64.231239
-64.237488
-64.228111
-64.190613
-64.199989
-64.199989
-64.206238
-64.218742
-64.203117
-64.209366
-64.196861
-64.203117
-64.209366
-64.240616
-64.228111
-64.215614
-64.181236
-64.165611
-64.165611
-64.190613
-64.190613
-64.218742
-64.228111
-64.231239
-64.231239
-64.209366
-64.212486
-64.215614
-64.212486
-64.196861
-64.181236
-64.168739
-64.174988
-64.178116
-64.193741
-64.184364
-64.209366
-64.196861
-64.203117
-64.196861
-64.181236
-64.171867
-64.181236
-64.190613
-64.209366
-64.212486
-64.209366
-64.206238
-64.187492
-64.187492
-64.181236
-64.184364
-64.162491
-64.165611
-64.146866
-64.162491
-64.174988
-64.156242
-64.137497
-64.156242
-64.146866
-64.153114
-64.168739
-64.143745
-64.143745
-64.153114
-64.134369
-64.146866
-64.134369
-64.140617
-64.153114
-64.12812
-64.137497
-64.131241
-64.153114
-64.159363
-64.168739
-64.165611
-64.168739
-64.159363
-64.137497
-64.162491
-64.146866
-64.146866
-64.137497
-64.140617
-64.134369
-64.121872
-64.134369
-64.124992
-64.140617
-64.137497
-64.118744
-64.12812
-64.143745
-64.134369
-64.143745
-64.112495
-64.112495
-64.103119
-64.090622
-64.093742
-64.09687
-64.099991
-64.112495
-64.109367
-64.081245
-64.090622
-64.090622
-64.09687
-64.106247
-64.078117
-64.103119
-64.12812
-64.121872
-64.103119
-64.103119
-64.118744
-64.09687
-64.103119
-64.09687
-64.109367
-64.118744
-64.112495
-64.131241
-64.134369
-64.121872
-64.118744
-64.118744
-64.121872
-64.121872
-64.09687
-64.124992
-64.115616
-64.118744
-64.118744
-64.140617
-64.131241
-64.109367
-64.118744
-64.118744
-64.112495
-64.131241
-64.134369
-64.140617
-64.115616
-64.118744
-64.118744
-64.12812
-64.109367
-64.124992
-64.09687
-64.124992
-64.131241
-64.112495
-64.140617
-64.146866
-64.134369
-64.121872
-64.112495
-64.09687
-64.09687
-64.112495
-64.109367
-64.093742
-64.106247
-64.099991
-64.115616
-64.134369
-64.112495
-64.131241
-64.115616
-64.118744
-64.118744
-64.112495
-64.118744
-64.121872
-64.121872
-64.146866
-64.162491
-64.140617
-64.146866
-64.168739
-64.159363
-64.153114
-64.184364
-64.156242
-64.178116
-64.193741
-64.187492
-64.187492
-64.184364
-64.171867
-64.171867
-64.159363
-64.153114
-64.159363
-64.178116
-64.178116
-64.187492
-64.162491
-64.178116
-64.181236
-64.165611
-64.153114
-64.159363
-64.153114
-64.140617
-64.143745
-64.146866
-64.146866
-64.146866
-64.137497
-64.140617
-64.149986
-64.153114
-64.190613
-64.181236
-64.193741
-64.187492
-64.165611
-64.181236
-64.174988
-64.184364
-64.178116
-64.159363
-64.153114
-64.156242
-64.171867
-64.171867
-64.146866
-64.165611
-64.156242
-64.156242
-64.165611
-64.171867
-64.181236
-64.165611
-64.159363
-64.181236
-64.190613
-64.184364
-64.184364
-64.165611
-64.171867
-64.193741
-64.203117
-64.190613
-64.190613
-64.193741
-64.199989
-64.221863
-64.231239
-64.243736
-64.224991
-64.221863
-64.228111
-64.228111
-64.221863
-64.215614
-64.206238
-64.196861
-64.212486
-64.212486
-64.196861
-64.174988
-64.168739
-64.165611
-64.181236
-64.178116
-64.174988
-64.171867
-64.193741
-64.196861
-64.209366
-64.199989
-64.199989
-64.199989
-64.171867
-64.196861
-64.196861
-64.196861
-64.209366
-64.199989
-64.203117
-64.215614
-64.193741
-64.178116
-64.199989
-64.209366
-64.196861
-64.218742
-64.196861
-64.193741
-64.196861
-64.171867
-64.181236
-64.168739
-64.181236
-64.199989
-64.196861
-64.196861
-64.190613
-64.206238
-64.199989
-64.184364
-64.184364
-64.193741
-64.190613
-64.171867
-64.184364
-64.178116
-64.168739
-64.174988
-64.165611
-64.162491
-64.168739
-64.159363
-64.159363
-64.162491
-64.181236
-64.184364
-64.196861
-64.162491
-64.196861
-64.196861
-64.184364
-64.184364
-64.190613
-64.174988
-64.184364
-64.184364
-64.187492
-64.206238
-64.209366
-64.209366
-64.221863
-64.218742
-64.212486
-64.209366
-64.215614
-64.193741
-64.206238
-64.209366
-64.212486
-64.212486
-64.206238
-64.209366
-64.224991
-64.209366
-64.196861
-64.174988
-64.193741
-64.199989
-64.203117
-64.206238
-64.212486
-64.190613
-64.199989
-64.196861
-64.215614
-64.237488
-64.218742
-64.231239
-64.224991
-64.218742
-64.228111
-64.253105
-64.228111
-64.215614
-64.206238
-64.199989
-64.174988
-64.168739
-64.165611
-64.159363
-64.146866
-64.153114
-64.174988
-64.165611
-64.174988
-64.174988
-64.196861
-64.181236
-64.178116
-64.203117
-64.187492
-64.203117
-64.221863
-64.209366
-64.218742
-64.203117
-64.221863
-64.206238
-64.209366
-64.206238
-64.221863
-64.218742
-64.224991
-64.215614
-64.215614
-64.206238
-64.206238
-64.193741
-64.190613
-64.193741
-64.168739
-64.178116
-64.174988
-64.165611
-64.184364
-64.190613
-64.190613
-64.181236
-64.181236
-64.187492
-64.196861
-64.215614
-64.203117
-64.196861
-64.199989
-64.218742
-64.234367
-64.199989
-64.196861
-64.187492
-64.206238
-64.209366
-64.203117
-64.209366
-64.218742
-64.196861
-64.196861
-64.209366
-64.206238
-64.199989
-64.215614
-64.199989
-64.187492
-64.178116
-64.181236
-64.184364
-64.178116
-64.196861
-64.196861
-64.206238
-64.174988
-64.184364
-64.190613
-64.178116
-64.174988
-64.171867
-64.184364
-64.203117
-64.196861
-64.206238
-64.215614
-64.224991
-64.224991
-64.243736
-64.228111
-64.218742
-64.212486
-64.171867
-64.181236
-64.171867
-64.156242
-64.165611
-64.178116
-64.171867
-64.168739
-64.159363
-64.162491
-64.168739
-64.168739
-64.174988
-64.178116
-64.153114
-64.149986
-64.165611
-64.137497
-64.146866
-64.156242
-64.149986
-64.168739
-64.193741
-64.196861
-64.199989
-64.187492
-64.193741
-64.174988
-64.159363
-64.134369
-64.162491
-64.159363
-64.146866
-64.149986
-64.121872
-64.121872
-64.124992
-64.137497
-64.131241
-64.143745
-64.137497
-64.137497
-64.143745
-64.131241
-64.12812
-64.12812
-64.112495
-64.121872
-64.124992
-64.124992
-64.146866
-64.140617
-64.137497
-64.134369
-64.134369
-64.106247
-64.115616
-64.124992
-64.124992
-64.146866
-64.153114
-64.143745
-64.140617
-64.137497
-64.140617
-64.140617
-64.124992
-64.143745
-64.134369
-64.112495
-64.137497
-64.134369
-64.115616
-64.118744
-64.106247
-64.09687
-64.109367
-64.121872
-64.112495
-64.112495
-64.09687
-64.115616
-64.12812
-64.112495
-64.124992
-64.134369
-64.109367
-64.131241
-64.131241
-64.131241
-64.112495
-64.09687
-64.09687
-64.106247
-64.109367
-64.124992
-64.146866
-64.134369
-64.112495
-64.118744
-64.115616
-64.131241
-64.156242
-64.143745
-64.143745
-64.124992
-64.146866
-64.137497
-64.134369
-64.153114
-64.156242
-64.146866
-64.134369
-64.143745
-64.143745
-64.143745
-64.140617
-64.124992
-64.118744
-64.112495
-64.106247
-64.09687
-64.106247
-64.099991
-64.106247
-64.103119
-64.103119
-64.118744
-64.124992
-64.121872
-64.143745
-64.146866
-64.159363
-64.165611
-64.146866
-64.146866
-64.140617
-64.106247
-64.124992
-64.121872
-64.106247
-64.106247
-64.12812
-64.115616
-64.146866
-64.124992
-64.121872
-64.131241
-64.12812
-64.143745
-64.149986
-64.146866
-64.124992
-64.12812
-64.131241
-64.12812
-64.12812
-64.12812
-64.124992
-64.124992
-64.118744
-64.106247
-64.121872
-64.131241
-64.149986
-64.146866
-64.134369
-64.131241
-64.118744
-64.103119
-64.109367
-64.112495
-64.118744
-64.112495
-64.112495
-64.09687
-64.103119
-64.09687
-64.093742
-64.081245
-64.093742
-64.087494
-64.09687
-64.090622
-64.071869
-64.093742
-64.084366
-64.09687
-64.115616
-64.099991
-64.106247
-64.109367
-64.12812
-64.112495
-64.115616
-64.109367
-64.12812
-64.137497
-64.124992
-64.124992
-64.121872
-64.09687
-64.081245
-64.078117
-64.062492
-64.084366
-64.087494
-64.093742
-64.090622
-64.09687
-64.106247
-64.115616
-64.09687
-64.106247
-64.084366
-64.084366
-64.068741
-64.06562
-64.103119
-64.09687
-64.09687
-64.103119
-64.118744
-64.118744
-64.118744
-64.109367
-64.121872
-64.115616
-64.109367
-64.112495
-64.109367
-64.090622
-64.106247
-64.121872
-64.12812
-64.099991
-64.131241
-64.140617
-64.143745
-64.168739
-64.159363
-64.159363
-64.156242
-64.140617
-64.134369
-64.134369
-64.134369
-64.146866
-64.146866
-64.153114
-64.153114
-64.156242
-64.162491
-64.190613
-64.203117
-64.209366
-64.215614
-64.190613
-64.187492
-64.171867
-64.156242
-64.146866
-64.146866
-64.168739
-64.156242
-64.171867
-64.181236
-64.190613
-64.171867
-64.156242
-64.171867
-64.168739
-64.168739
-64.174988
-64.159363
-64.156242
-64.165611
-64.146866
-64.162491
-64.184364
-64.178116
-64.156242
-64.181236
-64.178116
-64.206238
-64.209366
-64.206238
-64.224991
-64.209366
-64.209366
-64.218742
-64.199989
-64.196861
-64.199989
-64.178116
-64.181236
-64.199989
-64.184364
-64.178116
-64.196861
-64.212486
-64.196861
-64.206238
-64.187492
-64.193741
-64.196861
-64.184364
-64.215614
-64.209366
-64.203117
-64.224991
-64.234367
-64.231239
-64.237488
-64.243736
-64.234367
-64.246864
-64.231239
-64.228111
-64.246864
-64.234367
-64.246864
-64.243736
-64.262482
-64.26873
-64.246864
-64.259361
-64.253105
-64.253105
-64.246864
-64.256233
-64.262482
-64.237488
-64.240616
-64.237488
-64.256233
-64.262482
-64.271858
-64.271858
-64.26873
-64.262482
-64.246864
-64.240616
-64.234367
-64.224991
-64.249985
-64.228111
-64.237488
-64.224991
-64.224991
-64.240616
-64.243736
-64.246864
-64.246864
-64.221863
-64.256233
-64.271858
-64.256233
-64.243736
-64.249985
-64.262482
-64.26561
-64.253105
-64.246864
-64.246864
-64.253105
-64.240616
-64.243736
-64.249985
-64.246864
-64.246864
-64.246864
-64.246864
-64.246864
-64.234367
-64.246864
-64.237488
-64.228111
-64.234367
-64.249985
-64.256233
-64.271858
-64.284355
-64.284355
-64.26561
-64.278107
-64.26873
-64.26873
-64.240616
-64.231239
-64.234367
-64.243736
-64.246864
-64.246864
-64.234367
-64.234367
-64.240616
-64.253105
-64.243736
-64.240616
-64.218742
-64.237488
-64.224991
-64.215614
-64.221863
-64.221863
-64.209366
-64.228111
-64.228111
-64.234367
-64.237488
-64.249985
-64.246864
-64.262482
-64.284355
-64.281235
-64.284355
-64.293732
-64.278107
-64.278107
-64.278107
-64.281235
-64.29686
-64.315605
-64.287483
-64.256233
-64.271858
-64.278107
-64.262482
-64.246864
-64.253105
-64.246864
-64.243736
-64.234367
-64.231239
-64.246864
-64.243736
-64.249985
-64.243736
-64.234367
-64.218742
-64.218742
-64.212486
-64.209366
-64.246864
-64.249985
-64.234367
-64.237488
-64.237488
-64.221863
-64.212486
-64.199989
-64.203117
-64.221863
-64.221863
-64.206238
-64.190613
-64.162491
-64.140617
-64.134369
-64.112495
-64.099991
-64.084366
-64.062492
-64.053116
-64.071869
-64.049995
-64.03125
-64.009377
-63.993748
-63.959373
-63.96875
-63.946873
-63.946873
-63.925003
-63.906254
-63.896877
-63.896877
-63.868755
-63.865627
-63.846882
-63.846882
-63.840633
-63.850002
-63.856255
-63.81876
-63.809383
-63.809383
-63.78751
-63.781258
-63.784382
-63.793758
-63.793758
-63.775009
-63.759384
-63.759384
-63.753132
-63.746883
-63.737514
-63.715637
-63.703136
-63.715637
-63.715637
-63.700012
-63.693764
-63.696888
-63.681263
-63.696888
-63.671886
-63.665638
-63.671886
-63.671886
-63.665638
-63.662514
-63.634392
-63.628143
-63.618767
-63.625019
-63.631268
-63.646893
-63.63752
-63.621895
-63.621895
-63.625019
-63.628143
-63.634392
-63.621895
-63.615643
-63.621895
-63.612518
-63.618767
-63.60627
-63.581268
-63.593769
-63.590645
-63.609394
-63.590645
-63.600018
-63.603142
-63.593769
-63.612518
-63.618767
-63.60627
-63.612518
-63.618767
-63.615643
-63.612518
-63.643768
-63.631268
-63.60627
-63.609394
-63.596893
-63.578144
-63.590645
-63.590645
-63.562519
-63.571892
-63.584393
-63.578144
-63.584393
-63.556267
-63.568768
-63.57502
-63.584393
-63.584393
-63.568768
-63.578144
-63.578144
-63.584393
-63.593769
-63.590645
-63.603142
-63.609394
-63.634392
-63.63752
-63.646893
-63.662514
-63.646893
-63.650013
-63.646893
-63.643768
-63.621895
-63.653137
-63.643768
-63.646893
-63.646893
-63.634392
-63.662514
-63.646893
-63.659389
-63.671886
-63.690639
-63.681263
-63.681263
-63.693764
-63.681263
-63.690639
-63.671886
-63.687511
-63.693764
-63.684387
-63.678139
-63.668762
-63.681263
-63.690639
-63.709389
-63.721889
-63.740639
-63.731262
-63.734386
-63.725014
-63.715637
-63.690639
-63.690639
-63.690639
-63.681263
-63.696888
-63.712513
-63.706264
-63.721889
-63.715637
-63.712513
-63.734386
-63.753132
-63.753132
-63.75626
-63.765633
-63.759384
-63.737514
-63.728138
-63.728138
-63.743763
-63.746883
-63.746883
-63.746883
-63.731262
-63.740639
-63.731262
-63.721889
-63.740639
-63.731262
-63.737514
-63.740639
-63.743763
-63.721889
-63.703136
-63.718761
-63.715637
-63.725014
-63.715637
-63.718761
-63.715637
-63.712513
-63.712513
-63.718761
-63.725014
-63.740639
-63.750008
-63.753132
-63.762508
-63.743763
-63.746883
-63.762508
-63.746883
-63.746883
-63.768757
-63.781258
-63.771885
-63.775009
-63.796883
-63.796883
-63.815632
-63.803135
-63.793758
-63.793758
-63.796883
-63.809383
-63.796883
-63.784382
-63.81876
-63.793758
-63.784382
-63.790634
-63.771885
-63.775009
-63.796883
-63.781258
-63.781258
-63.796883
-63.812508
-63.815632
-63.796883
-63.784382
-63.790634
-63.768757
-63.778133
-63.784382
-63.778133
-63.775009
-63.778133
-63.775009
-63.790634
-63.781258
-63.815632
-63.815632
-63.821884
-63.815632
-63.840633
-63.850002
-63.828133
-63.821884
-63.803135
-63.796883
-63.800007
-63.793758
-63.796883
-63.81876
-63.803135
-63.821884
-63.81876
-63.821884
-63.809383
-63.809383
-63.812508
-63.843758
-63.850002
-63.834385
-63.846882
-63.846882
-63.850002
-63.85313
-63.834385
-63.821884
-63.85313
-63.850002
-63.834385
-63.865627
-63.850002
-63.856255
-63.87188
-63.85313
-63.875004
-63.868755
-63.846882
-63.85313
-63.846882
-63.856255
-63.868755
-63.868755
-63.875004
-63.887505
-63.87188
-63.865627
-63.87188
-63.856255
-63.862503
-63.865627
-63.85313
-63.837509
-63.850002
-63.834385
-63.846882
-63.843758
-63.843758
-63.846882
-63.859379
-63.87188
-63.859379
-63.88438
-63.875004
-63.878128
-63.881252
-63.90313
-63.896877
-63.887505
-63.88438
-63.896877
-63.896877
-63.90313
-63.896877
-63.887505
-63.893753
-63.912502
-63.896877
-63.912502
-63.896877
-63.88438
-63.896877
-63.90313
-63.906254
-63.906254
-63.890629
-63.890629
-63.896877
-63.896877
-63.896877
-63.890629
-63.893753
-63.88438
-63.875004
-63.865627
-63.878128
-63.88438
-63.887505
-63.896877
-63.88438
-63.881252
-63.896877
-63.881252
-63.890629
-63.887505
-63.88438
-63.896877
-63.896877
-63.896877
-63.909378
-63.946873
-63.949997
-63.931255
-63.971874
-63.956249
-63.96875
-63.962498
-63.940628
-63.946873
-63.959373
-63.965622
-63.959373
-63.953125
-63.949997
-63.949997
-63.953125
-63.959373
-63.953125
-63.953125
-63.965622
-63.959373
-63.946873
-63.946873
-63.959373
-63.928127
-63.940628
-63.946873
-63.946873
-63.953125
-63.971874
-63.943752
-63.946873
-63.946873
-63.940628
-63.93438
-63.937504
-63.946873
-63.956249
-63.953125
-63.953125
-63.937504
-63.943752
-63.962498
-63.956249
-63.946873
-63.940628
-63.946873
-63.946873
-63.946873
-63.956249
-63.943752
-63.962498
-63.959373
-63.956249
-63.953125
-63.946873
-63.962498
-63.946873
-63.931255
-63.946873
-63.946873
-63.962498
-63.978123
-63.996872
-63.990623
-64.006248
-64.009377
-63.996872
-63.996872
-63.990623
-63.974998
-63.996872
-63.993748
-63.981247
-63.981247
-63.978123
-63.984375
-63.987499
-63.974998
-63.971874
-63.971874
-63.956249
-63.971874
-63.987499
-63.981247
-63.971874
-63.959373
-63.946873
-63.949997
-63.946873
-63.940628
-63.937504
-63.940628
-63.943752
-63.956249
-63.96875
-63.953125
-63.946873
-63.940628
-63.940628
-63.959373
-63.971874
-63.996872
-63.996872
-63.996872
-63.974998
-63.984375
-63.984375
-63.981247
-63.996872
-63.984375
-63.996872
-63.993748
-63.974998
-63.987499
-63.984375
-63.996872
-63.996872
-63.996872
-63.990623
-63.987499
-63.984375
-63.987499
-63.965622
-63.984375
-63.978123
-63.984375
-63.962498
-63.978123
-63.96875
-63.987499
-63.990623
-63.996872
-63.996872
-63.996872
-63.987499
-63.996872
-63.996872
-64.00312
-64.009377
-64.028122
-64.012497
-64.028122
-64.03437
-64.043747
-64.028122
-64.046875
-64.046875
-64.043747
-64.028122
-64.015625
-64.03437
-64.043747
-64.040627
-64.043747
-64.049995
-64.074997
-64.068741
-64.084366
-64.093742
-64.071869
-64.087494
-64.087494
-64.09687
-64.081245
-64.09687
-64.115616
-64.084366
-64.090622
-64.06562
-64.071869
-64.081245
-64.062492
-64.06562
-64.062492
-64.056244
-64.068741
-64.093742
-64.084366
-64.093742
-64.103119
-64.103119
-64.131241
-64.106247
-64.09687
-64.115616
-64.124992
-64.106247
-64.118744
-64.106247
-64.112495
-64.106247
-64.099991
-64.09687
-64.112495
-64.09687
-64.09687
-64.06562
-64.053116
-64.053116
-64.078117
-64.068741
-64.078117
-64.103119
-64.09687
-64.087494
-64.109367
-64.099991
-64.12812
-64.121872
-64.124992
-64.140617
-64.106247
-64.090622
-64.099991
-64.09687
-64.099991
-64.09687
-64.09687
-64.099991
-64.099991
-64.09687
-64.09687
-64.109367
-64.090622
-64.084366
-64.099991
-64.074997
-64.121872
-64.109367
-64.084366
-64.093742
-64.09687
-64.087494
-64.093742
-64.090622
-64.068741
-64.062492
-64.06562
-64.068741
-64.071869
-64.078117
-64.084366
-64.109367
-64.09687
-64.112495
-64.115616
-64.118744
-64.118744
-64.109367
-64.124992
-64.134369
-64.137497
-64.115616
-64.12812
-64.124992
-64.124992
-64.137497
-64.134369
-64.137497
-64.140617
-64.134369
-64.118744
-64.12812
-64.121872
-64.112495
-64.09687
-64.106247
-64.099991
-64.109367
-64.112495
-64.103119
-64.106247
-64.09687
-64.118744
-64.109367
-64.112495
-64.121872
-64.121872
-64.12812
-64.146866
-64.137497
-64.134369
-64.137497
-64.124992
-64.159363
-64.162491
-64.162491
-64.146866
-64.149986
-64.140617
-64.137497
-64.134369
-64.12812
-64.140617
-64.146866
-64.146866
-64.165611
-64.165611
-64.153114
-64.165611
-64.174988
-64.165611
-64.174988
-64.168739
-64.190613
-64.190613
-64.196861
-64.190613
-64.196861
-64.190613
-64.181236
-64.162491
-64.146866
-64.153114
-64.159363
-64.137497
-64.131241
-64.124992
-64.146866
-64.143745
-64.140617
-64.159363
-64.162491
-64.156242
-64.168739
-64.187492
-64.165611
-64.178116
-64.171867
-64.165611
-64.184364
-64.162491
-64.181236
-64.193741
-64.174988
-64.149986
-64.178116
-64.171867
-64.159363
-64.153114
-64.165611
-64.171867
-64.178116
-64.159363
-64.153114
-64.159363
-64.168739
-64.165611
-64.171867
-64.149986
-64.162491
-64.181236
-64.187492
-64.187492
-64.178116
-64.156242
-64.156242
-64.156242
-64.156242
-64.146866
-64.162491
-64.178116
-64.162491
-64.146866
-64.143745
-64.159363
-64.146866
-64.165611
-64.156242
-64.146866
-64.159363
-64.149986
-64.171867
-64.174988
-64.149986
-64.134369
-64.137497
-64.153114
-64.149986
-64.162491
-64.149986
-64.149986
-64.162491
-64.153114
-64.156242
-64.171867
-64.178116
-64.171867
-64.190613
-64.171867
-64.171867
-64.159363
-64.134369
-64.134369
-64.146866
-64.156242
-64.171867
-64.168739
-64.165611
-64.171867
-64.165611
-64.162491
-64.184364
-64.159363
-64.140617
-64.165611
-64.146866
-64.146866
-64.146866
-64.146866
-64.134369
-64.146866
-64.153114
-64.159363
-64.146866
-64.165611
-64.168739
-64.168739
-64.184364
-64.171867
-64.165611
-64.162491
-64.143745
-64.137497
-64.156242
-64.153114
-64.137497
-64.134369
-64.146866
-64.146866
-64.162491
-64.187492
-64.168739
-64.199989
-64.199989
-64.212486
-64.212486
-64.203117
-64.203117
-64.228111
-64.218742
-64.228111
-64.209366
-64.203117
-64.228111
-64.209366
-64.196861
-64.206238
-64.196861
-64.187492
-64.203117
-64.206238
-64.193741
-64.196861
-64.190613
-64.190613
-64.215614
-64.203117
-64.193741
-64.190613
-64.196861
-64.190613
-64.196861
-64.196861
-64.196861
-64.209366
-64.203117
-64.212486
-64.215614
-64.234367
-64.234367
-64.243736
-64.221863
-64.231239
-64.224991
-64.228111
-64.221863
-64.221863
-64.224991
-64.221863
-64.215614
-64.228111
-64.231239
-64.212486
-64.209366
-64.206238
-64.165611
-64.171867
-64.178116
-64.153114
-64.153114
-64.149986
-64.153114
-64.178116
-64.174988
-64.174988
-64.174988
-64.174988
-64.178116
-64.181236
-64.196861
-64.184364
-64.215614
-64.199989
-64.196861
-64.193741
-64.190613
-64.193741
-64.212486
-64.171867
-64.171867
-64.203117
-64.181236
-64.178116
-64.199989
-64.196861
-64.209366
-64.196861
-64.209366
-64.209366
-64.206238
-64.209366
-64.221863
-64.218742
-64.234367
-64.234367
-64.231239
-64.203117
-64.184364
-64.203117
-64.196861
-64.196861
-64.171867
-64.181236
-64.174988
-64.165611
-64.181236
-64.168739
-64.165611
-64.171867
-64.181236
-64.203117
-64.212486
-64.193741
-64.196861
-64.212486
-64.228111
-64.221863
-64.212486
-64.215614
-64.221863
-64.231239
-64.231239
-64.231239
-64.237488
-64.221863
-64.212486
-64.224991
-64.237488
-64.249985
-64.246864
-64.262482
-64.246864
-64.246864
-64.271858
-64.26561
-64.256233
-64.262482
-64.256233
-64.256233
-64.26561
-64.246864
-64.271858
-64.274986
-64.26561
-64.259361
-64.246864
-64.246864
-64.237488
-64.240616
-64.249985
-64.234367
-64.256233
-64.253105
-64.253105
-64.246864
-64.246864
-64.246864
-64.246864
-64.240616
-64.246864
-64.246864
-64.234367
-64.228111
-64.246864
-64.237488
-64.240616
-64.240616
-64.237488
-64.237488
-64.243736
-64.249985
-64.26561
-64.246864
-64.249985
-64.253105
-64.228111
-64.243736
-64.246864
-64.243736
-64.259361
-64.246864
-64.231239
-64.237488
-64.221863
-64.212486
-64.231239
-64.212486
-64.228111
-64.221863
-64.206238
-64.231239
-64.234367
-64.240616
-64.259361
-64.237488
-64.234367
-64.240616
-64.240616
-64.224991
-64.224991
-64.240616
-64.218742
-64.234367
-64.228111
-64.224991
-64.224991
-64.228111
-64.246864
-64.246864
-64.26873
-64.259361
-64.234367
-64.237488
-64.231239
-64.259361
-64.218742
-64.203117
-64.224991
-64.224991
-64.231239
-64.240616
-64.234367
-64.249985
-64.246864
-64.234367
-64.240616
-64.231239
-64.234367
-64.218742
-64.203117
-64.212486
-64.206238
-64.206238
-64.196861
-64.199989
-64.196861
-64.221863
-64.221863
-64.231239
-64.243736
-64.234367
-64.203117
-64.218742
-64.221863
-64.228111
-64.253105
-64.246864
-64.228111
-64.243736
-64.231239
-64.237488
-64.234367
-64.243736
-64.234367
-64.234367
-64.240616
-64.243736
-64.249985
-64.246864
-64.253105
-64.278107
-64.246864
-64.249985
-64.246864
-64.256233
-64.271858
-64.243736
-64.249985
-64.26561
-64.253105
-64.253105
-64.259361
-64.243736
-64.246864
-64.246864
-64.228111
-64.228111
-64.237488
-64.249985
-64.26873
-64.287483
-64.287483
-64.287483
-64.29686
-64.29686
-64.26873
-64.26873
-64.246864
-64.256233
-64.240616
-64.246864
-64.246864
-64.253105
-64.262482
-64.274986
-64.293732
-64.293732
-64.26873
-64.259361
-64.246864
-64.262482
-64.253105
-64.253105
-64.243736
-64.243736
-64.259361
-64.259361
-64.26561
-64.26873
-64.246864
-64.240616
-64.240616
-64.224991
-64.218742
-64.228111
-64.215614
-64.224991
-64.224991
-64.218742
-64.231239
-64.215614
-64.218742
-64.212486
-64.196861
-64.199989
-64.243736
-64.246864
-64.259361
-64.259361
-64.237488
-64.243736
-64.246864
-64.243736
-64.259361
-64.26873
-64.246864
-64.246864
-64.256233
-64.240616
-64.256233
-64.259361
-64.281235
-64.293732
-64.303108
-64.315605
-64.340607
-64.315605
-64.309357
-64.29998
-64.287483
-64.287483
-64.29686
-64.293732
-64.29998
-64.29686
-64.26873
-64.290611
-64.309357
-64.281235
-64.306236
-64.309357
-64.29998
-64.29998
-64.284355
-64.29686
-64.29686
-64.290611
-64.290611
-64.303108
-64.309357
-64.29998
-64.312485
-64.306236
-64.29686
-64.29998
-64.303108
-64.29998
-64.274986
-64.271858
-64.274986
-64.26561
-64.26873
-64.249985
-64.246864
-64.262482
-64.26561
-64.287483
-64.284355
-64.287483
-64.271858
-64.278107
-64.259361
-64.271858
-64.278107
-64.293732
-64.26873
-64.26561
-64.259361
-64.246864
-64.240616
-64.237488
-64.237488
-64.237488
-64.218742
-64.215614
-64.218742
-64.231239
-64.246864
-64.271858
-64.259361
-64.256233
-64.240616
-64.228111
-64.221863
-64.243736
-64.246864
-64.253105
-64.243736
-64.231239
-64.240616
-64.253105
-64.246864
-64.234367
-64.259361
-64.253105
-64.271858
-64.26561
-64.26873
-64.262482
-64.262482
-64.246864
-64.243736
-64.246864
-64.243736
-64.256233
-64.228111
-64.240616
-64.240616
-64.209366
-64.240616
-64.243736
-64.228111
-64.240616
-64.259361
-64.246864
-64.246864
-64.231239
-64.246864
-64.246864
-64.259361
-64.271858
-64.29998
-64.306236
-64.29686
-64.284355
-64.26873
-64.26873
-64.262482
-64.281235
-64.293732
-64.287483
-64.293732
-64.284355
-64.290611
-64.284355
-64.26873
-64.278107
-64.271858
-64.262482
-64.259361
-64.26873
-64.26873
-64.262482
-64.259361
-64.26561
-64.259361
-64.271858
-64.26873
-64.259361
-64.26561
-64.26561
-64.249985
-64.281235
-64.26873
-64.243736
-64.228111
-64.218742
-64.212486
-64.231239
-64.231239
-64.237488
-64.240616
-64.240616
-64.253105
-64.240616
-64.221863
-64.234367
-64.26873
-64.26561
-64.26561
-64.249985
-64.249985
-64.256233
-64.246864
-64.253105
-64.243736
-64.240616
-64.234367
-64.234367
-64.246864
-64.246864
-64.246864
-64.256233
-64.234367
-64.262482
-64.262482
-64.246864
-64.249985
-64.234367
-64.246864
-64.243736
-64.243736
-64.231239
-64.253105
-64.246864
-64.243736
-64.246864
-64.237488
-64.237488
-64.228111
-64.228111
-64.240616
-64.237488
-64.215614
-64.218742
-64.203117
-64.193741
-64.206238
-64.221863
-64.215614
-64.234367
-64.231239
-64.215614
-64.228111
-64.212486
-64.224991
-64.218742
-64.228111
-64.237488
-64.231239
-64.212486
-64.215614
-64.209366
-64.203117
-64.228111
-64.206238
-64.221863
-64.224991
-64.218742
-64.234367
-64.228111
-64.237488
-64.221863
-64.209366
-64.224991
-64.234367
-64.228111
-64.218742
-64.206238
-64.209366
-64.224991
-64.243736
-64.221863
-64.228111
-64.221863
-64.221863
-64.228111
-64.228111
-64.231239
-64.237488
-64.237488
-64.249985
-64.243736
-64.246864
-64.262482
-64.253105
-64.246864
-64.256233
-64.256233
-64.240616
-64.228111
-64.209366
