-63.309406
-63.312534
-63.306282
-63.296909
-63.315659
-63.328159
-63.318783
-63.296909
-63.287533
-63.296909
-63.300034
-63.296909
-63.284409
-63.296909
-63.296909
-63.293781
-63.284409
-63.284409
-63.271908
-63.281284
-63.240662
-63.246914
-63.278156
-63.284409
-63.290657
-63.296909
-63.296909
-63.309406
-63.290657
-63.287533
-63.296909
-63.300034
-63.293781
-63.296909
-63.300034
-63.293781
-63.271908
-63.275032
-63.290657
-63.290657
-63.293781
-63.290657
-63.296909
-63.296909
-63.287533
-63.293781
-63.290657
-63.296909
-63.306282
-63.300034
-63.303158
-63.312534
-63.315659
-63.303158
-63.321907
-63.315659
-63.293781
-63.290657
-63.284409
-63.287533
-63.271908
-63.278156
-63.275032
-63.284409
-63.278156
-63.278156
-63.262531
-63.287533
-63.290657
-63.271908
-63.290657
-63.287533
-63.281284
-63.290657
-63.306282
-63.293781
-63.287533
-63.296909
-63.281284
-63.281284
-63.293781
-63.284409
-63.271908
-63.271908
-63.265659
-63.259407
-63.259407
-63.275032
-63.268784
-63.262531
-63.250034
-63.262531
-63.259407
-63.262531
-63.246914
-63.221912
-63.234413
-63.221912
-63.237537
-63.240662
-63.246914
-63.240662
-63.262531
-63.256283
-63.246914
-63.259407
-63.281284
-63.278156
-63.287533
-63.281284
-63.278156
-63.306282
-63.300034
-63.290657
-63.296909
-63.293781
-63.293781
-63.290657
-63.284409
-63.278156
-63.290657
-63.265659
-63.275032
-63.256283
-63.253159
-63.265659
-63.246914
-63.262531
-63.246914
-63.246914
-63.237537
-63.237537
-63.243786
-63.250034
-63.243786
-63.246914
-63.246914
-63.237537
-63.218788
-63.196911
-63.215664
-63.203163
-63.221912
-63.215664
-63.218788
-63.234413
-63.212536
-63.231289
-63.218788
-63.225037
-63.246914
-63.225037
-63.218788
-63.215664
-63.209412
-63.218788
-63.196911
-63.206287
-63.228161
-63.215664
-63.203163
-63.221912
-63.215664
-63.221912
-63.225037
-63.218788
-63.196911
-63.196911
-63.193787
-63.206287
-63.209412
-63.215664
-63.212536
-63.225037
-63.221912
-63.209412
-63.196911
-63.171913
-63.184414
-63.193787
-63.190662
-63.196911
-63.212536
-63.196911
-63.181286
-63.187538
-63.187538
-63.190662
-63.187538
-63.196911
-63.190662
-63.209412
-63.209412
-63.209412
-63.209412
-63.203163
-63.187538
-63.175037
-63.175037
-63.184414
-63.162537
-63.184414
-63.184414
-63.181286
-63.165661
-63.181286
-63.156288
-63.150036
-63.159412
-63.159412
-63.168789
-63.181286
-63.190662
-63.193787
-63.162537
-63.159412
-63.181286
-63.168789
-63.175037
-63.190662
-63.178162
-63.193787
-63.187538
-63.171913
-63.196911
-63.196911
-63.184414
-63.168789
-63.159412
-63.156288
-63.184414
-63.171913
-63.171913
-63.209412
-63.193787
-63.196911
-63.196911
-63.181286
-63.187538
-63.193787
-63.181286
-63.190662
-63.190662
-63.193787
-63.175037
-63.178162
-63.150036
-63.168789
-63.153164
-63.159412
-63.178162
-63.171913
-63.181286
-63.212536
-63.193787
-63.193787
-63.181286
-63.193787
-63.184414
-63.175037
-63.165661
-63.171913
-63.159412
-63.159412
-63.175037
-63.165661
-63.137543
-63.146912
-63.131294
-63.146912
-63.168789
-63.137543
-63.125042
-63.146912
-63.140667
-63.125042
-63.128166
-63.128166
-63.131294
-63.143791
-63.140667
-63.131294
-63.159412
-63.146912
-63.140667
-63.134418
-63.146912
-63.128166
-63.143791
-63.146912
-63.143791
-63.140667
-63.109417
-63.137543
-63.109417
-63.128166
-63.125042
-63.131294
-63.128166
-63.146912
-63.150036
-63.140667
-63.156288
-63.143791
-63.121918
-63.146912
-63.134418
-63.143791
-63.156288
-63.143791
-63.156288
-63.150036
-63.137543
-63.134418
-63.140667
-63.115669
-63.103168
-63.103168
-63.112541
-63.128166
-63.128166
-63.146912
-63.140667
-63.140667
-63.146912
-63.159412
-63.143791
-63.137543
-63.146912
-63.146912
-63.140667
-63.121918
-63.103168
-63.109417
-63.112541
-63.115669
-63.125042
-63.143791
-63.096916
-63.096916
-63.115669
-63.115669
-63.109417
-63.084419
-63.093792
-63.103168
-63.112541
-63.112541
-63.121918
-63.115669
-63.106293
-63.109417
-63.081291
-63.096916
-63.100044
-63.078167
-63.090668
-63.106293
-63.071918
-63.087543
-63.075043
-63.071918
-63.084419
-63.096916
-63.096916
-63.093792
-63.078167
-63.084419
-63.084419
-63.046921
-63.071918
-63.071918
-63.071918
-63.071918
-63.059418
-63.065666
-63.081291
-63.065666
-63.071918
-63.084419
-63.078167
-63.081291
-63.096916
-63.093792
-63.096916
-63.118793
-63.131294
-63.118793
-63.146912
-63.134418
-63.125042
-63.137543
-63.109417
-63.106293
-63.131294
-63.118793
-63.134418
-63.125042
-63.121918
-63.146912
-63.128166
-63.140667
-63.131294
-63.125042
-63.131294
-63.137543
-63.115669
-63.131294
-63.115669
-63.109417
-63.121918
-63.121918
-63.100044
-63.100044
-63.096916
-63.121918
-63.109417
-63.121918
-63.109417
-63.143791
-63.146912
-63.140667
-63.146912
-63.096916
-63.115669
-63.109417
-63.106293
-63.137543
-63.146912
-63.128166
-63.115669
-63.118793
-63.131294
-63.140667
-63.137543
-63.143791
-63.134418
-63.140667
-63.143791
-63.140667
-63.146912
-63.143791
-63.156288
-63.125042
-63.146912
-63.146912
-63.150036
-63.140667
-63.134418
-63.134418
-63.128166
-63.118793
-63.112541
-63.112541
-63.115669
-63.118793
-63.134418
-63.137543
-63.128166
-63.146912
-63.143791
-63.134418
-63.121918
-63.150036
-63.150036
-63.171913
-63.143791
-63.143791
-63.150036
-63.146912
-63.156288
-63.190662
-63.165661
-63.196911
-63.196911
-63.190662
-63.171913
-63.168789
-63.168789
-63.165661
-63.143791
-63.156288
-63.165661
-63.187538
-63.165661
-63.175037
-63.184414
-63.215664
-63.193787
-63.181286
-63.168789
-63.184414
-63.175037
-63.196911
-63.184414
-63.203163
-63.203163
-63.206287
-63.196911
-63.196911
-63.178162
-63.190662
-63.196911
-63.209412
-63.209412
-63.196911
-63.221912
-63.218788
-63.228161
-63.212536
-63.237537
-63.250034
-63.253159
-63.250034
-63.250034
-63.246914
-63.253159
-63.256283
-63.231289
-63.246914
-63.243786
-63.206287
-63.193787
-63.209412
-63.212536
-63.246914
-63.237537
-63.237537
-63.237537
-63.221912
-63.221912
-63.221912
-63.215664
-63.240662
-63.250034
-63.246914
-63.271908
-63.284409
-63.287533
-63.296909
-63.278156
-63.278156
-63.284409
-63.281284
-63.268784
-63.284409
-63.265659
-63.271908
-63.253159
-63.246914
-63.262531
-63.246914
-63.234413
-63.246914
-63.253159
-63.268784
-63.250034
-63.259407
-63.246914
-63.246914
-63.246914
-63.234413
-63.262531
-63.262531
-63.262531
-63.253159
-63.246914
-63.259407
-63.237537
-63.246914
-63.250034
-63.246914
-63.256283
-63.240662
-63.237537
-63.225037
-63.231289
-63.237537
-63.218788
-63.196911
-63.225037
-63.221912
-63.221912
-63.190662
-63.218788
-63.231289
-63.206287
-63.215664
-63.215664
-63.212536
-63.221912
-63.225037
-63.234413
-63.231289
-63.212536
-63.209412
-63.206287
-63.212536
-63.234413
-63.231289
-63.237537
-63.240662
-63.243786
-63.246914
-63.250034
-63.256283
-63.256283
-63.234413
-63.256283
-63.234413
-63.250034
-63.262531
-63.253159
-63.256283
-63.268784
-63.268784
-63.281284
-63.284409
-63.271908
-63.290657
-63.287533
-63.271908
-63.296909
-63.275032
-63.296909
-63.287533
-63.287533
-63.271908
-63.287533
-63.293781
-63.296909
-63.290657
-63.262531
-63.262531
-63.259407
-63.259407
-63.281284
-63.256283
-63.278156
-63.278156
-63.287533
-63.281284
-63.268784
-63.268784
-63.265659
-63.278156
-63.275032
-63.265659
-63.256283
-63.253159
-63.268784
-63.290657
-63.268784
-63.268784
-63.268784
-63.243786
-63.253159
-63.281284
-63.275032
-63.284409
-63.284409
-63.296909
-63.309406
-63.315659
-63.296909
-63.290657
-63.284409
-63.275032
-63.268784
-63.268784
-63.268784
-63.268784
-63.256283
-63.237537
-63.225037
-63.218788
-63.237537
-63.231289
-63.218788
-63.234413
-63.246914
-63.243786
-63.228161
-63.240662
-63.240662
-63.246914
-63.246914
-63.253159
-63.259407
-63.256283
-63.262531
-63.262531
-63.243786
-63.246914
-63.237537
-63.231289
-63.243786
-63.246914
-63.246914
-63.262531
-63.287533
-63.268784
-63.246914
-63.225037
-63.221912
-63.243786
-63.240662
-63.262531
-63.256283
-63.278156
-63.287533
-63.281284
-63.281284
-63.284409
-63.296909
-63.284409
-63.281284
-63.278156
-63.256283
-63.281284
-63.281284
-63.265659
-63.265659
-63.256283
-63.237537
-63.218788
-63.246914
-63.250034
-63.271908
-63.278156
-63.290657
-63.296909
-63.287533
-63.287533
-63.278156
-63.246914
-63.259407
-63.259407
-63.265659
-63.256283
-63.256283
-63.246914
-63.246914
-63.275032
-63.265659
-63.271908
-63.253159
-63.262531
-63.265659
-63.265659
-63.265659
-63.246914
-63.253159
-63.278156
-63.271908
-63.253159
-63.265659
-63.296909
-63.287533
-63.306282
-63.296909
-63.281284
-63.287533
-63.271908
-63.268784
-63.281284
-63.300034
-63.296909
-63.278156
-63.287533
-63.306282
-63.315659
-63.309406
-63.309406
-63.296909
-63.296909
-63.318783
-63.312534
-63.315659
-63.309406
-63.300034
-63.306282
-63.309406
-63.296909
-63.312534
-63.306282
-63.300034
-63.306282
-63.309406
-63.328159
-63.343784
-63.325031
-63.331284
-63.337532
-63.337532
-63.318783
-63.328159
-63.346905
-63.346905
-63.343784
-63.331284
-63.309406
-63.325031
-63.296909
-63.296909
-63.306282
-63.296909
-63.293781
-63.296909
-63.293781
-63.296909
-63.296909
-63.296909
-63.321907
-63.296909
-63.287533
-63.296909
-63.303158
-63.328159
-63.309406
-63.296909
-63.306282
-63.303158
-63.296909
-63.303158
-63.303158
-63.278156
-63.290657
-63.275032
-63.271908
-63.293781
-63.296909
-63.296909
-63.296909
-63.296909
-63.287533
-63.303158
-63.296909
-63.271908
-63.287533
-63.287533
-63.290657
-63.296909
-63.284409
-63.296909
-63.293781
-63.268784
-63.262531
-63.265659
-63.253159
-63.265659
-63.290657
-63.293781
-63.300034
-63.290657
-63.296909
-63.296909
-63.318783
-63.309406
-63.309406
-63.303158
-63.303158
-63.309406
-63.306282
-63.296909
-63.318783
-63.321907
-63.309406
-63.325031
-63.325031
-63.334408
-63.337532
-63.340656
-63.325031
-63.325031
-63.309406
-63.312534
-63.318783
-63.318783
-63.321907
-63.318783
-63.312534
-63.321907
-63.340656
-63.331284
-63.337532
-63.334408
-63.325031
-63.346905
-63.346905
-63.365654
-63.375027
-63.365654
-63.371902
-63.365654
-63.371902
-63.365654
-63.346905
-63.331284
-63.340656
-63.340656
-63.328159
-63.321907
-63.318783
-63.325031
-63.331284
-63.375027
-63.368778
-63.387527
-63.396904
-63.378155
-63.368778
-63.378155
-63.387527
-63.375027
-63.371902
-63.384403
-63.371902
-63.381279
-63.396904
-63.390652
-63.365654
-63.39378
-63.396904
-63.387527
-63.375027
-63.375027
-63.384403
-63.403152
-63.387527
-63.387527
-63.390652
-63.396904
-63.384403
-63.39378
-63.403152
-63.434402
-63.431278
-63.409405
-63.412529
-63.415653
-63.403152
-63.406277
-63.375027
-63.381279
-63.375027
-63.390652
-63.384403
-63.39378
-63.381279
-63.400028
-63.368778
-63.343784
-63.353153
-63.365654
-63.359402
-63.353153
-63.346905
-63.343784
-63.36253
-63.359402
-63.36253
-63.359402
-63.356277
-63.356277
-63.371902
-63.356277
-63.356277
-63.365654
-63.350029
-63.356277
-63.356277
-63.328159
-63.346905
-63.334408
-63.36253
-63.365654
-63.371902
-63.368778
-63.390652
-63.378155
-63.365654
-63.396904
-63.39378
-63.384403
-63.387527
-63.387527
-63.381279
-63.39378
-63.387527
-63.39378
-63.39378
-63.378155
-63.387527
-63.396904
-63.378155
-63.390652
-63.412529
-63.415653
-63.403152
-63.418777
-63.406277
-63.406277
-63.403152
-63.409405
-63.415653
-63.406277
-63.42503
-63.428154
-63.42503
-63.406277
-63.42503
-63.406277
-63.418777
-63.443779
-63.418777
-63.406277
-63.421902
-63.39378
-63.396904
-63.390652
-63.390652
-63.42503
-63.437527
-63.456272
-63.456272
-63.450024
-63.446903
-63.440655
-63.437527
-63.453148
-63.453148
-63.431278
-63.412529
-63.406277
-63.396904
-63.409405
-63.412529
-63.396904
-63.428154
-63.418777
-63.396904
-63.418777
-63.415653
-63.396904
-63.421902
-63.409405
-63.415653
-63.421902
-63.412529
-63.415653
-63.418777
-63.396904
-63.39378
-63.412529
-63.406277
-63.406277
-63.421902
-63.434402
-63.440655
-63.440655
-63.443779
-63.431278
-63.415653
-63.406277
-63.421902
-63.421902
-63.431278
-63.434402
-63.434402
-63.443779
-63.446903
-63.440655
-63.421902
-63.415653
-63.428154
-63.396904
-63.409405
-63.381279
-63.378155
-63.381279
-63.378155
-63.387527
-63.384403
-63.39378
-63.396904
-63.387527
-63.390652
-63.387527
-63.403152
-63.390652
-63.412529
-63.406277
-63.406277
-63.396904
-63.390652
-63.415653
-63.415653
-63.412529
-63.415653
-63.434402
-63.437527
-63.446903
-63.446903
-63.446903
-63.453148
-63.456272
-63.456272
-63.437527
-63.434402
-63.443779
-63.443779
-63.437527
-63.446903
-63.462524
-63.434402
-63.440655
-63.434402
-63.42503
-63.440655
-63.409405
-63.396904
-63.421902
-63.437527
-63.443779
-63.456272
-63.440655
-63.409405
-63.409405
-63.431278
-63.428154
-63.434402
-63.42503
-63.437527
-63.440655
-63.415653
-63.434402
-63.428154
-63.406277
-63.418777
-63.400028
-63.39378
-63.403152
-63.42503
-63.42503
-63.446903
-63.428154
-63.446903
-63.443779
-63.440655
-63.446903
-63.418777
-63.421902
-63.434402
-63.459396
-63.440655
-63.446903
-63.437527
-63.418777
-63.418777
-63.421902
-63.415653
-63.431278
-63.421902
-63.428154
-63.415653
-63.440655
-63.443779
-63.431278
-63.434402
-63.437527
-63.446903
-63.434402
-63.440655
-63.440655
-63.450024
-63.468773
-63.450024
-63.465649
-63.468773
-63.453148
-63.459396
-63.475021
-63.468773
-63.462524
-63.462524
-63.456272
-63.434402
-63.434402
-63.42503
-63.446903
-63.456272
-63.446903
-63.493774
-63.496899
-63.481274
-63.478149
-63.468773
-63.478149
-63.475021
-63.453148
-63.465649
-63.471897
-63.462524
-63.459396
-63.465649
-63.453148
-63.484398
-63.484398
-63.493774
-63.503147
-63.493774
-63.481274
-63.496899
-63.484398
-63.484398
-63.496899
-63.496899
-63.484398
-63.484398
-63.475021
-63.471897
-63.481274
-63.471897
-63.450024
-63.465649
-63.462524
-63.459396
-63.487522
-63.465649
-63.471897
-63.443779
-63.478149
-63.462524
-63.446903
-63.450024
-63.453148
-63.443779
-63.415653
-63.428154
-63.446903
-63.456272
-63.446903
-63.456272
-63.475021
-63.462524
-63.478149
-63.478149
-63.468773
-63.459396
-63.446903
-63.456272
-63.450024
-63.471897
-63.487522
-63.462524
-63.462524
-63.465649
-63.484398
-63.496899
-63.506271
-63.490646
-63.487522
-63.465649
-63.471897
-63.468773
-63.462524
-63.459396
-63.462524
-63.446903
-63.465649
-63.465649
-63.450024
-63.468773
-63.490646
-63.459396
-63.446903
-63.471897
-63.462524
-63.493774
-63.478149
-63.456272
-63.465649
-63.471897
-63.475021
-63.459396
-63.465649
-63.481274
-63.475021
-63.462524
-63.450024
-63.443779
-63.450024
-63.440655
-63.428154
-63.421902
-63.446903
-63.456272
-63.475021
-63.478149
-63.462524
-63.456272
-63.481274
-63.462524
-63.459396
-63.446903
-63.453148
-63.428154
-63.428154
-63.428154
-63.431278
-63.428154
-63.446903
-63.440655
-63.453148
-63.431278
-63.428154
-63.418777
-63.434402
-63.421902
-63.415653
-63.431278
-63.415653
-63.421902
-63.409405
-63.403152
-63.415653
-63.418777
-63.406277
-63.428154
-63.437527
-63.446903
-63.443779
-63.456272
-63.465649
-63.450024
-63.459396
-63.465649
-63.446903
-63.465649
-63.450024
-63.431278
-63.453148
-63.446903
-63.431278
-63.446903
-63.437527
-63.446903
-63.465649
-63.456272
-63.446903
-63.446903
-63.446903
-63.450024
-63.453148
-63.437527
-63.434402
-63.418777
-63.421902
-63.431278
-63.446903
-63.446903
-63.446903
-63.437527
-63.412529
-63.428154
-63.409405
-63.409405
-63.434402
-63.418777
-63.421902
-63.415653
-63.406277
-63.428154
-63.446903
-63.428154
-63.428154
-63.415653
-63.415653
-63.428154
-63.434402
-63.440655
-63.440655
-63.443779
-63.428154
-63.446903
-63.434402
-63.437527
-63.437527
-63.437527
-63.443779
-63.421902
-63.381279
-63.403152
-63.437527
-63.421902
-63.409405
-63.434402
-63.42503
-63.415653
-63.421902
-63.396904
-63.390652
-63.412529
-63.418777
-63.440655
-63.428154
-63.421902
-63.446903
-63.450024
-63.437527
-63.450024
-63.446903
-63.446903
-63.459396
-63.446903
-63.453148
-63.443779
-63.446903
-63.446903
-63.446903
-63.446903
-63.443779
-63.453148
-63.453148
-63.468773
-63.446903
-63.428154
-63.446903
-63.421902
-63.440655
-63.42503
-63.434402
-63.42503
-63.421902
-63.415653
-63.421902
-63.415653
-63.412529
-63.421902
-63.431278
-63.418777
-63.431278
-63.440655
-63.418777
-63.415653
-63.415653
-63.409405
-63.403152
-63.387527
-63.390652
-63.400028
-63.403152
-63.400028
-63.409405
-63.396904
-63.39378
-63.415653
-63.42503
-63.421902
-63.415653
-63.400028
-63.403152
-63.403152
-63.428154
-63.42503
-63.415653
-63.412529
-63.406277
-63.396904
-63.400028
-63.421902
-63.409405
-63.415653
-63.415653
-63.403152
-63.406277
-63.412529
-63.412529
-63.412529
-63.387527
-63.406277
-63.415653
-63.42503
-63.396904
-63.387527
-63.387527
-63.384403
-63.387527
-63.390652
-63.390652
-63.400028
-63.406277
-63.400028
-63.403152
-63.409405
-63.409405
-63.400028
-63.396904
-63.396904
-63.415653
-63.409405
-63.415653
-63.412529
-63.412529
-63.418777
-63.421902
-63.42503
-63.421902
-63.421902
-63.418777
-63.440655
-63.428154
-63.428154
-63.421902
-63.431278
-63.434402
-63.453148
-63.428154
-63.453148
-63.465649
-63.453148
-63.453148
-63.431278
-63.440655
-63.468773
-63.443779
-63.446903
-63.446903
-63.418777
-63.418777
-63.443779
-63.421902
-63.428154
-63.440655
-63.443779
-63.446903
-63.453148
-63.443779
-63.434402
-63.428154
-63.428154
-63.443779
-63.456272
-63.446903
-63.462524
-63.465649
-63.456272
-63.468773
-63.468773
-63.446903
-63.440655
-63.437527
-63.446903
-63.446903
-63.443779
-63.450024
-63.42503
-63.434402
-63.446903
-63.434402
-63.437527
-63.443779
-63.446903
-63.434402
-63.434402
-63.437527
-63.434402
-63.446903
-63.428154
-63.434402
-63.428154
-63.434402
-63.440655
-63.440655
-63.431278
-63.446903
-63.468773
-63.478149
-63.462524
-63.434402
-63.437527
-63.437527
-63.428154
-63.443779
-63.437527
-63.431278
-63.412529
-63.434402
-63.440655
-63.443779
-63.453148
-63.428154
-63.431278
-63.428154
-63.437527
-63.434402
-63.443779
-63.415653
-63.421902
-63.446903
-63.428154
-63.443779
-63.428154
-63.403152
-63.431278
-63.412529
-63.409405
-63.39378
-63.368778
-63.381279
-63.406277
-63.412529
-63.409405
-63.406277
-63.384403
-63.387527
-63.371902
-63.371902
-63.384403
-63.378155
-63.384403
-63.403152
-63.396904
-63.396904
-63.390652
-63.375027
-63.381279
-63.375027
-63.378155
-63.39378
-63.384403
-63.371902
-63.359402
-63.371902
-63.36253
-63.390652
-63.387527
-63.378155
-63.375027
-63.368778
-63.334408
-63.337532
-63.334408
-63.340656
-63.371902
-63.359402
-63.371902
-63.368778
-63.346905
-63.378155
-63.396904
-63.39378
-63.409405
-63.390652
-63.387527
-63.359402
-63.381279
-63.396904
-63.396904
-63.400028
-63.400028
-63.403152
-63.39378
-63.371902
-63.368778
-63.375027
-63.375027
-63.353153
-63.365654
-63.356277
-63.378155
-63.365654
-63.365654
-63.406277
-63.396904
-63.403152
-63.39378
-63.39378
-63.381279
-63.371902
-63.378155
-63.375027
-63.359402
-63.365654
-63.375027
-63.387527
-63.384403
-63.36253
-63.353153
-63.350029
-63.340656
-63.346905
-63.371902
-63.387527
-63.39378
-63.390652
-63.365654
-63.346905
-63.353153
-63.350029
-63.346905
-63.346905
-63.346905
-63.340656
-63.346905
-63.356277
-63.346905
-63.346905
-63.340656
-63.368778
-63.36253
-63.356277
-63.356277
-63.346905
-63.346905
-63.321907
-63.328159
-63.328159
-63.331284
-63.346905
-63.350029
-63.340656
-63.337532
-63.365654
-63.36253
-63.346905
-63.331284
-63.325031
-63.321907
-63.318783
-63.334408
-63.315659
-63.303158
-63.318783
-63.337532
-63.356277
-63.334408
-63.340656
-63.346905
-63.346905
-63.346905
-63.340656
-63.334408
-63.346905
-63.346905
-63.350029
-63.359402
-63.365654
-63.359402
-63.353153
-63.36253
-63.359402
-63.346905
-63.375027
-63.36253
-63.371902
-63.365654
-63.346905
-63.353153
-63.368778
-63.365654
-63.365654
-63.346905
-63.368778
-63.381279
-63.365654
-63.36253
-63.378155
-63.353153
-63.365654
-63.387527
-63.371902
-63.375027
-63.378155
-63.337532
-63.346905
-63.359402
-63.365654
-63.350029
-63.353153
-63.346905
-63.356277
-63.353153
-63.346905
-63.346905
-63.368778
-63.371902
-63.387527
-63.378155
-63.378155
-63.381279
-63.368778
-63.365654
-63.36253
-63.343784
-63.346905
-63.346905
-63.346905
-63.368778
-63.356277
-63.36253
-63.340656
-63.346905
-63.337532
-63.340656
-63.315659
-63.306282
-63.337532
-63.334408
-63.343784
-63.353153
-63.346905
-63.359402
-63.365654
-63.343784
-63.340656
-63.340656
-63.359402
-63.359402
-63.368778
-63.381279
-63.39378
-63.412529
-63.387527
-63.368778
-63.368778
-63.36253
-63.365654
-63.36253
-63.371902
-63.36253
-63.371902
-63.371902
-63.390652
-63.390652
-63.396904
-63.390652
-63.390652
-63.396904
-63.375027
-63.381279
-63.387527
-63.381279
-63.375027
-63.378155
-63.381279
-63.359402
-63.353153
-63.334408
-63.350029
-63.359402
-63.353153
-63.356277
-63.353153
-63.328159
-63.334408
-63.353153
-63.334408
-63.368778
-63.36253
-63.384403
-63.371902
-63.365654
-63.36253
-63.356277
-63.346905
-63.331284
-63.346905
-63.356277
-63.365654
-63.368778
-63.375027
-63.378155
-63.368778
-63.365654
-63.375027
-63.368778
-63.359402
-63.371902
-63.371902
-63.371902
-63.371902
-63.368778
-63.368778
-63.384403
-63.384403
-63.39378
-63.390652
-63.371902
-63.384403
-63.390652
-63.368778
-63.390652
-63.390652
-63.365654
-63.387527
-63.406277
-63.368778
-63.346905
-63.359402
-63.334408
-63.340656
-63.328159
-63.334408
-63.346905
-63.318783
-63.318783
-63.346905
-63.356277
-63.346905
-63.340656
-63.356277
-63.350029
-63.346905
-63.346905
-63.331284
-63.340656
-63.346905
-63.321907
-63.318783
-63.337532
-63.346905
-63.343784
-63.334408
-63.331284
-63.318783
-63.328159
-63.328159
-63.309406
-63.337532
-63.337532
-63.331284
-63.346905
-63.340656
-63.328159
-63.325031
-63.337532
-63.321907
-63.331284
-63.337532
-63.340656
-63.331284
-63.337532
-63.337532
-63.346905
-63.318783
-63.340656
-63.334408
-63.334408
-63.325031
-63.331284
-63.309406
-63.309406
-63.290657
-63.278156
-63.296909
-63.303158
-63.303158
-63.321907
-63.321907
-63.309406
-63.306282
-63.296909
-63.296909
-63.296909
-63.312534
-63.306282
-63.296909
-63.293781
-63.284409
-63.281284
-63.284409
-63.296909
-63.268784
-63.284409
-63.284409
-63.318783
-63.306282
-63.337532
-63.334408
-63.315659
-63.325031
-63.334408
-63.325031
-63.331284
-63.315659
-63.303158
-63.306282
-63.300034
-63.303158
-63.306282
-63.315659
-63.318783
-63.296909
-63.290657
-63.318783
-63.309406
-63.318783
-63.334408
-63.306282
-63.309406
-63.312534
-63.306282
-63.309406
-63.321907
-63.343784
-63.321907
-63.321907
-63.318783
-63.296909
-63.309406
-63.303158
-63.328159
-63.318783
-63.315659
-63.315659
-63.315659
-63.296909
-63.300034
-63.303158
-63.296909
-63.293781
-63.293781
-63.293781
-63.315659
-63.309406
-63.306282
-63.296909
-63.293781
-63.284409
-63.290657
-63.284409
-63.296909
-63.281284
-63.253159
-63.271908
-63.287533
-63.284409
-63.293781
-63.306282
-63.275032
-63.284409
-63.265659
-63.256283
-63.259407
-63.250034
-63.259407
-63.265659
-63.275032
-63.268784
-63.256283
-63.262531
-63.275032
-63.262531
-63.265659
-63.278156
-63.265659
-63.259407
-63.262531
-63.293781
-63.284409
-63.300034
-63.312534
-63.321907
-63.350029
-63.343784
-63.346905
-63.346905
-63.312534
-63.303158
-63.318783
-63.315659
-63.321907
-63.315659
-63.334408
-63.309406
-63.309406
-63.296909
-63.290657
-63.262531
-63.262531
-63.290657
-63.278156
-63.281284
-63.281284
-63.290657
-63.300034
-63.312534
-63.290657
-63.296909
-63.284409
-63.296909
-63.296909
-63.290657
-63.293781
-63.284409
-63.296909
-63.293781
-63.284409
-63.284409
-63.246914
-63.259407
-63.262531
-63.262531
-63.278156
-63.265659
-63.253159
-63.268784
-63.253159
-63.262531
-63.278156
-63.268784
-63.262531
-63.293781
-63.290657
-63.281284
-63.296909
-63.287533
-63.281284
-63.296909
-63.265659
-63.259407
-63.262531
-63.246914
-63.278156
-63.284409
-63.290657
-63.303158
-63.275032
-63.290657
-63.278156
-63.265659
-63.265659
-63.253159
-63.218788
-63.240662
-63.246914
-63.259407
-63.250034
-63.284409
-63.271908
-63.296909
-63.290657
-63.281284
-63.268784
-63.290657
-63.287533
-63.300034
-63.296909
-63.309406
-63.331284
-63.315659
-63.325031
-63.334408
-63.325031
-63.346905
-63.365654
-63.346905
-63.343784
-63.346905
-63.334408
-63.346905
-63.312534
-63.300034
-63.300034
-63.284409
-63.296909
-63.300034
-63.290657
-63.287533
-63.306282
-63.287533
-63.278156
-63.281284
-63.296909
-63.296909
-63.315659
-63.306282
-63.296909
-63.296909
-63.303158
-63.309406
-63.315659
-63.309406
-63.312534
-63.337532
-63.309406
-63.309406
-63.293781
-63.287533
-63.306282
-63.296909
-63.318783
-63.306282
-63.296909
-63.312534
-63.306282
-63.303158
-63.315659
-63.315659
-63.306282
-63.321907
-63.331284
-63.315659
-63.331284
-63.309406
-63.337532
-63.337532
-63.334408
-63.321907
-63.343784
-63.321907
-63.343784
-63.328159
-63.340656
-63.346905
-63.353153
-63.359402
-63.346905
-63.350029
-63.325031
-63.321907
-63.315659
-63.296909
-63.337532
-63.328159
-63.334408
-63.340656
-63.343784
-63.343784
-63.346905
-63.353153
-63.346905
-63.325031
-63.306282
-63.334408
-63.318783
-63.321907
-63.331284
-63.318783
-63.340656
-63.315659
-63.328159
-63.325031
-63.343784
-63.325031
-63.312534
-63.315659
-63.312534
-63.303158
-63.296909
-63.321907
-63.318783
-63.321907
-63.312534
-63.309406
-63.300034
-63.296909
-63.290657
-63.300034
-63.306282
-63.309406
-63.296909
-63.315659
-63.309406
-63.312534
-63.293781
-63.312534
-63.293781
-63.296909
-63.303158
-63.296909
-63.321907
-63.340656
-63.321907
-63.293781
-63.296909
-63.296909
-63.296909
-63.321907
-63.293781
-63.296909
-63.318783
-63.315659
-63.318783
-63.303158
-63.296909
-63.315659
-63.300034
-63.290657
-63.293781
-63.284409
-63.309406
-63.300034
-63.275032
-63.290657
-63.284409
-63.278156
-63.268784
-63.275032
-63.284409
-63.265659
-63.268784
-63.250034
-63.265659
-63.259407
-63.256283
-63.262531
-63.262531
-63.275032
-63.296909
-63.293781
-63.281284
-63.281284
-63.287533
-63.296909
-63.287533
-63.275032
-63.271908
-63.278156
-63.278156
-63.284409
-63.296909
-63.306282
-63.300034
-63.309406
-63.303158
-63.321907
-63.296909
-63.303158
-63.321907
-63.303158
-63.303158
-63.306282
-63.284409
-63.293781
-63.296909
-63.296909
-63.290657
-63.284409
-63.278156
-63.281284
-63.284409
-63.256283
-63.250034
-63.228161
-63.240662
-63.240662
-63.221912
-63.256283
-63.275032
-63.268784
-63.265659
-63.253159
-63.271908
-63.290657
-63.281284
-63.284409
-63.300034
-63.312534
-63.290657
-63.312534
-63.296909
-63.281284
-63.284409
-63.268784
-63.281284
-63.281284
-63.271908
-63.275032
-63.290657
-63.287533
-63.278156
-63.293781
-63.296909
-63.300034
-63.321907
-63.296909
-63.309406
-63.318783
-63.309406
-63.300034
-63.296909
-63.293781
-63.293781
-63.290657
-63.287533
-63.296909
-63.296909
-63.290657
-63.318783
-63.287533
-63.287533
-63.296909
-63.278156
-63.275032
-63.271908
-63.275032
-63.278156
-63.284409
-63.290657
-63.306282
-63.296909
-63.296909
-63.296909
-63.296909
-63.278156
-63.312534
-63.306282
-63.296909
-63.296909
-63.284409
-63.293781
-63.309406
-63.293781
-63.296909
-63.306282
-63.296909
-63.306282
-63.278156
-63.271908
-63.296909
-63.287533
-63.275032
-63.290657
-63.290657
-63.303158
-63.284409
-63.296909
-63.306282
-63.309406
-63.306282
-63.303158
-63.287533
-63.296909
-63.290657
-63.278156
-63.281284
-63.284409
-63.268784
-63.256283
-63.256283
-63.265659
-63.265659
-63.262531
-63.253159
-63.259407
-63.262531
-63.271908
-63.265659
-63.275032
-63.278156
-63.296909
-63.287533
-63.281284
-63.265659
-63.271908
-63.246914
-63.246914
-63.240662
-63.237537
-63.231289
-63.250034
-63.259407
-63.265659
-63.268784
-63.259407
-63.262531
-63.246914
-63.275032
-63.265659
-63.278156
-63.265659
-63.271908
-63.259407
-63.268784
-63.281284
-63.265659
-63.268784
-63.253159
-63.256283
-63.278156
-63.268784
-63.250034
-63.262531
-63.246914
-63.234413
-63.243786
-63.259407
-63.262531
-63.256283
-63.262531
-63.253159
-63.250034
-63.246914
-63.240662
-63.240662
-63.265659
-63.278156
-63.262531
-63.246914
-63.256283
-63.256283
-63.250034
-63.256283
-63.259407
-63.256283
-63.240662
-63.240662
-63.259407
-63.259407
-63.240662
-63.246914
-63.246914
-63.246914
-63.246914
-63.246914
-63.253159
-63.246914
-63.259407
-63.250034
-63.253159
-63.265659
-63.234413
-63.250034
-63.246914
-63.246914
-63.271908
-63.278156
-63.287533
-63.293781
-63.271908
-63.278156
-63.281284
-63.284409
-63.265659
-63.290657
-63.284409
-63.284409
-63.271908
-63.281284
-63.296909
-63.287533
-63.278156
-63.262531
-63.259407
-63.246914
-63.259407
-63.271908
-63.268784
-63.290657
-63.287533
-63.296909
-63.284409
-63.262531
-63.253159
-63.265659
-63.259407
-63.278156
-63.284409
-63.271908
-63.271908
-63.259407
-63.275032
-63.271908
-63.268784
-63.293781
-63.290657
-63.281284
-63.271908
-63.278156
-63.275032
-63.271908
-63.278156
-63.287533
-63.278156
-63.265659
-63.246914
-63.262531
-63.262531
-63.262531
-63.278156
-63.287533
-63.281284
-63.296909
-63.293781
-63.262531
-63.268784
-63.243786
-63.246914
-63.243786
-63.246914
-63.259407
-63.284409
-63.271908
-63.278156
-63.284409
-63.290657
-63.290657
-63.278156
-63.281284
-63.284409
-63.271908
-63.256283
-63.253159
-63.259407
-63.271908
-63.268784
-63.271908
-63.268784
-63.259407
-63.271908
-63.265659
-63.271908
-63.271908
-63.296909
-63.290657
-63.268784
-63.278156
-63.284409
-63.265659
-63.253159
-63.256283
-63.268784
-63.268784
-63.253159
-63.256283
-63.262531
-63.268784
-63.281284
-63.281284
-63.293781
-63.290657
-63.275032
-63.275032
-63.309406
-63.296909
-63.296909
-63.306282
-63.287533
-63.293781
-63.275032
-63.296909
-63.268784
-63.281284
-63.290657
-63.281284
-63.278156
-63.278156
-63.275032
-63.284409
-63.271908
-63.259407
-63.284409
-63.265659
-63.287533
-63.296909
-63.281284
-63.287533
-63.309406
-63.303158
-63.303158
-63.303158
-63.300034
-63.296909
-63.309406
-63.296909
-63.296909
-63.296909
-63.296909
-63.284409
-63.278156
-63.281284
-63.275032
-63.275032
-63.296909
-63.306282
-63.309406
-63.309406
-63.312534
-63.300034
-63.290657
-63.293781
-63.296909
-63.290657
-63.271908
-63.259407
-63.262531
-63.262531
-63.271908
-63.271908
-63.268784
-63.268784
-63.268784
-63.268784
-63.271908
-63.296909
-63.293781
-63.271908
-63.293781
-63.296909
-63.303158
-63.296909
-63.300034
-63.318783
-63.318783
-63.300034
-63.315659
-63.296909
-63.296909
-63.300034
-63.296909
-63.290657
-63.290657
-63.296909
-63.309406
-63.296909
-63.306282
-63.303158
-63.296909
-63.296909
-63.300034
-63.293781
-63.296909
-63.328159
-63.325031
-63.331284
-63.321907
-63.337532
-63.346905
-63.346905
-63.346905
-63.331284
-63.334408
-63.312534
-63.346905
-63.328159
-63.343784
-63.346905
-63.331284
-63.328159
-63.328159
-63.321907
-63.334408
-63.328159
-63.315659
-63.303158
-63.312534
-63.328159
-63.309406
-63.318783
-63.315659
-63.312534
-63.315659
-63.315659
-63.318783
-63.346905
-63.325031
-63.337532
-63.343784
-63.306282
-63.321907
-63.303158
-63.303158
-63.296909
-63.293781
-63.296909
-63.321907
-63.303158
-63.296909
-63.328159
-63.296909
-63.312534
-63.309406
-63.306282
-63.309406
-63.321907
-63.315659
-63.312534
-63.309406
-63.296909
-63.306282
-63.300034
-63.296909
-63.284409
-63.271908
-63.268784
-63.287533
-63.281284
-63.281284
-63.281284
-63.293781
-63.296909
-63.290657
-63.281284
-63.303158
-63.296909
-63.303158
-63.318783
-63.334408
-63.306282
-63.296909
-63.315659
-63.296909
-63.328159
-63.321907
-63.321907
-63.325031
-63.346905
-63.331284
-63.334408
-63.309406
-63.325031
-63.334408
-63.334408
-63.340656
-63.353153
-63.359402
-63.375027
-63.371902
-63.346905
-63.346905
-63.334408
-63.343784
-63.343784
-63.346905
-63.318783
-63.315659
-63.312534
-63.328159
-63.346905
-63.334408
-63.343784
-63.340656
-63.321907
-63.331284
-63.296909
-63.296909
-63.318783
-63.293781
-63.284409
-63.296909
-63.312534
-63.315659
-63.306282
-63.309406
-63.306282
-63.328159
-63.312534
-63.300034
-63.331284
-63.318783
-63.321907
-63.325031
-63.325031
-63.318783
-63.315659
-63.321907
-63.340656
-63.318783
-63.309406
-63.328159
-63.337532
-63.303158
-63.328159
-63.337532
-63.325031
-63.346905
-63.309406
-63.334408
-63.331284
-63.321907
-63.312534
-63.296909
-63.321907
-63.325031
-63.331284
-63.328159
-63.331284
-63.321907
-63.346905
-63.359402
-63.340656
-63.368778
-63.346905
-63.365654
-63.340656
-63.346905
-63.346905
-63.337532
-63.334408
-63.343784
-63.346905
-63.340656
-63.328159
-63.328159
-63.331284
-63.337532
-63.340656
-63.346905
-63.328159
-63.337532
-63.337532
-63.337532
-63.337532
-63.334408
-63.331284
-63.325031
-63.321907
-63.303158
-63.340656
-63.321907
-63.318783
-63.328159
-63.318783
-63.328159
-63.331284
-63.328159
-63.321907
-63.328159
-63.321907
-63.340656
-63.346905
-63.346905
-63.353153
-63.359402
-63.378155
-63.381279
-63.368778
-63.371902
-63.371902
-63.371902
-63.356277
-63.353153
-63.346905
-63.346905
-63.346905
-63.334408
-63.343784
-63.334408
-63.334408
-63.328159
-63.328159
-63.312534
-63.346905
-63.334408
-63.331284
-63.334408
-63.325031
-63.315659
-63.334408
-63.331284
-63.343784
-63.340656
-63.343784
-63.346905
-63.328159
-63.309406
-63.306282
-63.293781
-63.281284
-63.303158
-63.309406
-63.300034
-63.296909
-63.312534
-63.312534
-63.321907
-63.321907
-63.334408
-63.321907
-63.315659
-63.303158
-63.318783
-63.321907
-63.325031
-63.331284
-63.346905
-63.353153
-63.337532
-63.325031
-63.346905
-63.328159
-63.312534
-63.315659
-63.331284
-63.334408
-63.334408
-63.331284
-63.325031
-63.328159
-63.321907
-63.334408
-63.325031
-63.343784
-63.331284
-63.328159
-63.331284
-63.331284
-63.331284
-63.331284
-63.346905
-63.340656
-63.321907
-63.315659
-63.334408
-63.343784
-63.368778
-63.346905
-63.340656
-63.328159
-63.325031
-63.296909
-63.303158
-63.309406
-63.296909
-63.321907
-63.321907
-63.340656
-63.321907
-63.309406
-63.309406
-63.315659
-63.306282
-63.296909
-63.300034
-63.296909
-63.300034
-63.293781
-63.296909
-63.293781
-63.293781
-63.318783
-63.318783
-63.300034
-63.296909
-63.306282
-63.284409
-63.306282
-63.275032
-63.246914
-63.268784
-63.259407
-63.290657
-63.309406
-63.315659
-63.303158
-63.328159
-63.328159
-63.303158
-63.300034
-63.296909
-63.318783
-63.318783
-63.331284
-63.346905
-63.331284
-63.334408
-63.328159
-63.331284
-63.296909
-63.318783
-63.315659
-63.293781
-63.296909
-63.309406
-63.328159
-63.328159
-63.315659
-63.325031
-63.303158
-63.309406
-63.300034
-63.300034
-63.321907
-63.318783
-63.309406
-63.300034
-63.284409
-63.312534
-63.300034
-63.296909
-63.284409
-63.284409
-63.284409
-63.296909
-63.296909
-63.309406
-63.312534
-63.343784
-63.325031
-63.321907
-63.321907
-63.315659
-63.318783
-63.309406
-63.306282
-63.284409
-63.296909
-63.281284
-63.296909
-63.300034
-63.296909
-63.268784
-63.296909
-63.296909
-63.287533
-63.290657
-63.296909
-63.296909
-63.306282
-63.296909
-63.303158
-63.290657
-63.296909
-63.306282
-63.300034
-63.287533
-63.284409
-63.300034
-63.296909
-63.262531
-63.287533
-63.278156
-63.262531
-63.278156
-63.278156
-63.246914
-63.253159
-63.246914
-63.237537
-63.246914
-63.246914
-63.259407
-63.231289
-63.253159
-63.265659
-63.246914
-63.237537
-63.228161
-63.231289
-63.240662
-63.265659
-63.253159
-63.296909
-63.284409
-63.284409
-63.278156
-63.275032
-63.275032
-63.281284
-63.275032
-63.278156
-63.290657
-63.296909
-63.296909
-63.293781
-63.262531
-63.284409
-63.259407
-63.262531
-63.271908
-63.268784
-63.278156
-63.262531
-63.253159
-63.256283
-63.265659
-63.246914
-63.243786
-63.243786
-63.253159
-63.234413
-63.228161
-63.246914
-63.240662
-63.246914
-63.221912
-63.215664
-63.228161
-63.243786
-63.240662
-63.250034
-63.246914
-63.296909
-63.293781
-63.265659
-63.281284
-63.290657
-63.278156
-63.287533
-63.278156
-63.256283
-63.259407
-63.246914
-63.237537
-63.246914
-63.246914
-63.259407
-63.262531
-63.250034
-63.243786
-63.259407
-63.265659
-63.268784
-63.271908
-63.275032
-63.271908
-63.284409
-63.284409
-63.287533
-63.293781
-63.290657
-63.287533
-63.278156
-63.284409
-63.290657
-63.259407
-63.271908
-63.265659
-63.265659
-63.268784
-63.271908
-63.265659
-63.265659
-63.284409
-63.296909
-63.293781
-63.296909
-63.296909
-63.315659
-63.296909
-63.296909
-63.290657
-63.281284
-63.296909
-63.284409
-63.296909
-63.296909
-63.281284
-63.284409
-63.290657
-63.281284
-63.278156
-63.275032
-63.281284
-63.281284
-63.278156
-63.281284
-63.275032
-63.284409
-63.278156
-63.271908
-63.271908
-63.287533
-63.287533
-63.284409
-63.246914
-63.243786
-63.246914
-63.237537
-63.237537
-63.259407
-63.246914
-63.262531
-63.259407
-63.271908
-63.268784
-63.253159
-63.246914
-63.271908
-63.278156
-63.256283
-63.271908
-63.256283
-63.259407
-63.275032
-63.250034
-63.256283
-63.259407
-63.268784
-63.284409
-63.275032
-63.256283
-63.271908
-63.253159
-63.259407
-63.259407
-63.256283
-63.253159
-63.278156
-63.278156
-63.265659
-63.275032
-63.250034
-63.262531
-63.275032
-63.246914
-63.246914
-63.253159
-63.243786
-63.243786
-63.240662
-63.225037
-63.215664
-63.218788
-63.234413
-63.234413
-63.231289
-63.212536
-63.215664
-63.193787
-63.228161
-63.225037
-63.228161
-63.231289
-63.240662
-63.246914
-63.209412
-63.196911
-63.187538
-63.190662
-63.193787
-63.190662
-63.209412
-63.228161
-63.228161
-63.240662
-63.246914
-63.231289
-63.243786
-63.246914
-63.228161
-63.221912
-63.225037
-63.246914
-63.246914
-63.256283
-63.246914
-63.243786
-63.231289
-63.228161
-63.228161
-63.196911
-63.225037
-63.237537
-63.215664
-63.240662
-63.240662
-63.237537
-63.221912
-63.221912
-63.215664
-63.212536
-63.196911
-63.203163
-63.225037
-63.196911
-63.221912
-63.231289
-63.225037
-63.200039
-63.209412
-63.193787
-63.193787
-63.193787
-63.184414
-63.193787
-63.196911
-63.196911
-63.209412
-63.203163
-63.184414
-63.196911
-63.171913
-63.196911
-63.196911
-63.190662
-63.206287
-63.196911
-63.193787
-63.184414
-63.171913
-63.184414
-63.196911
-63.187538
-63.175037
-63.193787
-63.196911
-63.162537
-63.162537
-63.165661
-63.153164
-63.146912
-63.146912
-63.178162
-63.178162
-63.159412
-63.159412
-63.150036
-63.162537
-63.162537
-63.178162
-63.168789
-63.168789
-63.178162
-63.162537
-63.162537
-63.153164
-63.150036
-63.175037
-63.171913
-63.175037
-63.171913
-63.178162
-63.178162
-63.184414
-63.184414
-63.184414
-63.165661
-63.168789
-63.178162
-63.196911
-63.184414
-63.181286
-63.190662
-63.193787
-63.178162
-63.178162
-63.171913
-63.184414
-63.184414
-63.165661
-63.187538
-63.187538
-63.184414
-63.190662
-63.168789
-63.171913
-63.178162
-63.165661
-63.190662
-63.196911
-63.162537
-63.162537
-63.165661
-63.159412
-63.159412
-63.162537
-63.184414
-63.196911
-63.168789
-63.165661
-63.171913
-63.162537
-63.156288
-63.168789
-63.168789
-63.175037
-63.178162
-63.193787
-63.184414
-63.187538
-63.196911
-63.184414
-63.181286
-63.178162
-63.184414
-63.187538
-63.175037
-63.165661
-63.184414
-63.196911
-63.181286
-63.171913
-63.165661
-63.162537
-63.153164
-63.171913
-63.165661
-63.159412
-63.181286
-63.171913
-63.165661
-63.162537
-63.171913
-63.171913
-63.184414
-63.209412
-63.190662
-63.190662
-63.171913
-63.150036
-63.168789
-63.150036
-63.146912
-63.140667
-63.143791
-63.150036
-63.140667
-63.128166
-63.143791
-63.140667
-63.137543
-63.140667
-63.165661
-63.134418
-63.128166
-63.137543
-63.146912
-63.143791
-63.115669
-63.118793
-63.131294
-63.137543
-63.125042
-63.134418
-63.109417
-63.121918
-63.128166
-63.125042
-63.128166
-63.121918
-63.115669
-63.118793
-63.112541
-63.096916
-63.140667
-63.153164
-63.159412
-63.168789
-63.178162
-63.156288
-63.165661
-63.184414
-63.184414
-63.193787
-63.171913
-63.187538
-63.184414
-63.181286
-63.159412
-63.171913
-63.168789
-63.178162
-63.146912
-63.165661
-63.165661
-63.178162
-63.178162
-63.150036
-63.162537
-63.153164
-63.156288
-63.159412
-63.146912
-63.159412
-63.140667
-63.146912
-63.150036
-63.159412
-63.162537
-63.153164
-63.146912
-63.134418
-63.140667
-63.156288
-63.153164
-63.159412
-63.159412
-63.165661
-63.165661
-63.150036
-63.162537
-63.140667
-63.137543
-63.146912
-63.134418
-63.134418
-63.131294
-63.118793
-63.121918
-63.137543
-63.109417
-63.121918
-63.103168
-63.100044
-63.096916
-63.093792
-63.106293
-63.103168
-63.109417
-63.109417
-63.112541
-63.118793
-63.146912
-63.156288
-63.156288
-63.153164
-63.140667
-63.143791
-63.118793
-63.118793
-63.128166
-63.134418
-63.115669
-63.128166
-63.125042
-63.137543
-63.121918
-63.140667
-63.128166
-63.140667
-63.140667
-63.134418
-63.115669
-63.115669
-63.115669
-63.118793
-63.106293
-63.103168
-63.121918
-63.103168
-63.128166
-63.134418
-63.121918
-63.112541
-63.128166
-63.121918
-63.109417
-63.128166
-63.118793
-63.125042
-63.143791
-63.128166
-63.137543
-63.128166
-63.121918
-63.146912
-63.146912
-63.140667
-63.159412
-63.146912
-63.137543
-63.143791
-63.146912
-63.128166
-63.150036
-63.121918
-63.118793
-63.121918
-63.103168
-63.118793
-63.103168
-63.084419
-63.087543
-63.093792
-63.093792
-63.106293
-63.106293
-63.109417
-63.096916
-63.096916
-63.112541
-63.118793
-63.134418
-63.140667
-63.146912
-63.153164
-63.137543
-63.137543
-63.146912
-63.115669
-63.121918
-63.134418
-63.131294
-63.109417
-63.106293
-63.118793
-63.137543
-63.131294
-63.115669
-63.137543
-63.118793
-63.131294
-63.118793
-63.096916
-63.096916
-63.103168
-63.112541
-63.128166
-63.115669
-63.112541
-63.109417
-63.112541
-63.106293
-63.121918
-63.118793
-63.112541
-63.121918
-63.096916
-63.109417
-63.109417
-63.109417
-63.115669
-63.096916
-63.096916
-63.100044
-63.096916
-63.090668
-63.096916
-63.090668
-63.096916
-63.090668
-63.096916
-63.109417
-63.103168
-63.096916
-63.109417
-63.106293
-63.103168
-63.109417
-63.109417
-63.109417
-63.100044
-63.096916
-63.090668
-63.103168
-63.096916
-63.103168
-63.096916
-63.109417
-63.115669
-63.109417
-63.106293
-63.109417
-63.109417
-63.115669
-63.112541
-63.112541
-63.112541
-63.096916
-63.112541
-63.121918
-63.096916
-63.087543
-63.087543
-63.087543
-63.078167
-63.075043
-63.096916
-63.096916
-63.090668
-63.096916
-63.106293
-63.106293
-63.100044
-63.096916
-63.093792
-63.087543
-63.081291
-63.087543
-63.096916
-63.090668
-63.081291
-63.075043
-63.068794
-63.081291
-63.096916
-63.106293
-63.121918
-63.118793
-63.125042
-63.118793
-63.103168
-63.096916
-63.109417
-63.131294
-63.109417
-63.103168
-63.084419
-63.081291
-63.075043
-63.062542
-63.053169
-63.059418
-63.068794
-63.096916
-63.071918
-63.071918
-63.087543
-63.071918
-63.046921
-63.062542
-63.065666
-63.071918
-63.084419
-63.059418
-63.059418
-63.081291
-63.093792
-63.100044
-63.128166
-63.096916
-63.096916
-63.096916
-63.090668
-63.100044
-63.106293
-63.075043
-63.096916
-63.084419
-63.071918
-63.084419
-63.087543
-63.078167
-63.059418
-63.043797
-63.053169
-63.053169
-63.046921
-63.062542
-63.053169
-63.046921
-63.065666
-63.071918
-63.071918
-63.071918
-63.059418
-63.078167
-63.090668
-63.075043
-63.078167
-63.059418
-63.068794
-63.065666
-63.053169
-63.046921
-63.081291
-63.046921
-63.068794
-63.075043
-63.096916
-63.096916
-63.087543
-63.075043
-63.062542
-63.065666
-63.062542
-63.075043
-63.071918
-63.065666
-63.046921
-63.046921
-63.046921
-63.031296
-63.028172
-63.025047
-63.031296
-63.028172
-63.018799
-63.037548
-63.034424
-63.018799
-63.034424
-63.050041
-63.043797
-63.068794
-63.062542
-63.071918
-63.065666
-63.071918
-63.068794
-63.065666
-63.031296
-63.046921
-63.053169
-63.043797
-63.046921
-63.037548
-63.031296
-63.031296
-63.034424
-63.018799
-63.046921
-63.056293
-63.050041
-63.056293
-63.046921
-63.046921
-63.046921
-63.046921
-63.046921
-63.062542
-63.046921
-63.034424
-63.037548
-63.031296
-63.028172
-63.025047
-63.012547
-63.015671
-63.034424
-62.996922
-63.018799
-62.996922
-63.006298
-63.025047
-63.015671
-63.015671
-63.028172
-63.000046
-62.993797
-63.021923
-63.031296
-63.015671
-63.028172
-63.037548
-63.046921
-63.050041
-63.056293
-63.046921
-63.065666
-63.046921
-63.046921
-63.059418
-63.065666
-63.075043
-63.078167
-63.046921
-63.034424
-63.040672
-63.031296
-63.046921
-63.059418
-63.059418
-63.062542
-63.050041
-63.053169
-63.071918
-63.068794
-63.062542
-63.046921
-63.034424
-63.040672
-63.040672
-63.046921
-63.059418
-63.050041
-63.043797
-63.046921
-63.056293
-63.046921
-63.046921
-63.046921
-63.040672
-63.046921
-63.031296
-63.050041
-63.050041
-63.059418
-63.062542
-63.053169
-63.062542
-63.062542
-63.046921
-63.040672
-63.037548
-63.040672
-63.040672
-63.034424
-63.043797
-63.056293
-63.025047
-63.040672
-63.031296
-63.050041
-63.012547
-63.031296
-63.028172
-63.043797
-63.046921
-63.015671
-63.009422
-63.040672
-63.028172
-63.021923
-63.021923
-63.009422
-63.021923
-63.031296
-63.018799
-63.025047
-63.040672
-63.050041
-63.046921
-63.059418
-63.034424
-63.034424
-63.046921
-63.018799
-62.875053
-63.356277
-63.690639
-63.784382
-63.721889
-63.559395
-63.334408
-63.065666
-62.771931
-62.521946
-62.221962
-61.915726
-61.659485
-61.390751
-61.147011
-60.9189
-60.675159
-60.450169
-60.24081
-60.009567
-59.831455
-59.622089
-59.437725
-59.247108
-59.062737
-58.881496
-58.697132
-58.531517
-58.362774
-58.172157
-58.012791
-57.847176
-57.687805
-57.531567
-57.37532
-57.228455
-57.025341
-56.85347
-56.690979
-56.52224
-56.350368
-56.209755
-56.04414
-55.884769
-55.747272
-55.622284
-55.469162
-55.328548
-55.169178
-55.022312
-54.894192
-54.747322
-54.594208
-54.441093
-54.294224
-54.147354
-53.987988
-53.806747
-53.644257
-53.472385
-53.334896
-53.1474
-52.984909
-52.819294
-52.641182
-52.43494
-52.188076
-51.634979
-48.082024
-39.816807
-25.064402
-6.3903131
9.1370535
20.289633
27.420536
31.204725
32.448414
31.748449
29.61418
26.486206
22.717642
18.430349
13.82745
8.9839363
4.0404277
-1.0343245
-6.2153215
-11.533812
-16.886675
-22.217665
-27.276791
-31.954689
-36.145107
-39.773056
-42.851028
-45.410282
-47.469555
-49.163223
-50.519409
-51.597481
-52.463058
-53.12553
-53.622383
-54.000488
-54.266098
-54.444218
-54.569206
-54.634834
-54.631706
-54.594208
-54.522339
-54.450462
-54.353592
-54.216103
-54.069233
-53.944241
-53.822372
-53.672379
-53.541138
-53.384892
-53.2099
-53.097404
-52.950535
-52.819294
-52.681801
-52.547432
-52.409939
-52.256821
-52.097454
-51.966209
-51.847469
-51.719349
-51.58498
-51.45686
-51.322495
-51.197498
-51.07563
-50.935013
-50.822517
-50.697525
-50.591278
-50.494408
-50.410038
-50.306919
-50.228798
-50.156921
-50.060051
-49.947559
-49.84444
-49.756943
-49.635078
-49.503834
-49.413212
-49.294468
-49.160095
-49.047607
-48.913235
-48.763241
-48.603874
-48.447636
-48.250767
-47.960155
-46.163368
-40.957375
-32.807774
-20.492748
-5.7715931
7.0527806
16.639812
23.017626
26.689322
28.22987
28.161125
26.992432
25.117523
22.820761
20.308384
17.708509
15.114886
12.568135
10.080758
7.6746249
5.3153653
3.0279772
0.75308824
-1.5249255
-3.8716857
-6.2715683
-8.7151995
-11.290073
-13.980567
-16.836678
-19.75841
-22.764513
-25.70187
-28.548605
-31.226599
-33.710854
-36.007618
-38.060642
-39.844929
-41.410477
-42.76041
-43.941605
-44.932182
-45.794636
-46.557098
-47.175819
-47.69767
-48.178894
-48.582001
-48.913235
-49.228848
-49.466331
-49.672573
-49.825691
-49.960056
-50.097553
-50.197548
-50.294418
-50.353786
-50.43504
-50.491283
-50.538158
-50.569405
-50.588154
-50.597527
-50.613152
-50.622528
-50.635029
-50.656898
-50.64753
-50.678772
-50.660023
-50.64753
-50.619404
-50.594402
-50.55378
-50.55378
-50.513157
-50.516285
-50.506908
-50.463158
-50.447536
-50.425663
-50.397537
-50.410038
-50.369411
-50.347538
-50.310043
-50.281918
-50.253792
-50.222549
-50.188171
-50.169422
-50.156921
-50.113178
-50.091301
-50.050678
-50.016308
-50.010059
-49.969433
-49.947559
-49.906937
-49.888187
-49.856937
-49.847569
-49.822567
-49.766315
-49.747566
-49.688198
-49.650696
-49.619453
-49.578827
-49.56945
-49.566326
-49.531956
-49.503834
-49.463207
-49.422588
-49.378838
-49.32259
-49.272591
-49.219471
-49.172596
-49.128853
-49.094475
-49.044483
-48.975731
-48.931988
-48.87886
-48.835117
-48.822617
-48.772617
-48.703873
-48.681995
-48.625751
-48.563251
-48.507008
-48.438259
-48.394512
-48.322639
-48.228897
-48.110149
-47.982029
-47.566425
-45.185291
-39.604317
-31.317221
-18.899076
-4.5185294
7.7839947
17.014793
23.280111
26.979931
28.717348
28.954836
28.132999
26.595575
24.620674
22.417656
20.142765
17.81163
15.552365
13.361848
11.230701
9.1870508
7.2527709
5.3778625
3.4935794
1.6749182
-0.13124359
-2.0030272
-3.8279381
-5.7028465
-7.6090031
-9.5995312
-11.683805
-13.852448
-16.105463
-18.452223
-20.842731
-23.223867
-25.561253
-27.820517
-29.951662
-31.945314
-33.779598
-35.451393
-36.979443
-38.348125
-39.585564
-40.67926
-41.676086
-42.57917
-43.404129
-44.122845
-44.754063
-45.31966
-45.813389
-46.253986
-46.657093
-47.019581
-47.353935
-47.647675
-47.928909
-48.166397
-48.353886
-48.547626
-48.744495
-48.872612
-49.019482
-49.14135
-49.253841
-49.366337
-49.447586
-49.547577
-49.638203
-49.741322
-49.822567
-49.894436
-49.966309
-50.006931
-50.072552
-50.097553
-50.144428
-50.197548
-50.247547
-50.256916
-50.291294
-50.303791
-50.347538
-50.397537
-50.428787
-50.450657
-50.478783
-50.472534
-50.485035
-50.475658
-50.494408
-50.516285
-50.516285
-50.53191
-50.544407
-50.556904
-50.547527
-50.547527
-50.556904
-50.578777
-50.597527
-50.597527
-50.594402
-50.600655
-50.606903
-50.622528
-50.628777
-50.625652
-50.635029
-50.64753
-50.64753
-50.666275
-50.678772
-50.706898
-50.688148
-50.672523
-50.660023
-50.656898
-50.64753
-50.597527
-50.597527
-50.581902
-50.578777
-50.588154
-50.588154
-50.581902
-50.594402
-50.575653
-50.575653
-50.563152
-50.55378
-50.525658
-50.541283
-50.503784
-50.503784
-50.491283
-50.460033
-50.447536
-50.43504
-50.394413
-50.391289
-50.388165
-50.369411
-50.356915
-50.338169
-50.328793
-50.281918
-50.250668
-50.213173
-50.175674
-50.169422
-50.160049
-50.147549
-50.119427
-50.116302
-50.081928
-50.025684
-50.016308
-49.994434
-49.916313
-49.894436
-49.847569
-49.831944
-49.831944
-49.816319
-49.785069
-49.766315
-49.753819
-49.747566
-49.747566
-49.710072
-49.694447
-49.700699
-49.685074
-49.672573
-49.641327
-49.619453
-49.578827
-49.544456
-49.491333
-49.463207
-49.403835
-49.341343
-49.313217
-49.281967
-49.250717
-49.241348
-49.244473
-49.219471
-49.197598
-49.166348
-49.147598
-49.153847
-49.131977
-49.072601
-49.022606
-48.966358
-48.935112
-48.894485
-48.872612
-48.81324
-48.785114
-48.71637
-48.69762
-48.672623
-48.644501
-48.644501
-48.625751
-48.616375
-48.616375
-48.597626
-48.541382
-48.478882
-48.425762
-48.366386
-48.316391
-48.253891
-48.163269
-48.044529
-47.944534
-47.788288
-46.982079
-43.347881
-36.670086
-26.289341
-11.733802
2.3748839
13.514964
21.405205
26.429958
29.142326
30.114155
29.767296
28.523607
26.686195
24.495678
22.145794
19.749035
17.358528
15.086762
12.874371
10.749475
8.6870756
6.6684241
4.7497678
2.8904839
0.99057662
-0.91245544
-2.8186123
-4.7341437
-6.6996727
-8.7401981
-10.846345
-13.049362
-15.396123
-17.761633
-20.180264
-22.598896
-24.958157
-27.198671
-29.345442
-31.314096
-33.145256
-34.820175
-36.316978
-37.648159
-38.863728
-39.907425
-40.851128
-41.694839
-42.438553
-43.076019
-43.691616
-44.232216
-44.719692
-45.163418
-45.560272
-45.929008
-46.247742
-46.510227
-46.766464
-47.028954
-47.247696
-47.45393
-47.638298
-47.84454
-48.028904
-48.194519
-48.338264
-48.463257
-48.591377
-48.713245
-48.806992
-48.89761
-49.016357
-49.103851
-49.17572
-49.272591
-49.366337
-49.425713
-49.491333
-49.544456
-49.597576
-49.669449
-49.735073
-49.760067
-49.835068
-49.878811
-49.928814
-49.975681
-49.997559
-50.028809
-50.063179
-50.085052
-50.103802
-50.150673
-50.160049
-50.197548
-50.225674
-50.256916
-50.278793
-50.303791
-50.306919
-50.341293
-50.350662
-50.378788
-50.394413
-50.416286
-50.431911
-50.466282
-50.460033
-50.488159
-50.491283
-50.494408
-50.497532
-50.506908
-50.513157
-50.497532
-50.519409
-50.547527
-50.544407
-50.578777
-50.597527
-50.594402
-50.591278
-50.578777
-50.622528
-50.622528
-50.638153
-50.64753
-50.660023
-50.669399
-50.672523
-50.656898
-50.669399
-50.666275
-50.666275
-50.685024
-50.666275
-50.660023
-50.666275
-50.653774
-50.669399
-50.666275
-50.644402
-50.64753
-50.638153
-50.628777
-50.635029
-50.644402
-50.656898
-50.641277
-50.631905
-50.610027
-50.597527
-50.575653
-50.541283
-50.53191
-50.525658
-50.516285
-50.506908
-50.494408
-50.478783
-50.46941
-50.466282
-50.494408
-50.472534
-50.447536
-50.438164
-50.422539
-50.388165
-50.37254
-50.366287
-50.378788
-50.391289
-50.388165
-50.356915
-50.347538
-50.325668
-50.310043
-50.297543
-50.297543
-50.310043
-50.285042
-50.260044
-50.228798
-50.231922
-50.216297
-50.188171
-50.156921
-50.116302
-50.078804
-50.041309
-50.022556
-50.000683
-49.966309
-49.966309
-49.938187
-49.928814
-49.922562
-49.897564
-49.891312
-49.866314
-49.847569
-49.828815
-49.794441
-49.794441
-49.75069
-49.756943
-49.738197
-49.697571
-49.656948
-49.647575
-49.610077
-49.594452
-49.572578
-49.560078
-49.528831
-49.516331
-49.516331
-49.497581
-49.472584
-49.447586
-49.460083
-49.444462
-49.41946
-49.422588
-49.35696
-49.347588
-49.344467
-49.303841
-49.266342
-49.247597
-49.185097
-49.169472
-49.14135
-49.106976
-49.072601
-49.066353
-49.028858
-49.006981
-48.969482
-48.91011
-48.863235
-48.81324
-48.722622
-48.65387
-48.566376
-48.491383
-48.366386
-48.213272
-47.944534
-46.778965
-42.647919
-35.717007
-25.048777
-10.508862
3.1998436
13.911821
21.452078
26.261217
28.857965
29.770422
29.373564
28.154875
26.370588
24.223818
21.902056
19.549046
17.19916
14.874273
12.618134
10.44949
8.3995895
6.3996873
4.4497828
2.5748742
0.71246517
-1.1843171
-3.1342218
-5.1247497
-7.2340217
-9.4682875
-11.758801
-14.099311
-16.549192
-19.086567
-21.620819
-24.101948
-26.50808
-28.814219
-30.957863
-32.917141
-34.717056
-36.31385
-37.748158
-38.973095
-40.10429
-41.091743
-41.935452
-42.713539
-43.372879
-43.975975
-44.485325
-44.92593
-45.31966
-45.707142
-46.047752
-46.357109
-46.61335
-46.853958
-47.088326
-47.297688
-47.494556
-47.650795
-47.810165
-47.953907
-48.075775
-48.194519
-48.297642
-48.41951
-48.532005
-48.616375
-48.722622
-48.797615
-48.89761
-48.985107
-49.060101
-49.147598
-49.197598
-49.250717
-49.29134
-49.378838
-49.425713
-49.497581
-49.544456
-49.547577
-49.578827
-49.622578
-49.672573
-49.710072
-49.706947
-49.731949
-49.760067
-49.775692
-49.778816
-49.816319
-49.847569
-49.897564
-49.935062
-49.985058
-50.022556
-50.041309
-50.047558
-50.072552
-50.097553
-50.106926
-50.147549
-50.175674
-50.191299
-50.235046
-50.247547
-50.272541
-50.285042
-50.319416
-50.347538
-50.391289
-50.410038
-50.428787
-50.444412
-50.441288
-50.447536
-50.481907
-50.478783
-50.478783
-50.481907
-50.472534
-50.478783
-50.488159
-50.513157
-50.519409
-50.513157
-50.506908
-50.55378
-50.581902
-50.575653
-50.594402
-50.588154
-50.591278
-50.597527
-50.603779
-50.625652
-50.635029
-50.628777
-50.61628
-50.628777
-50.622528
-50.622528
-50.635029
-50.672523
-50.706898
-50.725647
-50.722523
-50.741272
-50.731899
-50.747517
-50.722523
-50.697525
-50.710022
-50.688148
-50.656898
-50.678772
-50.64753
-50.64753
-50.628777
-50.622528
-50.622528
-50.61628
-50.619404
-50.622528
-50.606903
-50.58503
-50.597527
-50.606903
-50.594402
-50.563152
-50.55378
-50.547527
-50.547527
-50.538158
-50.522533
-50.535034
-50.528782
-50.485035
-50.463158
-50.447536
-50.456909
-50.447536
-50.419415
-50.397537
-50.397537
-50.391289
-50.37254
-50.366287
-50.335041
-50.338169
-50.328793
-50.316292
-50.306919
-50.303791
-50.325668
-50.303791
-50.294418
-50.253792
-50.250668
-50.256916
-50.241299
-50.238174
-50.222549
-50.231922
-50.213173
-50.197548
-50.175674
-50.172546
-50.156921
-50.147549
-50.144428
-50.135052
-50.113178
-50.097553
-50.047558
-50.025684
-50.022556
-50.010059
-49.997559
-49.978809
-49.935062
-49.947559
-49.935062
-49.913189
-49.897564
-49.903812
-49.885063
-49.897564
-49.878811
-49.863186
-49.853813
-49.828815
-49.822567
-49.810066
-49.800694
-49.756943
-49.788193
-49.769444
-49.78194
-49.791317
-49.75069
-49.747566
-49.719448
-49.697571
-49.678822
-49.641327
-49.585075
-49.563202
-49.547577
-49.547577
-49.538208
-49.494457
-49.456959
-49.447586
-49.410088
-49.38821
-49.38821
-49.366337
-49.347588
-49.32259
-49.297592
-49.285091
-49.269466
-49.247597
-49.247597
-49.241348
-49.210098
-49.197598
-49.169472
-49.160095
-49.147598
-49.113228
-49.094475
-49.069477
-49.047607
-49.006981
-48.978855
-48.94136
-48.903862
-48.872612
-48.806992
-48.769489
-48.747616
-48.710121
-48.675747
-48.616375
-48.588249
-48.5695
-48.525757
-48.507008
-48.463257
-48.397636
-48.344517
-48.294514
-48.213272
-48.169521
-48.085152
-47.969532
-47.866409
-47.722672
-47.394558
-45.594646
-40.729259
-33.170254
-21.483324
-6.9027882
6.0653291
15.896098
22.648893
26.848688
28.979834
29.542307
28.945461
27.604902
25.742493
23.583221
21.30521
18.999071
16.692934
14.386797
12.17128
9.9932613
7.8964891
5.8247156
3.7998145
1.7999121
-0.17811629
-2.2030175
-4.2841654
-6.4621844
-8.7026997
-11.027586
-13.449343
-16.036716
-18.658464
-21.355207
-23.970705
-26.511206
-28.939211
-31.195351
-33.248375
-35.113911
-36.779453
-38.241882
-39.551193
-40.704262
-41.694839
-42.532299
-43.26976
-43.92598
-44.507202
-45.000927
-45.472778
-45.894634
-46.247742
-46.547722
-46.857082
-47.107075
-47.313313
-47.532055
-47.722672
-47.891411
-48.044529
-48.185146
-48.297642
-48.444511
-48.550751
-48.656998
-48.747616
-48.841366
-48.900738
-48.960106
-49.028858
-49.116352
-49.166348
-49.225723
-49.297592
-49.347588
-49.391338
-49.463207
-49.503834
-49.547577
-49.597576
-49.63195
-49.666321
-49.694447
-49.741322
-49.785069
-49.822567
-49.866314
-49.931938
-49.966309
-50.003807
-50.047558
-50.072552
-50.106926
-50.150673
-50.144428
-50.175674
-50.213173
-50.197548
-50.225674
-50.228798
-50.238174
-50.253792
-50.256916
-50.244423
-50.285042
-50.288166
-50.294418
-50.319416
-50.322544
-50.319416
-50.300667
-50.316292
-50.341293
-50.347538
-50.369411
-50.347538
-50.331917
-50.313168
-50.297543
-50.297543
-50.297543
-50.313168
-50.335041
-50.331917
-50.356915
-50.360039
-50.375664
-50.363163
-50.347538
-50.353786
-50.363163
-50.347538
-50.360039
-50.360039
-50.344418
-50.353786
-50.388165
-50.381912
-50.397537
-50.428787
-50.447536
-50.46941
-50.463158
-50.456909
-50.485035
-50.481907
-50.478783
-50.463158
-50.447536
-50.428787
-50.43504
-50.413162
-50.419415
-50.406914
-50.366287
-50.37254
-50.369411
-50.37254
-50.375664
-50.366287
-50.378788
-50.369411
-50.366287
-50.366287
-50.347538
-50.347538
-50.37254
-50.347538
-50.338169
-50.316292
-50.310043
-50.297543
-50.275669
-50.256916
-50.256916
-50.241299
-50.222549
-50.225674
-50.206924
-50.197548
-50.185047
-50.175674
-50.191299
-50.203796
-50.197548
-50.172546
-50.169422
-50.135052
-50.106926
-50.094429
-50.081928
-50.041309
-50.025684
-50.028809
-50.019432
-50.003807
-50.003807
-49.985058
-49.953808
-49.960056
-49.941311
-49.935062
-49.897564
-49.878811
-49.863186
-49.841316
-49.81319
-49.797565
-49.772568
-49.738197
-49.719448
-49.694447
-49.691322
-49.663197
-49.675697
-49.660072
-49.647575
-49.647575
-49.628826
-49.63195
-49.591328
-49.56945
-49.550701
-49.528831
-49.522583
-49.538208
-49.522583
-49.519459
-49.513206
-49.488209
-49.469456
-49.444462
-49.422588
-49.403835
-49.381962
-49.394463
-49.372585
-49.335091
-49.297592
-49.26009
-49.203846
-49.147598
-49.131977
-49.085102
-49.050728
-49.053852
-49.016357
-48.972607
-48.94136
-48.91011
-48.881985
-48.828865
-48.785114
-48.766365
-48.741371
-48.710121
-48.691372
-48.638252
-48.607002
-48.594501
-48.541382
-48.522633
-48.469505
-48.463257
-48.444511
-48.413261
-48.397636
-48.410137
-48.403885
-48.391384
-48.369511
-48.347637
-48.313267
-48.294514
-48.247646
-48.210144
-48.188271
-48.138275
-48.147644
-48.097649
-48.066399
-48.044529
-47.997654
-47.950779
-47.935162
-47.87891
-47.828915
-47.778915
-47.688293
-47.64455
-47.591423
-47.510181
-47.403934
-47.285191
-47.047703
-45.907131
-41.997948
-35.457642
-25.564377
-11.890043
1.5624237
12.271276
19.933401
24.986279
27.839264
29.036081
28.901712
27.851765
26.189344
24.16132
21.936428
19.636539
17.333529
15.049265
12.849372
10.699477
8.6308289
6.5996776
4.6060252
2.6373711
0.59372097
-1.515551
-3.6373222
-5.8403397
-8.1714754
-10.605732
-13.164982
-15.786728
-18.499096
-21.258337
-23.970705
-26.592451
-29.045456
-31.320347
-33.34837
-35.154533
-36.776329
-38.220009
-39.488697
-40.619892
-41.594841
-42.441677
-43.197891
-43.844734
-44.422832
-44.947803
-45.435284
-45.838387
-46.194618
-46.516479
-46.816463
-47.069572
-47.310188
-47.500805
-47.669544
-47.828915
-47.978905
-48.094524
-48.213272
-48.322639
-48.432011
-48.522633
-48.616375
-48.700745
-48.816364
-48.891361
-48.991356
-49.060101
-49.1101
-49.178848
-49.228848
-49.281967
-49.313217
-49.366337
-49.413212
-49.472584
-49.516331
-49.563202
-49.622578
-49.685074
-49.719448
-49.763191
-49.797565
-49.819443
-49.853813
-49.910061
-49.919437
-49.950684
-49.969433
-49.988182
-50.019432
-50.013184
-50.038181
-50.088177
-50.097553
-50.072552
-50.097553
-50.110054
-50.128803
-50.144428
-50.138176
-50.160049
-50.172546
-50.147549
-50.197548
-50.197548
-50.185047
-50.197548
-50.210049
-50.231922
-50.222549
-50.219421
-50.219421
-50.228798
-50.247547
-50.244423
-50.238174
-50.210049
-50.219421
-50.247547
-50.260044
-50.256916
-50.266293
-50.288166
-50.288166
-50.297543
-50.294418
-50.310043
-50.310043
-50.335041
-50.353786
-50.356915
-50.347538
-50.347538
-50.335041
-50.319416
-50.303791
-50.313168
-50.303791
-50.297543
-50.281918
-50.297543
-50.300667
-50.297543
-50.338169
-50.319416
-50.306919
-50.297543
-50.297543
-50.297543
-50.294418
-50.281918
-50.250668
-50.228798
-50.191299
-50.175674
-50.191299
-50.203796
-50.206924
-50.188171
-50.160049
-50.156921
-50.147549
-50.147549
-50.128803
-50.119427
-50.113178
-50.097553
-50.063179
-50.035057
-50.031933
-49.994434
-49.975681
-49.991306
-49.956932
-49.944439
-49.947559
-49.941311
-49.925686
-49.903812
-49.897564
-49.885063
-49.863186
-49.878811
-49.891312
-49.897564
-49.885063
-49.888187
-49.869438
-49.869438
-49.860062
-49.860062
-49.84444
-49.810066
-49.785069
-49.753819
-49.728821
-49.691322
-49.669449
-49.688198
-49.675697
-49.672573
-49.669449
-49.641327
-49.606953
-49.578827
-49.538208
-49.544456
-49.528831
-49.506958
-49.510082
-49.506958
-49.506958
-49.531956
-49.516331
-49.522583
-49.497581
-49.491333
-49.481956
-49.475708
-49.441338
-49.41946
-49.406963
-49.360088
-49.338215
-49.335091
-49.310093
-49.288216
-49.253841
-49.241348
-49.219471
-49.213223
-49.200722
-49.172596
-49.144478
-49.1101
-49.116352
-49.072601
-49.047607
-49.053852
-49.047607
-49.07885
-49.066353
-49.060101
-49.053852
-49.02573
-49.019482
-49.022606
-49.003857
-48.988232
-48.981983
-48.947605
-48.919487
-48.938236
-48.906986
-48.885113
-48.856987
-48.838242
-48.806992
-48.788242
-48.769489
-48.741371
-48.72887
-48.69762
-48.68512
-48.675747
-48.622627
-48.603874
-48.582001
-48.528881
-48.507008
-48.47263
-48.416386
-48.385136
-48.344517
-48.297642
-48.247646
-48.203896
-48.157021
-48.138275
-48.075775
-48.022655
-47.997654
-47.947655
-47.916409
-47.84454
-47.803913
-47.788288
-47.716419
-47.688293
-47.653919
-47.610176
-47.591423
-47.541431
-47.522678
-47.491428
-47.478931
-47.450806
-47.394558
-47.357059
-47.33519
-47.341438
-47.297688
-47.269566
-47.232071
-47.172695
-47.147694
-47.103951
-47.044579
-46.988331
-46.897709
-46.813339
-46.67897
-46.522728
-46.21962
-44.735317
-40.416775
-33.601482
-23.270739
-9.6089058
3.2873394
13.421219
20.589619
25.267517
27.861139
28.870466
28.670475
27.611153
25.976854
23.995703
21.830183
19.561544
17.261658
14.989892
12.774376
10.627606
8.5620813
6.5590544
4.5435281
2.5748742
0.55309796
-1.515551
-3.665446
-5.852839
-8.1027288
-10.427616
-12.886869
-15.44612
-18.099115
-20.823984
-23.526974
-26.148722
-28.636101
-30.939114
-33.004639
-34.907669
-36.563839
-38.048141
-39.369953
-40.507397
-41.482349
-42.326057
-43.060394
-43.697865
-44.269711
-44.754063
-45.200916
-45.563396
-45.916508
-46.210243
-46.478977
-46.707092
-46.900833
-47.082073
-47.260189
-47.416435
-47.553925
-47.69767
-47.810165
-47.919537
-47.99453
-48.0914
-48.178894
-48.247646
-48.310139
-48.38826
-48.447636
-48.51638
-48.572624
-48.628876
-48.69762
-48.741371
-48.797615
-48.847614
-48.891361
-48.916363
-48.997608
-49.038231
-49.056976
-49.097603
-49.122601
-49.147598
-49.191345
-49.225723
-49.281967
-49.288216
-49.328842
-49.338215
-49.335091
-49.344467
-49.378838
-49.406963
-49.422588
-49.456959
-49.472584
-49.472584
-49.516331
-49.544456
-49.560078
-49.572578
-49.597576
-49.613201
-49.597576
-49.622578
-49.610077
-49.591328
-49.597576
-49.619453
-49.635078
-49.647575
-49.672573
-49.697571
-49.703823
-49.722572
-49.722572
-49.747566
-49.766315
-49.778816
-49.81319
-49.794441
-49.791317
-49.806942
-49.810066
-49.81319
-49.803818
-49.819443
-49.816319
-49.819443
-49.828815
-49.838192
-49.831944
-49.822567
-49.810066
-49.788193
-49.791317
-49.778816
-49.778816
-49.766315
-49.794441
-49.797565
-49.78194
-49.785069
-49.825691
-49.822567
-49.81319
-49.838192
-49.831944
-49.856937
-49.863186
-49.847569
-49.835068
-49.806942
-49.797565
-49.816319
-49.797565
-49.794441
-49.788193
-49.785069
-49.769444
-49.788193
-49.785069
-49.78194
-49.778816
-49.797565
-49.785069
-49.788193
-49.778816
-49.775692
-49.778816
-49.760067
-49.738197
-49.703823
-49.694447
-49.688198
-49.660072
-49.628826
-49.616325
-49.591328
-49.550701
-49.547577
-49.560078
-49.525707
-49.510082
-49.497581
-49.472584
-49.463207
-49.447586
-49.460083
-49.441338
-49.406963
-49.385086
-49.35696
-49.313217
-49.316341
-49.319466
-49.313217
-49.297592
-49.281967
-49.247597
-49.222595
-49.194473
-49.185097
-49.163223
-49.125725
-49.116352
-49.088226
-49.069477
-49.047607
-49.047607
-49.060101
-49.038231
-49.02573
-49.010105
-48.985107
-48.960106
-48.935112
-48.906986
-48.869488
-48.860111
-48.822617
-48.785114
-48.797615
-48.788242
-48.747616
-48.725746
-48.703873
-48.69762
-48.688248
-48.65387
-48.635124
-48.625751
-48.597626
-48.572624
-48.572624
-48.547626
-48.510132
-48.497631
-48.491383
-48.47263
-48.460133
-48.447636
-48.432011
-48.428886
-48.397636
-48.385136
-48.372635
-48.344517
-48.338264
-48.319515
-48.278889
-48.288265
-48.27264
-48.257015
-48.282017
-48.250767
-48.235146
-48.23827
-48.197647
-48.191395
-48.150772
-48.119526
-48.103901
-48.075775
-48.047657
-47.997654
-47.972656
-47.932034
-47.928909
-47.897659
-47.841415
-47.788288
-47.775791
-47.741421
-47.744545
-47.744545
-47.707047
-47.685169
-47.650795
-47.628925
-47.607048
-47.58205
-47.572674
-47.560173
-47.544556
-47.522678
-47.507053
-47.447685
-47.428936
-47.378933
-47.313313
-47.282063
-47.228943
-47.166443
-47.125824
-47.088326
-47.035206
-46.963329
-46.872707
-46.810215
-46.747715
-46.66647
-46.588348
-46.500854
-46.413357
-46.291489
-46.119621
-45.485279
-42.769783
-37.454422
-29.623554
-18.067867
-4.6903958
6.9715343
15.83985
21.952053
25.773739
27.736145
28.295492
27.854889
26.670572
25.008154
23.033249
20.886478
18.692837
16.449196
14.249304
12.071285
9.9557638
7.924613
5.9528341
4.0310531
2.1030223
0.17499144
-1.7717885
-3.7529418
-5.8184652
-7.9902349
-10.261999
-12.624383
-15.111762
-17.664762
-20.24901
-22.817636
-25.326887
-27.74552
-30.029781
-32.095306
-33.967091
-35.654507
-37.160686
-38.488743
-39.644939
-40.663639
-41.529224
-42.272934
-42.910404
-43.510376
-44.02285
-44.463451
-44.891556
-45.241543
-45.547771
-45.847763
-46.103996
-46.325863
-46.557098
-46.72897
-46.885208
-47.050823
-47.207069
-47.310188
-47.413311
-47.522678
-47.635174
-47.707047
-47.797665
-47.882034
-47.947655
-48.03828
-48.138275
-48.188271
-48.266392
-48.307014
-48.375759
-48.45388
-48.53513
-48.575752
-48.619499
-48.650745
-48.69762
-48.747616
-48.794491
-48.835117
-48.869488
-48.91011
-48.956982
-48.978855
-49.016357
-49.044483
-49.060101
-49.047607
-49.085102
-49.100727
-49.131977
-49.178848
-49.225723
-49.231972
-49.263218
-49.281967
-49.272591
-49.310093
-49.325718
-49.360088
-49.391338
-49.403835
-49.422588
-49.435085
-49.435085
-49.406963
-49.416336
-49.397587
-49.422588
-49.428837
-49.444462
-49.428837
-49.435085
-49.410088
-49.447586
-49.447586
-49.447586
-49.450706
-49.444462
-49.453831
-49.485081
-49.503834
-49.497581
-49.497581
-49.481956
-49.485081
-49.500706
-49.510082
-49.538208
-49.547577
-49.556953
-49.556953
-49.588203
-49.597576
-49.594452
-49.616325
-49.625702
-49.638203
-49.63195
-49.660072
-49.672573
-49.656948
-49.681946
-49.697571
-49.706947
-49.719448
-49.735073
-49.735073
-49.725697
-49.747566
-49.741322
-49.744446
-49.747566
-49.735073
-49.747566
-49.728821
-49.713196
-49.719448
-49.716324
-49.694447
-49.694447
-49.700699
-49.669449
-49.694447
-49.703823
-49.697571
-49.675697
-49.678822
-49.675697
-49.650696
-49.628826
-49.63195
-49.635078
-49.613201
-49.606953
-49.597576
-49.597576
-49.616325
-49.578827
-49.588203
-49.572578
-49.547577
-49.510082
-49.500706
-49.475708
-49.441338
-49.422588
-49.406963
-49.394463
-49.410088
-49.385086
-49.353836
-49.347588
-49.325718
-49.313217
-49.297592
-49.253841
-49.228848
-49.23822
-49.247597
-49.244473
-49.231972
-49.231972
-49.241348
-49.241348
-49.247597
-49.247597
-49.231972
-49.222595
-49.191345
-49.178848
-49.147598
-49.131977
-49.097603
-49.081978
-49.085102
-49.056976
-49.041355
-49.02573
-49.016357
-48.997608
-48.978855
-48.997608
-48.99448
-48.988232
-48.953857
-48.906986
-48.863235
-48.831989
-48.819492
-48.797615
-48.78199
-48.766365
-48.766365
-48.772617
-48.747616
-48.691372
-48.675747
-48.641376
-48.591377
-48.556999
-48.525757
-48.497631
-48.466381
-48.422634
-48.407009
-48.397636
-48.38826
-48.397636
-48.391384
-48.372635
-48.360134
-48.33514
-48.27264
-48.247646
-48.222645
-48.169521
-48.147644
-48.147644
-48.12265
-48.103901
-48.097649
-48.088276
-48.078899
-48.047657
-47.988281
-47.960155
-47.944534
-47.913284
-47.894535
-47.847664
-47.800789
-47.76329
-47.747665
-47.716419
-47.663296
-47.597675
-47.544556
-47.491428
-47.45393
-47.428936
-47.397686
-47.385185
-47.341438
-47.328938
-47.322689
-47.310188
-47.322689
-47.332066
-47.332066
-47.328938
-47.347683
-47.338314
-47.313313
-47.325813
-47.297688
-47.310188
-47.297688
-47.322689
-47.297688
-47.285191
-47.241444
-47.185196
-47.144573
-47.082073
-47.010204
-46.963329
-46.907085
-46.87896
-46.791462
-46.766464
-46.72897
-46.6446
-46.572723
-46.469604
-46.378983
-46.253986
-46.025879
-45.28841
-42.347927
-36.898197
-29.045456
-17.586639
-4.4654069
6.9527855
15.627361
21.661442
25.383135
27.295542
27.798641
27.336164
26.208096
24.648796
22.777012
20.736486
18.61784
16.533567
14.502417
12.505639
10.530736
8.587081
6.7027979
4.8247643
2.9061081
0.96245301
-1.0155754
-3.0279772
-5.0841265
-7.2558956
-9.5495338
-11.930668
-14.468043
-17.077291
-19.702162
-22.327034
-24.889408
-27.320541
-29.629801
-31.698452
-33.62648
-35.310776
-36.816952
-38.148136
-39.354328
-40.407402
-41.297981
-42.116692
-42.816658
-43.435379
-43.954102
-44.429081
-44.838436
-45.225918
-45.522778
-45.804012
-46.044628
-46.282112
-46.503979
-46.703968
-46.888332
-47.053947
-47.175819
-47.332066
-47.463306
-47.547676
-47.657043
-47.760166
-47.850784
-47.935162
-48.019531
-48.097649
-48.147644
-48.222645
-48.235146
-48.278889
-48.322639
-48.350761
-48.394512
-48.441387
-48.469505
-48.48513
-48.513256
-48.550751
-48.550751
-48.594501
-48.638252
-48.678871
-48.719498
-48.747616
-48.778866
-48.810116
-48.847614
-48.853863
-48.906986
-48.931988
-48.975731
-48.985107
-49.016357
-49.02573
-49.016357
-49.031982
-49.022606
-49.010105
-49.056976
-49.056976
-49.072601
-49.069477
-49.088226
-49.128853
-49.153847
-49.144478
-49.172596
-49.197598
-49.216347
-49.231972
-49.23822
-49.241348
-49.263218
-49.250717
-49.247597
-49.241348
-49.247597
-49.285091
-49.29134
-49.288216
-49.300716
-49.303841
-49.325718
-49.313217
-49.32259
-49.338215
-49.344467
-49.360088
-49.363213
-49.372585
-49.385086
-49.378838
-49.385086
-49.363213
-49.347588
-49.353836
-49.331966
-49.366337
-49.378838
-49.366337
-49.363213
-49.363213
-49.360088
-49.35696
-49.38821
-49.391338
-49.416336
-49.435085
-49.431961
-49.422588
-49.435085
-49.38821
-49.363213
-49.350712
-49.338215
-49.347588
-49.331966
-49.306965
-49.297592
-49.288216
-49.281967
-49.275715
-49.263218
-49.253841
-49.241348
-49.244473
-49.241348
-49.23822
-49.222595
-49.203846
-49.172596
-49.147598
-49.150723
-49.135101
-49.144478
-49.14135
-49.138226
-49.147598
-49.1101
-49.097603
-49.069477
-49.047607
-49.016357
-49.019482
-49.022606
-49.006981
-48.997608
-48.978855
-48.988232
-49.000732
-48.997608
-48.972607
-48.947605
-48.944485
-48.947605
-48.944485
-48.922611
-48.91011
-48.89761
-48.894485
-48.872612
-48.863235
-48.853863
-48.835117
-48.816364
-48.797615
-48.806992
-48.806992
-48.785114
-48.78199
-48.747616
-48.731995
-48.731995
-48.710121
-48.703873
-48.678871
-48.678871
-48.625751
-48.622627
-48.607002
-48.597626
-48.582001
-48.544506
-48.507008
-48.466381
-48.422634
-48.378887
-48.347637
-48.307014
-48.285141
-48.241394
-48.219521
-48.203896
-48.200771
-48.172646
-48.182022
-48.197647
-48.197647
-48.194519
-48.147644
-48.107025
-48.097649
-48.078899
-48.072651
-48.088276
-48.053902
-48.041405
-48.057026
-48.057026
-48.047657
-48.047657
-48.022655
-48.028904
-48.019531
-47.997654
-47.985157
-47.953907
-47.947655
-47.922661
-47.894535
-47.847664
-47.832039
-47.797665
-47.766415
-47.72892
-47.719543
-47.700794
-47.716419
-47.69767
-47.691422
-47.678921
-47.647675
-47.647675
-47.597675
-47.591423
-47.603924
-47.585175
-47.557049
-47.541431
-47.497681
-47.450806
-47.428936
-47.410183
-47.388309
-47.36956
-47.325813
-47.27269
-47.225819
-47.210194
-47.182068
-47.138325
-47.116447
-47.116447
-47.082073
-47.047703
-47.032078
-46.991455
-46.925835
-46.89146
-46.850834
-46.807087
-46.791462
-46.782089
-46.769588
-46.772713
-46.747715
-46.76334
-46.74147
-46.719593
-46.688343
-46.647724
-46.588348
-46.553974
-46.525852
-46.500854
-46.475853
-46.419609
-46.353985
-46.288364
-46.225868
-46.172745
-46.097748
-45.982128
-45.894634
-45.832138
-45.744644
-45.657143
-45.538403
-45.329037
-44.791561
-42.4823
-37.651287
-30.686001
-20.402128
-7.6371269
4.1341729
13.399345
19.986523
24.239441
26.5737
27.501781
27.308041
26.376835
24.945656
23.161369
21.242712
19.217812
17.155413
15.105513
13.08686
11.118207
9.2432985
7.3496408
5.4934812
3.5998242
1.7280406
-0.15311752
-2.0842731
-4.0685511
-6.1028271
-8.2527218
-10.524486
-12.880621
-15.343
-17.855377
-20.386503
-22.898882
-25.342512
-27.676771
-29.911039
-31.973436
-33.817101
-35.485767
-36.979443
-38.282505
-39.438698
-40.423027
-41.279232
-42.044823
-42.679165
-43.272884
-43.797859
-44.241592
-44.64782
-44.997803
-45.325912
-45.607147
-45.854008
-46.066498
-46.275864
-46.450855
-46.619598
-46.79459
-46.935207
-47.053947
-47.147694
-47.275814
-47.366436
-47.469555
-47.566425
-47.653919
-47.707047
-47.760166
-47.828915
-47.916409
-47.966404
-48.035156
-48.097649
-48.147644
-48.219521
-48.253891
-48.307014
-48.338264
-48.38826
-48.425762
-48.48513
-48.497631
-48.525757
-48.547626
-48.572624
-48.588249
-48.625751
-48.622627
-48.622627
-48.638252
-48.650745
-48.691372
-48.719498
-48.72887
-48.772617
-48.772617
-48.797615
-48.816364
-48.847614
-48.872612
-48.881985
-48.903862
-48.913235
-48.94136
-48.947605
-48.947605
-48.988232
-48.985107
-48.985107
-48.99448
-49.031982
-48.997608
-48.997608
-48.985107
-48.981983
-48.960106
-48.960106
-48.988232
-48.991356
-48.997608
-49.010105
-49.02573
-49.038231
-49.069477
-49.072601
-49.072601
-49.081978
-49.088226
-49.097603
-49.088226
-49.094475
-49.113228
-49.128853
-49.147598
-49.160095
-49.153847
-49.147598
-49.147598
-49.131977
-49.125725
-49.138226
-49.14135
-49.147598
-49.14135
-49.147598
-49.166348
-49.156971
-49.144478
-49.135101
-49.144478
-49.144478
-49.119476
-49.135101
-49.131977
-49.128853
-49.113228
-49.113228
-49.113228
-49.103851
-49.097603
-49.056976
-49.044483
-49.022606
-49.013233
-49.019482
-49.013233
-49.010105
-48.99448
-48.997608
-48.991356
-48.981983
-48.969482
-48.947605
-48.94136
-48.922611
-48.881985
-48.863235
-48.853863
-48.816364
-48.828865
-48.831989
-48.860111
-48.847614
-48.853863
-48.847614
-48.863235
-48.87886
-48.86636
-48.869488
-48.863235
-48.847614
-48.825741
-48.81324
-48.775742
-48.756992
-48.747616
-48.731995
-48.72887
-48.71637
-48.675747
-48.663246
-48.656998
-48.625751
-48.597626
-48.588249
-48.547626
-48.544506
-48.491383
-48.47263
-48.469505
-48.45388
-48.435135
-48.416386
-48.400761
-48.385136
-48.33514
-48.319515
-48.319515
-48.307014
-48.278889
-48.266392
-48.244522
-48.210144
-48.197647
-48.20702
-48.194519
-48.185146
-48.166397
-48.163269
-48.157021
-48.135151
-48.094524
-48.057026
-48.047657
-48.013279
-47.978905
-47.916409
-47.932034
-47.916409
-47.872662
-47.853909
-47.832039
-47.797665
-47.778915
-47.753914
-47.72892
-47.732044
-47.707047
-47.713295
-47.69767
-47.660172
-47.657043
-47.647675
-47.64455
-47.628925
-47.6008
-47.578926
-47.594551
-47.544556
-47.497681
-47.457054
-47.457054
-47.441433
-47.428936
-47.410183
-47.385185
-47.363308
-47.353935
-47.344563
-47.347683
-47.322689
-47.325813
-47.294563
-47.288315
-47.260189
-47.235195
-47.197693
-47.178944
-47.15707
-47.119576
-47.082073
-47.050823
-47.047703
-47.000828
-46.966454
-46.947704
-46.91021
-46.86021
-46.822712
-46.841465
-46.810215
-46.782089
-46.747715
-46.732094
-46.685219
-46.647724
-46.610222
-46.597725
-46.572723
-46.525852
-46.491478
-46.447735
-46.419609
-46.410233
-46.394608
-46.385235
-46.385235
-46.397732
-46.391483
-46.385235
-46.347733
-46.335239
-46.297737
-46.285236
-46.247742
-46.203995
-46.097748
-45.991505
-45.810261
-45.513401
-44.344711
-40.848003
-35.145157
-27.048679
-15.592988
-3.0779748
7.6558762
15.752356
21.361458
24.839411
26.648699
27.186171
26.808065
25.770617
24.273813
22.508276
20.605244
18.627214
16.627314
14.658659
12.702504
10.793222
8.8901911
7.0184069
5.1591229
3.2873394
1.3999316
-0.52809918
-2.4811287
-4.5341535
-6.6184263
-8.7995701
-11.052586
-13.40872
-15.858601
-18.367853
-20.852106
-23.333235
-25.733116
-28.004883
-30.167276
-32.145306
-33.932716
-35.513889
-36.923199
-38.145012
-39.219959
-40.154289
-40.960499
-41.688587
-42.316685
-42.882278
-43.363506
-43.797859
-44.185341
-44.504078
-44.79781
-45.085297
-45.360283
-45.600899
-45.813389
-46.013378
-46.163368
-46.319614
-46.457104
-46.594597
-46.732094
-46.847713
-46.957081
-47.066448
-47.147694
-47.235195
-47.325813
-47.394558
-47.472679
-47.532055
-47.575798
-47.625801
-47.691422
-47.766415
-47.828915
-47.853909
-47.907036
-47.944534
-47.99453
-48.035156
-48.097649
-48.097649
-48.144524
-48.194519
-48.253891
-48.297642
-48.325764
-48.353886
-48.38826
-48.438259
-48.444511
-48.494507
-48.51638
-48.547626
-48.585125
-48.572624
-48.597626
-48.610126
-48.628876
-48.632
-48.672623
-48.69762
-48.722622
-48.731995
-48.744495
-48.769489
-48.797615
-48.825741
-48.835117
-48.853863
-48.869488
-48.87886
-48.885113
-48.869488
-48.87886
-48.888237
-48.89761
-48.913235
-48.89761
-48.903862
-48.925735
-48.947605
-48.953857
-48.985107
-48.972607
-48.978855
-48.997608
-48.997608
-48.978855
-48.985107
-48.978855
-48.991356
-48.985107
-49.006981
-49.016357
-49.006981
-49.013233
-49.028858
-49.010105
-49.006981
-49.016357
-49.016357
-48.997608
-49.003857
-48.96323
-48.94136
-48.953857
-48.960106
-48.92886
-48.91011
-48.91011
-48.906986
-48.906986
-48.872612
-48.894485
-48.903862
-48.894485
-48.885113
-48.869488
-48.86636
-48.847614
-48.835117
-48.806992
-48.797615
-48.791367
-48.785114
-48.78199
-48.766365
-48.756992
-48.744495
-48.719498
-48.747616
-48.756992
-48.747616
-48.747616
-48.75074
-48.766365
-48.778866
-48.760117
-48.722622
-48.744495
-48.710121
-48.69762
-48.69762
-48.694496
-48.694496
-48.678871
-48.66637
-48.647625
-48.641376
-48.647625
-48.660122
-48.663246
-48.656998
-48.644501
-48.644501
-48.628876
-48.616375
-48.613251
-48.597626
-48.572624
-48.547626
-48.50388
-48.488255
-48.482006
-48.47263
-48.478882
-48.469505
-48.48513
-48.466381
-48.447636
-48.397636
-48.413261
-48.407009
-48.378887
-48.378887
-48.344517
-48.338264
-48.300766
-48.266392
-48.247646
-48.228897
-48.222645
-48.228897
-48.210144
-48.197647
-48.172646
-48.160145
-48.135151
-48.12265
-48.103901
-48.063274
-48.06015
-48.035156
-48.032032
-47.997654
-47.991405
-47.957031
-47.944534
-47.900784
-47.891411
-47.853909
-47.857037
-47.835163
-47.835163
-47.835163
-47.82579
-47.775791
-47.75079
-47.725796
-47.725796
-47.69767
-47.69767
-47.635174
-47.622673
-47.597675
-47.578926
-47.578926
-47.547676
-47.510181
-47.460178
-47.419559
-47.397686
-47.360184
-47.316441
-47.322689
-47.316441
-47.275814
-47.263313
-47.238319
-47.213318
-47.169571
-47.147694
-47.128948
-47.116447
-47.075825
-47.047703
-47.041454
-47.025829
-47.035206
-47.016453
-47.003956
-46.950829
-46.897709
-46.844589
-46.813339
-46.810215
-46.797714
-46.788338
-46.76334
-46.738342
-46.72897
-46.707092
-46.682095
-46.657093
-46.622723
-46.585224
-46.547722
-46.507103
-46.460228
-46.416485
-46.357109
-46.297737
-46.285236
-46.228992
-46.166492
-46.103996
-46.041504
-45.982128
-45.947754
-45.900883
-45.869633
-45.835262
-45.760262
-45.722767
-45.666519
-45.597771
-45.522778
-45.450901
-45.329037
-45.113422
-44.454075
-41.90733
-37.095062
-30.345392
-20.705238
-8.5777063
2.9373565
12.118157
18.73971
23.111372
25.654997
26.723696
26.723696
25.954983
24.680044
23.048874
21.220839
19.280308
17.299154
15.34925
13.449343
11.590058
9.7495241
7.9527369
6.1684484
4.3716612
2.5873735
0.79996091
-1.0530735
-2.9498558
-4.9060102
-6.9434104
-9.0276842
-11.227576
-13.489965
-15.811728
-18.174112
-20.517748
-22.855133
-25.161272
-27.373661
-29.457937
-31.379717
-33.139004
-34.70768
-36.120113
-37.33255
-38.426247
-39.388699
-40.241783
-41.032372
-41.716713
-42.316685
-42.860405
-43.322884
-43.722866
-44.07597
-44.419704
-44.704067
-44.975925
-45.204041
-45.425907
-45.641521
-45.804012
-45.972752
-46.125874
-46.266487
-46.385235
-46.519604
-46.632099
-46.753963
-46.853958
-46.913334
-47.044579
-47.147694
-47.247696
-47.353935
-47.444561
-47.510181
-47.585175
-47.638298
-47.672668
-47.732044
-47.778915
-47.788288
-47.82579
-47.847664
-47.900784
-47.957031
-47.978905
-47.997654
-48.035156
-48.066399
-48.088276
-48.0914
-48.094524
-48.144524
-48.147644
-48.178894
-48.200771
-48.203896
-48.203896
-48.244522
-48.253891
-48.275764
-48.30389
-48.307014
-48.332016
-48.353886
-48.363262
-48.369511
-48.391384
-48.407009
-48.41951
-48.397636
-48.435135
-48.450756
-48.450756
-48.48513
-48.507008
-48.519505
-48.532005
-48.553875
-48.572624
-48.585125
-48.597626
-48.607002
-48.616375
-48.650745
-48.663246
-48.691372
-48.69762
-48.688248
-48.703873
-48.69762
-48.710121
-48.694496
-48.694496
-48.694496
-48.706997
-48.710121
-48.688248
-48.703873
-48.713245
-48.722622
-48.744495
-48.731995
-48.747616
-48.756992
-48.738247
-48.738247
-48.719498
-48.706997
-48.731995
-48.722622
-48.706997
-48.713245
-48.72887
-48.700745
-48.710121
-48.69762
-48.703873
-48.731995
-48.747616
-48.763241
-48.800739
-48.797615
-48.822617
-48.835117
-48.835117
-48.822617
-48.803867
-48.78199
-48.760117
-48.747616
-48.747616
-48.753864
-48.744495
-48.747616
-48.744495
-48.741371
-48.71637
-48.69762
-48.678871
-48.66637
-48.660122
-48.644501
-48.635124
-48.647625
-48.622627
-48.610126
-48.635124
-48.616375
-48.622627
-48.622627
-48.610126
-48.619499
-48.591377
-48.578876
-48.588249
-48.588249
-48.594501
-48.647625
-48.647625
-48.65387
-48.650745
-48.638252
-48.638252
-48.616375
-48.594501
-48.585125
-48.585125
-48.597626
-48.597626
-48.585125
-48.575752
-48.603874
-48.597626
-48.594501
-48.588249
-48.591377
-48.575752
-48.547626
-48.538258
-48.538258
-48.50388
-48.497631
-48.447636
-48.413261
-48.382011
-48.310139
-48.307014
-48.278889
-48.278889
-48.247646
-48.247646
-48.247646
-48.250767
-48.216396
-48.225769
-48.213272
-48.203896
-48.197647
-48.172646
-48.17577
-48.135151
-48.12265
-48.100777
-48.088276
-48.088276
-48.082024
-48.066399
-48.078899
-48.078899
-48.066399
-48.047657
-48.041405
-48.041405
-48.047657
-48.047657
-47.997654
-47.997654
-47.997654
-47.997654
-47.985157
-47.978905
-47.978905
-47.947655
-47.94141
-47.94141
-47.907036
-47.897659
-47.860161
-47.832039
-47.847664
-47.797665
-47.803913
-47.797665
-47.79454
-47.769539
-47.744545
-47.691422
-47.647675
-47.619549
-47.585175
-47.557049
-47.547676
-47.547676
-47.532055
-47.497681
-47.497681
-47.491428
-47.491428
-47.460178
-47.428936
-47.388309
-47.388309
-47.347683
-47.360184
-47.310188
-47.266438
-47.197693
-47.166443
-47.138325
-47.110199
-47.075825
-47.035206
-46.997704
-46.947704
-46.92271
-46.903957
-46.903957
-46.900833
-46.885208
-46.885208
-46.866459
-46.87896
-46.847713
-46.807087
-46.788338
-46.797714
-46.797714
-46.797714
-46.760212
-46.738342
-46.716469
-46.650845
-46.600849
-46.538353
-46.513355
-46.482105
-46.453979
-46.413357
-46.403984
-46.375858
-46.319614
-46.288364
-46.247742
-46.175869
-46.122749
-46.072746
-46.025879
-45.991505
-45.919632
-45.863384
-45.847763
-45.800888
-45.797764
-45.794636
-45.813389
-45.825886
-45.850883
-45.860256
-45.875881
-45.879009
-45.869633
-45.847763
-45.813389
-45.797764
-45.791512
-45.779011
-45.794636
-45.772762
-45.741516
-45.697769
-45.654018
-45.597771
-45.560272
-45.513401
-45.457153
-45.422783
-45.360283
-45.304035
-45.272785
-45.210293
-45.147793
-45.097797
-44.985302
-44.847813
-44.654068
-43.897854
-41.179237
-36.207607
-29.179823
-19.064693
-6.8371658
4.3716612
13.174356
19.499048
23.598846
25.90811
26.845564
26.736193
25.870613
24.517553
22.836384
20.99585
19.045944
17.105415
15.133636
13.199355
11.324447
9.4432888
7.5902543
5.746594
3.8810604
2.0186515
0.14999267
-1.7374151
-3.6716955
-5.6809726
-7.7464962
-9.8807678
-12.118157
-14.424295
-16.796055
-19.25531
-21.727062
-24.13007
-26.498705
-28.736095
-30.835993
-32.75465
-34.482689
-36.010742
-37.376297
-38.566868
-39.632439
-40.56052
-41.326107
-42.03545
-42.660416
-43.197891
-43.669739
-44.079094
-44.413456
-44.754063
-45.0228
-45.297787
-45.522778
-45.754013
-45.922756
-46.107124
-46.285236
-46.419609
-46.532104
-46.632099
-46.747715
-46.835213
-46.92271
-46.994579
-47.085197
-47.132072
-47.203945
-47.263313
-47.332066
-47.397686
-47.45393
-47.48518
-47.532055
-47.597675
-47.641426
-47.700794
-47.757038
-47.807041
-47.847664
-47.885159
-47.897659
-47.94141
-47.96328
-47.997654
-48.053902
-48.066399
-48.103901
-48.12265
-48.150772
-48.166397
-48.182022
-48.203896
-48.216396
-48.216396
-48.247646
-48.253891
-48.247646
-48.235146
-48.235146
-48.222645
-48.222645
-48.219521
-48.222645
-48.235146
-48.266392
-48.253891
-48.253891
-48.257015
-48.257015
-48.297642
-48.313267
-48.325764
-48.347637
-48.372635
-48.369511
-48.372635
-48.372635
-48.397636
-48.375759
-48.378887
-48.397636
-48.416386
-48.428886
-48.422634
-48.416386
-48.447636
-48.444511
-48.450756
-48.45388
-48.491383
-48.469505
-48.457005
-48.47263
-48.460133
-48.444511
-48.435135
-48.422634
-48.413261
-48.435135
-48.444511
-48.460133
-48.466381
-48.478882
-48.494507
-48.494507
-48.494507
-48.491383
-48.482006
-48.48513
-48.482006
-48.47263
-48.47263
-48.478882
-48.478882
-48.466381
-48.494507
-48.48513
-48.491383
-48.497631
-48.500755
-48.513256
-48.547626
-48.566376
-48.560127
-48.566376
-48.538258
-48.547626
-48.550751
-48.519505
-48.497631
-48.478882
-48.47263
-48.450756
-48.438259
-48.432011
-48.425762
-48.422634
-48.403885
-48.385136
-48.369511
-48.35701
-48.347637
-48.322639
-48.294514
-48.27264
-48.244522
-48.244522
-48.228897
-48.228897
-48.244522
-48.197647
-48.197647
-48.182022
-48.172646
-48.169521
-48.153896
-48.141399
-48.116402
-48.128899
-48.107025
-48.113274
-48.094524
-48.057026
-48.032032
-47.997654
-47.957031
-47.928909
-47.888287
-47.863285
-47.853909
-47.872662
-47.853909
-47.853909
-47.857037
-47.853909
-47.841415
-47.835163
-47.841415
-47.838291
-47.822666
-47.797665
-47.757038
-47.710171
-47.691422
-47.669544
-47.672668
-47.635174
-47.594551
-47.578926
-47.566425
-47.553925
-47.547676
-47.51643
-47.491428
-47.48518
-47.482056
-47.48518
-47.472679
-47.466431
-47.482056
-47.444561
-47.428936
-47.403934
-47.36956
-47.344563
-47.332066
-47.313313
-47.313313
-47.297688
-47.300816
-47.325813
-47.300816
-47.297688
-47.285191
-47.244568
-47.247696
-47.238319
-47.244568
-47.238319
-47.203945
-47.194569
-47.194569
-47.197693
-47.182068
-47.153946
-47.15707
-47.147694
-47.100822
-47.066448
-47.022705
-46.997704
-46.953953
-46.925835
-46.897709
-46.853958
-46.82584
-46.813339
-46.769588
-46.72897
-46.688343
-46.660217
-46.647724
-46.635223
-46.638348
-46.610222
-46.619598
-46.597725
-46.588348
-46.560223
-46.547722
-46.535229
-46.475853
-46.447735
-46.366482
-46.297737
-46.291489
-46.247742
-46.21962
-46.169617
-46.147743
-46.110249
-46.053997
-46.013378
-45.957127
-45.910259
-45.857132
-45.832138
-45.788387
-45.747761
-45.694641
-45.629021
-45.541527
-45.463402
-45.379032
-45.297787
-45.207169
-45.063423
-44.875931
-44.397831
-42.410427
-38.145012
-31.989061
-23.305111
-11.786923
-0.1187442
9.5557833
16.758556
21.680189
24.601923
26.020605
26.314341
25.79874
24.698793
23.22699
21.5177
19.702162
17.842878
15.952346
14.077437
12.249402
10.405742
8.5683308
6.771544
4.9747572
3.1404717
1.309311
-0.52809918
-2.3561349
-4.240418
-6.1903229
-8.1558523
-10.237
-12.430643
-14.696157
-17.039793
-19.383429
-21.755188
-24.061325
-26.279964
-28.361115
-30.30477
-32.070309
-33.679604
-35.163906
-36.46072
-37.616913
-38.635612
-39.538692
-40.34803
-41.079243
-41.707336
-42.272934
-42.807285
-43.272884
-43.691616
-44.05722
-44.369705
-44.697815
-44.947803
-45.185291
-45.407158
-45.629021
-45.775887
-45.938381
-46.094624
-46.222744
-46.350857
-46.472729
-46.557098
-46.657093
-46.766464
-46.86021
-46.969578
-47.057076
-47.1227
-47.197693
-47.260189
-47.344563
-47.385185
-47.416435
-47.475803
-47.500805
-47.544556
-47.597675
-47.647675
-47.688293
-47.722672
-47.769539
-47.791416
-47.82579
-47.860161
-47.872662
-47.919537
-47.932034
-47.94141
-47.991405
-48.019531
-48.03828
-48.088276
-48.078899
-48.103901
-48.132027
-48.17577
-48.197647
-48.225769
-48.257015
-48.275764
-48.297642
-48.300766
-48.341389
-48.363262
-48.382011
-48.403885
-48.416386
-48.407009
-48.428886
-48.428886
-48.447636
-48.447636
-48.47263
-48.463257
-48.497631
-48.497631
-48.510132
-48.53513
-48.541382
-48.538258
-48.547626
-48.528881
-48.53513
-48.547626
-48.538258
-48.563251
-48.560127
-48.572624
-48.560127
-48.547626
-48.541382
-48.525757
-48.532005
-48.53513
-48.528881
-48.51638
-48.500755
-48.513256
-48.497631
-48.497631
-48.494507
-48.497631
-48.51638
-48.510132
-48.50388
-48.497631
-48.497631
-48.494507
-48.497631
-48.497631
-48.513256
-48.522633
-48.497631
-48.497631
-48.497631
-48.450756
-48.441387
-48.413261
-48.394512
-48.382011
-48.360134
-48.353886
-48.344517
-48.347637
-48.350761
-48.369511
-48.360134
-48.38826
-48.372635
-48.347637
-48.33514
-48.344517
-48.322639
-48.310139
-48.307014
-48.288265
-48.269516
-48.263264
-48.244522
-48.250767
-48.27264
-48.247646
-48.235146
-48.203896
-48.169521
-48.113274
-48.110149
-48.103901
-48.088276
-48.088276
-48.078899
-48.050774
-48.057026
-48.06015
-48.053902
-48.022655
-48.053902
-48.044529
-48.022655
-48.041405
-48.035156
-47.997654
-47.997654
-47.99453
-47.985157
-47.99453
-47.947655
-47.922661
-47.897659
-47.847664
-47.819538
-47.800789
-47.791416
-47.78204
-47.785164
-47.785164
-47.75079
-47.753914
-47.744545
-47.747665
-47.747665
-47.725796
-47.732044
-47.719543
-47.710171
-47.682045
-47.678921
-47.660172
-47.650795
-47.616425
-47.591423
-47.566425
-47.553925
-47.525806
-47.535179
-47.522678
-47.497681
-47.494556
-47.457054
-47.444561
-47.447685
-47.428936
-47.410183
-47.397686
-47.391434
-47.388309
-47.372684
-47.372684
-47.36956
-47.353935
-47.341438
-47.332066
-47.307064
-47.300816
-47.282063
-47.247696
-47.27269
-47.253941
-47.232071
-47.222694
-47.216446
-47.163319
-47.147694
-47.128948
-47.097698
-47.116447
-47.097698
-47.0602
-47.041454
-47.019581
-46.969578
-46.985203
-46.947704
-46.932083
-46.913334
-46.888332
-46.835213
-46.816463
-46.785213
-46.76334
-46.757088
-46.713345
-46.703968
-46.69772
-46.647724
-46.632099
-46.594597
-46.560223
-46.541477
-46.547722
-46.535229
-46.503979
-46.482105
-46.450855
-46.457104
-46.463352
-46.444607
-46.438358
-46.419609
-46.447735
-46.425858
-46.447735
-46.450855
-46.428982
-46.425858
-46.416485
-46.372734
-46.338364
-46.297737
-46.278988
-46.244617
-46.21962
-46.18837
-46.166492
-46.128998
-46.088371
-46.050873
-46.025879
-45.997753
-45.941509
-45.907131
-45.863384
-45.813389
-45.797764
-45.760262
-45.725891
-45.694641
-45.632149
-45.616524
-45.579021
-45.535278
-45.519653
-45.497776
-45.432156
-45.407158
-45.347782
-45.285286
-45.219666
-45.172791
-45.100922
-45.069672
-45.013428
-44.975925
-44.897808
-44.822811
-44.694691
-44.538452
-44.132221
-42.466675
-38.548119
-32.735901
-24.673794
-13.671207
-1.9811532
7.9746103
15.546115
20.789608
24.083199
25.848738
26.417459
26.129972
25.239391
23.895708
22.261414
20.4615
18.605341
16.717934
14.802402
12.89937
11.077584
9.2401733
7.4277625
5.6247253
3.8123138
2.0498998
0.24998778
-1.574923
-3.4810801
-5.4059863
-7.3933883
-9.4432888
-11.561935
-13.758703
-16.024218
-18.336603
-20.645866
-22.939505
-25.145647
-27.236168
-29.182949
-30.985985
-32.648403
-34.154583
-35.520142
-36.716957
-37.813778
-38.763733
-39.629314
-40.366779
-41.035496
-41.635468
-42.141693
-42.619793
-43.032276
-43.397881
-43.729115
-44.016602
-44.297836
-44.569695
-44.791561
-44.985302
-45.175919
-45.347782
-45.513401
-45.666519
-45.829014
-45.960255
-46.091499
-46.191494
-46.319614
-46.435234
-46.522728
-46.619598
-46.703968
-46.753963
-46.838337
-46.916458
-46.966454
-47.032078
-47.09145
-47.15707
-47.241444
-47.257065
-47.297688
-47.341438
-47.360184
-47.394558
-47.447685
-47.472679
-47.528931
-47.560173
-47.597675
-47.638298
-47.703918
-47.732044
-47.76329
-47.803913
-47.81329
-47.863285
-47.87891
-47.913284
-47.919537
-47.953907
-47.985157
-48.022655
-47.997654
-48.010155
-48.013279
-48.010155
-48.047657
-48.063274
-48.078899
-48.06015
-48.085152
-48.097649
-48.138275
-48.172646
-48.185146
-48.210144
-48.235146
-48.23827
-48.247646
-48.253891
-48.253891
-48.27264
-48.291389
-48.288265
-48.316391
-48.294514
-48.310139
-48.300766
-48.310139
-48.341389
-48.328892
-48.332016
-48.328892
-48.347637
-48.353886
-48.372635
-48.385136
-48.391384
-48.397636
-48.397636
-48.413261
-48.391384
-48.394512
-48.385136
-48.372635
-48.353886
-48.322639
-48.325764
-48.316391
-48.307014
-48.332016
-48.360134
-48.360134
-48.378887
-48.378887
-48.394512
-48.391384
-48.35701
-48.350761
-48.328892
-48.300766
-48.297642
-48.297642
-48.288265
-48.27264
-48.241394
-48.235146
-48.20702
-48.172646
-48.172646
-48.188271
-48.166397
-48.157021
-48.147644
-48.132027
-48.110149
-48.119526
-48.119526
-48.097649
-48.082024
-48.085152
-48.085152
-48.047657
-48.032032
-48.041405
-48.044529
-48.028904
-48.022655
-48.013279
-47.997654
-47.982029
-47.947655
-47.953907
-47.916409
-47.928909
-47.947655
-47.94141
-47.922661
-47.913284
-47.932034
-47.944534
-47.944534
-47.922661
-47.919537
-47.922661
-47.907036
-47.87891
-47.847664
-47.800789
-47.785164
-47.769539
-47.741421
-47.735168
-47.688293
-47.682045
-47.66642
-47.653919
-47.647675
-47.638298
-47.603924
-47.585175
-47.566425
-47.553925
-47.528931
-47.538303
-47.507053
-47.497681
-47.497681
-47.478931
-47.475803
-47.478931
-47.447685
-47.428936
-47.385185
-47.366436
-47.353935
-47.350811
-47.319565
-47.325813
-47.328938
-47.347683
-47.347683
-47.30394
-47.253941
-47.244568
-47.213318
-47.182068
-47.147694
-47.119576
-47.107075
-47.128948
-47.097698
-47.094574
-47.097698
-47.110199
-47.09145
-47.097698
-47.069572
-47.057076
-47.069572
-47.069572
-47.072701
-47.047703
-47.035206
-47.025829
-46.997704
-47.025829
-47.019581
-46.991455
-46.988331
-46.978954
-46.963329
-46.957081
-46.94146
-46.903957
-46.897709
-46.869583
-46.819588
-46.772713
-46.732094
-46.682095
-46.647724
-46.622723
-46.610222
-46.591473
-46.557098
-46.560223
-46.575848
-46.55085
-46.525852
-46.488354
-46.460228
-46.435234
-46.416485
-46.397732
-46.363358
-46.353985
-46.313362
-46.300861
-46.247742
-46.194618
-46.15712
-46.125874
-46.119621
-46.107124
-46.110249
-46.082123
-46.082123
-46.057121
-46.044628
-46.047752
-46.019627
-46.025879
-46.032127
-46.022755
-45.994629
-45.997753
-45.954002
-45.910259
-45.872757
-45.835262
-45.785263
-45.744644
-45.697769
-45.679016
-45.650894
-45.610271
-45.560272
-45.554024
-45.525902
-45.507153
-45.475903
-45.469654
-45.422783
-45.416531
-45.369656
-45.354031
-45.329037
-45.313412
-45.272785
-45.229042
-45.194668
-45.179043
-45.147793
-45.088421
-45.019676
-44.922806
-44.794685
-44.654068
-44.497826
-44.188465
-43.091644
-39.973045
-34.895168
-27.861139
-17.92725
-6.2340703
4.4341583
12.849372
18.92095
22.902006
25.176893
26.148722
26.139347
25.433132
24.205069
22.670769
20.90523
19.089691
17.236658
15.408623
13.577462
11.749426
9.9682627
8.1995993
6.4496851
4.7341437
3.0373516
1.3280602
-0.40310532
-2.2061422
-4.0591764
-5.9559593
-7.9558616
-10.049509
-12.240026
-14.514915
-16.836678
-19.149065
-21.423954
-23.686342
-25.839363
-27.911137
-29.832916
-31.604706
-33.260876
-34.748302
-36.048241
-37.24818
-38.270008
-39.20121
-39.998047
-40.719887
-41.369854
-41.93858
-42.432304
-42.882278
-43.272884
-43.641621
-43.947849
-44.229092
-44.497826
-44.716568
-44.947803
-45.129047
-45.304035
-45.466526
-45.594646
-45.760262
-45.879009
-46.00713
-46.128998
-46.235245
-46.332111
-46.450855
-46.532104
-46.61335
-46.657093
-46.735218
-46.813339
-46.863335
-46.897709
-46.957081
-46.972706
-47.025829
-47.0602
-47.082073
-47.116447
-47.147694
-47.182068
-47.222694
-47.263313
-47.307064
-47.328938
-47.378933
-47.419559
-47.460178
-47.48518
-47.48518
-47.519554
-47.541431
-47.553925
-47.610176
-47.625801
-47.647675
-47.682045
-47.672668
-47.700794
-47.732044
-47.738297
-47.747665
-47.778915
-47.785164
-47.803913
-47.807041
-47.819538
-47.838291
-47.866409
-47.891411
-47.894535
-47.900784
-47.897659
-47.916409
-47.938286
-47.94141
-47.950779
-47.969532
-47.96328
-47.997654
-47.997654
-47.988281
-47.997654
-48.02578
-48.050774
-48.066399
-48.075775
-48.075775
-48.097649
-48.107025
-48.138275
-48.144524
-48.147644
-48.150772
-48.188271
-48.210144
-48.222645
-48.232021
-48.225769
-48.247646
-48.232021
-48.247646
-48.257015
-48.266392
-48.285141
-48.278889
-48.297642
-48.310139
-48.310139
-48.328892
-48.328892
-48.341389
-48.328892
-48.310139
-48.319515
-48.344517
-48.33514
-48.347637
-48.375759
-48.391384
-48.375759
-48.366386
-48.382011
-48.385136
-48.385136
-48.360134
-48.341389
-48.297642
-48.291389
-48.253891
-48.244522
-48.260139
-48.247646
-48.253891
-48.250767
-48.253891
-48.260139
-48.263264
-48.260139
-48.263264
-48.23827
-48.235146
-48.250767
-48.235146
-48.228897
-48.197647
-48.185146
-48.166397
-48.160145
-48.103901
-48.110149
-48.0914
-48.047657
-48.047657
-48.044529
-48.035156
-48.041405
-48.032032
-48.02578
-48.032032
-48.041405
-48.047657
-48.044529
-48.016407
-47.991405
-47.972656
-47.919537
-47.897659
-47.888287
-47.866409
-47.853909
-47.82579
-47.78204
-47.78204
-47.741421
-47.694546
-47.672668
-47.647675
-47.622673
-47.607048
-47.58205
-47.563301
-47.560173
-47.547676
-47.541431
-47.535179
-47.5508
-47.547676
-47.553925
-47.532055
-47.522678
-47.51643
-47.497681
-47.460178
-47.482056
-47.450806
-47.435184
-47.410183
-47.391434
-47.388309
-47.366436
-47.347683
-47.347683
-47.322689
-47.307064
-47.310188
-47.297688
-47.30394
-47.297688
-47.253941
-47.222694
-47.197693
-47.166443
-47.147694
-47.116447
-47.050823
-47.03833
-47.010204
-46.947704
-46.947704
-46.913334
-46.897709
-46.894585
-46.87896
-46.857082
-46.847713
-46.832088
-46.838337
-46.838337
-46.819588
-46.822712
-46.816463
-46.810215
-46.822712
-46.803963
-46.778965
-46.76334
-46.738342
-46.72897
-46.71022
-46.682095
-46.660217
-46.669594
-46.647724
-46.641472
-46.635223
-46.619598
-46.619598
-46.628975
-46.61335
-46.610222
-46.588348
-46.597725
-46.575848
-46.544605
-46.516479
-46.510227
-46.453979
-46.425858
-46.397732
-46.403984
-46.375858
-46.347733
-46.338364
-46.322739
-46.275864
-46.213367
-46.160244
-46.132122
-46.066498
-46.047752
-46.029003
-45.997753
-45.979004
-45.972752
-45.966503
-45.985252
-45.97588
-45.969627
-45.947754
-45.950878
-45.900883
-45.897758
-45.875881
-45.841511
-45.829014
-45.785263
-45.754013
-45.754013
-45.735268
-45.704018
-45.669643
-45.663391
-45.657143
-45.654018
-45.600899
-45.613396
-45.579021
-45.560272
-45.554024
-45.560272
-45.529026
-45.529026
-45.491528
-45.454029
-45.454029
-45.438408
-45.419659
-45.394657
-45.366531
-45.347782
-45.344662
-45.316536
-45.313412
-45.28841
-45.254036
-45.247791
-45.247791
-45.235291
-45.235291
-45.241543
-45.238419
-45.213417
-45.188416
-45.179043
-45.166542
-45.135296
-45.110298
-45.091545
-45.060295
-45.0228
-44.972801
-44.916557
-44.857182
-44.79781
-44.704067
-44.644695
-44.563446
-44.504078
-44.444706
-44.350956
-44.260338
-44.166592
-44.032227
-43.847862
-43.516624
-42.379177
-39.135586
-33.923344
-26.683071
-16.489819
-4.8685122
5.4934812
13.561838
19.35218
23.101997
25.189394
26.029978
25.948732
25.21752
24.067575
22.555149
20.870857
19.083443
17.264782
15.411748
13.558713
11.727552
9.8932667
8.1121035
6.3090668
4.5154047
2.7123675
0.89995605
-0.94682872
-2.8311117
-4.8122649
-6.8465405
-8.9464378
-11.118207
-13.343098
-15.617987
-17.949123
-20.289633
-22.577021
-24.811289
-26.917437
-28.917337
-30.804745
-32.520287
-34.060837
-35.451393
-36.666958
-37.773155
-38.751232
-39.616814
-40.385525
-41.063618
-41.654213
-42.182312
-42.654163
-43.097893
-43.479126
-43.800987
-44.097847
-44.372829
-44.579071
-44.785313
-44.979053
-45.147793
-45.313412
-45.488403
-45.629021
-45.766514
-45.885258
-45.997753
-46.132122
-46.225868
-46.269611
-46.357109
-46.453979
-46.532104
-46.607098
-46.647724
-46.685219
-46.750839
-46.79459
-46.819588
-46.882084
-46.953953
-46.982079
-47.035206
-47.085197
-47.125824
-47.15707
-47.163319
-47.197693
-47.260189
-47.285191
-47.319565
-47.372684
-47.419559
-47.466431
-47.507053
-47.560173
-47.597675
-47.619549
-47.63205
-47.647675
-47.647675
-47.64455
-47.678921
-47.703918
-47.722672
-47.747665
-47.747665
-47.775791
-47.819538
-47.819538
-47.84454
-47.853909
-47.872662
-47.913284
-47.922661
-47.947655
-47.978905
-48.016407
-48.013279
-48.032032
-48.028904
-48.035156
-48.016407
-48.010155
-47.99453
-47.988281
-47.97578
-47.982029
-48.013279
-47.997654
-47.997654
-47.997654
-47.982029
-47.991405
-47.966404
-47.982029
-47.997654
-47.988281
-47.997654
-47.997654
-47.978905
-47.947655
-47.925785
-47.928909
-47.928909
-47.925785
-47.925785
-47.913284
-47.907036
-47.87891
-47.850784
-47.847664
-47.866409
-47.866409
-47.857037
-47.866409
-47.888287
-47.882034
-47.882034
-47.897659
-47.891411
-47.888287
-47.87891
-47.885159
-47.87891
-47.860161
-47.850784
-47.847664
-47.835163
-47.819538
-47.835163
-47.810165
-47.797665
-47.832039
-47.835163
-47.835163
-47.847664
-47.857037
-47.87891
-47.894535
-47.897659
-47.916409
-47.928909
-47.922661
-47.897659
-47.87891
-47.835163
-47.835163
-47.841415
-47.835163
-47.822666
-47.775791
-47.766415
-47.766415
-47.735168
-47.747665
-47.760166
-47.735168
-47.710171
-47.707047
-47.713295
-47.688293
-47.694546
-47.672668
-47.663296
-47.647675
-47.622673
-47.6133
-47.594551
-47.56955
-47.547676
-47.538303
-47.513306
-47.497681
-47.497681
-47.494556
-47.48518
-47.478931
-47.463306
-47.463306
-47.43206
-47.425808
-47.407059
-47.388309
-47.375809
-47.375809
-47.366436
-47.378933
-47.363308
-47.313313
-47.300816
-47.288315
-47.253941
-47.257065
-47.238319
-47.222694
-47.203945
-47.194569
-47.169571
-47.166443
-47.15707
-47.144573
-47.147694
-47.135201
-47.100822
-47.072701
-47.041454
-47.028954
-47.013329
-46.991455
-47.003956
-47.003956
-46.972706
-46.944584
-46.92271
-46.925835
-46.900833
-46.863335
-46.847713
-46.847713
-46.847713
-46.822712
-46.813339
-46.79459
-46.782089
-46.775837
-46.747715
-46.74147
-46.713345
-46.669594
-46.638348
-46.594597
-46.560223
-46.566475
-46.560223
-46.541477
-46.544605
-46.535229
-46.547722
-46.49773
-46.475853
-46.441483
-46.435234
-46.413357
-46.36961
-46.347733
-46.322739
-46.316486
-46.303989
-46.291489
-46.282112
-46.247742
-46.235245
-46.225868
-46.244617
-46.197742
-46.160244
-46.135246
-46.128998
-46.091499
-46.041504
-45.997753
-45.982128
-45.919632
-45.869633
-45.819637
-45.810261
-45.785263
-45.785263
-45.747761
-45.744644
-45.738392
-45.710266
-45.725891
-45.735268
-45.738392
-45.732143
-45.707142
-45.685268
-45.669643
-45.641521
-45.622772
-45.600899
-45.572773
-45.547771
-45.532154
-45.497776
-45.469654
-45.447781
-45.397781
-45.347782
-45.307163
-45.260288
-45.207169
-45.185291
-45.132172
-45.116547
-45.079048
-45.047802
-45.010303
-44.957176
-44.919682
-44.89468
-44.860306
-44.832188
-44.79781
-44.763435
-44.74781
-44.694691
-44.68219
-44.644695
-44.610321
-44.575947
-44.519703
-44.457203
-44.441582
-44.404079
-44.332211
-44.28846
-44.247841
-44.185341
-44.135345
-44.08847
-44.038475
-43.972851
-43.90723
-43.869732
-43.847862
-43.819736
-43.757236
-43.69474
-43.613495
-43.497875
-43.285385
-42.772911
-40.898003
-36.901321
-31.085981
-23.048874
-12.221278
-1.003076
8.5152092
15.746105
20.739611
23.892582
25.551876
26.098724
25.826862
25.00503
23.805088
22.308285
20.670866
18.917826
17.117914
15.308627
13.536839
11.727552
9.9682627
8.2495966
6.5496802
4.8528881
3.1185977
1.3718079
-0.39060593
-2.1842682
-4.0091791
-5.9090862
-7.9183631
-10.02451
-12.186904
-14.436794
-16.724182
-18.999071
-21.29896
-23.56135
-25.739367
-27.795517
-29.729797
-31.495337
-33.120258
-34.551437
-35.841999
-37.007568
-38.035641
-38.957474
-39.766808
-40.473022
-41.107368
-41.654213
-42.132317
-42.572918
-42.963524
-43.294762
-43.594746
-43.866604
-44.10722
-44.322838
-44.519703
-44.722816
-44.919682
-45.069672
-45.235291
-45.394657
-45.538403
-45.660267
-45.791512
-45.897758
-45.997753
-46.085247
-46.15712
-46.235245
-46.316486
-46.385235
-46.463352
-46.510227
-46.591473
-46.638348
-46.688343
-46.747715
-46.79459
-46.82584
-46.872707
-46.907085
-46.932083
-46.997704
-47.03833
-47.057076
-47.078949
-47.107075
-47.147694
-47.185196
-47.210194
-47.244568
-47.27269
-47.300816
-47.297688
-47.313313
-47.313313
-47.328938
-47.347683
-47.353935
-47.357059
-47.385185
-47.397686
-47.410183
-47.419559
-47.413311
-47.425808
-47.416435
-47.422684
-47.43206
-47.43206
-47.435184
-47.447685
-47.45393
-47.472679
-47.466431
-47.472679
-47.48518
-47.482056
-47.469555
-47.478931
-47.503929
-47.5508
-47.541431
-47.563301
-47.575798
-47.607048
-47.622673
-47.628925
-47.657043
-47.660172
-47.663296
-47.66642
-47.650795
-47.669544
-47.69767
-47.719543
-47.732044
-47.732044
-47.719543
-47.710171
-47.716419
-47.722672
-47.716419
-47.713295
-47.716419
-47.710171
-47.707047
-47.719543
-47.710171
-47.710171
-47.732044
-47.760166
-47.757038
-47.766415
-47.791416
-47.785164
-47.769539
-47.772663
-47.757038
-47.741421
-47.732044
-47.716419
-47.700794
-47.710171
-47.716419
-47.707047
-47.707047
-47.669544
-47.647675
-47.64455
-47.64455
-47.628925
-47.641426
-47.622673
-47.647675
-47.635174
-47.63205
-47.6008
-47.591423
-47.588299
-47.591423
-47.578926
-47.560173
-47.547676
-47.547676
-47.507053
-47.503929
-47.472679
-47.447685
-47.441433
-47.419559
-47.43206
-47.419559
-47.410183
-47.397686
-47.350811
-47.357059
-47.36956
-47.347683
-47.332066
-47.347683
-47.341438
-47.328938
-47.33519
-47.328938
-47.313313
-47.30394
-47.297688
-47.291439
-47.282063
-47.250813
-47.250813
-47.250813
-47.235195
-47.225819
-47.225819
-47.228943
-47.21957
-47.207069
-47.222694
-47.225819
-47.216446
-47.210194
-47.191444
-47.169571
-47.166443
-47.153946
-47.166443
-47.135201
-47.116447
-47.082073
-47.063324
-47.041454
-47.022705
-46.997704
-46.988331
-46.957081
-46.953953
-46.913334
-46.897709
-46.897709
-46.900833
-46.885208
-46.882084
-46.885208
-46.89146
-46.903957
-46.897709
-46.888332
-46.897709
-46.894585
-46.916458
-46.932083
-46.947704
-46.92271
-46.897709
-46.888332
-46.847713
-46.816463
-46.813339
-46.788338
-46.785213
-46.766464
-46.766464
-46.744595
-46.722717
-46.732094
-46.707092
-46.719593
-46.72897
-46.735218
-46.760212
-46.753963
-46.747715
-46.744595
-46.719593
-46.69772
-46.669594
-46.628975
-46.616474
-46.607098
-46.591473
-46.591473
-46.585224
-46.553974
-46.510227
-46.494602
-46.472729
-46.460228
-46.447735
-46.407108
-46.397732
-46.350857
-46.347733
-46.316486
-46.291489
-46.263363
-46.244617
-46.21962
-46.203995
-46.191494
-46.175869
-46.144623
-46.147743
-46.132122
-46.119621
-46.119621
-46.125874
-46.116497
-46.116497
-46.085247
-46.085247
-46.063374
-46.072746
-46.072746
-46.041504
-46.047752
-46.03838
-45.991505
-45.969627
-45.969627
-45.954002
-45.925884
-45.910259
-45.879009
-45.829014
-45.788387
-45.747761
-45.710266
-45.669643
-45.625896
-45.604023
-45.579021
-45.572773
-45.560272
-45.532154
-45.507153
-45.522778
-45.513401
-45.497776
-45.460278
-45.413406
-45.375908
-45.31966
-45.285286
-45.282162
-45.279037
-45.260288
-45.235291
-45.197792
-45.125923
-45.079048
-45.038425
-44.99155
-44.969677
-44.897808
-44.869682
-44.844685
-44.79781
-44.769688
-44.74781
-44.71344
-44.697815
-44.666565
-44.622822
-44.572823
-44.541576
-44.491577
-44.460327
-44.407207
-44.363457
-44.338463
-44.297836
-44.254086
-44.213467
-44.194717
-44.169716
-44.147842
-44.110344
-44.122845
-44.104095
-44.066597
-44.035351
-43.979099
-43.919731
-43.86348
-43.766609
-43.619743
-43.426006
-42.860405
-40.798008
-36.648209
-30.832869
-22.792637
-12.105659
-1.0187002
8.437088
15.596113
20.548996
23.64572
25.289389
25.839363
25.58
24.733166
23.5301
22.058298
20.358381
18.580343
16.792929
14.924271
13.083736
11.293198
9.5151606
7.7496214
5.9153361
4.0841751
2.3061373
0.46872711
-1.3968067
-3.2873394
-5.2903666
-7.3121428
-9.4214144
-11.627557
-13.852448
-16.161711
-18.483473
-20.764612
-23.042624
-25.211269
-27.279917
-29.207949
-30.992235
-32.604656
-34.088959
-35.388897
-36.560715
-37.62941
-38.544991
-39.366829
-40.138664
-40.794884
-41.366726
-41.879204
-42.347927
-42.754158
-43.135395
-43.44788
-43.738491
-43.988476
-44.182217
-44.379082
-44.557198
-44.707191
-44.869682
-44.994678
-45.113422
-45.219666
-45.329037
-45.438408
-45.547771
-45.660267
-45.732143
-45.841511
-45.904007
-45.997753
-46.050873
-46.110249
-46.172745
-46.232117
-46.297737
-46.344612
-46.394608
-46.438358
-46.49773
-46.69772
-46.228992
-45.885258
-45.747761
-45.847763
-45.997753
-46.191494
-46.391483
-46.619598
-46.841465
-47.069572
-47.328938
-47.541431
-47.760166
-47.947655
-48.113274
-48.297642
-48.45388
-48.628876
-48.794491
-48.956982
-49.085102
-49.23822
-49.353836
-49.466331
-49.597576
-49.710072
-49.822567
-49.928814
-50.003807
-50.113178
-50.222549
-50.325668
-50.447536
-50.547527
-50.631905
-50.741272
-50.841267
-50.919388
-51.028759
-51.116253
-51.197498
-51.313118
-51.409988
-51.497482
-51.588104
-51.678726
-51.784969
-51.866215
-51.94746
-52.047459
-52.134956
-52.216202
-52.297443
-52.369316
-52.45681
-52.522434
-52.600555
-52.672424
-52.75367
-52.84742
-52.909916
-52.984909
-53.047409
-53.12553
-53.194275
-53.253647
-53.30677
-53.39114
-53.453636
-53.513012
-53.606758
-53.653625
-53.747372
-53.81612
-53.872368
-53.922367
-53.991112
-54.056732
-54.116108
-54.191101
-54.234852
-54.300472
-54.347343
-54.397343
-54.466087
-54.534836
-54.606709
-54.697327
-54.762947
-54.812946
-54.869194
-54.922318
-54.966064
-55.025436
-55.07856
-55.128559
-55.169178
-55.247303
-55.312923
-55.359795
-55.409794
-55.47229
-55.528538
-55.575409
-55.628532
-55.68478
-55.744156
-55.803524
-55.819149
-55.859768
-55.912895
-55.953514
-56.006638
-56.050385
-56.12851
-56.191006
-56.228504
-56.281624
-56.337875
-56.40662
-56.447247
-56.512863
-56.537865
-56.590984
-56.647236
-56.665981
-56.706604
-56.759724
-56.790974
-56.847225
-56.875347
-56.894096
-56.947216
-57.009716
-57.062836
-57.109711
-57.153458
-57.197205
-57.228455
-57.259701
-57.322201
-57.347195
-57.381573
-57.428448
-57.503441
-57.519066
-57.562813
-57.600311
-57.631561
-57.669056
-57.690933
-57.73468
-57.775303
-57.815926
-57.872173
-57.900295
-57.947166
-57.987793
-58.053413
-58.09716
-58.103413
-58.175282
-58.200283
-58.256527
-58.303402
-58.347149
-58.375271
-58.422146
-58.444023
-58.475266
-58.525269
-58.544018
-58.578388
-58.600262
-58.612762
-58.659634
-58.681507
-58.722134
-58.765877
-58.809628
-58.831501
-58.865871
-58.884624
-58.909622
-58.981491
-58.997116
-59.031494
-59.043991
-59.103363
-59.137737
-59.187733
-59.222107
-59.26273
-59.290852
-59.322102
-59.365849
-59.406475
-59.434597
-59.472092
-59.50647
-59.553337
-59.568962
-59.587715
-59.625214
-59.684582
-59.697083
-59.722084
-59.756454
-59.75333
-59.822079
-59.843952
-59.878323
-59.875198
-59.918949
-59.943951
-59.972069
-60.003319
-60.006443
-60.025192
-60.037693
-60.084564
-60.122063
-60.14706
-60.159557
-60.193935
-60.215809
-60.250179
-60.278305
-60.322056
-60.35955
-60.381424
-60.437675
-60.481419
-60.497044
-60.531418
-60.55954
-60.556416
-60.59079
-60.618916
-60.647041
-60.681408
-60.697033
-60.725159
-60.747028
-60.797031
-60.815781
-60.831406
-60.853275
-60.881401
-60.897026
-60.943901
-60.965771
-61.006393
-61.040771
-61.053265
-61.072014
-61.10014
-61.13139
-61.156384
-61.19701
-61.218884
-61.247009
-61.26263
-61.272007
-61.309505
-61.322006
-61.337631
-61.362625
-61.384502
-61.425125
-61.465744
-61.481369
-61.490746
-61.518871
-61.528244
-61.556366
-61.584492
-61.606365
-61.634491
-61.653236
-61.696987
-61.731361
-61.743862
-61.753231
-61.784481
-61.787605
-61.818855
-61.846981
-61.878227
-61.890728
-61.912601
-61.91885
-61.934475
-61.981346
-61.996971
-62.025097
-62.062592
-62.065716
-62.103218
-62.112591
-62.128216
-62.159462
-62.171963
-62.16571
-62.206337
-62.206337
-62.218838
-62.271957
-62.265705
-62.325081
-62.368828
-62.396954
-62.446953
-62.475071
-62.490696
-62.509445
-62.52507
-62.537571
-62.562569
-62.590691
-62.600067
-62.612568
-62.646942
-62.653187
-62.696938
-62.718811
-62.746933
-62.771931
-62.806309
-62.834431
-62.843807
-62.840683
-62.846931
-62.856304
-62.875053
-62.903179
-62.918804
-62.940678
-62.965672
-62.996922
-63.015671
-63.059418
-63.078167
-63.096916
-63.115669
-63.128166
-63.125042
-63.134418
-63.146912
-63.171913
-63.206287
-63.221912
-63.234413
-63.262531
-63.296909
-63.321907
-63.353153
-63.36253
-63.384403
-63.412529
-63.403152
-63.434402
-63.446903
-63.471897
-63.506271
-63.525024
-63.528149
-63.568768
-63.565643
-63.584393
-63.57502
-63.581268
-63.621895
-63.634392
-63.643768
-63.646893
-63.653137
-63.653137
-63.690639
-63.703136
-63.731262
-63.746883
-63.746883
-63.734386
-63.762508
-63.78751
-63.796883
-63.825008
-63.85313
-63.850002
-63.87188
-63.881252
-63.881252
-63.896877
-63.896877
-63.909378
-63.925003
-63.931255
-63.959373
-63.984375
-63.996872
-64.018745
-64.021873
-64.040627
-64.062492
-64.081245
-64.099991
-64.115616
-64.121872
-64.146866
-64.153114
-64.168739
-64.206238
-64.215614
-64.196861
-64.228111
-64.246864
-64.281235
-64.278107
-64.293732
-64.324982
-64.33123
-64.324982
-64.334358
-64.368729
-64.359352
-64.365601
-64.371857
-64.381226
-64.421852
-64.412476
-64.443726
-64.440605
-64.459351
-64.465599
-64.468727
-64.493721
-64.499977
-64.534348
-64.531227
-64.546844
-64.565598
-64.559341
-64.590591
-64.609344
-64.621841
-64.634346
-64.674965
-64.662468
-64.665588
-64.674965
-64.69059
-64.709343
-64.724968
-64.731216
-64.759331
-64.765587
-64.781212
-64.796837
-64.81871
-64.796837
-64.824959
-64.815582
-64.831207
-64.846832
-64.853081
-64.859329
-64.887451
-64.871826
-64.881203
-64.896828
-64.896828
-64.906204
-64.906204
-64.896828
-64.928078
-64.949951
-64.968697
-64.968697
-64.999947
-65.0187
-65.043701
-65.05307
-65.065567
-65.068695
-65.071823
-65.090569
-65.131195
-65.131195
-65.134323
-65.156189
-65.171814
-65.187439
-65.187439
-65.196815
-65.203064
-65.231194
-65.228065
-65.24369
-65.256187
-65.256187
-65.268684
-65.296806
-65.293686
-65.296806
-65.309311
-65.306183
-65.334312
-65.343681
-65.340561
-65.365555
-65.353058
-65.378052
-65.38118
-65.387428
-65.396805
-65.406181
-65.396805
-65.41243
-65.428055
-65.421806
-65.44368
-65.440552
-65.437431
-65.471802
-65.490547
-65.490547
-65.496803
-65.496803
-65.490547
-65.5093
-65.47805
-65.518677
-65.54055
-65.543678
-65.549919
-65.562424
-65.546799
-65.559296
-65.584297
-65.565544
-65.581169
-65.590546
-65.603043
-65.606171
-65.624924
-65.634293
-65.640549
-65.628044
-65.631172
-65.637421
-65.659294
-65.681168
-65.668663
-65.671791
-65.674919
-65.696793
-65.718666
-65.724915
-65.743668
-65.743668
-65.768661
-65.768661
-65.796783
-65.803032
-65.828033
-65.824913
-65.843658
-65.815536
-65.818657
-65.840538
-65.828033
-65.83741
-65.840538
-65.859283
-65.859283
-65.884277
-65.893654
-65.921783
-65.946777
-65.965523
-65.974899
-65.978027
-65.981148
-65.959274
-65.959274
-65.968651
-65.974899
-65.968651
-65.974899
-65.978027
-65.956154
-65.962402
-65.984276
-65.978027
-66.003029
-66.015526
-66.018654
-66.031151
-66.031151
-66.049896
-66.059273
-66.074898
-66.084274
-66.096771
-66.093643
-66.106148
-66.106148
-66.118645
-66.131149
-66.153015
-66.162392
-66.143646
-66.178017
-66.181145
-66.181145
-66.206139
-66.209267
-66.22802
-66.218643
-66.215515
-66.246765
-66.253014
-66.253014
-66.265511
-66.259262
-66.265511
-66.271759
-66.271759
-66.268639
-66.281136
-66.296761
-66.296761
-66.293633
-66.296761
-66.318634
-66.331139
-66.315514
-66.324883
-66.346756
-66.374878
-66.374878
-66.362381
-66.393631
-66.403008
-66.412384
-66.396759
-66.396759
-66.381134
-66.390503
-66.418633
-66.431129
-66.415504
-66.443634
-66.446754
-66.443634
-66.446754
-66.431129
-66.446754
-66.446754
-66.459251
-66.456123
-66.468628
-66.453003
-66.471748
-66.468628
-66.468628
-66.471748
-66.481125
-66.49675
-66.512375
-66.524879
-66.540504
-66.534248
-66.540504
-66.546745
-66.549873
-66.55925
-66.581123
-66.5905
-66.584244
-66.596748
-66.596748
-66.618622
-66.62175
-66.634247
-66.637375
-66.631119
-66.634247
-66.637375
-66.646744
-66.65612
-66.677994
-66.696739
-66.677994
-66.681114
-66.671745
-66.696739
-66.696739
-66.721741
-66.702995
-66.721741
-66.721741
-66.724869
-66.712364
-66.702995
-66.721741
-66.749863
-66.746735
-66.734245
-66.724869
-66.743614
-66.743614
-66.76236
-66.771736
-66.781113
-66.818611
-66.796738
-66.806114
-66.796738
-66.774864
-66.784233
-66.815483
-66.82486
-66.818611
-66.796738
-66.796738
-66.796738
-66.790489
-66.799858
-66.82486
-66.827988
-66.843613
-66.85611
-66.837364
-66.846733
-66.846733
-66.846733
-66.85923
-66.871735
-66.852982
-66.85923
-66.874855
-66.871735
-66.896729
-66.896729
-66.896729
-66.909233
-66.899857
-66.906105
-66.924858
-66.927979
-66.946724
-66.943604
-66.946724
-66.949852
-66.962349
-66.974854
-66.98423
-66.962349
-66.965477
-66.974854
-66.971725
-66.968605
-67.002975
-66.98735
-66.996727
-66.996727
-66.996727
-67.01548
-67.01548
-67.027977
-67.006104
-67.0186
-67.024849
-67.031105
-67.052971
-67.04673
-67.04673
-67.04673
-67.071724
-67.04985
-67.04985
-67.027977
-67.04673
-67.068596
-67.04673
-67.052971
-67.04673
-67.065475
-67.062347
-67.087349
-67.0811
-67.084221
-67.087349
-67.087349
-67.071724
-67.077972
-67.084221
-67.106094
-67.115471
-67.11235
-67.109222
-67.1436
-67.134224
-67.140472
-67.115471
-67.106094
-67.096725
-67.096725
-67.096725
-67.096725
-67.121719
-67.102974
-67.115471
-67.131096
-67.146721
-67.149841
-67.159218
-67.152969
-67.146721
-67.177971
-67.168594
-67.162346
-67.1436
-67.140472
-67.146721
-67.162346
-67.168594
-67.18734
-67.202965
-67.196716
-67.184219
-67.177971
-67.177971
-67.177971
-67.215469
-67.206093
-67.206093
-67.196716
-67.209221
-67.196716
-67.196716
-67.184219
-67.193596
-67.177971
-67.149841
-67.146721
-67.146721
-67.171715
-67.177971
-67.193596
-67.168594
-67.162346
-67.159218
-67.146721
-67.152969
-67.159218
-67.184219
-67.174843
-67.174843
-67.190468
-67.196716
-67.196716
-67.212341
-67.221718
-67.224846
-67.227966
-67.246719
-67.240471
-67.256088
-67.246719
-67.24984
-67.268585
-67.25296
-67.256088
-67.274834
-67.259209
-67.246719
-67.259209
-67.243591
-67.240471
-67.25296
-67.240471
-67.24984
-67.24984
-67.25296
-67.265465
-67.237343
-67.246719
-67.271713
-67.271713
-67.274834
-67.296715
-67.28109
-67.296715
-67.293587
-67.287338
-67.274834
-67.296715
-67.287338
-67.299835
-67.296715
-67.268585
-67.268585
-67.25296
-67.240471
-67.246719
-67.246719
-67.237343
-67.25296
-67.268585
-67.296715
-67.31546
-67.318588
-67.306084
-67.318588
-67.318588
-67.31234
-67.302963
-67.277962
-67.293587
-67.290459
-67.296715
-67.31234
-67.296715
-67.327965
-67.340462
-67.324837
-67.31546
-67.309212
-67.309212
-67.318588
-67.324837
-67.321709
-67.331085
-67.31546
-67.309212
-67.318588
-67.331085
-67.321709
-67.327965
-67.299835
-67.296715
-67.318588
-67.302963
-67.299835
-67.296715
-67.28421
-67.28421
-67.306084
-67.302963
-67.306084
-67.331085
-67.321709
-67.321709
-67.31546
-67.306084
-67.309212
-67.337334
-67.321709
-67.318588
-67.321709
-67.327965
-67.327965
-67.340462
-67.34359
-67.356079
-67.34671
-67.34359
-67.34671
-67.334213
-67.371704
-67.34671
-67.337334
-67.34359
-67.337334
-67.34359
-67.34359
-67.34671
-67.334213
-67.34671
-67.374832
-67.374832
-67.371704
-67.352959
-67.359207
-67.362335
-67.34671
-67.352959
-67.362335
-67.34671
-67.34671
-67.349831
-67.356079
-67.359207
-67.359207
-67.356079
-67.37796
-67.384209
-67.365456
-67.34671
-67.365456
-67.362335
-67.352959
-67.365456
-67.365456
-67.368584
-67.384209
-67.371704
-67.362335
-67.359207
-67.365456
-67.359207
-67.371704
-67.371704
-67.387329
-67.365456
-67.37796
-67.384209
-67.381081
-67.374832
-67.399834
-67.418579
-67.412331
-67.40921
-67.415459
-67.396706
-67.396706
-67.362335
-67.368584
-67.362335
-67.34671
-67.352959
-67.352959
-67.37796
-67.368584
-67.371704
-67.356079
-67.365456
-67.34671
-67.352959
-67.340462
-67.334213
-67.34671
-67.34359
-67.34359
-67.337334
-67.337334
-67.34359
-67.34671
-67.349831
-67.359207
-67.34359
-67.318588
-67.327965
-67.327965
-67.318588
-67.321709
-67.324837
-67.327965
-67.34671
-67.334213
-67.331085
-67.331085
-67.327965
-67.318588
-67.340462
-67.34671
-67.34359
-67.362335
-67.337334
-67.306084
-67.306084
-67.299835
-67.28109
-67.31234
-67.299835
-67.31234
-67.309212
-67.331085
-67.327965
-67.340462
-67.334213
-67.340462
-67.34671
-67.31234
-67.318588
-67.309212
-67.296715
-67.306084
-67.318588
-67.31234
-67.337334
-67.34359
-67.331085
-67.31234
-67.318588
-67.331085
-67.318588
-67.309212
-67.287338
-67.302963
-67.293587
-67.293587
-67.293587
-67.296715
-67.299835
-67.299835
-67.268585
-67.290459
-67.274834
-67.265465
-67.287338
-67.274834
-67.28109
-67.259209
-67.24984
-67.265465
-67.262337
-67.268585
-67.271713
-67.274834
-67.265465
-67.262337
-67.259209
-67.243591
-67.246719
-67.234215
-67.227966
-67.243591
-67.231094
-67.237343
-67.240471
-67.256088
-67.274834
-67.274834
-67.265465
-67.256088
-67.268585
-67.268585
-67.265465
-67.24984
-67.246719
-67.290459
-67.28109
-67.265465
-67.28421
-67.28421
-67.296715
-67.274834
-67.259209
-67.259209
-67.271713
-67.256088
-67.265465
-67.256088
-67.28109
-67.262337
-67.24984
-67.246719
-67.262337
-67.25296
-67.24984
-67.243591
-67.243591
-67.240471
-67.243591
-67.237343
-67.246719
-67.24984
-67.227966
-67.231094
-67.224846
-67.215469
-67.21859
-67.212341
-67.224846
-67.224846
-67.206093
-67.221718
-67.224846
-67.240471
-67.240471
-67.227966
-67.24984
-67.237343
-67.237343
-67.227966
-67.196716
-67.190468
-67.190468
-67.184219
-67.196716
-67.196716
-67.206093
-67.202965
-67.190468
-67.168594
-67.171715
-67.171715
-67.177971
-67.190468
-67.171715
-67.171715
-67.165466
-67.162346
-67.184219
-67.181091
-67.181091
-67.193596
-67.190468
-67.190468
-67.184219
-67.196716
-67.196716
-67.193596
-67.184219
-67.171715
-67.165466
-67.146721
-67.1436
-67.149841
-67.159218
-67.159218
-67.15609
-67.121719
-67.131096
-67.118599
-67.11235
-67.121719
-67.140472
-67.127975
-67.1436
-67.131096
-67.127975
-67.118599
-67.115471
-67.140472
-67.152969
-67.152969
-67.165466
-67.149841
-67.1436
-67.1436
-67.146721
-67.121719
-67.146721
-67.134224
-67.118599
-67.11235
-67.090469
-67.084221
-67.106094
-67.096725
-67.096725
-67.090469
-67.096725
-67.115471
-67.099846
-67.096725
-67.109222
-67.084221
-67.093597
-67.0811
-67.096725
-67.109222
-67.068596
-67.096725
-67.084221
-67.084221
-67.071724
-67.074844
-67.065475
-67.090469
-67.084221
-67.090469
-67.062347
-67.04985
-67.071724
-67.090469
-67.096725
-67.0811
-67.052971
-67.0811
-67.068596
-67.062347
-67.077972
-67.04673
-67.059219
-67.074844
-67.056099
-67.056099
-67.04673
-67.052971
-67.04673
-67.040474
-67.040474
-67.059219
-67.04673
-67.052971
-67.04673
-67.04673
-67.059219
-67.065475
-67.0811
-67.04985
-67.04985
-67.059219
-67.043602
-67.034225
-67.031105
-67.006104
-66.990479
-67.002975
-66.999855
-67.021729
-67.012352
-67.002975
-67.01548
-66.990479
-66.993599
-66.981102
-66.959229
-66.946724
-66.946724
-66.946724
-66.962349
-66.962349
-66.959229
-66.971725
-66.965477
-66.968605
-66.977974
-66.968605
-66.971725
-66.971725
-66.946724
-66.940483
-66.940483
-66.949852
-66.95298
-66.946724
-66.934235
-66.931107
-66.931107
-66.937355
-66.940483
-66.934235
-66.934235
-66.931107
-66.92173
-66.899857
-66.91861
-66.893608
-66.893608
-66.896729
-66.868607
-66.881104
-66.899857
-66.89048
-66.899857
-66.896729
-66.89048
-66.899857
-66.899857
-66.884232
-66.884232
-66.89048
-66.877983
-66.874855
-66.89048
-66.896729
-66.896729
-66.896729
-66.884232
-66.896729
-66.85611
-66.865479
-66.871735
-66.85611
-66.852982
-66.85611
-66.846733
-66.821739
-66.834236
-66.831108
-66.831108
-66.834236
-66.834236
-66.82486
-66.827988
-66.796738
-66.809235
-66.796738
-66.802986
-66.802986
-66.796738
-66.771736
-66.809235
-66.806114
-66.821739
-66.837364
-66.812363
-66.79361
-66.765488
-66.765488
-66.771736
-66.76236
-66.746735
-66.749863
-66.746735
-66.746735
-66.759239
-66.740494
-66.746735
-66.746735
-66.76236
-66.752983
-66.746735
-66.749863
-66.746735
-66.756111
-66.746735
-66.737366
-66.727989
-66.709244
-66.737366
-66.737366
-66.740494
-66.752983
-66.731117
-66.740494
-66.752983
-66.746735
-66.746735
-66.746735
-66.721741
-66.71862
-66.712364
-66.712364
-66.71862
-66.721741
-66.699867
-66.696739
-66.68737
-66.706116
-66.702995
-66.731117
-66.727989
-66.734245
-66.715492
-66.681114
-66.706116
-66.696739
-66.702995
-66.706116
-66.693619
-66.696739
-66.702995
-66.702995
-66.706116
-66.702995
-66.696739
-66.690491
-66.684242
-66.677994
-66.674866
-66.681114
-66.677994
-66.677994
-66.693619
-66.693619
-66.696739
-66.696739
-66.699867
-66.677994
-66.681114
-66.668617
-66.662369
-66.665489
-66.696739
-66.690491
-66.684242
-66.696739
-66.709244
-66.712364
-66.702995
-66.690491
-66.696739
-66.690491
-66.681114
-66.671745
-66.690491
-66.684242
-66.690491
-66.709244
-66.696739
-66.696739
-66.693619
-66.684242
-66.693619
-66.696739
-66.681114
-66.677994
-66.68737
-66.684242
-66.681114
-66.671745
-66.68737
-66.706116
-66.674866
-66.646744
-66.646744
-66.634247
-66.634247
-66.634247
-66.615494
-66.615494
-66.615494
-66.602997
-66.612373
-66.618622
-66.62175
-66.627998
-66.62175
-66.62175
-66.609245
-66.612373
-66.596748
-66.62175
-66.627998
-66.62175
-66.634247
-66.62175
-66.627998
-66.637375
-66.631119
-66.618622
-66.627998
-66.62175
-66.615494
-66.627998
-66.62175
-66.631119
-66.618622
-66.634247
-66.627998
-66.62175
-66.609245
-66.627998
-66.59362
-66.584244
-66.584244
-66.568619
-66.571747
-66.574875
-66.577995
-66.577995
-66.59362
-66.571747
-66.565498
-66.565498
-66.571747
-66.596748
-66.587372
-66.596748
-66.596748
-66.5905
-66.618622
-66.596748
-66.5905
-66.59362
-66.584244
-66.571747
-66.574875
-66.574875
-66.581123
-66.584244
-66.56237
-66.568619
-66.565498
-66.571747
-66.56237
-66.556122
-66.534248
-66.552994
-66.546745
-66.540504
-66.546745
-66.543625
-66.534248
-66.521751
-66.534248
-66.521751
-66.512375
-66.502998
-66.490501
-66.478004
-66.474876
-66.459251
-66.446754
-66.471748
-66.468628
-66.484253
-66.481125
-66.462379
-66.4655
-66.49675
-66.484253
-66.484253
-66.487373
-66.478004
-66.471748
-66.471748
-66.459251
-66.446754
-66.468628
-66.49675
-66.474876
-66.490501
-66.474876
-66.478004
-66.471748
-66.471748
-66.471748
-66.449875
-66.468628
-66.462379
-66.440506
-66.446754
-66.440506
-66.418633
-66.428009
-66.443634
-66.453003
-66.437378
-66.418633
-66.421753
-66.431129
-66.418633
-66.415504
-66.412384
-66.406128
-66.390503
-66.387383
-66.393631
-66.396759
-66.409256
-66.412384
-66.409256
-66.396759
-66.390503
-66.393631
-66.374878
-66.374878
-66.346756
-66.362381
-66.374878
-66.396759
-66.384254
-66.378006
-66.362381
-66.368629
-66.353004
-66.371758
-66.359253
-66.396759
-66.390503
-66.396759
-66.396759
-66.390503
-66.356133
-66.368629
-66.374878
-66.387383
-66.384254
-66.359253
-66.356133
-66.368629
-66.349884
-66.343636
-66.340508
-66.334259
-66.312386
-66.324883
-66.324883
-66.315514
-66.315514
-66.287384
-66.293633
-66.287384
-66.271759
-66.278008
-66.253014
-66.259262
-66.278008
-66.284264
-66.303009
-66.290512
-66.284264
-66.290512
-66.278008
-66.265511
-66.271759
-66.256134
-66.253014
-66.278008
-66.284264
-66.278008
-66.268639
-66.274887
-66.287384
-66.309258
-66.324883
-66.318634
-66.306137
-66.287384
-66.281136
-66.287384
-66.268639
-66.253014
-66.265511
-66.249886
-66.246765
-66.243645
-66.246765
-66.246765
-66.243645
-66.22802
-66.218643
-66.212395
-66.218643
-66.190514
-66.19677
-66.203018
-66.209267
-66.212395
-66.193642
-66.171768
-66.16864
-66.187393
-66.184265
-66.184265
-66.19677
-66.193642
-66.178017
-66.16864
-66.143646
-66.146767
-66.146767
-66.149895
-66.143646
-66.128021
-66.140518
-66.137398
-66.146767
-66.140518
-66.137398
-66.153015
-66.143646
-66.162392
-66.16552
-66.131149
-66.13427
-66.146767
-66.124893
-66.137398
-66.13427
-66.159264
-66.16552
-66.156143
-66.146767
-66.137398
-66.143646
-66.143646
-66.137398
-66.146767
-66.16552
-66.153015
-66.153015
-66.153015
-66.143646
-66.13427
-66.146767
-66.156143
-66.149895
-66.153015
-66.13427
-66.128021
-66.128021
-66.106148
-66.115524
-66.121773
-66.109268
-66.10302
-66.096771
-66.084274
-66.090523
-66.087395
-66.090523
-66.087395
-66.096771
-66.106148
-66.096771
-66.10302
-66.10302
-66.096771
-66.096771
-66.106148
-66.081146
-66.07177
-66.049896
-66.065521
-66.059273
-66.046776
-66.053024
-66.056145
-66.062393
-66.053024
-66.049896
-66.046776
-66.056145
-66.046776
-66.046776
-66.043648
-66.034279
-66.046776
-66.028023
-66.046776
-66.024902
-66.028023
-66.028023
-66.024902
-66.006149
-66.006149
-66.021774
-66.024902
-66.006149
-66.018654
-66.024902
-66.028023
-66.021774
-66.015526
-66.028023
-66.037399
-66.034279
-66.037399
-66.021774
-66.009277
-66.028023
-66.046776
-66.031151
-66.034279
-66.024902
-66.015526
-66.034279
-66.031151
-66.034279
-66.028023
-66.037399
-66.006149
-66.006149
-66.009277
-66.009277
-65.987404
-65.996773
-65.990524
-65.990524
-66.003029
-66.003029
-66.012398
-66.012398
-66.006149
-65.999901
-65.965523
-65.974899
-65.956154
-65.959274
-65.965523
-65.968651
-65.965523
-65.981148
-65.956154
-65.971779
-65.959274
-65.943657
-65.946777
-65.93428
-65.931152
-65.940529
-65.921783
-65.921783
-65.915527
-65.90303
-65.890533
-65.915527
-65.909279
-65.918655
-65.921783
-65.918655
-65.943657
-65.909279
-65.896782
-65.918655
-65.928032
-65.909279
-65.899902
-65.890533
-65.896782
-65.912407
-65.896782
-65.896782
-65.87178
-65.881157
-65.881157
-65.896782
-65.884277
-65.896782
-65.909279
-65.896782
-65.881157
-65.887405
-65.881157
-65.856155
-65.887405
-65.874908
-65.890533
-65.887405
-65.896782
-65.890533
-65.890533
-65.878029
-65.896782
-65.868652
-65.868652
-65.859283
-65.868652
-65.893654
-65.896782
-65.884277
-65.881157
-65.899902
-65.853027
-65.87178
-65.887405
-65.887405
-65.909279
-65.909279
-65.896782
-65.921783
-65.890533
-65.896782
-65.906158
-65.906158
-65.906158
-65.915527
-65.899902
-65.90303
-65.909279
-65.906158
-65.915527
-65.909279
-65.899902
-65.896782
-65.90303
-65.899902
-65.909279
-65.909279
-65.909279
-65.921783
-65.931152
-65.893654
-65.887405
-65.887405
-65.874908
-65.896782
-65.887405
-65.890533
-65.874908
-65.87178
-65.859283
-65.878029
-65.878029
-65.874908
-65.868652
-65.843658
-65.862404
-65.853027
-65.874908
-65.887405
-65.881157
-65.87178
-65.865532
-65.853027
-65.853027
-65.846786
-65.834282
-65.846786
-65.843658
-65.843658
-65.859283
-65.865532
-65.849907
-65.868652
-65.853027
-65.846786
-65.840538
-65.834282
-65.831161
-65.824913
-65.828033
-65.803032
-65.787407
-65.790535
-65.815536
-65.818657
-65.799911
-65.803032
-65.809288
-65.818657
-65.834282
-65.846786
-65.815536
-65.828033
-65.818657
-65.812408
-65.815536
-65.828033
-65.809288
-65.799911
-65.815536
-65.796783
-65.796783
-65.790535
-65.790535
-65.793663
-65.784286
-65.793663
-65.793663
-65.784286
-65.790535
-65.790535
-65.778038
-65.796783
-65.778038
-65.778038
-65.759285
-65.756157
-65.759285
-65.756157
-65.762413
-65.762413
-65.765533
-65.753036
-65.728043
-65.721794
-65.728043
-65.756157
-65.771782
-65.771782
-65.765533
-65.778038
-65.765533
-65.784286
-65.787407
-65.778038
-65.762413
-65.771782
-65.749908
-65.768661
-65.765533
-65.746788
-65.762413
-65.746788
-65.753036
-65.768661
-65.765533
-65.746788
-65.771782
-65.749908
-65.753036
-65.753036
-65.771782
-65.749908
-65.771782
-65.756157
-65.765533
-65.737419
-65.737419
-65.724915
-65.718666
-65.734291
-65.718666
-65.724915
-65.718666
-65.718666
-65.70929
-65.703041
-65.731163
-65.731163
-65.718666
-65.731163
-65.724915
-65.718666
-65.715538
-65.712418
-65.731163
-65.749908
-65.746788
-65.737419
-65.753036
-65.743668
-65.743668
-65.721794
-65.743668
-65.737419
-65.734291
-65.712418
-65.703041
-65.696793
-65.706169
-65.706169
-65.703041
-65.703041
-65.703041
-65.703041
-65.721794
-65.728043
-65.721794
-65.721794
-65.728043
-65.696793
-65.70929
-65.67804
-65.684288
-65.696793
-65.696793
-65.684288
-65.696793
-65.696793
-65.699913
-65.671791
-65.687416
-65.696793
-65.699913
-65.696793
-65.712418
-65.734291
-65.712418
-65.712418
-65.728043
-65.718666
-65.724915
-65.746788
-65.746788
-65.746788
-65.753036
-65.721794
-65.699913
-65.724915
-65.715538
-65.721794
-65.737419
-65.715538
-65.70929
-65.70929
-65.690544
-65.696793
-65.690544
-65.684288
-65.690544
-65.684288
-65.671791
-65.662415
-65.684288
-65.662415
-65.662415
-65.681168
-65.687416
-65.665543
-65.67804
-65.674919
-65.668663
-65.684288
-65.649918
-65.656166
-65.653038
-65.665543
-65.646797
-65.674919
-65.656166
-65.653038
-65.631172
-65.634293
-65.631172
-65.646797
-65.643669
-65.640549
-65.659294
-65.646797
-65.624924
-65.624924
-65.631172
-65.624924
-65.646797
-65.612419
-65.609299
-65.618668
-65.631172
-65.640549
-65.646797
-65.640549
-65.656166
-65.631172
-65.634293
-65.624924
-65.606171
-65.596794
-65.606171
-65.615547
-65.612419
-65.631172
-65.621796
-65.618668
-65.618668
-65.615547
-65.621796
-65.634293
-65.634293
-65.643669
-65.631172
-65.609299
-65.603043
-65.596794
-65.593674
-65.603043
-65.581169
-65.562424
-65.584297
-65.553047
-65.584297
-65.581169
-65.587418
-65.584297
-65.590546
-65.568672
-65.581169
-65.581169
-65.578049
-65.606171
-65.612419
-65.606171
-65.606171
-65.634293
-65.612419
-65.612419
-65.590546
-65.590546
-65.621796
-65.603043
-65.606171
-65.615547
-65.624924
-65.621796
-65.628044
-65.621796
-65.628044
-65.634293
-65.637421
-65.631172
-65.612419
-65.628044
-65.609299
-65.606171
-65.631172
-65.634293
-65.618668
-65.618668
-65.621796
-65.606171
-65.615547
-65.606171
-65.609299
-65.621796
-65.612419
-65.606171
-65.615547
-65.615547
-65.584297
-65.609299
-65.593674
-65.590546
-65.609299
-65.606171
-65.621796
-65.646797
-65.643669
-65.628044
-65.631172
-65.640549
-65.643669
-65.628044
-65.640549
-65.624924
-65.646797
-65.637421
-65.634293
-65.621796
-65.609299
-65.624924
-65.603043
-65.603043
-65.612419
-65.606171
-65.596794
-65.578049
-65.578049
-65.590546
-65.596794
-65.596794
-65.596794
-65.590546
-65.571793
-65.574921
-65.581169
-65.549919
-65.581169
-65.578049
-65.581169
-65.571793
-65.549919
-65.553047
-65.556168
-65.556168
-65.556168
-65.543678
-65.54055
-65.543678
-65.546799
-65.546799
-65.521797
-65.515549
-65.506172
-65.531174
-65.534302
-65.54055
-65.512428
-65.531174
-65.528053
-65.546799
-65.534302
-65.543678
-65.559296
-65.559296
-65.546799
-65.559296
-65.568672
-65.571793
-65.578049
-65.559296
-65.556168
-65.546799
-65.528053
-65.5093
-65.496803
-65.503052
-65.518677
-65.531174
-65.512428
-65.503052
-65.515549
-65.534302
-65.531174
-65.496803
-65.496803
-65.512428
-65.506172
-65.484299
-65.493675
-65.468674
-65.465553
-65.474922
-65.474922
-65.481178
-65.471802
-65.481178
-65.503052
-65.499924
-65.5093
-65.496803
-65.512428
-65.503052
-65.503052
-65.490547
-65.487427
-65.487427
-65.47805
-65.446808
-65.465553
-65.471802
-65.484299
-65.468674
-65.465553
-65.471802
-65.456177
-65.449928
-65.453049
-65.462425
-65.446808
-65.456177
-65.428055
-65.421806
-65.428055
-65.453049
-65.459297
-65.459297
-65.449928
-65.446808
-65.471802
-65.459297
-65.471802
-65.471802
-65.459297
-65.462425
-65.459297
-65.428055
-65.440552
-65.44368
-65.44368
-65.440552
-65.44368
-65.446808
-65.424927
-65.446808
-65.44368
-65.434303
-65.418678
-65.409302
-65.409302
-65.406181
-65.406181
-65.424927
-65.418678
-65.424927
-65.431183
-65.418678
-65.437431
-65.446808
-65.440552
-65.437431
-65.437431
-65.440552
-65.446808
-65.434303
-65.428055
-65.434303
-65.41243
-65.390556
-65.409302
-65.393677
-65.403053
-65.415558
-65.396805
-65.424927
-65.415558
-65.41243
-65.415558
-65.428055
-65.41243
-65.424927
-65.431183
-65.418678
-65.424927
-65.434303
-65.431183
-65.428055
-65.418678
-65.403053
-65.403053
-65.396805
-65.384308
-65.368683
-65.374931
-65.374931
-65.371803
-65.38118
-65.38118
-65.371803
-65.390556
-65.378052
-65.393677
-65.378052
-65.390556
-65.371803
-65.387428
-65.384308
-65.396805
-65.365555
-65.374931
-65.393677
-65.378052
-65.384308
-65.409302
-65.393677
-65.390556
-65.34993
-65.353058
-65.353058
-65.346802
-65.346802
-65.346802
-65.343681
-65.353058
-65.346802
-65.346802
-65.356178
-65.312431
-65.343681
-65.346802
-65.328056
-65.337433
-65.340561
-65.321808
-65.337433
-65.343681
-65.328056
-65.346802
-65.337433
-65.334312
-65.346802
-65.356178
-65.346802
-65.353058
-65.371803
-65.353058
-65.374931
-65.359306
-65.34993
-65.359306
-65.340561
-65.346802
-65.365555
-65.387428
-65.378052
-65.393677
-65.368683
-65.387428
-65.378052
-65.384308
-65.365555
-65.368683
-65.374931
-65.368683
-65.359306
-65.359306
-65.346802
-65.337433
-65.353058
-65.346802
-65.362427
-65.365555
-65.387428
-65.390556
-65.396805
-65.393677
-65.384308
-65.390556
-65.396805
-65.403053
-65.390556
-65.378052
-65.396805
-65.396805
-65.365555
-65.346802
-65.346802
-65.318687
-65.340561
-65.356178
-65.346802
-65.356178
-65.346802
-65.343681
-65.343681
-65.346802
-65.324936
-65.334312
-65.321808
-65.315559
-65.328056
-65.293686
-65.296806
-65.318687
-65.315559
-65.299934
-65.306183
-65.296806
-65.306183
-65.299934
-65.315559
-65.334312
-65.337433
-65.337433
-65.321808
-65.337433
-65.324936
-65.315559
-65.328056
-65.318687
-65.315559
-65.321808
-65.321808
-65.303062
-65.303062
-65.293686
-65.303062
-65.296806
-65.268684
-65.278061
-65.278061
-65.271812
-65.296806
-65.287437
-65.274933
-65.287437
-65.262436
-65.284309
-65.296806
-65.296806
-65.296806
-65.293686
-65.271812
-65.281181
-65.287437
-65.281181
-65.303062
-65.296806
-65.296806
-65.287437
-65.299934
-65.303062
-65.306183
-65.296806
-65.290558
-65.293686
-65.290558
-65.293686
-65.281181
-65.278061
-65.281181
-65.293686
-65.287437
-65.296806
-65.287437
-65.265556
-65.287437
-65.262436
-65.262436
-65.278061
-65.271812
-65.274933
-65.268684
-65.271812
-65.259308
-65.249931
-65.259308
-65.265556
-65.281181
-65.259308
-65.274933
-65.271812
-65.278061
-65.268684
-65.293686
-65.290558
-65.278061
-65.265556
-65.268684
-65.265556
-65.253059
-65.284309
-65.281181
-65.271812
-65.274933
-65.281181
-65.281181
-65.284309
-65.271812
-65.290558
-65.299934
-65.306183
-65.281181
-65.296806
-65.268684
-65.259308
-65.265556
-65.278061
-65.268684
-65.271812
-65.265556
-65.271812
-65.265556
-65.249931
-65.253059
-65.24369
-65.234314
-65.240562
-65.237442
-65.240562
-65.240562
-65.231194
-65.246819
-65.237442
-65.218689
-65.193687
-65.206192
-65.193687
-65.203064
-65.224937
-65.215569
-65.228065
-65.218689
-65.203064
-65.203064
-65.224937
-65.221817
-65.224937
-65.215569
-65.221817
-65.203064
-65.21244
-65.206192
-65.21244
-65.228065
-65.203064
-65.21244
-65.221817
-65.224937
-65.215569
-65.187439
-65.184319
-65.18119
-65.178062
-65.193687
-65.203064
-65.18119
-65.196815
-65.215569
-65.21244
-65.199944
-65.196815
-65.196815
-65.18119
-65.168694
-65.174942
-65.168694
-65.165565
-65.184319
-65.171814
-65.156189
-65.190567
-65.196815
-65.196815
-65.221817
-65.209312
-65.209312
-65.221817
-65.218689
-65.224937
-65.228065
-65.224937
-65.221817
-65.209312
-65.224937
-65.228065
-65.196815
-65.184319
-65.199944
-65.196815
-65.159317
-65.156189
-65.153069
-65.146812
-65.134323
-65.140572
-65.156189
-65.165565
-65.168694
-65.14994
-65.162437
-65.18119
-65.168694
-65.18119
-65.168694
-65.171814
-65.168694
-65.146812
-65.146812
-65.171814
-65.153069
-65.128067
-65.143692
-65.137444
-65.131195
-65.140572
-65.134323
-65.146812
-65.153069
-65.128067
-65.134323
-65.14994
-65.146812
-65.153069
-65.153069
-65.143692
-65.124947
-65.146812
-65.137444
-65.156189
-65.140572
-65.124947
-65.131195
-65.118698
-65.131195
-65.134323
-65.121819
-65.134323
-65.143692
-65.134323
-65.131195
-65.140572
-65.124947
-65.146812
-65.128067
-65.103073
-65.121819
-65.112442
-65.106194
-65.099945
-65.096817
-65.096817
-65.093697
-65.078072
-65.090569
-65.096817
-65.096817
-65.074944
-65.068695
-65.056198
-65.05307
-65.068695
-65.065567
-65.068695
-65.065567
-65.087448
-65.096817
-65.096817
-65.109322
-65.096817
-65.103073
-65.096817
-65.096817
-65.08432
-65.081192
-65.08432
-65.081192
-65.071823
-65.087448
-65.093697
-65.096817
-65.096817
-65.078072
-65.059319
-65.071823
-65.065567
-65.090569
-65.08432
-65.071823
-65.096817
-65.106194
-65.121819
-65.118698
-65.118698
-65.11557
-65.096817
-65.096817
-65.090569
-65.109322
-65.096817
-65.096817
-65.08432
-65.071823
-65.074944
-65.071823
-65.056198
-65.068695
-65.081192
-65.078072
-65.078072
-65.081192
-65.062447
-65.056198
-65.062447
-65.059319
-65.056198
-65.046822
-65.049942
-65.046822
-65.062447
-65.078072
-65.056198
-65.081192
-65.090569
-65.08432
-65.08432
-65.090569
-65.087448
-65.093697
-65.109322
-65.103073
-65.11557
-65.112442
-65.096817
-65.106194
-65.096817
-65.08432
-65.090569
-65.090569
-65.087448
-65.081192
-65.059319
-65.071823
-65.087448
-65.093697
-65.109322
-65.11557
-65.112442
-65.131195
-65.106194
-65.103073
-65.090569
-65.093697
-65.081192
-65.074944
-65.078072
-65.078072
-65.087448
-65.112442
-65.099945
-65.109322
-65.106194
-65.087448
-65.099945
-65.099945
-65.11557
-65.093697
-65.096817
-65.096817
-65.11557
-65.112442
-65.103073
-65.096817
-65.096817
-65.08432
-65.071823
-65.059319
-65.049942
-65.062447
-65.049942
-65.037453
-65.049942
-65.046822
-65.046822
-65.046822
-65.046822
-65.034325
-65.028076
-65.046822
-65.046822
-65.021828
-65.040573
-65.037453
-65.0187
-65.015572
-65.012451
-65.006203
-65.015572
-65.046822
-65.034325
-65.0187
-65.0187
-65.021828
-65.024948
-65.015572
-65.0187
-65.021828
-65.028076
-65.009323
-65.024948
-65.015572
-64.990578
-64.98745
-64.98745
-65.024948
-65.046822
-65.012451
-65.040573
-65.037453
-65.046822
-65.046822
-65.05307
-65.078072
-65.081192
-65.078072
-65.05307
-65.062447
-65.05307
-65.065567
-65.062447
-65.034325
-65.040573
-65.056198
-65.071823
-65.065567
-65.05307
-65.034325
-65.043701
-65.046822
-65.046822
-65.065567
-65.065567
-65.071823
-65.074944
-65.059319
-65.040573
-65.034325
-65.040573
-65.046822
-65.056198
-65.056198
-65.046822
-65.062447
-65.05307
-65.062447
-65.049942
-65.059319
-65.059319
-65.065567
-65.056198
-65.062447
-65.059319
-65.056198
-65.046822
-65.043701
-65.031197
-65.006203
-65.006203
-64.98745
-64.993698
-65.015572
-65.009323
-65.021828
-64.999947
-65.003075
-65.012451
-65.003075
-65.006203
-65.040573
-65.024948
-65.024948
-65.043701
-65.021828
-65.031197
-65.031197
-65.034325
-65.046822
-65.046822
-65.037453
-65.065567
-65.034325
-65.031197
-65.05307
-65.037453
-65.046822
-65.071823
-65.046822
-65.049942
-65.043701
-65.037453
-65.049942
-65.046822
-65.046822
-65.040573
-65.031197
-65.012451
-65.021828
-65.046822
-65.037453
-65.040573
-65.028076
-65.028076
-65.037453
-65.031197
-65.034325
-65.028076
-65.040573
-65.034325
-65.037453
-65.021828
-65.009323
-65.012451
-65.003075
-65.006203
-65.006203
-64.974953
-64.974953
-64.984322
-64.98745
-65.009323
-65.0187
-65.024948
-65.006203
-65.024948
-65.034325
-65.031197
-65.024948
-65.012451
-65.003075
-65.012451
-64.98745
-65.009323
-64.996826
-65.009323
-64.999947
-65.006203
-65.003075
-65.009323
-64.98745
-65.024948
-65.012451
-65.031197
-65.037453
-65.024948
-65.024948
-65.040573
-65.028076
-65.065567
-65.05307
-65.034325
-65.065567
-65.068695
-65.059319
-65.049942
-65.046822
-65.034325
-65.043701
-65.024948
-65.024948
-65.015572
-64.993698
-64.98745
-64.974953
-64.978073
-64.971825
-64.981201
-64.984322
-64.990578
-64.974953
-64.984322
-64.999947
-64.984322
-64.996826
-65.006203
-65.024948
-65.021828
-65.034325
-65.024948
-65.012451
-65.0187
-65.028076
-64.98745
-64.971825
-64.965576
-64.98745
-64.990578
-64.984322
-64.968697
-64.959328
-64.943703
-64.953072
-64.968697
-64.940582
-64.968697
-64.953072
-64.962448
-64.98745
-64.978073
-64.959328
-64.974953
-64.965576
-64.984322
-64.98745
-64.990578
-64.978073
-64.996826
-65.009323
-64.999947
-65.009323
-65.015572
-64.984322
-64.984322
-64.978073
-64.974953
-64.965576
-64.974953
-64.978073
-64.993698
-64.990578
-64.984322
-64.98745
-64.990578
-64.990578
-64.990578
-64.996826
-65.003075
-65.031197
-65.028076
-65.034325
-65.009323
-65.015572
-65.003075
-64.98745
-65.003075
-65.015572
-65.003075
-64.996826
-65.009323
-65.037453
-65.040573
-65.009323
-64.999947
-64.98745
-64.978073
-65.009323
-65.009323
-65.021828
-65.015572
-65.006203
-64.98745
-64.974953
-64.996826
-64.971825
-64.981201
-64.999947
-64.996826
-65.0187
-65.0187
-65.0187
-64.999947
-64.993698
-65.0187
-65.012451
-64.999947
-64.996826
-64.996826
-64.974953
-64.98745
-64.996826
-64.996826
-64.962448
-64.968697
-64.974953
-64.990578
-64.996826
-64.996826
-65.006203
-65.006203
-65.006203
-65.0187
-64.993698
-64.996826
-65.006203
-64.984322
-64.990578
-64.993698
-64.981201
-64.971825
-64.978073
-64.971825
-64.971825
-64.965576
-64.962448
-64.962448
-64.946823
-64.946823
-64.959328
-64.971825
-64.949951
-64.962448
-64.949951
-64.965576
-64.965576
-64.946823
-64.971825
-64.981201
-64.965576
-64.984322
-65.021828
-64.996826
-65.003075
-65.012451
-65.006203
-65.024948
-64.993698
-64.981201
-65.003075
-65.003075
-64.996826
-64.98745
-64.990578
-64.984322
-64.98745
-64.984322
-64.98745
-64.968697
-64.959328
-64.990578
-64.990578
-64.981201
-64.971825
-64.968697
-64.9562
-64.984322
-64.990578
-65.006203
-65.006203
-65.003075
-65.021828
-65.034325
-65.015572
-65.031197
-65.034325
-65.043701
-65.037453
-65.040573
-65.037453
-65.043701
-65.046822
-65.056198
-65.065567
-65.059319
-65.046822
-65.049942
-65.031197
-65.0187
-65.015572
-65.012451
-65.0187
-65.028076
-65.031197
-65.031197
-65.015572
-65.009323
-65.009323
-64.98745
-64.98745
-64.996826
-64.978073
-64.993698
-64.968697
-64.965576
-64.984322
-64.981201
-64.993698
-65.009323
-65.024948
-65.028076
-64.996826
-64.999947
-64.993698
-64.996826
-64.981201
-64.993698
-64.993698
-65.003075
-64.996826
-65.009323
-64.996826
-64.974953
-64.968697
-64.98745
-64.965576
-64.959328
-64.965576
-64.962448
-64.98745
-64.974953
-64.971825
-64.990578
-64.981201
-64.971825
-64.981201
-64.98745
-64.971825
-64.978073
-64.990578
-64.996826
-64.996826
-64.965576
-64.984322
-64.974953
-64.968697
-64.968697
-64.978073
-64.962448
-64.971825
-64.962448
-64.974953
-64.971825
-64.968697
-64.965576
-64.971825
-64.968697
-64.959328
-64.974953
-64.965576
-64.968697
-64.98745
-64.974953
-64.974953
-64.965576
-64.959328
-64.965576
-64.98745
-64.981201
-64.974953
-64.984322
-64.98745
-64.981201
-64.968697
-64.9562
-64.978073
-64.978073
-64.968697
-64.98745
-64.990578
-64.981201
-64.993698
-64.984322
-65.0187
-65.0187
-64.996826
-65.006203
-65.003075
-64.978073
-65.003075
-64.98745
-64.984322
-64.996826
-65.012451
-65.034325
-65.034325
-65.028076
-65.0187
-65.006203
-65.015572
-65.021828
-65.012451
-65.012451
-65.015572
-65.015572
-65.043701
-65.046822
-65.068695
-65.065567
-65.068695
-65.049942
-65.059319
-65.056198
-65.043701
-65.034325
-65.043701
-65.037453
-65.0187
-65.021828
-65.040573
-65.034325
-65.046822
-65.040573
-65.034325
-65.046822
-65.043701
-65.056198
-65.056198
-65.043701
-65.046822
-65.046822
-65.024948
-65.031197
-65.028076
-65.043701
-65.05307
-65.037453
-65.043701
-65.046822
-65.046822
-65.034325
-65.046822
-65.046822
-65.049942
-65.049942
-65.015572
-65.043701
-65.043701
-65.037453
-65.034325
-65.034325
-65.040573
-65.034325
-65.028076
-65.012451
-65.028076
-64.996826
-65.006203
-65.021828
-65.015572
-65.006203
-65.046822
-65.034325
-65.031197
-65.028076
-65.012451
-65.031197
-65.031197
-65.012451
-65.006203
-65.015572
-65.021828
-65.024948
-65.009323
-64.990578
-65.003075
-65.003075
-65.0187
-65.0187
-65.021828
-65.021828
-65.024948
-65.015572
-65.021828
-65.015572
-65.012451
-65.024948
-65.0187
-64.999947
-65.006203
-65.012451
-65.0187
-65.006203
-65.009323
-65.024948
-65.021828
-65.031197
-65.028076
-65.05307
-65.046822
-65.040573
-65.05307
-65.049942
-65.056198
-65.046822
-65.012451
-65.012451
-64.999947
-64.996826
-65.006203
-64.993698
-64.996826
-64.993698
-64.996826
-65.012451
-65.006203
-65.006203
-64.999947
-65.024948
-65.021828
-65.021828
-65.031197
-65.028076
-65.015572
-64.996826
-64.971825
-64.978073
-64.968697
-64.974953
-64.974953
-64.996826
-64.990578
-64.98745
-64.965576
-64.953072
-64.984322
-64.98745
-64.978073
-64.971825
-64.968697
-64.965576
-64.98745
-64.978073
-64.984322
-64.981201
-64.993698
-64.981201
-64.990578
-64.996826
-64.990578
-65.012451
-65.028076
-65.0187
-65.012451
-65.009323
-65.015572
-65.015572
-64.999947
-65.015572
-65.003075
-65.021828
-65.003075
-64.984322
-64.990578
-64.978073
-64.981201
-64.974953
-64.984322
-64.974953
-64.965576
-64.996826
-64.999947
-64.98745
-64.978073
-65.015572
-64.990578
-65.009323
-64.98745
-64.98745
-64.978073
-64.990578
-64.978073
-64.98745
-64.981201
-64.978073
-64.98745
-64.996826
-65.003075
-65.003075
-64.996826
-64.981201
-64.999947
-65.015572
-65.015572
-64.990578
-65.0187
-64.984322
-64.999947
-64.993698
-64.984322
-64.978073
-64.999947
-64.98745
-64.971825
-65.012451
-65.0187
-65.003075
-65.015572
-65.003075
-64.984322
-64.990578
-65.015572
-65.015572
-64.993698
-64.971825
-64.98745
-64.98745
-64.968697
-64.98745
-64.965576
-64.965576
-64.943703
-64.946823
-64.946823
-64.946823
-64.943703
-64.971825
-64.962448
-64.953072
-64.953072
-64.953072
-64.974953
-64.962448
-64.953072
-64.962448
-64.981201
-64.959328
-64.962448
-64.962448
-64.968697
-64.962448
-64.978073
-64.949951
-64.953072
-64.943703
-64.953072
-64.9562
-64.968697
-64.978073
-64.984322
-64.978073
-64.978073
-64.984322
-64.962448
-64.953072
-64.959328
-64.934326
-64.940582
-64.918701
-64.921829
-64.940582
-64.949951
-64.946823
-64.943703
-64.968697
-64.959328
-64.9562
-64.9562
-64.946823
-64.946823
-64.9562
-64.981201
-64.990578
-64.981201
-64.978073
-64.968697
-64.968697
-64.971825
-64.9562
-64.953072
-64.971825
-64.971825
-64.962448
-64.9562
-64.971825
-64.959328
-64.971825
-64.971825
-64.962448
-64.946823
-64.971825
-64.943703
-64.9562
-64.934326
-64.946823
-64.946823
-64.931206
-64.946823
-64.946823
-64.931206
-64.962448
-64.949951
-64.962448
-64.962448
-64.9562
-64.946823
-64.946823
-64.946823
-64.9562
-64.9562
-64.959328
-64.953072
-64.946823
-64.959328
-64.946823
-64.949951
-64.940582
-64.921829
-64.953072
-64.971825
-64.981201
-64.981201
-64.984322
-64.990578
-64.999947
-64.974953
-64.971825
-64.959328
-64.959328
-64.971825
-64.968697
-64.949951
-64.971825
-64.959328
-64.946823
-64.965576
-64.978073
-64.965576
-64.996826
-64.993698
-65.006203
-64.993698
-64.962448
-64.971825
-64.993698
-64.981201
-64.974953
-64.98745
-64.968697
-64.971825
-64.9562
-64.962448
-64.978073
-64.959328
-64.953072
-64.959328
-64.965576
-64.971825
-64.971825
-64.990578
-64.996826
-64.996826
-64.993698
-64.996826
-64.990578
-64.990578
-64.98745
-64.984322
-64.999947
-64.993698
-64.999947
-65.003075
-65.003075
-65.015572
-65.015572
-65.015572
-64.996826
-65.006203
-65.009323
-64.981201
-64.968697
-64.981201
-64.962448
-64.990578
-64.971825
-64.965576
-64.962448
-64.946823
-64.946823
-64.965576
-64.978073
-64.968697
-64.953072
-64.9562
-64.959328
-64.962448
-64.965576
-64.993698
-65.003075
-64.996826
-64.996826
-64.968697
-64.965576
-64.978073
-64.968697
-64.953072
-64.9562
-64.965576
-64.959328
-64.962448
-64.9562
-64.946823
-64.943703
-64.949951
-64.978073
-64.974953
-64.98745
-64.962448
-64.993698
-64.990578
-64.990578
-64.965576
-64.949951
-64.974953
-64.993698
-64.971825
-64.971825
-64.959328
-64.968697
-64.978073
-64.996826
-64.996826
-64.996826
-65.006203
-64.996826
-64.984322
-64.98745
-64.996826
-64.984322
-65.006203
-65.0187
-65.021828
-64.996826
-64.996826
-64.981201
-64.968697
-64.98745
-64.98745
-64.996826
-65.003075
-65.003075
-64.993698
-65.009323
-64.993698
-64.993698
-64.990578
-64.962448
-64.968697
-64.981201
-64.98745
-64.984322
-64.990578
-64.993698
-64.999947
-65.015572
-65.015572
-65.015572
-64.996826
-64.996826
-64.996826
-64.999947
-64.996826
-64.999947
-64.996826
-64.978073
-64.978073
-64.98745
-64.978073
-64.981201
-64.996826
-64.993698
-64.996826
-65.006203
-64.965576
-64.978073
-64.974953
-64.978073
-64.990578
-64.990578
-65.003075
-65.021828
-65.024948
-65.024948
-65.006203
-65.012451
-64.990578
-64.996826
-64.984322
-65.003075
-64.971825
-64.974953
-64.996826
-64.962448
-64.990578
-64.993698
-64.981201
-64.990578
-65.012451
-65.009323
-64.965576
-64.962448
-64.953072
-64.974953
-64.953072
-64.959328
-64.965576
-64.946823
-64.959328
-64.959328
-64.978073
-64.959328
-64.974953
-64.978073
-64.974953
-64.978073
-64.971825
-64.946823
-64.978073
-64.98745
-64.993698
-64.968697
-64.974953
-64.959328
-64.974953
-64.965576
-64.98745
-64.978073
-64.98745
-64.965576
-64.9562
-64.949951
-64.962448
-64.971825
-64.953072
-64.959328
-64.9562
-64.962448
-64.974953
-64.974953
-64.953072
-64.978073
-64.953072
-64.971825
-64.959328
-64.965576
-64.946823
-64.959328
-64.946823
-64.949951
-64.934326
-64.946823
-64.946823
-64.9562
-64.962448
-64.946823
-64.9562
-64.959328
-64.965576
-64.971825
-64.953072
-64.953072
-64.940582
-64.949951
-64.968697
-64.949951
-64.928078
-64.946823
-64.946823
-64.943703
-64.931206
-64.937454
-64.946823
-64.931206
-64.937454
-64.9562
-64.971825
-64.937454
-64.959328
-64.946823
-64.940582
-64.915581
-64.909332
-64.909332
-64.903076
-64.918701
-64.896828
-64.896828
-64.893707
-64.921829
-64.912453
-64.937454
-64.940582
-64.909332
-64.915581
-64.928078
-64.924957
-64.931206
-64.928078
-64.940582
-64.937454
-64.943703
-64.928078
-64.918701
-64.915581
-64.915581
-64.928078
-64.937454
-64.924957
-64.915581
-64.903076
-64.899956
-64.918701
-64.921829
-64.931206
-64.928078
-64.937454
-64.934326
-64.928078
-64.915581
-64.909332
-64.896828
-64.903076
-64.912453
-64.896828
-64.896828
-64.912453
-64.896828
-64.899956
-64.912453
-64.906204
-64.896828
-64.909332
-64.893707
-64.890579
-64.896828
-64.899956
-64.887451
-64.912453
-64.921829
-64.906204
-64.934326
-64.915581
-64.931206
-64.931206
-64.924957
-64.903076
-64.896828
-64.896828
-64.881203
-64.865578
-64.890579
-64.896828
-64.890579
-64.896828
-64.896828
-64.924957
-64.915581
-64.940582
-64.912453
-64.921829
-64.934326
-64.937454
-64.940582
-64.940582
-64.912453
-64.921829
-64.921829
-64.940582
-64.946823
-64.931206
-64.921829
-64.921829
-64.890579
-64.896828
-64.912453
-64.903076
-64.906204
-64.915581
-64.896828
-64.903076
-64.912453
-64.921829
-64.962448
-64.962448
-64.946823
-64.953072
-64.946823
-64.953072
-64.943703
-64.940582
-64.940582
-64.934326
-64.915581
-64.924957
-64.937454
-64.918701
-64.928078
-64.931206
-64.921829
-64.940582
-64.915581
-64.906204
-64.915581
-64.896828
-64.918701
-64.899956
-64.912453
-64.918701
-64.909332
-64.912453
-64.896828
-64.915581
-64.918701
-64.928078
-64.934326
-64.924957
-64.909332
-64.928078
-64.912453
-64.928078
-64.937454
-64.934326
-64.921829
-64.946823
-64.934326
-64.946823
-64.940582
-64.937454
-64.946823
-64.943703
-64.940582
-64.946823
-64.946823
-64.937454
-64.943703
-64.912453
-64.918701
-64.899956
-64.896828
-64.899956
-64.899956
-64.896828
-64.890579
-64.909332
-64.893707
-64.896828
-64.896828
-64.890579
-64.884331
-64.884331
-64.887451
-64.890579
-64.884331
-64.893707
-64.896828
-64.884331
-64.899956
-64.887451
-64.899956
-64.899956
-64.906204
-64.909332
-64.909332
-64.934326
-64.928078
-64.931206
-64.899956
-64.896828
-64.896828
-64.887451
-64.896828
-64.896828
-64.878082
-64.859329
-64.881203
-64.896828
-64.909332
-64.906204
-64.893707
-64.903076
-64.915581
-64.893707
-64.896828
-64.896828
-64.893707
-64.915581
-64.899956
-64.899956
-64.896828
-64.884331
-64.896828
-64.909332
-64.915581
-64.915581
-64.906204
-64.924957
-64.915581
-64.928078
-64.928078
-64.931206
-64.915581
-64.899956
-64.893707
-64.890579
-64.887451
-64.890579
-64.893707
-64.893707
-64.899956
-64.906204
-64.921829
-64.924957
-64.896828
-64.896828
-64.931206
-64.918701
-64.906204
-64.896828
-64.878082
-64.890579
-64.896828
-64.884331
-64.903076
-64.890579
-64.896828
-64.896828
-64.893707
-64.899956
-64.890579
-64.884331
-64.887451
-64.890579
-64.881203
-64.893707
-64.896828
-64.893707
-64.893707
-64.899956
-64.893707
-64.906204
-64.896828
-64.893707
-64.912453
-64.896828
-64.890579
-64.903076
-64.887451
-64.890579
-64.903076
-64.903076
-64.890579
-64.874954
-64.899956
-64.896828
-64.912453
-64.887451
-64.893707
-64.899956
-64.884331
-64.871826
-64.862457
-64.862457
-64.887451
-64.878082
-64.878082
-64.856201
-64.862457
-64.846832
-64.865578
-64.853081
-64.81871
-64.812462
-64.81871
-64.821831
-64.812462
-64.834335
-64.815582
-64.837456
-64.831207
-64.812462
-64.81871
-64.803085
-64.809334
-64.828087
-64.834335
-64.846832
-64.849953
-64.846832
-64.853081
-64.843712
-64.849953
-64.846832
-64.840584
-64.843712
-64.846832
-64.840584
-64.859329
-64.846832
-64.821831
-64.834335
-64.846832
-64.846832
-64.865578
-64.856201
-64.859329
-64.846832
-64.846832
-64.853081
-64.865578
-64.862457
-64.849953
-64.849953
-64.846832
-64.849953
-64.868706
-64.859329
-64.862457
-64.871826
-64.884331
-64.887451
-64.881203
-64.865578
-64.874954
-64.862457
-64.846832
-64.849953
-64.837456
-64.837456
-64.831207
-64.834335
-64.821831
-64.840584
-64.81871
-64.824959
-64.831207
-64.806206
-64.824959
-64.831207
-64.821831
-64.849953
-64.859329
-64.846832
-64.843712
-64.828087
-64.824959
-64.840584
-64.849953
-64.846832
-64.846832
-64.81871
-64.796837
-64.806206
-64.806206
-64.796837
-64.806206
-64.831207
-64.834335
-64.843712
-64.831207
-64.843712
-64.849953
-64.849953
-64.849953
-64.846832
-64.843712
-64.840584
-64.853081
-64.840584
-64.840584
-64.859329
-64.840584
-64.846832
-64.853081
-64.849953
-64.834335
-64.856201
-64.862457
-64.868706
-64.849953
-64.865578
-64.871826
-64.853081
-64.856201
-64.874954
-64.887451
-64.909332
-64.896828
-64.893707
-64.878082
-64.896828
-64.878082
-64.896828
-64.893707
-64.893707
-64.893707
-64.884331
-64.896828
-64.871826
-64.868706
-64.874954
-64.878082
-64.874954
-64.865578
-64.887451
-64.884331
-64.893707
-64.899956
-64.893707
-64.899956
-64.909332
-64.906204
-64.912453
-64.915581
-64.906204
-64.918701
-64.896828
-64.884331
-64.896828
-64.906204
-64.890579
-64.887451
-64.887451
-64.874954
-64.865578
-64.890579
-64.890579
-64.884331
-64.878082
-64.903076
-64.884331
-64.881203
-64.871826
-64.865578
-64.849953
-64.849953
-64.868706
-64.871826
-64.874954
-64.865578
-64.859329
-64.871826
-64.874954
-64.862457
-64.878082
-64.871826
-64.868706
-64.890579
-64.896828
-64.887451
-64.893707
-64.893707
-64.896828
-64.890579
-64.878082
-64.887451
-64.887451
-64.884331
-64.896828
-64.896828
-64.909332
-64.909332
-64.899956
-64.912453
-64.928078
-64.921829
-64.906204
-64.928078
-64.918701
-64.909332
-64.896828
-64.903076
-64.899956
-64.887451
-64.903076
-64.896828
-64.896828
-64.909332
-64.921829
-64.937454
-64.921829
-64.921829
-64.909332
-64.887451
-64.890579
-64.906204
-64.912453
-64.906204
-64.912453
-64.903076
-64.915581
-64.912453
-64.918701
-64.899956
-64.899956
-64.890579
-64.896828
-64.893707
-64.890579
-64.881203
-64.874954
-64.881203
-64.871826
-64.881203
-64.896828
-64.881203
-64.881203
-64.859329
-64.868706
-64.865578
-64.865578
-64.846832
-64.846832
-64.849953
-64.859329
-64.849953
-64.840584
-64.809334
-64.831207
-64.834335
-64.837456
-64.853081
-64.846832
-64.837456
-64.853081
-64.828087
-64.831207
-64.843712
-64.837456
-64.846832
-64.849953
-64.831207
-64.828087
-64.834335
-64.809334
-64.831207
-64.824959
-64.846832
-64.837456
-64.821831
-64.828087
-64.821831
-64.803085
-64.809334
-64.790581
-64.809334
-64.831207
-64.828087
-64.837456
-64.843712
-64.846832
-64.846832
-64.834335
-64.81871
-64.812462
-64.815582
-64.809334
-64.824959
-64.834335
-64.834335
-64.834335
-64.849953
-64.840584
-64.831207
-64.834335
-64.843712
-64.846832
-64.846832
-64.828087
-64.831207
-64.849953
-64.856201
-64.871826
-64.871826
-64.865578
-64.884331
-64.865578
-64.874954
-64.884331
-64.878082
-64.881203
-64.868706
-64.871826
-64.859329
-64.874954
-64.862457
-64.874954
-64.884331
-64.859329
-64.868706
-64.859329
-64.853081
-64.856201
-64.853081
-64.828087
-64.828087
-64.831207
-64.834335
-64.849953
-64.846832
-64.837456
-64.846832
-64.834335
-64.828087
-64.821831
-64.843712
-64.856201
-64.856201
-64.856201
-64.849953
-64.846832
-64.828087
-64.828087
-64.796837
-64.784332
-64.803085
-64.809334
-64.81871
-64.815582
-64.796837
-64.78746
-64.812462
-64.768707
-64.78746
-64.784332
-64.771835
-64.781212
-64.815582
-64.799957
-64.809334
-64.821831
-64.815582
-64.821831
-64.812462
-64.796837
-64.803085
-64.796837
-64.781212
-64.793709
-64.781212
-64.796837
-64.81871
-64.799957
-64.824959
-64.840584
-64.834335
-64.843712
-64.843712
-64.837456
-64.840584
-64.853081
-64.853081
-64.846832
-64.856201
-64.862457
-64.859329
-64.856201
-64.846832
-64.859329
-64.834335
-64.849953
-64.846832
-64.856201
-64.856201
-64.859329
-64.868706
-64.859329
-64.862457
-64.890579
-64.874954
-64.865578
-64.834335
-64.846832
-64.846832
-64.831207
-64.846832
-64.859329
-64.853081
-64.859329
-64.859329
-64.843712
-64.834335
-64.821831
-64.81871
-64.81871
-64.846832
-64.887451
-64.884331
-64.887451
-64.896828
-64.840584
-64.849953
-64.881203
-64.909332
-64.887451
-64.884331
-64.853081
-64.846832
-64.856201
-64.859329
-64.865578
-64.865578
-64.849953
-64.849953
-64.853081
-64.846832
-64.853081
-64.865578
-64.846832
-64.853081
-64.856201
-64.853081
-64.856201
-64.859329
-64.862457
-64.878082
-64.874954
-64.881203
-64.896828
-64.890579
-64.881203
-64.884331
-64.859329
-64.878082
-64.884331
-64.884331
-64.874954
-64.878082
-64.874954
-64.868706
-64.853081
-64.824959
-64.849953
-64.884331
-64.887451
-64.881203
-64.849953
-64.846832
-64.871826
-64.865578
-64.859329
-64.865578
-64.849953
-64.837456
-64.849953
-64.837456
-64.862457
-64.878082
-64.865578
-64.881203
-64.884331
-64.890579
-64.884331
-64.878082
-64.896828
-64.893707
-64.890579
-64.887451
-64.899956
-64.878082
-64.899956
-64.887451
-64.887451
-64.868706
-64.878082
-64.846832
-64.868706
-64.859329
-64.828087
-64.846832
-64.853081
-64.846832
-64.853081
-64.856201
-64.865578
-64.859329
-64.853081
-64.859329
-64.849953
-64.840584
-64.824959
-64.828087
-64.834335
-64.831207
-64.824959
-64.840584
-64.846832
-64.846832
-64.837456
-64.846832
-64.846832
-64.837456
-64.846832
-64.837456
-64.821831
-64.834335
-64.809334
-64.824959
-64.837456
-64.831207
-64.821831
-64.81871
-64.809334
-64.803085
-64.843712
-64.828087
-64.81871
-64.821831
-64.812462
-64.834335
-64.834335
-64.843712
-64.853081
-64.846832
-64.846832
-64.859329
-64.856201
-64.853081
-64.868706
-64.878082
-64.871826
-64.865578
-64.853081
-64.846832
-64.837456
-64.843712
-64.849953
-64.865578
-64.853081
-64.853081
-64.874954
-64.843712
-64.849953
-64.834335
-64.849953
-64.840584
-64.853081
-64.853081
-64.871826
-64.843712
-64.856201
-64.846832
-64.853081
-64.849953
-64.859329
-64.840584
-64.849953
-64.834335
-64.846832
-64.862457
-64.849953
-64.846832
-64.815582
-64.831207
-64.831207
-64.853081
-64.881203
-64.865578
-64.871826
-64.862457
-64.859329
-64.865578
-64.868706
-64.856201
-64.862457
-64.862457
-64.849953
-64.840584
-64.831207
-64.828087
-64.828087
-64.81871
-64.812462
-64.821831
-64.815582
-64.806206
-64.821831
-64.824959
-64.821831
-64.824959
-64.828087
-64.790581
-64.803085
-64.828087
-64.828087
-64.831207
-64.843712
-64.843712
-64.837456
-64.828087
-64.846832
-64.81871
-64.806206
-64.812462
-64.78746
-64.796837
-64.796837
-64.799957
-64.799957
-64.806206
-64.806206
-64.790581
-64.796837
-64.796837
-64.806206
-64.796837
-64.806206
-64.793709
-64.781212
-64.781212
-64.781212
-64.774956
-64.774956
-64.78746
-64.78746
-64.796837
-64.790581
-64.793709
-64.790581
-64.796837
-64.799957
-64.812462
-64.806206
-64.806206
-64.806206
-64.806206
-64.821831
-64.809334
-64.803085
-64.809334
-64.806206
-64.815582
-64.799957
-64.796837
-64.796837
-64.815582
-64.821831
-64.821831
-64.824959
-64.821831
-64.843712
-64.831207
-64.834335
-64.837456
-64.809334
-64.81871
-64.828087
-64.840584
-64.815582
-64.828087
-64.81871
-64.815582
-64.803085
-64.790581
-64.774956
-64.781212
-64.781212
-64.768707
-64.78746
-64.762459
-64.762459
-64.765587
-64.753082
-64.778084
-64.78746
-64.771835
-64.768707
-64.75621
-64.765587
-64.753082
-64.749962
-64.762459
-64.796837
-64.778084
-64.793709
-64.803085
-64.796837
-64.793709
-64.815582
-64.796837
-64.796837
-64.803085
-64.796837
-64.796837
-64.784332
-64.778084
-64.778084
-64.803085
-64.78746
-64.771835
-64.768707
-64.753082
-64.746834
-64.753082
-64.774956
-64.771835
-64.771835
-64.78746
-64.765587
-64.753082
-64.768707
-64.784332
-64.781212
-64.784332
-64.78746
-64.771835
-64.790581
-64.796837
-64.790581
-64.809334
-64.81871
-64.812462
-64.806206
-64.824959
-64.812462
-64.809334
-64.809334
-64.821831
-64.831207
-64.809334
-64.784332
-64.796837
-64.78746
-64.790581
-64.828087
-64.796837
-64.809334
-64.796837
-64.778084
-64.806206
-64.809334
-64.793709
-64.78746
-64.796837
-64.790581
-64.796837
-64.793709
-64.774956
-64.796837
-64.796837
-64.824959
-64.796837
-64.806206
-64.828087
-64.821831
-64.846832
-64.831207
-64.837456
-64.831207
-64.824959
-64.840584
-64.812462
-64.815582
-64.806206
-64.796837
-64.796837
-64.793709
-64.796837
-64.821831
-64.809334
-64.821831
-64.824959
-64.809334
-64.831207
-64.821831
-64.799957
-64.799957
-64.774956
-64.765587
-64.778084
-64.784332
-64.790581
-64.790581
-64.790581
-64.771835
-64.781212
-64.790581
-64.793709
-64.812462
-64.793709
-64.790581
-64.778084
-64.753082
-64.771835
-64.778084
-64.746834
-64.743713
-64.746834
-64.753082
-64.759331
-64.759331
-64.778084
-64.790581
-64.762459
-64.771835
-64.774956
-64.768707
-64.765587
-64.762459
-64.759331
-64.765587
-64.778084
-64.759331
-64.771835
-64.790581
-64.765587
-64.753082
-64.759331
-64.75621
-64.762459
-64.778084
-64.774956
-64.771835
-64.768707
-64.762459
-64.768707
-64.765587
-64.784332
-64.781212
-64.796837
-64.809334
-64.806206
-64.809334
-64.799957
-64.806206
-64.796837
-64.796837
-64.803085
-64.803085
-64.831207
-64.834335
-64.834335
-64.824959
-64.803085
-64.799957
-64.806206
-64.796837
-64.799957
-64.824959
-64.821831
-64.809334
-64.824959
-64.803085
-64.834335
-64.831207
-64.81871
-64.843712
-64.853081
-64.840584
-64.834335
-64.81871
-64.821831
-64.824959
-64.806206
-64.809334
-64.828087
-64.815582
-64.837456
-64.831207
-64.809334
-64.821831
-64.815582
-64.799957
-64.809334
-64.828087
-64.796837
-64.809334
-64.796837
-64.778084
-64.790581
-64.809334
-64.796837
-64.815582
-64.846832
-64.846832
-64.837456
-64.846832
-64.849953
-64.840584
-64.840584
-64.859329
-64.853081
-64.846832
-64.837456
-64.846832
-64.846832
-64.824959
-64.834335
-64.828087
-64.809334
-64.806206
-64.790581
-64.803085
-64.78746
-64.774956
-64.784332
-64.784332
-64.799957
-64.799957
-64.781212
-64.793709
-64.796837
-64.815582
-64.831207
-64.812462
-64.799957
-64.793709
-64.78746
-64.781212
-64.778084
-64.78746
-64.771835
-64.78746
-64.793709
-64.784332
-64.790581
-64.803085
-64.806206
-64.796837
-64.799957
-64.796837
-64.799957
-64.784332
-64.793709
-64.793709
-64.812462
-64.790581
-64.793709
-64.784332
-64.784332
-64.765587
-64.768707
-64.753082
-64.75621
-64.759331
-64.790581
-64.793709
-64.781212
-64.778084
-64.762459
-64.762459
-64.765587
-64.746834
-64.724968
-64.75621
-64.753082
-64.778084
-64.771835
-64.749962
-64.759331
-64.778084
-64.778084
-64.78746
-64.768707
-64.75621
-64.753082
-64.762459
-64.771835
-64.759331
-64.72184
-64.734337
-64.737465
-64.753082
-64.762459
-64.771835
-64.774956
-64.771835
-64.759331
-64.771835
-64.768707
-64.75621
-64.765587
-64.768707
-64.765587
-64.75621
-64.768707
-64.753082
-64.746834
-64.75621
-64.753082
-64.746834
-64.75621
-64.746834
-64.740593
-64.740593
-64.728088
-64.72184
-64.718712
-64.740593
-64.728088
-64.715591
-64.72184
-64.712463
-64.718712
-64.72184
-64.724968
-64.718712
-64.724968
-64.728088
-64.753082
-64.743713
-64.749962
-64.72184
-64.734337
-64.740593
-64.728088
-64.724968
-64.728088
-64.712463
-64.699966
-64.696838
-64.703087
-64.703087
-64.69059
-64.699966
-64.684341
-64.696838
-64.699966
-64.696838
-64.69059
-64.696838
-64.693718
-64.69059
-64.684341
-64.693718
-64.681213
-64.684341
-64.699966
-64.696838
-64.696838
-64.696838
-64.706215
-64.712463
-64.709343
-64.706215
-64.706215
-64.696838
-64.696838
-64.715591
-64.72184
-64.718712
-64.728088
-64.724968
-64.731216
-64.740593
-64.731216
-64.731216
-64.728088
-64.709343
-64.706215
-64.72184
-64.731216
-64.731216
-64.724968
-64.709343
-64.715591
-64.734337
-64.743713
-64.724968
-64.731216
-64.715591
-64.728088
-64.715591
-64.706215
-64.728088
-64.731216
-64.724968
-64.72184
-64.740593
-64.75621
-64.746834
-64.718712
-64.724968
-64.728088
-64.728088
-64.740593
-64.737465
-64.715591
-64.728088
-64.734337
-64.731216
-64.740593
-64.734337
-64.709343
-64.72184
-64.718712
-64.731216
-64.728088
-64.728088
-64.69059
-64.678093
-64.687462
-64.693718
-64.674965
-64.684341
-64.706215
-64.703087
-64.703087
-64.740593
-64.718712
-64.72184
-64.715591
-64.703087
-64.72184
-64.731216
-64.706215
-64.699966
-64.718712
-64.746834
-64.746834
-64.746834
-64.753082
-64.753082
-64.75621
-64.749962
-64.765587
-64.762459
-64.746834
-64.749962
-64.746834
-64.734337
-64.746834
-64.746834
-64.740593
-64.743713
-64.724968
-64.746834
-64.768707
-64.759331
-64.746834
-64.759331
-64.762459
-64.768707
-64.796837
-64.78746
-64.774956
-64.753082
-64.737465
-64.75621
-64.759331
-64.771835
-64.759331
-64.759331
-64.753082
-64.765587
-64.75621
-64.771835
-64.765587
-64.743713
-64.746834
-64.749962
-64.746834
-64.75621
-64.749962
-64.753082
-64.753082
-64.759331
-64.737465
-64.746834
-64.762459
-64.774956
-64.759331
-64.765587
-64.746834
-64.771835
-64.731216
-64.762459
-64.749962
-64.759331
-64.771835
-64.765587
-64.762459
-64.774956
-64.790581
-64.765587
-64.768707
-64.781212
-64.765587
-64.759331
-64.759331
-64.740593
-64.765587
-64.746834
-64.771835
-64.778084
-64.746834
-64.749962
-64.753082
-64.743713
-64.734337
-64.728088
-64.731216
-64.724968
-64.728088
-64.731216
-64.743713
-64.734337
-64.724968
-64.734337
-64.734337
-64.734337
-64.749962
-64.749962
-64.746834
-64.75621
-64.759331
-64.765587
-64.762459
-64.753082
-64.749962
-64.737465
-64.724968
-64.746834
-64.743713
-64.746834
-64.765587
-64.749962
-64.743713
-64.759331
-64.746834
-64.753082
-64.749962
-64.746834
-64.746834
-64.753082
-64.743713
-64.753082
-64.784332
-64.774956
-64.759331
-64.774956
-64.753082
-64.765587
-64.771835
-64.765587
-64.753082
-64.768707
-64.762459
-64.78746
-64.784332
-64.806206
-64.796837
-64.78746
-64.784332
-64.768707
-64.771835
-64.781212
-64.768707
-64.762459
-64.771835
-64.774956
-64.778084
-64.771835
-64.768707
-64.75621
-64.771835
-64.771835
-64.746834
-64.746834
-64.743713
-64.724968
-64.746834
-64.746834
-64.731216
-64.746834
-64.753082
-64.749962
-64.778084
-64.771835
-64.765587
-64.78746
-64.771835
-64.762459
-64.749962
-64.768707
-64.743713
-64.731216
-64.743713
-64.746834
-64.746834
-64.740593
-64.768707
-64.771835
-64.746834
-64.737465
-64.740593
-64.737465
-64.737465
-64.718712
-64.734337
-64.740593
-64.724968
-64.731216
-64.737465
-64.72184
-64.728088
-64.709343
-64.706215
-64.718712
-64.706215
-64.709343
-64.718712
-64.72184
-64.728088
-64.718712
-64.69059
-64.696838
-64.69059
-64.696838
-64.69059
-64.687462
-64.69059
-64.693718
-64.665588
-64.681213
-64.693718
-64.684341
-64.665588
-64.687462
-64.681213
-64.665588
-64.662468
-64.646843
-64.671837
-64.65934
-64.671837
-64.687462
-64.671837
-64.656212
-64.671837
-64.646843
-64.640594
-64.646843
-64.65934
-64.646843
-64.656212
-64.678093
-64.668716
-64.696838
-64.684341
-64.693718
-64.699966
-64.696838
-64.696838
-64.703087
-64.706215
-64.69059
-64.696838
-64.699966
-64.681213
-64.671837
-64.671837
-64.674965
-64.687462
-64.665588
-64.69059
-64.671837
-64.696838
-64.715591
-64.687462
-64.696838
-64.696838
-64.674965
-64.69059
-64.699966
-64.696838
-64.703087
-64.699966
-64.696838
-64.687462
-64.699966
-64.706215
-64.703087
-64.696838
-64.709343
-64.699966
-64.709343
-64.696838
-64.706215
-64.706215
-64.709343
-64.696838
-64.706215
-64.696838
-64.712463
-64.709343
-64.693718
-64.715591
-64.718712
-64.709343
-64.703087
-64.696838
-64.703087
-64.709343
-64.699966
-64.712463
-64.712463
-64.718712
-64.709343
-64.718712
-64.724968
-64.731216
-64.72184
-64.718712
-64.731216
-64.712463
-64.731216
-64.718712
-64.728088
-64.72184
-64.706215
-64.728088
-64.734337
-64.728088
-64.728088
-64.746834
-64.743713
-64.737465
-64.746834
-64.768707
-64.753082
-64.759331
-64.753082
-64.72184
-64.743713
-64.724968
-64.715591
-64.734337
-64.712463
-64.72184
-64.709343
-64.696838
-64.699966
-64.715591
-64.69059
-64.703087
-64.709343
-64.72184
-64.715591
-64.703087
-64.712463
-64.706215
-64.696838
-64.684341
-64.703087
-64.69059
-64.703087
-64.693718
-64.693718
-64.693718
-64.703087
-64.69059
-64.712463
-64.709343
-64.718712
-64.728088
-64.72184
-64.712463
-64.72184
-64.740593
-64.724968
-64.740593
-64.734337
-64.740593
-64.737465
-64.740593
-64.737465
-64.72184
-64.709343
-64.734337
-64.728088
-64.712463
-64.72184
-64.724968
-64.709343
-64.706215
-64.72184
-64.728088
-64.734337
-64.740593
-64.734337
-64.728088
-64.703087
-64.699966
-64.72184
-64.712463
-64.693718
-64.715591
-64.693718
-64.696838
-64.696838
-64.69059
-64.696838
-64.709343
-64.715591
-64.724968
-64.743713
-64.728088
-64.731216
-64.740593
-64.715591
-64.749962
-64.737465
-64.743713
-64.749962
-64.737465
-64.746834
-64.746834
-64.740593
-64.734337
-64.740593
-64.731216
-64.728088
-64.728088
-64.706215
-64.709343
-64.712463
-64.718712
-64.731216
-64.743713
-64.737465
-64.728088
-64.740593
-64.734337
-64.743713
-64.734337
-64.699966
-64.737465
-64.706215
-64.715591
-64.724968
-64.709343
-64.72184
-64.737465
-64.734337
-64.734337
-64.734337
-64.743713
-64.753082
-64.746834
-64.749962
-64.743713
-64.72184
-64.709343
-64.737465
-64.724968
-64.734337
-64.737465
-64.724968
-64.734337
-64.72184
-64.696838
-64.706215
-64.696838
-64.696838
-64.718712
-64.72184
-64.731216
-64.746834
-64.759331
-64.746834
-64.762459
-64.753082
-64.749962
-64.734337
-64.703087
-64.731216
-64.718712
-64.709343
-64.715591
-64.709343
-64.718712
-64.724968
-64.728088
-64.731216
-64.734337
-64.728088
-64.731216
-64.703087
-64.715591
-64.734337
-64.746834
-64.731216
-64.712463
-64.718712
-64.703087
-64.715591
-64.728088
-64.709343
-64.709343
-64.712463
-64.693718
-64.696838
-64.696838
-64.715591
-64.724968
-64.72184
-64.709343
-64.706215
-64.706215
-64.728088
-64.712463
-64.696838
-64.696838
-64.709343
-64.693718
-64.69059
-64.671837
-64.653091
-64.646843
-64.662468
-64.646843
-64.646843
-64.621841
-64.618721
-64.615593
-64.612473
-64.624969
-64.643723
-64.631218
-64.624969
-64.631218
-64.615593
-64.609344
-64.624969
-64.618721
-64.646843
-64.628098
-64.618721
-64.628098
-64.615593
-64.596848
-64.603096
-64.612473
-64.609344
-64.606216
-64.621841
-64.621841
-64.634346
-64.596848
-64.615593
-64.587471
-64.609344
-64.612473
-64.612473
-64.615593
-64.603096
-64.606216
-64.612473
-64.621841
-64.628098
-64.618721
-64.628098
-64.609344
-64.615593
-64.631218
-64.621841
-64.615593
-64.637466
-64.615593
-64.624969
-64.621841
-64.618721
-64.628098
-64.668716
-64.646843
-64.634346
-64.634346
-64.624969
-64.637466
-64.615593
-64.624969
-64.615593
-64.631218
-64.628098
-64.628098
-64.599968
-64.612473
-64.624969
-64.606216
-64.590591
-64.609344
-64.606216
-64.609344
-64.618721
-64.631218
-64.634346
-64.646843
-64.637466
-64.646843
-64.646843
-64.643723
-64.646843
-64.653091
-64.646843
-64.646843
-64.653091
-64.646843
-64.665588
-64.653091
-64.649963
-64.653091
-64.653091
-64.646843
-64.646843
-64.665588
-64.65934
-64.649963
-64.628098
-64.646843
-64.640594
-64.649963
-64.668716
-64.671837
-64.674965
-64.678093
-64.668716
-64.662468
-64.684341
-64.681213
-64.665588
-64.640594
-64.637466
-64.640594
-64.65934
-64.653091
-64.649963
-64.646843
-64.649963
-64.646843
-64.674965
-64.668716
-64.649963
-64.662468
-64.662468
-64.649963
-64.665588
-64.656212
-64.653091
-64.674965
-64.665588
-64.684341
-64.671837
-64.665588
-64.65934
-64.649963
-64.65934
-64.674965
-64.693718
-64.668716
-64.671837
-64.671837
-64.674965
-64.684341
-64.665588
-64.665588
-64.69059
-64.693718
-64.696838
-64.674965
-64.693718
-64.684341
-64.684341
-64.693718
-64.706215
-64.69059
-64.706215
-64.734337
-64.709343
-64.718712
-64.715591
-64.696838
-64.724968
-64.699966
-64.703087
-64.718712
-64.709343
-64.709343
-64.709343
-64.715591
-64.703087
-64.724968
-64.72184
-64.734337
-64.740593
-64.703087
-64.72184
-64.699966
-64.69059
-64.706215
-64.706215
-64.709343
-64.696838
-64.706215
-64.696838
-64.706215
-64.715591
-64.696838
-64.696838
-64.696838
-64.696838
-64.693718
-64.696838
-64.693718
-64.69059
-64.674965
-64.678093
-64.665588
-64.646843
-64.671837
-64.696838
-64.715591
-64.699966
-64.709343
-64.699966
-64.696838
-64.699966
-64.728088
-64.728088
-64.731216
-64.709343
-64.718712
-64.703087
-64.718712
-64.712463
-64.728088
-64.737465
-64.734337
-64.706215
-64.728088
-64.743713
-64.718712
-64.728088
-64.743713
-64.743713
-64.765587
-64.734337
-64.72184
-64.734337
-64.740593
-64.724968
-64.743713
-64.724968
-64.712463
-64.706215
-64.687462
-64.671837
-64.684341
-64.674965
-64.684341
-64.699966
-64.699966
-64.703087
-64.684341
-64.656212
-64.656212
-64.649963
-64.668716
-64.681213
-64.668716
-64.649963
-64.684341
-64.65934
-64.662468
-64.678093
-64.671837
-64.681213
-64.696838
-64.681213
-64.678093
-64.678093
-64.678093
-64.65934
-64.662468
-64.640594
-64.634346
-64.649963
-64.646843
-64.693718
-64.69059
-64.668716
-64.687462
-64.656212
-64.662468
-64.687462
-64.693718
-64.678093
-64.681213
-64.687462
-64.696838
-64.696838
-64.684341
-64.696838
-64.696838
-64.684341
-64.703087
-64.699966
-64.699966
-64.718712
-64.69059
-64.696838
-64.696838
-64.678093
-64.65934
-64.668716
-64.646843
-64.665588
-64.665588
-64.65934
-64.671837
-64.668716
-64.662468
-64.668716
-64.665588
-64.671837
-64.681213
-64.696838
-64.696838
-64.703087
-64.696838
-64.687462
-64.699966
-64.709343
-64.715591
-64.712463
-64.709343
-64.687462
-64.715591
-64.696838
-64.696838
-64.693718
-64.687462
-64.706215
-64.712463
-64.684341
-64.674965
-64.699966
-64.703087
-64.696838
-64.699966
-64.712463
-64.696838
-64.665588
-64.678093
-64.696838
-64.718712
-64.731216
-64.72184
-64.699966
-64.709343
-64.69059
-64.693718
-64.684341
-64.684341
-64.696838
-64.706215
-64.712463
-64.724968
-64.731216
-64.740593
-64.746834
-64.762459
-64.743713
-64.718712
-64.737465
-64.734337
-64.737465
-64.718712
-64.715591
-64.712463
-64.712463
-64.706215
-64.709343
-64.709343
-64.693718
-64.712463
-64.696838
-64.678093
-64.696838
-64.69059
-64.681213
-64.684341
-64.696838
-64.696838
-64.696838
-64.687462
-64.678093
-64.674965
-64.69059
-64.687462
-64.668716
-64.662468
-64.65934
-64.678093
-64.646843
-64.646843
-64.668716
-64.656212
-64.668716
-64.649963
-64.674965
-64.687462
-64.684341
-64.668716
-64.696838
-64.671837
-64.646843
-64.653091
-64.656212
-64.678093
-64.668716
-64.65934
-64.65934
-64.671837
-64.671837
-64.668716
-64.678093
-64.671837
-64.696838
-64.665588
-64.662468
-64.693718
-64.668716
-64.671837
-64.681213
-64.662468
-64.687462
-64.693718
-64.699966
-64.69059
-64.696838
-64.699966
-64.703087
-64.709343
-64.696838
-64.696838
-64.696838
-64.69059
-64.703087
-64.69059
-64.678093
-64.687462
-64.681213
-64.684341
-64.69059
-64.699966
-64.709343
-64.696838
-64.69059
-64.703087
-64.728088
-64.731216
-64.731216
-64.718712
-64.703087
-64.718712
-64.712463
-64.696838
-64.678093
-64.687462
-64.674965
-64.69059
-64.681213
-64.668716
-64.678093
-64.653091
-64.665588
-64.684341
-64.684341
-64.678093
-64.665588
-64.684341
-64.706215
-64.687462
-64.703087
-64.696838
-64.709343
-64.69059
-64.696838
-64.687462
-64.671837
-64.69059
-64.687462
-64.681213
-64.693718
-64.684341
-64.69059
-64.696838
-64.699966
-64.684341
-64.696838
-64.703087
-64.712463
-64.703087
-64.693718
-64.696838
-64.69059
-64.72184
-64.709343
-64.712463
-64.696838
-64.696838
-64.696838
-64.724968
-64.734337
-64.746834
-64.746834
-64.746834
-64.749962
-64.731216
-64.746834
-64.753082
-64.749962
-64.771835
-64.753082
-64.790581
-64.781212
-64.765587
-64.774956
-64.799957
-64.765587
-64.784332
-64.749962
-64.759331
-64.765587
-64.768707
-64.762459
-64.759331
-64.759331
-64.774956
-64.75621
-64.759331
-64.743713
-64.724968
-64.728088
-64.740593
-64.753082
-64.746834
-64.75621
-64.734337
-64.72184
-64.740593
-64.737465
-64.72184
-64.737465
-64.734337
-64.731216
-64.765587
-64.759331
-64.771835
-64.78746
-64.768707
-64.771835
-64.774956
-64.774956
-64.765587
-64.771835
-64.759331
-64.75621
-64.743713
-64.746834
-64.768707
-64.75621
-64.75621
-64.737465
-64.746834
-64.718712
-64.740593
-64.746834
-64.740593
-64.753082
-64.75621
-64.746834
-64.759331
-64.75621
-64.75621
-64.740593
-64.746834
-64.728088
-64.718712
-64.734337
-64.737465
-64.743713
-64.762459
-64.746834
-64.749962
-64.740593
-64.746834
-64.728088
-64.740593
-64.743713
-64.728088
-64.731216
-64.715591
-64.706215
-64.724968
-64.724968
-64.703087
-64.72184
-64.724968
-64.709343
-64.706215
-64.734337
-64.724968
-64.743713
-64.75621
-64.746834
-64.759331
-64.743713
-64.762459
-64.771835
-64.749962
-64.753082
-64.75621
-64.759331
-64.75621
-64.753082
-64.731216
-64.743713
-64.737465
-64.731216
-64.740593
-64.746834
-64.753082
-64.753082
-64.746834
-64.746834
-64.749962
-64.759331
-64.774956
-64.765587
-64.759331
-64.781212
-64.774956
-64.771835
-64.75621
-64.759331
-64.746834
-64.740593
-64.718712
-64.731216
-64.728088
-64.737465
-64.740593
-64.749962
-64.743713
-64.746834
-64.740593
-64.731216
-64.746834
-64.746834
-64.753082
-64.771835
-64.778084
-64.781212
-64.784332
-64.765587
-64.765587
-64.75621
-64.771835
-64.778084
-64.765587
-64.75621
-64.740593
-64.740593
-64.746834
-64.765587
-64.762459
-64.749962
-64.759331
-64.753082
-64.746834
-64.734337
-64.734337
-64.737465
-64.746834
-64.768707
-64.765587
-64.778084
-64.778084
-64.771835
-64.78746
-64.790581
-64.796837
-64.809334
-64.796837
-64.784332
-64.778084
-64.778084
-64.778084
-64.790581
-64.784332
-64.793709
-64.81871
-64.799957
-64.812462
-64.815582
-64.796837
-64.790581
-64.774956
-64.765587
-64.75621
-64.765587
-64.768707
-64.765587
-64.774956
-64.762459
-64.746834
-64.749962
-64.746834
-64.75621
-64.734337
-64.728088
-64.753082
-64.728088
-64.746834
-64.737465
-64.737465
-64.734337
-64.731216
-64.724968
-64.740593
-64.728088
-64.740593
-64.746834
-64.740593
-64.734337
-64.75621
-64.746834
-64.734337
-64.746834
-64.740593
-64.746834
-64.762459
-64.728088
-64.740593
-64.75621
-64.746834
-64.749962
-64.746834
-64.768707
-64.759331
-64.762459
-64.771835
-64.771835
-64.75621
-64.746834
-64.774956
-64.759331
-64.749962
-64.753082
-64.743713
-64.740593
-64.72184
-64.731216
-64.731216
-64.734337
-64.728088
-64.731216
-64.709343
-64.731216
-64.734337
-64.734337
-64.746834
-64.759331
-64.746834
-64.749962
-64.75621
-64.728088
-64.753082
-64.743713
-64.746834
-64.746834
-64.753082
-64.737465
-64.740593
-64.731216
-64.746834
-64.75621
-64.743713
-64.743713
-64.778084
-64.78746
-64.765587
-64.771835
-64.762459
-64.75621
-64.765587
-64.746834
-64.728088
-64.728088
-64.734337
-64.743713
-64.759331
-64.762459
-64.765587
-64.771835
-64.762459
-64.75621
-64.749962
-64.746834
-64.75621
-64.762459
-64.75621
-64.771835
-64.774956
-64.768707
-64.765587
-64.762459
-64.759331
-64.746834
-64.746834
-64.759331
-64.774956
-64.746834
-64.765587
-64.768707
-64.753082
-64.762459
-64.753082
-64.768707
-64.78746
-64.806206
-64.803085
-64.806206
-64.796837
-64.793709
-64.796837
-64.803085
-64.796837
-64.809334
-64.812462
-64.806206
-64.81871
-64.809334
-64.799957
-64.812462
-64.815582
-64.796837
-64.812462
-64.809334
-64.837456
-64.828087
-64.828087
-64.840584
-64.828087
-64.815582
-64.824959
-64.824959
-64.843712
-64.837456
-64.828087
-64.834335
-64.840584
-64.81871
-64.824959
-64.824959
-64.796837
-64.790581
-64.778084
-64.774956
-64.778084
-64.784332
-64.78746
-64.784332
-64.778084
-64.781212
-64.799957
-64.78746
-64.803085
-64.81871
-64.809334
-64.812462
-64.824959
-64.812462
-64.821831
-64.828087
-64.81871
-64.809334
-64.824959
-64.809334
-64.806206
-64.81871
-64.837456
-64.812462
-64.793709
-64.793709
-64.809334
-64.806206
-64.799957
-64.81871
-64.828087
-64.840584
-64.837456
-64.821831
-64.831207
-64.846832
-64.831207
-64.849953
-64.846832
-64.846832
-64.846832
-64.828087
-64.840584
-64.824959
-64.837456
-64.824959
-64.812462
-64.824959
-64.806206
-64.815582
-64.806206
-64.806206
-64.821831
-64.834335
-64.849953
-64.859329
-64.843712
-64.843712
-64.840584
-64.846832
-64.831207
-64.812462
-64.796837
-64.81871
-64.821831
-64.837456
-64.828087
-64.81871
-64.821831
-64.828087
-64.812462
-64.831207
-64.846832
-64.831207
-64.821831
-64.809334
-64.815582
-64.824959
-64.843712
-64.803085
-64.815582
-64.803085
-64.796837
-64.796837
-64.796837
-64.778084
-64.796837
-64.806206
-64.799957
-64.796837
-64.806206
-64.809334
-64.803085
-64.799957
-64.809334
-64.809334
-64.806206
-64.824959
-64.834335
-64.793709
-64.815582
-64.812462
-64.796837
-64.809334
-64.799957
-64.806206
-64.790581
-64.796837
-64.746834
-64.765587
-64.784332
-64.768707
-64.796837
-64.78746
-64.790581
-64.812462
-64.809334
-64.796837
-64.790581
-64.784332
-64.803085
-64.799957
-64.793709
-64.796837
-64.778084
-64.778084
-64.790581
-64.796837
-64.765587
-64.793709
-64.762459
-64.753082
-64.771835
-64.778084
-64.781212
-64.768707
-64.771835
-64.768707
-64.809334
-64.771835
-64.784332
-64.765587
-64.753082
-64.78746
-64.768707
-64.771835
-64.774956
-64.771835
-64.765587
-64.771835
-64.753082
-64.75621
-64.781212
-64.790581
-64.790581
-64.784332
-64.78746
-64.799957
-64.796837
-64.784332
-64.774956
-64.759331
-64.778084
-64.768707
-64.749962
-64.759331
-64.759331
-64.75621
-64.774956
-64.781212
-64.765587
-64.759331
-64.759331
-64.746834
-64.746834
-64.734337
-64.746834
-64.731216
-64.746834
-64.746834
-64.743713
-64.749962
-64.740593
-64.734337
-64.734337
-64.72184
-64.724968
-64.706215
-64.718712
-64.715591
-64.72184
-64.696838
-64.712463
-64.706215
-64.734337
-64.746834
-64.749962
-64.749962
-64.734337
-64.728088
-64.743713
-64.746834
-64.743713
-64.737465
-64.728088
-64.72184
-64.718712
-64.731216
-64.72184
-64.712463
-64.709343
-64.709343
-64.709343
-64.740593
-64.740593
-64.746834
-64.728088
-64.731216
-64.72184
-64.731216
-64.746834
-64.746834
-64.740593
-64.743713
-64.734337
-64.746834
-64.737465
-64.740593
-64.746834
-64.75621
-64.759331
-64.759331
-64.765587
-64.75621
-64.765587
-64.749962
-64.746834
-64.762459
-64.771835
-64.781212
-64.774956
-64.793709
-64.781212
-64.796837
-64.803085
-64.803085
-64.815582
-64.806206
-64.796837
-64.774956
-64.759331
-64.768707
-64.753082
-64.743713
-64.746834
-64.75621
-64.737465
-64.749962
-64.737465
-64.743713
-64.759331
-64.762459
-64.771835
-64.759331
-64.728088
-64.728088
-64.728088
-64.731216
-64.734337
-64.728088
-64.728088
-64.737465
-64.731216
-64.715591
-64.734337
-64.749962
-64.771835
-64.771835
-64.765587
-64.768707
-64.768707
-64.746834
-64.731216
-64.737465
-64.737465
-64.746834
-64.728088
-64.724968
-64.728088
-64.72184
-64.724968
-64.731216
-64.753082
-64.753082
-64.737465
-64.740593
-64.72184
-64.718712
-64.72184
-64.706215
-64.715591
-64.715591
-64.724968
-64.734337
-64.734337
-64.718712
-64.746834
-64.740593
-64.724968
-64.746834
-64.728088
-64.712463
-64.718712
-64.746834
-64.746834
-64.75621
-64.746834
-64.753082
-64.774956
-64.749962
-64.753082
-64.778084
-64.75621
-64.746834
-64.749962
-64.746834
-64.75621
-64.746834
-64.740593
-64.743713
-64.743713
-64.72184
-64.746834
-64.743713
-64.746834
-64.728088
-64.712463
-64.737465
-64.746834
-64.715591
-64.749962
-64.749962
-64.734337
-64.746834
-64.737465
-64.746834
-64.746834
-64.75621
-64.749962
-64.759331
-64.749962
-64.746834
-64.759331
-64.746834
-64.746834
-64.765587
-64.774956
-64.774956
-64.734337
-64.731216
-64.718712
-64.712463
-64.718712
-64.699966
-64.709343
-64.706215
-64.696838
-64.712463
-64.724968
-64.724968
-64.728088
-64.718712
-64.715591
-64.728088
-64.731216
-64.746834
-64.728088
-64.740593
-64.746834
-64.746834
-64.743713
-64.746834
-64.740593
-64.740593
-64.753082
-64.737465
-64.749962
-64.774956
-64.774956
-64.759331
-64.768707
-64.771835
-64.768707
-64.746834
-64.753082
-64.753082
-64.75621
-64.734337
-64.75621
-64.759331
-64.762459
-64.753082
-64.765587
-64.778084
-64.768707
-64.768707
-64.78746
-64.784332
-64.790581
-64.771835
-64.768707
-64.762459
-64.778084
-64.78746
-64.784332
-64.784332
-64.796837
-64.784332
-64.796837
-64.781212
-64.784332
-64.774956
-64.768707
-64.796837
-64.809334
-64.821831
-64.803085
-64.781212
-64.78746
-64.768707
-64.781212
-64.796837
-64.806206
-64.815582
-64.821831
-64.846832
-64.831207
-64.831207
-64.815582
-64.793709
-64.815582
-64.796837
-64.809334
-64.815582
-64.815582
-64.815582
-64.821831
-64.78746
-64.790581
-64.796837
-64.771835
-64.768707
-64.768707
-64.753082
-64.765587
-64.784332
-64.768707
-64.778084
-64.803085
-64.796837
-64.803085
-64.812462
-64.790581
-64.806206
-64.796837
-64.796837
-64.790581
-64.803085
-64.809334
-64.812462
-64.793709
-64.796837
-64.793709
-64.790581
-64.793709
-64.768707
-64.771835
-64.778084
-64.781212
-64.784332
-64.78746
-64.793709
-64.784332
-64.759331
-64.762459
-64.746834
-64.746834
-64.75621
-64.743713
-64.765587
-64.759331
-64.771835
-64.796837
-64.778084
-64.778084
-64.784332
-64.784332
-64.796837
-64.78746
-64.778084
-64.781212
-64.78746
-64.784332
-64.796837
-64.790581
-64.809334
-64.821831
-64.812462
-64.799957
-64.793709
-64.796837
-64.803085
-64.799957
-64.796837
-64.799957
-64.799957
-64.809334
-64.793709
-64.784332
-64.778084
-64.771835
-64.796837
-64.774956
-64.784332
-64.774956
-64.774956
-64.812462
-64.793709
-64.784332
-64.812462
-64.821831
-64.812462
-64.784332
-64.803085
-64.812462
-64.809334
-64.806206
-64.815582
-64.803085
-64.806206
-64.809334
-64.799957
-64.778084
-64.768707
-64.753082
-64.771835
-64.781212
-64.78746
-64.799957
-64.793709
-64.78746
-64.790581
-64.796837
-64.796837
-64.809334
-64.834335
-64.812462
-64.812462
-64.806206
-64.793709
-64.784332
-64.768707
-64.753082
-64.765587
-64.778084
-64.771835
-64.806206
-64.824959
-64.799957
-64.796837
-64.749962
-64.768707
-64.749962
-64.753082
-64.75621
-64.749962
-64.746834
-64.731216
-64.728088
-64.728088
-64.784332
-64.759331
-64.746834
-64.765587
-64.765587
-64.75621
-64.768707
-64.768707
-64.771835
-64.778084
-64.78746
-64.765587
-64.771835
-64.762459
-64.75621
-64.778084
-64.740593
-64.734337
-64.746834
-64.746834
-64.737465
-64.740593
-64.737465
-64.734337
-64.746834
-64.740593
-64.746834
-64.746834
-64.749962
-64.774956
-64.762459
-64.768707
-64.778084
-64.753082
-64.759331
-64.784332
-64.759331
-64.78746
-64.793709
-64.778084
-64.768707
-64.781212
-64.778084
-64.784332
-64.771835
-64.781212
-64.784332
-64.790581
-64.784332
-64.815582
-64.790581
-64.774956
-64.784332
-64.796837
-64.803085
-64.799957
-64.806206
-64.796837
-64.803085
-64.793709
-64.790581
-64.796837
-64.771835
-64.778084
-64.784332
-64.781212
-64.781212
-64.781212
-64.774956
-64.75621
-64.753082
-64.746834
-64.749962
-64.743713
-64.746834
-64.753082
-64.740593
-64.737465
-64.746834
-64.753082
-64.75621
-64.765587
-64.781212
-64.784332
-64.765587
-64.762459
-64.781212
-64.762459
-64.765587
-64.78746
-64.774956
-64.765587
-64.771835
-64.778084
-64.774956
-64.781212
-64.784332
-64.793709
-64.796837
-64.771835
-64.784332
-64.746834
-64.728088
-64.746834
-64.762459
-64.765587
-64.765587
-64.753082
-64.749962
-64.75621
-64.771835
-64.759331
-64.774956
-64.762459
-64.765587
-64.762459
-64.759331
-64.793709
-64.803085
-64.821831
-64.796837
-64.778084
-64.778084
-64.768707
-64.784332
-64.765587
-64.771835
-64.75621
-64.753082
-64.746834
-64.759331
-64.768707
-64.793709
-64.771835
-64.759331
-64.746834
-64.740593
-64.740593
-64.768707
-64.765587
-64.765587
-64.784332
-64.778084
-64.799957
-64.784332
-64.781212
-64.774956
-64.799957
-64.793709
-64.803085
-64.812462
-64.790581
-64.790581
-64.78746
-64.774956
-64.784332
-64.768707
-64.790581
-64.784332
-64.78746
-64.799957
-64.790581
-64.774956
-64.806206
-64.81871
-64.824959
-64.815582
-64.806206
-64.799957
-64.812462
-64.809334
-64.812462
-64.815582
-64.821831
-64.843712
-64.843712
-64.853081
-64.849953
-64.862457
-64.843712
-64.853081
-64.846832
-64.840584
-64.828087
-64.837456
-64.843712
-64.834335
-64.81871
-64.846832
-64.843712
-64.846832
-64.853081
-64.859329
-64.846832
-64.834335
-64.846832
-64.812462
-64.831207
-64.824959
-64.821831
-64.834335
-64.853081
-64.846832
-64.853081
-64.856201
-64.831207
-64.843712
-64.837456
-64.846832
-64.856201
-64.843712
-64.846832
-64.856201
-64.831207
-64.843712
-64.849953
-64.846832
-64.853081
-64.868706
-64.853081
-64.856201
-64.871826
-64.878082
-64.893707
-64.881203
-64.874954
-64.878082
-64.884331
-64.868706
-64.884331
-64.890579
-64.865578
-64.878082
-64.871826
-64.868706
-64.893707
-64.878082
-64.865578
-64.878082
-64.884331
-64.893707
-64.893707
-64.903076
-64.896828
-64.899956
-64.871826
-64.878082
-64.878082
-64.868706
-64.896828
-64.893707
-64.887451
-64.874954
-64.881203
-64.881203
-64.896828
-64.881203
-64.890579
-64.893707
-64.893707
-64.896828
-64.896828
-64.890579
-64.896828
-64.899956
-64.874954
-64.865578
-64.859329
-64.896828
-64.890579
-64.893707
-64.868706
-64.878082
-64.865578
-64.865578
-64.868706
-64.846832
-64.865578
-64.881203
-64.865578
-64.881203
-64.868706
-64.874954
-64.881203
-64.853081
-64.846832
-64.853081
-64.865578
-64.859329
-64.843712
-64.849953
-64.831207
-64.846832
-64.834335
-64.815582
-64.831207
-64.840584
-64.846832
-64.865578
-64.859329
-64.846832
-64.846832
-64.859329
-64.884331
-64.859329
-64.831207
-64.846832
-64.846832
-64.831207
-64.846832
-64.846832
-64.843712
-64.840584
-64.840584
-64.849953
-64.840584
-64.846832
-64.859329
-64.859329
-64.859329
-64.865578
-64.862457
-64.868706
-64.881203
-64.865578
-64.859329
-64.859329
-64.856201
-64.849953
-64.859329
-64.871826
-64.846832
-64.868706
-64.846832
-64.862457
-64.887451
-64.887451
-64.874954
-64.874954
-64.884331
-64.878082
-64.899956
-64.890579
-64.884331
-64.906204
-64.896828
-64.881203
-64.865578
-64.853081
-64.853081
-64.843712
-64.840584
-64.843712
-64.871826
-64.890579
-64.874954
-64.871826
-64.878082
-64.868706
-64.871826
-64.846832
-64.837456
-64.846832
-64.846832
-64.853081
-64.853081
-64.865578
-64.884331
-64.856201
-64.878082
-64.884331
-64.896828
-64.884331
-64.890579
-64.890579
-64.899956
-64.896828
-64.884331
-64.921829
-64.906204
-64.906204
-64.893707
-64.881203
-64.890579
-64.906204
-64.896828
-64.896828
-64.893707
-64.878082
-64.874954
-64.878082
-64.887451
-64.896828
-64.871826
-64.859329
-64.887451
-64.874954
-64.868706
-64.846832
-64.846832
-64.846832
-64.859329
-64.865578
-64.853081
-64.884331
-64.871826
-64.884331
-64.849953
-64.859329
-64.884331
-64.874954
-64.881203
-64.871826
-64.893707
-64.896828
-64.890579
-64.874954
-64.846832
-64.874954
-64.871826
-64.884331
-64.906204
-64.893707
-64.899956
-64.896828
-64.884331
-64.896828
-64.881203
-64.846832
-64.856201
-64.849953
-64.868706
-64.874954
-64.843712
-64.840584
-64.831207
-64.834335
-64.846832
-64.843712
-64.849953
-64.859329
-64.856201
-64.853081
-64.874954
-64.871826
-64.859329
-64.878082
-64.868706
-64.868706
-64.884331
-64.896828
-64.890579
-64.896828
-64.890579
-64.896828
-64.890579
-64.893707
-64.893707
-64.918701
-64.896828
-64.896828
-64.881203
-64.856201
-64.856201
-64.856201
-64.846832
-64.853081
-64.834335
-64.846832
-64.853081
-64.862457
-64.846832
-64.849953
-64.846832
-64.837456
-64.856201
-64.846832
-64.856201
-64.837456
-64.834335
-64.834335
-64.840584
-64.846832
-64.859329
-64.874954
-64.865578
-64.865578
-64.862457
-64.840584
-64.837456
-64.843712
-64.846832
-64.840584
-64.821831
-64.834335
-64.812462
-64.81871
-64.859329
-64.881203
-64.831207
-64.849953
-64.843712
-64.856201
-64.859329
-64.878082
-64.878082
-64.874954
-64.846832
-64.834335
-64.821831
-64.812462
-64.815582
-64.815582
-64.799957
-64.815582
-64.815582
-64.803085
-64.796837
-64.809334
-64.803085
-64.831207
-64.81871
-64.812462
-64.821831
-64.796837
-64.815582
-64.809334
-64.809334
-64.809334
-64.793709
-64.803085
-64.793709
-64.815582
-64.81871
-64.812462
-64.806206
-64.812462
-64.81871
-64.831207
-64.81871
-64.809334
-64.834335
-64.834335
-64.840584
-64.824959
-64.831207
-64.824959
-64.831207
-64.81871
-64.828087
-64.824959
-64.812462
-64.815582
-64.796837
-64.809334
-64.796837
-64.793709
-64.799957
-64.806206
-64.799957
-64.809334
-64.812462
-64.796837
-64.81871
-64.806206
-64.793709
-64.809334
-64.796837
-64.790581
-64.793709
-64.796837
-64.778084
-64.796837
-64.793709
-64.806206
-64.806206
-64.806206
-64.790581
-64.793709
-64.784332
-64.796837
-64.799957
-64.815582
-64.821831
-64.806206
-64.799957
-64.803085
-64.803085
-64.78746
-64.796837
-64.796837
-64.774956
-64.762459
-64.762459
-64.784332
-64.793709
-64.796837
-64.784332
-64.809334
-64.796837
-64.796837
-64.793709
-64.784332
-64.796837
-64.796837
-64.781212
-64.803085
-64.790581
-64.771835
-64.765587
-64.790581
-64.778084
-64.796837
-64.771835
-64.781212
-64.746834
-64.740593
-64.75621
-64.740593
-64.737465
-64.743713
-64.728088
-64.746834
-64.728088
-64.724968
-64.743713
-64.712463
-64.718712
-64.724968
-64.734337
-64.734337
-64.734337
-64.731216
-64.718712
-64.712463
-64.72184
-64.712463
-64.709343
-64.718712
-64.712463
-64.734337
-64.728088
-64.715591
-64.715591
-64.715591
-64.724968
-64.746834
-64.746834
-64.746834
-64.749962
-64.753082
-64.740593
-64.762459
-64.75621
-64.75621
-64.768707
-64.765587
-64.768707
-64.749962
-64.749962
-64.749962
-64.746834
-64.737465
-64.75621
-64.746834
-64.743713
-64.765587
-64.765587
-64.746834
-64.759331
-64.768707
-64.753082
-64.765587
-64.753082
-64.75621
-64.746834
-64.746834
-64.765587
-64.759331
-64.749962
-64.728088
-64.715591
-64.740593
-64.746834
-64.737465
-64.743713
-64.734337
-64.743713
-64.740593
-64.746834
-64.734337
-64.740593
-64.746834
-64.740593
-64.740593
-64.759331
-64.746834
-64.743713
-64.746834
-64.75621
-64.75621
-64.765587
-64.759331
-64.759331
-64.737465
-64.746834
-64.743713
-64.731216
-64.715591
-64.715591
-64.693718
-64.696838
-64.684341
-64.696838
-64.709343
-64.715591
-64.693718
-64.684341
-64.684341
-64.687462
-64.69059
-64.709343
-64.706215
-64.709343
-64.72184
-64.712463
-64.743713
-64.728088
-64.709343
-64.681213
-64.696838
-64.69059
-64.693718
-64.678093
-64.687462
-64.684341
-64.674965
-64.684341
-64.681213
-64.678093
-64.674965
-64.668716
-64.65934
-64.665588
-64.646843
-64.653091
-64.665588
-64.678093
-64.662468
-64.674965
-64.668716
-64.665588
-64.671837
-64.662468
-64.678093
-64.674965
-64.671837
-64.665588
-64.665588
-64.656212
-64.646843
-64.628098
-64.643723
-64.640594
-64.671837
-64.668716
-64.69059
-64.684341
-64.665588
-64.653091
-64.649963
-64.643723
-64.621841
-64.634346
-64.621841
-64.618721
-64.612473
-64.656212
-64.653091
-64.649963
-64.656212
-64.653091
-64.649963
-64.646843
-64.653091
-64.646843
-64.643723
-64.646843
-64.646843
-64.653091
-64.653091
-64.640594
-64.637466
-64.646843
-64.653091
-64.671837
-64.681213
-64.687462
-64.699966
-64.696838
-64.706215
-64.693718
-64.668716
-64.678093
-64.668716
-64.671837
-64.649963
-64.653091
-64.643723
-64.646843
-64.656212
-64.646843
-64.681213
-64.687462
-64.668716
-64.693718
-64.687462
-64.681213
-64.681213
-64.684341
-64.69059
-64.696838
-64.684341
-64.715591
-64.709343
-64.718712
-64.734337
-64.72184
-64.699966
-64.715591
-64.709343
-64.715591
-64.712463
-64.699966
-64.696838
-64.696838
-64.684341
-64.706215
-64.699966
-64.696838
-64.699966
-64.706215
-64.699966
-64.706215
-64.696838
-64.681213
-64.696838
-64.703087
-64.684341
-64.693718
-64.684341
-64.671837
-64.668716
-64.656212
-64.646843
-64.662468
-64.696838
-64.696838
-64.693718
-64.696838
-64.715591
-64.715591
-64.687462
-64.693718
-64.678093
-64.662468
-64.671837
-64.687462
-64.696838
-64.696838
-64.706215
-64.696838
-64.687462
-64.684341
-64.687462
-64.696838
-64.69059
-64.703087
-64.69059
-64.684341
-64.696838
-64.696838
-64.681213
-64.696838
-64.699966
-64.706215
-64.696838
-64.709343
-64.696838
-64.696838
-64.69059
-64.69059
-64.696838
-64.687462
-64.696838
-64.72184
-64.718712
-64.731216
-64.72184
-64.72184
-64.734337
-64.734337
-64.709343
-64.724968
-64.728088
-64.709343
-64.712463
-64.696838
-64.687462
-64.678093
-64.69059
-64.665588
-64.668716
-64.665588
-64.665588
-64.681213
-64.668716
-64.681213
-64.674965
-64.678093
-64.696838
-64.681213
-64.674965
-64.693718
-64.671837
-64.674965
-64.678093
-64.662468
-64.678093
-64.678093
-64.678093
-64.696838
-64.709343
-64.684341
-64.656212
-64.681213
-64.671837
-64.665588
-64.674965
-64.656212
-64.656212
-64.665588
-64.668716
-64.656212
-64.678093
-64.653091
-64.640594
-64.640594
-64.649963
-64.65934
-64.649963
-64.643723
-64.643723
-64.634346
-64.640594
-64.665588
-64.646843
-64.646843
-64.649963
-64.653091
-64.665588
-64.671837
-64.653091
-64.668716
-64.668716
-64.653091
-64.65934
-64.656212
-64.637466
-64.646843
-64.646843
-64.631218
-64.646843
-64.646843
-64.649963
-64.65934
-64.671837
-64.674965
-64.681213
-64.668716
-64.668716
-64.665588
-64.653091
-64.674965
-64.65934
-64.656212
-64.634346
-64.671837
-64.646843
-64.674965
-64.674965
-64.656212
-64.656212
-64.646843
-64.649963
-64.649963
-64.649963
-64.643723
-64.624969
-64.609344
-64.615593
-64.621841
-64.609344
-64.612473
-64.634346
-64.624969
-64.643723
-64.634346
-64.637466
-64.656212
-64.646843
-64.649963
-64.662468
-64.665588
-64.653091
-64.640594
-64.621841
-64.643723
-64.624969
-64.624969
-64.618721
-64.621841
-64.628098
-64.628098
-64.621841
-64.609344
-64.606216
-64.628098
-64.634346
-64.653091
-64.678093
-64.65934
-64.653091
-64.628098
-64.618721
-64.612473
-64.615593
-64.612473
-64.606216
-64.590591
-64.596848
-64.599968
-64.599968
-64.609344
-64.621841
-64.596848
-64.606216
-64.584343
-64.587471
-64.578094
-64.571846
-64.587471
-64.612473
-64.596848
-64.584343
-64.609344
-64.596848
-64.615593
-64.609344
-64.624969
-64.628098
-64.624969
-64.643723
-64.681213
-64.662468
-64.646843
-64.637466
-64.628098
-64.640594
-64.634346
-64.631218
-64.631218
-64.624969
-64.606216
-64.596848
-64.587471
-64.578094
-64.584343
-64.556221
-64.565598
-64.556221
-64.562469
-64.559341
-64.562469
-64.581223
-64.587471
-64.593719
-64.596848
-64.599968
-64.593719
-64.596848
-64.578094
-64.599968
-64.599968
-64.596848
-64.615593
-64.599968
-64.593719
-64.606216
-64.615593
-64.603096
-64.603096
-64.628098
-64.609344
-64.612473
-64.621841
-64.634346
-64.615593
-64.612473
-64.628098
-64.621841
-64.603096
-64.606216
-64.609344
-64.599968
-64.615593
-64.618721
-64.637466
-64.646843
-64.646843
-64.653091
-64.646843
-64.646843
-64.637466
-64.637466
-64.631218
-64.624969
-64.590591
-64.606216
-64.612473
-64.612473
-64.612473
-64.628098
-64.628098
-64.631218
-64.624969
-64.621841
-64.634346
-64.646843
-64.621841
-64.628098
-64.634346
-64.631218
-64.621841
-64.603096
-64.606216
-64.587471
-64.621841
-64.612473
-64.643723
-64.634346
-64.624969
-64.615593
-64.618721
-64.624969
-64.621841
-64.612473
-64.631218
-64.609344
-64.593719
-64.599968
-64.615593
-64.590591
-64.624969
-64.634346
-64.615593
-64.615593
-64.628098
-64.628098
-64.624969
-64.640594
-64.609344
-64.634346
-64.646843
-64.643723
-64.65934
-64.646843
-64.646843
-64.668716
-64.653091
-64.640594
-64.646843
-64.637466
-64.621841
-64.643723
-64.643723
-64.653091
-64.646843
-64.624969
-64.628098
-64.637466
-64.646843
-64.646843
-64.643723
-64.640594
-64.643723
-64.631218
-64.640594
-64.637466
-64.646843
-64.640594
-64.646843
-64.637466
-64.637466
-64.621841
-64.634346
-64.634346
-64.618721
-64.628098
-64.643723
-64.628098
-64.631218
-64.634346
-64.631218
-64.643723
-64.65934
-64.646843
-64.646843
-64.649963
-64.665588
-64.684341
-64.649963
-64.628098
-64.643723
-64.646843
-64.634346
-64.646843
-64.653091
-64.646843
-64.696838
-64.69059
-64.693718
-64.696838
-64.678093
-64.656212
-64.671837
-64.681213
-64.65934
-64.681213
-64.65934
-64.681213
-64.656212
-64.653091
-64.668716
-64.684341
-64.668716
-64.671837
-64.65934
-64.665588
-64.668716
-64.687462
-64.687462
-64.681213
-64.678093
-64.653091
-64.671837
-64.65934
-64.649963
-64.646843
-64.640594
-64.662468
-64.678093
-64.65934
-64.671837
-64.678093
-64.662468
-64.656212
-64.653091
-64.634346
-64.643723
-64.646843
-64.624969
-64.621841
-64.624969
-64.628098
-64.643723
-64.646843
-64.653091
-64.65934
-64.649963
-64.65934
-64.662468
-64.653091
-64.643723
-64.637466
-64.603096
-64.596848
-64.587471
-64.590591
-64.603096
-64.628098
-64.615593
-64.624969
-64.621841
-64.596848
-64.596848
-64.609344
-64.596848
-64.624969
-64.612473
-64.640594
-64.637466
-64.646843
-64.649963
-64.640594
-64.637466
-64.643723
-64.634346
-64.615593
-64.612473
-64.621841
-64.615593
-64.631218
-64.612473
-64.596848
-64.640594
-64.646843
-64.643723
-64.634346
-64.634346
-64.618721
-64.612473
-64.599968
-64.596848
-64.606216
-64.606216
-64.624969
-64.628098
-64.634346
-64.634346
-64.618721
-64.615593
-64.637466
-64.603096
-64.618721
-64.621841
-64.609344
-64.615593
-64.618721
-64.609344
-64.631218
-64.646843
-64.653091
-64.624969
-64.628098
-64.628098
-64.653091
-64.646843
-64.646843
-64.684341
-64.681213
-64.674965
-64.668716
-64.656212
-64.656212
-64.665588
-64.668716
-64.671837
-64.671837
-64.687462
-64.671837
-64.709343
-64.696838
-64.72184
-64.69059
-64.693718
-64.696838
-64.699966
-64.703087
-64.72184
-64.699966
-64.687462
-64.696838
-64.681213
-64.678093
-64.696838
-64.696838
-64.696838
-64.696838
-64.687462
-64.696838
-64.693718
-64.696838
-64.706215
-64.709343
-64.696838
-64.706215
-64.718712
-64.715591
-64.724968
-64.715591
-64.696838
-64.699966
-64.715591
-64.712463
-64.72184
-64.72184
-64.718712
-64.715591
-64.709343
-64.706215
-64.712463
-64.696838
-64.696838
-64.709343
-64.731216
-64.728088
-64.703087
-64.715591
-64.724968
-64.712463
-64.724968
-64.712463
-64.699966
-64.706215
-64.696838
-64.709343
-64.715591
-64.709343
-64.712463
-64.709343
-64.709343
-64.699966
-64.706215
-64.681213
-64.678093
-64.684341
-64.684341
-64.662468
-64.678093
-64.65934
-64.653091
-64.665588
-64.681213
-64.678093
-64.674965
-64.687462
-64.671837
-64.687462
-64.696838
-64.693718
-64.699966
-64.715591
-64.712463
-64.728088
-64.715591
-64.734337
-64.72184
-64.728088
-64.728088
-64.724968
-64.734337
-64.728088
-64.731216
-64.718712
-64.740593
-64.731216
-64.728088
-64.734337
-64.699966
-64.699966
-64.706215
-64.72184
-64.72184
-64.737465
-64.715591
-64.712463
-64.728088
-64.712463
-64.718712
-64.731216
-64.715591
-64.72184
-64.728088
-64.712463
-64.724968
-64.731216
-64.734337
-64.740593
-64.715591
-64.706215
-64.699966
-64.696838
-64.69059
-64.693718
-64.696838
-64.703087
-64.709343
-64.699966
-64.696838
-64.699966
-64.699966
-64.703087
-64.69059
-64.678093
-64.665588
-64.665588
-64.65934
-64.69059
-64.696838
-64.709343
-64.718712
-64.696838
-64.696838
-64.718712
-64.724968
-64.712463
-64.718712
-64.709343
-64.715591
-64.72184
-64.72184
-64.728088
-64.731216
-64.728088
-64.746834
-64.746834
-64.740593
-64.743713
-64.746834
-64.718712
-64.746834
-64.743713
-64.743713
-64.709343
-64.699966
-64.706215
-64.715591
-64.728088
-64.712463
-64.709343
-64.693718
-64.709343
-64.72184
-64.715591
-64.72184
-64.728088
-64.731216
-64.734337
-64.72184
-64.712463
-64.718712
-64.724968
-64.72184
-64.737465
-64.737465
-64.734337
-64.737465
-64.746834
-64.749962
-64.743713
-64.731216
-64.740593
-64.728088
-64.718712
-64.715591
-64.72184
-64.715591
-64.734337
-64.724968
-64.734337
-64.728088
-64.728088
-64.734337
-64.724968
-64.731216
-64.715591
-64.718712
-64.718712
-64.740593
-64.746834
-64.734337
-64.753082
-64.753082
-64.759331
-64.759331
-64.731216
-64.740593
-64.734337
-64.749962
-64.734337
-64.734337
-64.740593
-64.737465
-64.753082
-64.746834
-64.753082
-64.765587
-64.746834
-64.768707
-64.753082
-64.762459
-64.75621
-64.781212
-64.75621
-64.762459
-64.746834
-64.734337
-64.743713
-64.759331
-64.784332
-64.778084
-64.784332
-64.765587
-64.774956
-64.778084
-64.771835
-64.78746
-64.784332
-64.781212
-64.768707
-64.762459
-64.759331
-64.746834
-64.746834
-64.762459
-64.753082
-64.753082
-64.737465
-64.746834
-64.746834
-64.737465
-64.749962
-64.746834
-64.743713
-64.72184
-64.724968
-64.72184
-64.715591
-64.712463
-64.706215
-64.709343
-64.740593
-64.731216
-64.72184
-64.749962
-64.728088
-64.72184
-64.728088
-64.731216
-64.731216
-64.75621
-64.746834
-64.728088
-64.731216
-64.712463
-64.709343
-64.709343
-64.696838
-64.703087
-64.687462
-64.671837
-64.693718
-64.696838
-64.709343
-64.724968
-64.715591
-64.706215
-64.712463
-64.709343
-64.715591
-64.709343
-64.703087
-64.706215
-64.718712
-64.696838
-64.703087
-64.715591
-64.703087
-64.69059
-64.681213
-64.687462
-64.684341
-64.687462
-64.69059
-64.696838
-64.699966
-64.709343
-64.724968
-64.693718
-64.699966
-64.699966
-64.703087
-64.718712
-64.737465
-64.728088
-64.728088
-64.728088
-64.709343
-64.709343
-64.703087
-64.69059
-64.693718
-64.687462
-64.671837
-64.696838
-64.709343
-64.706215
-64.724968
-64.709343
-64.693718
-64.709343
-64.72184
-64.709343
-64.740593
-64.734337
-64.746834
-64.737465
-64.728088
-64.72184
-64.728088
-64.734337
-64.749962
-64.746834
-64.746834
-64.746834
-64.728088
-64.737465
-64.743713
-64.734337
-64.724968
-64.740593
-64.746834
-64.734337
-64.731216
-64.734337
-64.731216
-64.737465
-64.718712
-64.72184
-64.703087
-64.72184
-64.731216
-64.703087
-64.724968
-64.75621
-64.749962
-64.743713
-64.746834
-64.746834
-64.728088
-64.746834
-64.746834
-64.737465
-64.709343
-64.696838
-64.696838
-64.693718
-64.703087
-64.715591
-64.715591
-64.709343
-64.728088
-64.709343
-64.709343
-64.728088
-64.696838
-64.678093
-64.696838
-64.706215
-64.709343
-64.715591
-64.715591
-64.72184
-64.696838
-64.703087
-64.696838
-64.72184
-64.734337
-64.728088
-64.718712
-64.696838
-64.715591
-64.703087
-64.699966
-64.703087
-64.734337
-64.746834
-64.765587
-64.740593
-64.734337
-64.759331
-64.734337
-64.746834
-64.746834
-64.734337
-64.746834
-64.762459
-64.762459
-64.749962
-64.768707
-64.762459
-64.790581
-64.765587
-64.765587
-64.774956
-64.778084
-64.781212
-64.774956
-64.784332
-64.771835
-64.774956
-64.771835
-64.778084
-64.759331
-64.781212
-64.778084
-64.784332
-64.774956
-64.765587
-64.774956
-64.753082
-64.746834
-64.759331
-64.743713
-64.746834
-64.759331
-64.743713
-64.759331
-64.778084
-64.753082
-64.781212
-64.746834
-64.746834
-64.753082
-64.753082
-64.746834
-64.771835
-64.778084
-64.768707
-64.771835
-64.771835
-64.762459
-64.771835
-64.778084
-64.781212
-64.762459
-64.768707
-64.765587
-64.774956
-64.768707
-64.778084
-64.796837
-64.793709
-64.774956
-64.746834
-64.746834
-64.765587
-64.765587
-64.778084
-64.781212
-64.778084
-64.778084
-64.778084
-64.778084
-64.768707
-64.746834
-64.746834
-64.765587
-64.740593
-64.753082
-64.749962
-64.72184
-64.731216
-64.737465
-64.743713
-64.746834
-64.743713
-64.728088
-64.731216
-64.75621
-64.746834
-64.765587
-64.743713
-64.746834
-64.75621
-64.746834
-64.740593
-64.759331
-64.734337
-64.740593
-64.737465
-64.759331
-64.759331
-64.790581
-64.784332
-64.781212
-64.774956
-64.768707
-64.765587
-64.768707
-64.778084
-64.784332
-64.781212
-64.749962
-64.771835
-64.746834
-64.734337
-64.731216
-64.746834
-64.753082
-64.75621
-64.762459
-64.78746
-64.762459
-64.749962
-64.759331
-64.75621
-64.746834
-64.746834
-64.774956
-64.768707
-64.768707
-64.746834
-64.737465
-64.743713
-64.740593
-64.724968
-64.737465
-64.740593
-64.740593
-64.734337
-64.737465
-64.746834
-64.746834
-64.746834
-64.753082
-64.75621
-64.765587
-64.768707
-64.746834
-64.749962
-64.746834
-64.75621
-64.768707
-64.774956
-64.784332
-64.774956
-64.778084
-64.778084
-64.778084
-64.781212
-64.784332
-64.771835
-64.762459
-64.740593
-64.746834
-64.740593
-64.743713
-64.75621
-64.765587
-64.75621
-64.759331
-64.753082
-64.743713
-64.746834
-64.762459
-64.759331
-64.75621
-64.759331
-64.759331
-64.765587
-64.774956
-64.75621
-64.762459
-64.746834
-64.749962
-64.746834
-64.75621
-64.746834
-64.746834
-64.734337
-64.75621
-64.746834
-64.749962
-64.771835
-64.778084
-64.765587
-64.759331
-64.743713
-64.746834
-64.728088
-64.731216
-64.740593
-64.746834
-64.765587
-64.753082
-64.759331
-64.746834
-64.762459
-64.768707
-64.762459
-64.774956
-64.771835
-64.743713
-64.753082
-64.728088
-64.709343
-64.696838
-64.671837
-64.671837
-64.665588
-64.668716
-64.656212
-64.646843
-64.628098
-64.628098
-64.621841
-64.606216
-64.609344
-64.599968
-64.596848
-64.571846
-64.581223
-64.568718
-64.565598
-64.562469
-64.553093
-64.553093
-64.540596
-64.537476
-64.546844
-64.524971
-64.512474
-64.518723
-64.496849
-64.496849
-64.496849
-64.499977
-64.506226
-64.518723
-64.546844
-64.524971
-64.515602
-64.493721
-64.481224
-64.468727
-64.465599
-64.471848
-64.468727
-64.462471
-64.487473
-64.478096
-64.478096
-64.481224
-64.484352
-64.496849
-64.468727
-64.481224
-64.490601
-64.484352
-64.496849
-64.509346
-64.496849
-64.503098
-64.506226
-64.481224
-64.499977
-64.499977
-64.484352
-64.468727
-64.481224
-64.462471
-64.478096
-64.478096
-64.468727
-64.453102
-64.446854
-64.440605
-64.462471
-64.471848
-64.462471
-64.456223
-64.490601
-64.484352
-64.471848
-64.462471
-64.465599
-64.484352
-64.487473
-64.484352
-64.474976
-64.462471
-64.468727
-64.465599
-64.462471
-64.443726
-64.456223
-64.478096
-64.478096
-64.487473
-64.493721
-64.493721
-64.487473
-64.478096
-64.478096
-64.496849
-64.487473
-64.496849
-64.493721
-64.471848
-64.496849
-64.478096
-64.490601
-64.481224
-64.484352
-64.496849
-64.509346
-64.503098
-64.518723
-64.506226
-64.506226
-64.534348
-64.512474
-64.518723
-64.528099
-64.515602
-64.515602
-64.509346
-64.490601
-64.493721
-64.490601
-64.471848
-64.484352
-64.493721
-64.496849
-64.521851
-64.509346
-64.496849
-64.506226
-64.512474
-64.493721
-64.499977
-64.512474
-64.503098
-64.496849
-64.503098
-64.493721
-64.490601
-64.474976
-64.474976
-64.453102
-64.465599
-64.465599
-64.465599
-64.481224
-64.468727
-64.456223
-64.465599
-64.471848
-64.481224
-64.459351
-64.471848
-64.484352
-64.487473
-64.474976
-64.499977
-64.481224
-64.493721
-64.487473
-64.468727
-64.468727
-64.478096
-64.496849
-64.496849
-64.487473
-64.496849
-64.506226
-64.512474
-64.509346
-64.493721
-64.496849
-64.506226
-64.506226
-64.509346
-64.493721
-64.481224
-64.487473
-64.509346
-64.499977
-64.493721
-64.496849
-64.496849
-64.487473
-64.471848
-64.462471
-64.459351
-64.471848
-64.468727
-64.478096
-64.462471
-64.453102
-64.465599
-64.490601
-64.487473
-64.496849
-64.496849
-64.493721
-64.496849
-64.496849
-64.493721
-64.487473
-64.484352
-64.478096
-64.478096
-64.487473
-64.484352
-64.506226
-64.496849
-64.515602
-64.506226
-64.509346
-64.528099
-64.546844
-64.546844
-64.565598
-64.546844
-64.543724
-64.553093
-64.549973
-64.543724
-64.531227
-64.524971
-64.537476
-64.531227
-64.518723
-64.537476
-64.534348
-64.512474
-64.496849
-64.499977
-64.496849
-64.503098
-64.493721
-64.481224
-64.496849
-64.512474
-64.496849
-64.496849
-64.509346
-64.537476
-64.546844
-64.534348
-64.543724
-64.537476
-64.543724
-64.534348
-64.540596
-64.528099
-64.534348
-64.534348
-64.531227
-64.512474
-64.496849
-64.506226
-64.499977
-64.512474
-64.496849
-64.503098
-64.496849
-64.506226
-64.524971
-64.506226
-64.496849
-64.512474
-64.503098
-64.509346
-64.506226
-64.506226
-64.518723
-64.531227
-64.518723
-64.503098
-64.515602
-64.496849
-64.515602
-64.506226
-64.515602
-64.496849
-64.506226
-64.484352
-64.474976
-64.465599
-64.471848
-64.496849
-64.496849
-64.506226
-64.509346
-64.496849
-64.496849
-64.521851
-64.496849
-64.518723
-64.518723
-64.506226
-64.534348
-64.534348
-64.503098
-64.515602
-64.512474
-64.496849
-64.499977
-64.496849
-64.512474
-64.528099
-64.503098
-64.537476
-64.531227
-64.531227
-64.515602
-64.503098
-64.509346
-64.496849
-64.496849
-64.478096
-64.496849
-64.512474
-64.496849
-64.499977
-64.496849
-64.474976
-64.506226
-64.496849
-64.524971
-64.496849
-64.515602
-64.512474
-64.496849
-64.496849
-64.506226
-64.493721
-64.490601
-64.496849
-64.496849
-64.493721
-64.499977
-64.481224
-64.503098
-64.503098
-64.496849
-64.481224
-64.493721
-64.481224
-64.490601
-64.493721
-64.487473
-64.465599
-64.468727
-64.449974
-64.456223
-64.459351
-64.465599
-64.471848
-64.456223
-64.437477
-64.456223
-64.468727
-64.468727
-64.465599
-64.471848
-64.446854
-64.471848
-64.471848
-64.478096
-64.481224
-64.462471
-64.490601
-64.509346
-64.518723
-64.496849
-64.503098
-64.499977
-64.499977
-64.484352
-64.496849
-64.493721
-64.478096
-64.484352
-64.474976
-64.474976
-64.490601
-64.484352
-64.493721
-64.487473
-64.496849
-64.490601
-64.496849
-64.506226
-64.509346
-64.506226
-64.506226
-64.506226
-64.496849
-64.503098
-64.503098
-64.512474
-64.496849
-64.496849
-64.484352
-64.496849
-64.496849
-64.496849
-64.496849
-64.496849
-64.487473
-64.462471
-64.478096
-64.493721
-64.496849
-64.506226
-64.506226
-64.506226
-64.531227
-64.521851
-64.506226
-64.543724
-64.521851
-64.528099
-64.521851
-64.512474
-64.512474
-64.512474
-64.518723
-64.509346
-64.496849
-64.496849
-64.474976
-64.496849
-64.490601
-64.496849
-64.487473
-64.465599
-64.465599
-64.481224
-64.474976
-64.471848
-64.490601
-64.478096
-64.481224
-64.478096
-64.474976
-64.468727
-64.465599
-64.465599
-64.478096
-64.490601
-64.481224
-64.474976
-64.462471
-64.487473
-64.493721
-64.499977
-64.518723
-64.518723
-64.509346
-64.528099
-64.509346
-64.496849
-64.496849
-64.499977
-64.493721
-64.499977
-64.481224
-64.468727
-64.484352
-64.493721
-64.503098
-64.509346
-64.496849
-64.496849
-64.496849
-64.484352
-64.487473
-64.503098
-64.506226
-64.512474
-64.509346
-64.524971
-64.503098
-64.496849
-64.496849
-64.496849
-64.503098
-64.496849
-64.496849
-64.487473
-64.484352
-64.468727
-64.484352
-64.493721
-64.496849
-64.487473
-64.487473
-64.468727
-64.471848
-64.465599
-64.471848
-64.481224
-64.468727
-64.496849
-64.493721
-64.499977
-64.496849
-64.496849
-64.493721
-64.484352
-64.493721
-64.496849
-64.471848
-64.496849
-64.496849
-64.493721
-64.474976
-64.481224
-64.443726
-64.474976
-64.478096
-64.484352
-64.481224
-64.478096
-64.484352
-64.474976
-64.481224
-64.459351
-64.474976
-64.446854
-64.481224
-64.490601
-64.493721
-64.496849
-64.484352
-64.471848
-64.493721
-64.509346
-64.490601
-64.496849
-64.484352
-64.490601
-64.496849
-64.506226
-64.490601
-64.506226
-64.490601
-64.506226
-64.496849
-64.506226
-64.518723
-64.521851
-64.531227
-64.496849
-64.524971
-64.503098
-64.503098
-64.503098
-64.499977
-64.503098
-64.496849
-64.490601
-64.493721
-64.496849
-64.468727
-64.496849
-64.506226
-64.512474
-64.490601
-64.499977
-64.499977
-64.515602
-64.503098
-64.515602
-64.534348
-64.524971
-64.521851
-64.521851
-64.524971
-64.546844
-64.540596
-64.540596
-64.528099
-64.509346
-64.509346
-64.515602
-64.512474
-64.512474
-64.524971
-64.506226
-64.521851
-64.521851
-64.506226
-64.524971
-64.546844
-64.537476
-64.549973
-64.534348
-64.546844
-64.534348
-64.518723
-64.518723
-64.521851
-64.506226
-64.503098
-64.521851
-64.496849
-64.509346
-64.512474
-64.503098
-64.531227
-64.540596
-64.537476
-64.546844
-64.540596
-64.537476
-64.512474
-64.521851
-64.496849
-64.496849
-64.518723
-64.512474
-64.524971
-64.496849
-64.496849
-64.496849
-64.521851
-64.496849
-64.512474
-64.496849
-64.524971
-64.512474
-64.521851
-64.503098
-64.490601
-64.484352
-64.496849
-64.496849
-64.503098
-64.506226
-64.496849
-64.487473
-64.496849
-64.487473
-64.471848
-64.493721
-64.481224
-64.478096
-64.478096
-64.462471
-64.465599
-64.468727
-64.487473
-64.490601
-64.499977
-64.490601
-64.506226
-64.515602
-64.512474
-64.528099
-64.540596
-64.531227
-64.528099
-64.499977
-64.521851
-64.521851
-64.531227
-64.515602
-64.528099
-64.528099
-64.518723
-64.512474
-64.512474
-64.503098
-64.503098
-64.493721
-64.512474
-64.528099
-64.534348
-64.528099
-64.521851
-64.496849
-64.509346
-64.521851
-64.503098
-64.515602
-64.481224
-64.462471
-64.468727
-64.446854
-64.481224
-64.459351
-64.449974
-64.437477
-64.462471
-64.468727
-64.490601
-64.490601
-64.481224
-64.484352
-64.462471
-64.471848
-64.474976
-64.478096
-64.468727
-64.471848
-64.474976
-64.487473
-64.481224
-64.493721
-64.496849
-64.518723
-64.496849
-64.487473
-64.490601
-64.468727
-64.496849
-64.496849
-64.487473
-64.481224
-64.490601
-64.499977
-64.499977
-64.490601
-64.474976
-64.481224
-64.465599
-64.446854
-64.474976
-64.478096
-64.487473
-64.471848
-64.462471
-64.468727
-64.484352
-64.484352
-64.481224
-64.471848
-64.456223
-64.487473
-64.493721
-64.493721
-64.487473
-64.493721
-64.484352
-64.487473
-64.496849
-64.487473
-64.493721
-64.490601
-64.468727
-64.493721
-64.474976
-64.499977
-64.496849
-64.496849
-64.524971
-64.515602
-64.506226
-64.506226
-64.521851
-64.543724
-64.540596
-64.531227
-64.528099
-64.540596
-64.540596
-64.521851
-64.524971
-64.506226
-64.509346
-64.515602
-64.531227
-64.543724
-64.534348
-64.546844
-64.553093
-64.556221
-64.559341
-64.553093
-64.546844
-64.534348
-64.556221
-64.556221
-64.556221
-64.546844
-64.546844
-64.553093
-64.546844
-64.546844
-64.559341
-64.562469
-64.581223
-64.578094
-64.596848
-64.599968
-64.568718
-64.565598
-64.584343
-64.590591
-64.581223
-64.590591
-64.596848
-64.578094
-64.581223
-64.578094
-64.562469
-64.571846
-64.571846
-64.562469
-64.574966
-64.565598
-64.568718
-64.553093
-64.562469
-64.556221
-64.584343
-64.581223
-64.578094
-64.584343
-64.565598
-64.562469
-64.568718
-64.556221
-64.578094
-64.596848
-64.593719
-64.568718
-64.571846
-64.574966
-64.565598
-64.565598
-64.553093
-64.578094
-64.596848
-64.606216
-64.606216
-64.599968
-64.578094
-64.596848
-64.609344
-64.609344
-64.634346
-64.615593
-64.603096
-64.599968
-64.584343
-64.590591
-64.596848
-64.590591
-64.581223
-64.590591
-64.587471
-64.584343
-64.590591
-64.596848
-64.584343
-64.581223
-64.556221
-64.568718
-64.568718
-64.565598
-64.546844
-64.540596
-64.546844
-64.559341
-64.549973
-64.531227
-64.531227
-64.531227
-64.528099
-64.540596
-64.556221
-64.556221
-64.537476
-64.515602
-64.524971
-64.534348
-64.543724
-64.534348
-64.534348
-64.540596
-64.546844
-64.534348
-64.549973
-64.559341
-64.556221
-64.559341
-64.556221
-64.549973
-64.531227
-64.543724
-64.549973
-64.546844
-64.546844
-64.559341
-64.553093
-64.540596
-64.534348
-64.537476
-64.540596
-64.521851
-64.512474
-64.537476
-64.515602
-64.524971
-64.524971
-64.534348
-64.540596
-64.540596
-64.524971
-64.534348
-64.515602
-64.515602
-64.506226
-64.496849
-64.490601
-64.487473
-64.503098
-64.515602
-64.546844
-64.528099
-64.537476
-64.524971
-64.512474
-64.524971
-64.509346
-64.499977
-64.518723
-64.503098
-64.515602
-64.503098
-64.499977
-64.503098
-64.487473
-64.481224
-64.490601
-64.490601
-64.490601
-64.487473
-64.478096
-64.449974
-64.474976
-64.471848
-64.481224
-64.484352
-64.481224
-64.503098
-64.512474
-64.496849
-64.503098
-64.509346
-64.506226
-64.484352
-64.496849
-64.484352
-64.481224
-64.496849
-64.493721
-64.481224
-64.493721
-64.462471
-64.484352
-64.462471
-64.481224
-64.496849
-64.496849
-64.496849
-64.521851
-64.518723
-64.503098
-64.506226
-64.496849
-64.478096
-64.490601
-64.487473
-64.490601
-64.496849
-64.487473
-64.490601
-64.503098
-64.478096
-64.484352
-64.490601
-64.459351
-64.481224
-64.468727
-64.481224
-64.471848
-64.478096
-64.471848
-64.493721
-64.493721
-64.503098
-64.496849
-64.493721
-64.503098
-64.484352
-64.459351
-64.465599
-64.496849
-64.478096
-64.484352
-64.515602
-64.543724
-64.534348
-64.559341
-64.549973
-64.546844
-64.524971
-64.521851
-64.537476
-64.506226
-64.524971
-64.531227
-64.524971
-64.528099
-64.546844
-64.540596
-64.521851
-64.543724
-64.518723
-64.534348
-64.531227
-64.521851
-64.546844
-64.543724
-64.540596
-64.540596
-64.546844
-64.546844
-64.553093
-64.568718
-64.549973
-64.556221
-64.546844
-64.553093
-64.565598
-64.565598
-64.553093
-64.562469
-64.559341
-64.553093
-64.553093
-64.543724
-64.534348
-64.531227
-64.540596
-64.534348
-64.537476
-64.540596
-64.534348
-64.528099
-64.512474
-64.515602
-64.521851
-64.531227
-64.534348
-64.509346
-64.496849
-64.509346
-64.509346
-64.518723
-64.521851
-64.512474
-64.556221
-64.556221
-64.574966
-64.593719
-64.584343
-64.584343
-64.578094
-64.584343
-64.568718
-64.556221
-64.556221
-64.568718
-64.596848
-64.568718
-64.568718
-64.568718
-64.559341
-64.556221
-64.546844
-64.546844
-64.568718
-64.559341
-64.565598
-64.574966
-64.578094
-64.546844
-64.584343
-64.581223
-64.553093
-64.559341
-64.546844
-64.568718
-64.559341
-64.562469
-64.562469
-64.590591
-64.574966
-64.571846
-64.559341
-64.543724
-64.553093
-64.556221
-64.556221
-64.553093
-64.546844
-64.565598
-64.571846
-64.571846
-64.556221
-64.562469
-64.590591
-64.596848
-64.587471
-64.609344
-64.599968
-64.609344
-64.593719
-64.603096
-64.615593
-64.612473
-64.624969
-64.603096
-64.599968
-64.609344
-64.634346
-64.628098
-64.631218
-64.606216
-64.593719
-64.596848
-64.599968
-64.593719
-64.587471
-64.599968
-64.581223
-64.556221
-64.562469
-64.565598
-64.571846
-64.590591
-64.603096
-64.603096
-64.609344
-64.603096
-64.578094
-64.581223
-64.565598
-64.581223
-64.596848
-64.590591
-64.584343
-64.565598
-64.571846
-64.556221
-64.568718
-64.556221
-64.571846
-64.574966
-64.578094
-64.574966
-64.590591
-64.578094
-64.590591
-64.596848
-64.581223
-64.590591
-64.584343
-64.612473
-64.599968
-64.615593
-64.584343
-64.587471
-64.593719
-64.574966
-64.571846
-64.565598
-64.571846
-64.578094
-64.568718
-64.549973
-64.562469
-64.546844
-64.559341
-64.556221
-64.556221
-64.546844
-64.556221
-64.546844
-64.568718
-64.562469
-64.581223
-64.578094
-64.596848
-64.599968
-64.596848
-64.596848
-64.581223
-64.596848
-64.596848
-64.593719
-64.606216
-64.596848
-64.578094
-64.596848
-64.618721
-64.606216
-64.606216
-64.612473
-64.606216
-64.596848
-64.599968
-64.596848
-64.596848
-64.603096
-64.593719
-64.606216
-64.590591
-64.590591
-64.606216
-64.606216
-64.593719
-64.568718
-64.581223
-64.606216
-64.578094
-64.596848
-64.612473
-64.596848
-64.587471
-64.584343
-64.581223
-64.584343
-64.581223
-64.562469
-64.568718
-64.581223
-64.571846
-64.593719
-64.574966
-64.565598
-64.553093
-64.565598
-64.559341
-64.581223
-64.565598
-64.562469
-64.574966
-64.565598
-64.571846
-64.571846
-64.581223
-64.584343
-64.587471
-64.565598
-64.590591
-64.584343
-64.574966
-64.578094
-64.584343
-64.593719
-64.574966
-64.593719
-64.568718
-64.612473
-64.603096
-64.612473
-64.628098
-64.624969
-64.615593
-64.621841
-64.615593
-64.631218
-64.599968
-64.612473
-64.618721
-64.615593
-64.584343
-64.596848
-64.603096
-64.596848
-64.624969
-64.606216
-64.609344
-64.631218
-64.637466
-64.624969
-64.643723
-64.628098
-64.615593
-64.612473
-64.612473
-64.609344
-64.596848
-64.584343
-64.590591
-64.584343
-64.562469
-64.565598
-64.571846
-64.571846
-64.571846
-64.578094
-64.587471
-64.593719
-64.590591
-64.578094
-64.590591
-64.596848
-64.603096
-64.618721
-64.618721
-64.618721
-64.621841
-64.646843
-64.621841
-64.631218
-64.596848
-64.621841
-64.615593
-64.640594
-64.634346
-64.637466
-64.643723
-64.656212
-64.681213
-64.674965
-64.69059
-64.674965
-64.674965
-64.696838
-64.693718
-64.684341
-64.671837
-64.65934
-64.681213
-64.665588
-64.649963
-64.693718
-64.671837
-64.665588
-64.684341
-64.687462
-64.69059
-64.687462
-64.678093
-64.65934
-64.653091
-64.668716
-64.653091
-64.662468
-64.662468
-64.649963
-64.696838
-64.665588
-64.65934
-64.646843
-64.628098
-64.640594
-64.665588
-64.649963
-64.668716
-64.65934
-64.653091
-64.662468
-64.665588
-64.653091
-64.653091
-64.65934
-64.646843
-64.65934
-64.646843
-64.631218
-64.634346
-64.615593
-64.643723
-64.643723
-64.631218
-64.621841
-64.640594
-64.662468
-64.65934
-64.649963
-64.649963
-64.653091
-64.646843
-64.643723
-64.646843
-64.656212
-64.637466
-64.656212
-64.637466
-64.653091
-64.646843
-64.621841
-64.640594
-64.612473
-64.631218
-64.653091
-64.671837
-64.646843
-64.649963
-64.65934
-64.662468
-64.684341
-64.662468
-64.65934
-64.671837
-64.674965
-64.668716
-64.668716
-64.65934
-64.65934
-64.662468
-64.653091
-64.678093
-64.65934
-64.646843
-64.646843
-64.665588
-64.681213
-64.656212
-64.646843
-64.640594
-64.653091
-64.653091
-64.640594
-64.646843
-64.646843
-64.621841
-64.624969
-64.606216
-64.603096
-64.634346
-64.634346
-64.634346
-64.653091
-64.662468
-64.640594
-64.621841
-64.603096
-64.618721
-64.618721
-64.631218
-64.640594
-64.631218
-64.656212
-64.65934
-64.653091
-64.69059
-64.646843
-64.653091
-64.637466
-64.643723
-64.618721
-64.637466
-64.628098
-64.624969
-64.637466
-64.643723
-64.643723
-64.640594
-64.668716
-64.684341
-64.65934
-64.656212
-64.646843
-64.637466
-64.624969
-64.615593
-64.618721
-64.621841
-64.615593
-64.649963
-64.640594
-64.653091
-64.646843
-64.649963
-64.646843
-64.646843
-64.643723
-64.621841
-64.624969
-64.634346
-64.640594
-64.646843
-64.646843
-64.646843
-64.637466
-64.628098
-64.637466
-64.624969
-64.624969
-64.631218
-64.615593
-64.618721
-64.615593
-64.590591
-64.596848
-64.599968
-64.618721
-64.596848
-64.603096
-64.615593
-64.603096
-64.599968
-64.581223
-64.596848
-64.603096
-64.587471
-64.603096
-64.590591
-64.593719
-64.628098
-64.624969
-64.656212
-64.662468
-64.656212
-64.646843
-64.65934
-64.646843
-64.646843
-64.640594
-64.628098
-64.624969
-64.640594
-64.634346
-64.653091
-64.665588
-64.656212
-64.65934
-64.656212
-64.656212
-64.662468
-64.646843
-64.656212
-64.668716
-64.662468
-64.65934
-64.656212
-64.646843
-64.646843
-64.653091
-64.649963
-64.65934
-64.653091
-64.656212
-64.646843
-64.615593
-64.631218
-64.628098
-64.624969
-64.643723
-64.646843
-64.649963
-64.665588
-64.693718
-64.693718
-64.706215
-64.728088
-64.696838
-64.665588
-64.678093
-64.662468
-64.681213
-64.653091
-64.653091
-64.656212
-64.646843
-64.637466
-64.649963
-64.640594
-64.643723
-64.646843
-64.649963
-64.665588
-64.665588
-64.678093
-64.678093
-64.668716
-64.65934
-64.662468
-64.646843
-64.646843
-64.668716
-64.662468
-64.678093
-64.674965
-64.653091
-64.646843
-64.662468
-64.678093
-64.665588
-64.665588
-64.674965
-64.696838
-64.693718
-64.69059
-64.684341
-64.684341
-64.684341
-64.696838
-64.699966
-64.696838
-64.696838
-64.699966
-64.703087
-64.715591
-64.684341
-64.69059
-64.69059
-64.681213
-64.696838
-64.696838
-64.709343
-64.712463
-64.703087
-64.693718
-64.706215
-64.696838
-64.696838
-64.696838
-64.678093
-64.65934
-64.684341
-64.69059
-64.665588
-64.696838
-64.684341
-64.693718
-64.69059
-64.662468
-64.69059
-64.696838
-64.715591
-64.728088
-64.746834
-64.734337
-64.734337
-64.734337
-64.72184
-64.731216
-64.728088
-64.728088
-64.731216
-64.746834
-64.72184
-64.731216
-64.72184
-64.724968
-64.703087
-64.699966
-64.696838
-64.72184
-64.699966
-64.709343
-64.715591
-64.709343
-64.709343
-64.696838
-64.696838
-64.674965
-64.687462
-64.684341
-64.703087
-64.696838
-64.693718
-64.69059
-64.706215
-64.684341
-64.693718
-64.69059
-64.69059
-64.681213
-64.662468
-64.665588
-64.668716
-64.674965
-64.696838
-64.72184
-64.718712
-64.740593
-64.731216
-64.731216
-64.746834
-64.724968
-64.734337
-64.746834
-64.75621
-64.743713
-64.753082
-64.734337
-64.718712
-64.737465
-64.746834
-64.746834
-64.759331
-64.749962
-64.749962
-64.734337
-64.734337
-64.740593
-64.740593
-64.743713
-64.740593
-64.759331
-64.746834
-64.753082
-64.728088
-64.734337
-64.743713
-64.737465
-64.728088
-64.718712
-64.72184
-64.718712
-64.699966
-64.706215
-64.715591
-64.699966
-64.718712
-64.718712
-64.734337
-64.734337
-64.746834
-64.740593
-64.728088
-64.737465
-64.746834
-64.75621
-64.740593
-64.743713
-64.728088
-64.728088
-64.72184
-64.712463
-64.740593
-64.724968
-64.715591
-64.728088
-64.731216
-64.734337
-64.753082
-64.759331
-64.759331
-64.765587
-64.743713
-64.749962
-64.740593
-64.734337
-64.743713
-64.734337
-64.746834
-64.734337
-64.728088
-64.740593
-64.746834
-64.718712
-64.728088
-64.706215
-64.709343
-64.734337
-64.715591
-64.703087
-64.715591
-64.72184
-64.706215
-64.734337
-64.737465
-64.734337
-64.728088
-64.72184
-64.728088
-64.749962
-64.731216
-64.724968
-64.728088
-64.703087
-64.699966
-64.684341
-64.69059
-64.69059
-64.678093
-64.684341
-64.69059
-64.693718
-64.696838
-64.69059
-64.693718
-64.696838
-64.72184
-64.699966
-64.715591
-64.737465
-64.728088
-64.715591
-64.728088
-64.746834
-64.768707
-64.759331
-64.746834
-64.774956
-64.765587
-64.759331
-64.771835
-64.778084
-64.781212
-64.790581
-64.759331
-64.743713
-64.743713
-64.737465
-64.734337
-64.731216
-64.724968
-64.731216
-64.706215
-64.718712
-64.740593
-64.746834
-64.712463
-64.724968
-64.718712
-64.706215
-64.709343
-64.709343
-64.699966
-64.693718
-64.72184
-64.72184
-64.734337
-64.724968
-64.718712
-64.699966
-64.715591
-64.718712
-64.724968
-64.737465
-64.724968
-64.715591
-64.728088
-64.728088
-64.734337
-64.706215
-64.737465
-64.734337
-64.737465
-64.746834
-64.734337
-64.728088
-64.743713
-64.715591
-64.715591
-64.724968
-64.737465
-64.746834
-64.765587
-64.746834
-64.75621
-64.746834
-64.746834
-64.746834
-64.743713
-64.746834
-64.728088
-64.734337
-64.734337
-64.728088
-64.740593
-64.749962
-64.753082
-64.737465
-64.746834
-64.753082
-64.753082
-64.762459
-64.753082
-64.72184
-64.731216
-64.740593
-64.728088
-64.734337
-64.746834
-64.753082
-64.743713
-64.746834
-64.759331
-64.762459
-64.765587
-64.75621
-64.746834
-64.746834
-64.731216
-64.740593
-64.728088
-64.72184
-64.715591
-64.712463
-64.718712
-64.731216
-64.724968
-64.737465
-64.746834
-64.718712
-64.724968
-64.72184
-64.740593
-64.737465
-64.731216
-64.743713
-64.746834
-64.737465
-64.728088
-64.771835
-64.746834
-64.749962
-64.75621
-64.740593
-64.724968
-64.737465
-64.740593
-64.749962
-64.740593
-64.759331
-64.762459
-64.759331
-64.753082
-64.737465
-64.740593
-64.746834
-64.753082
-64.746834
-64.759331
-64.753082
-64.746834
-64.740593
-64.749962
-64.731216
-64.706215
-64.709343
-64.699966
-64.709343
-64.72184
-64.728088
-64.72184
-64.706215
-64.72184
-64.706215
-64.703087
-64.693718
-64.718712
-64.724968
-64.715591
-64.72184
-64.709343
-64.709343
-64.724968
-64.69059
-64.696838
-64.696838
-64.681213
-64.696838
-64.696838
-64.706215
-64.693718
-64.681213
-64.681213
-64.696838
-64.684341
-64.681213
-64.696838
-64.715591
-64.703087
-64.718712
-64.696838
-64.678093
-64.693718
-64.69059
-64.696838
-64.69059
-64.684341
-64.69059
-64.693718
-64.696838
-64.696838
-64.696838
-64.696838
-64.699966
-64.684341
-64.69059
-64.696838
-64.69059
-64.693718
-64.703087
-64.681213
-64.706215
-64.72184
-64.703087
-64.731216
-64.703087
-64.693718
-64.69059
-64.696838
-64.696838
-64.684341
-64.687462
-64.671837
-64.684341
-64.681213
-64.687462
-64.693718
-64.696838
-64.703087
-64.696838
-64.709343
-64.715591
-64.734337
-64.709343
-64.709343
-64.728088
-64.712463
-64.715591
-64.706215
-64.69059
-64.693718
-64.712463
-64.728088
-64.728088
-64.703087
-64.712463
-64.734337
-64.715591
-64.728088
-64.728088
-64.696838
-64.69059
-64.671837
-64.649963
-64.640594
-64.653091
-64.646843
-64.678093
-64.671837
-64.668716
-64.656212
-64.671837
-64.656212
-64.668716
-64.640594
-64.65934
-64.668716
-64.671837
-64.674965
-64.69059
-64.696838
-64.699966
-64.696838
-64.678093
-64.65934
-64.665588
-64.662468
-64.662468
-64.665588
-64.649963
-64.646843
-64.65934
-64.671837
-64.678093
-64.668716
-64.665588
-64.678093
-64.662468
-64.684341
-64.668716
-64.668716
-64.662468
-64.649963
-64.665588
-64.662468
-64.684341
-64.678093
-64.678093
-64.668716
-64.65934
-64.665588
-64.668716
-64.653091
-64.696838
-64.65934
-64.65934
-64.693718
-64.671837
-64.665588
-64.681213
-64.653091
-64.665588
-64.668716
-64.656212
-64.668716
-64.69059
-64.696838
-64.696838
-64.684341
-64.665588
-64.671837
-64.646843
-64.624969
-64.665588
-64.671837
-64.653091
-64.643723
-64.634346
-64.640594
-64.646843
-64.640594
-64.631218
-64.621841
-64.606216
-64.593719
-64.603096
-64.584343
-64.603096
-64.628098
-64.596848
-64.621841
-64.634346
-64.628098
-64.646843
-64.649963
-64.646843
-64.640594
-64.643723
-64.640594
-64.634346
-64.634346
-64.609344
-64.621841
-64.609344
-64.599968
-64.599968
-64.609344
-64.615593
-64.618721
-64.606216
-64.603096
-64.609344
-64.603096
-64.606216
-64.596848
-64.590591
-64.621841
-64.624969
-64.609344
-64.609344
-64.609344
-64.618721
-64.606216
-64.590591
-64.584343
-64.603096
-64.624969
-64.634346
-64.631218
-64.609344
-64.615593
-64.612473
-64.612473
-64.609344
-64.596848
-64.596848
-64.603096
-64.615593
-64.609344
-64.624969
-64.606216
-64.609344
-64.603096
-64.593719
-64.609344
-64.609344
-64.599968
-64.621841
-64.612473
-64.615593
-64.621841
-64.609344
-64.606216
-64.606216
-64.618721
-64.590591
-64.593719
-64.609344
-64.590591
-64.612473
-64.603096
-64.606216
-64.581223
-64.574966
-64.584343
-64.599968
-64.593719
-64.587471
-64.603096
-64.596848
-64.596848
-64.599968
-64.609344
-64.599968
-64.618721
-64.590591
-64.596848
-64.578094
-64.578094
-64.578094
-64.568718
-64.562469
-64.571846
-64.553093
-64.574966
-64.559341
-64.562469
-64.556221
-64.568718
-64.546844
-64.553093
-64.546844
-64.549973
-64.556221
-64.543724
-64.546844
-64.543724
-64.531227
-64.537476
-64.546844
-64.559341
-64.571846
-64.571846
-64.587471
-64.571846
-64.571846
-64.578094
-64.574966
-64.565598
-64.568718
-64.590591
-64.599968
-64.593719
-64.571846
-64.546844
-64.571846
-64.587471
-64.565598
-64.571846
-64.562469
-64.578094
-64.571846
-64.574966
-64.559341
-64.546844
-64.546844
-64.549973
-64.543724
-64.549973
-64.565598
-64.568718
-64.574966
-64.549973
-64.578094
-64.581223
-64.587471
-64.593719
-64.596848
-64.578094
-64.565598
-64.568718
-64.571846
-64.568718
-64.584343
-64.590591
-64.593719
-64.568718
-64.553093
-64.549973
-64.528099
-64.521851
-64.528099
-64.524971
-64.546844
-64.531227
-64.546844
-64.528099
-64.540596
-64.528099
-64.524971
-64.521851
-64.509346
-64.524971
-64.528099
-64.553093
-64.553093
-64.537476
-64.568718
-64.546844
-64.531227
-64.528099
-64.518723
-64.512474
-64.540596
-64.546844
-64.546844
-64.553093
-64.549973
-64.546844
-64.571846
-64.562469
-64.553093
-64.584343
-64.565598
-64.559341
-64.578094
-64.574966
-64.590591
-64.574966
-64.565598
-64.546844
-64.562469
-64.546844
-64.568718
-64.565598
-64.578094
-64.581223
-64.574966
-64.590591
-64.574966
-64.574966
-64.559341
-64.578094
-64.568718
-64.556221
-64.562469
-64.537476
-64.553093
-64.565598
-64.553093
-64.574966
-64.565598
-64.556221
-64.565598
-64.546844
-64.556221
-64.556221
-64.546844
-64.546844
-64.568718
-64.571846
-64.565598
-64.559341
-64.546844
-64.553093
-64.537476
-64.512474
-64.509346
-64.518723
-64.521851
-64.521851
-64.534348
-64.515602
-64.543724
-64.565598
-64.574966
-64.587471
-64.562469
-64.556221
-64.565598
-64.549973
-64.562469
-64.581223
-64.568718
-64.568718
-64.578094
-64.565598
-64.553093
-64.549973
-64.559341
-64.565598
-64.571846
-64.556221
-64.546844
-64.559341
-64.559341
-64.571846
-64.581223
-64.596848
-64.621841
-64.590591
-64.590591
-64.609344
-64.603096
-64.584343
-64.574966
-64.587471
-64.593719
-64.609344
-64.615593
-64.612473
-64.631218
-64.609344
-64.599968
-64.587471
-64.562469
-64.562469
-64.549973
-64.559341
-64.549973
-64.553093
-64.556221
-64.559341
-64.556221
-64.546844
-64.534348
-64.528099
-64.521851
-64.543724
-64.546844
-64.546844
-64.562469
-64.562469
-64.553093
-64.549973
-64.553093
-64.556221
-64.546844
-64.540596
-64.553093
-64.578094
-64.562469
-64.562469
-64.553093
-64.556221
-64.553093
-64.546844
-64.546844
-64.553093
-64.559341
-64.549973
-64.553093
-64.562469
-64.553093
-64.565598
-64.553093
-64.581223
-64.562469
-64.571846
-64.571846
-64.578094
-64.571846
-64.571846
-64.568718
-64.553093
-64.584343
-64.581223
-64.590591
-64.606216
-64.603096
-64.612473
-64.603096
-64.593719
-64.596848
-64.587471
-64.596848
-64.618721
-64.599968
-64.565598
-64.581223
-64.596848
-64.571846
-64.571846
-64.571846
-64.581223
-64.584343
-64.581223
-64.593719
-64.587471
-64.578094
-64.562469
-64.568718
-64.562469
-64.596848
-64.578094
-64.559341
-64.556221
-64.546844
-64.546844
-64.546844
-64.528099
-64.537476
-64.531227
-64.540596
-64.540596
-64.546844
-64.534348
-64.546844
-64.528099
-64.534348
-64.534348
-64.518723
-64.524971
-64.546844
-64.534348
-64.546844
-64.546844
-64.531227
-64.540596
-64.540596
-64.518723
-64.546844
-64.556221
-64.546844
-64.565598
-64.549973
-64.528099
-64.546844
-64.546844
-64.546844
-64.546844
-64.553093
-64.546844
-64.565598
-64.568718
-64.562469
-64.574966
-64.578094
-64.556221
-64.549973
-64.534348
-64.543724
-64.543724
-64.531227
-64.531227
-64.549973
-64.534348
-64.559341
-64.559341
-64.571846
-64.581223
-64.584343
-64.584343
-64.584343
-64.578094
-64.559341
-64.568718
-64.568718
-64.556221
-64.574966
-64.562469
-64.574966
-64.568718
-64.556221
-64.568718
-64.565598
-64.553093
-64.546844
-64.537476
-64.524971
-64.518723
-64.528099
-64.546844
-64.556221
-64.546844
-64.528099
-64.553093
-64.524971
-64.528099
-64.531227
-64.537476
-64.546844
-64.553093
-64.553093
-64.553093
-64.556221
-64.537476
-64.581223
-64.603096
-64.590591
-64.581223
-64.565598
-64.559341
-64.565598
-64.549973
-64.559341
-64.549973
-64.543724
-64.537476
-64.528099
-64.528099
-64.540596
-64.546844
-64.531227
-64.531227
-64.543724
-64.537476
-64.549973
-64.543724
-64.528099
-64.559341
-64.562469
-64.549973
-64.543724
-64.565598
-64.562469
-64.565598
-64.568718
-64.562469
-64.565598
-64.559341
-64.553093
-64.553093
-64.553093
-64.534348
-64.562469
-64.559341
-64.553093
-64.534348
-64.543724
-64.543724
-64.528099
-64.531227
-64.543724
-64.543724
-64.546844
-64.549973
-64.556221
-64.546844
-64.546844
-64.534348
-64.534348
-64.559341
-64.553093
-64.546844
-64.553093
-64.553093
-64.546844
-64.556221
-64.543724
-64.549973
-64.546844
-64.556221
-64.556221
-64.571846
-64.571846
-64.584343
-64.578094
-64.568718
-64.571846
-64.571846
-64.574966
-64.578094
-64.581223
-64.556221
-64.584343
-64.571846
-64.587471
-64.584343
-64.581223
-64.587471
-64.549973
-64.546844
-64.534348
-64.528099
-64.524971
-64.537476
-64.540596
-64.521851
-64.546844
-64.537476
-64.543724
-64.559341
-64.549973
-64.553093
-64.549973
-64.537476
-64.546844
-64.546844
-64.540596
-64.565598
-64.559341
-64.543724
-64.559341
-64.553093
-64.549973
-64.559341
-64.546844
-64.556221
-64.571846
-64.565598
-64.546844
-64.584343
-64.578094
-64.556221
-64.574966
-64.581223
-64.556221
-64.571846
-64.568718
-64.578094
-64.571846
-64.565598
-64.562469
-64.568718
-64.565598
-64.565598
-64.556221
-64.559341
-64.571846
-64.559341
-64.549973
-64.556221
-64.534348
-64.546844
-64.531227
-64.528099
-64.546844
-64.549973
-64.543724
-64.559341
-64.553093
-64.553093
-64.565598
-64.565598
-64.565598
-64.556221
-64.571846
-64.556221
-64.565598
-64.565598
-64.574966
-64.559341
-64.546844
-64.549973
-64.565598
-64.537476
-64.553093
-64.559341
-64.559341
-64.571846
-64.559341
-64.571846
-64.578094
-64.590591
-64.584343
-64.596848
-64.593719
-64.581223
-64.590591
-64.565598
-64.562469
-64.587471
-64.571846
-64.578094
-64.562469
-64.565598
-64.565598
-64.574966
-64.549973
-64.556221
-64.565598
-64.553093
-64.568718
-64.559341
-64.562469
-64.571846
-64.593719
-64.587471
-64.599968
-64.581223
-64.574966
-64.581223
-64.568718
-64.556221
-64.546844
-64.556221
-64.543724
-64.546844
-64.543724
-64.543724
-64.553093
-64.543724
-64.546844
-64.534348
-64.521851
-64.531227
-64.518723
-64.509346
-64.512474
-64.524971
-64.540596
-64.546844
-64.549973
-64.549973
-64.546844
-64.553093
-64.543724
-64.546844
-64.518723
-64.534348
-64.543724
-64.546844
-64.531227
-64.546844
-64.528099
-64.546844
-64.537476
-64.540596
-64.540596
-64.559341
-64.549973
-64.562469
-64.556221
-64.537476
-64.549973
-64.546844
-64.553093
-64.553093
-64.574966
-64.571846
-64.584343
-64.574966
-64.571846
-64.556221
-64.553093
-64.568718
-64.549973
-64.546844
-64.549973
-64.559341
-64.540596
-64.546844
-64.540596
-64.546844
-64.553093
-64.524971
-64.546844
-64.553093
-64.506226
-64.521851
-64.537476
-64.543724
-64.521851
-64.531227
-64.528099
-64.546844
-64.559341
-64.571846
-64.568718
-64.574966
-64.546844
-64.546844
-64.531227
-64.534348
-64.540596
-64.549973
-64.546844
-64.553093
-64.506226
-64.496849
-64.515602
-64.499977
-64.496849
-64.496849
-64.487473
-64.499977
-64.490601
-64.515602
-64.528099
-64.521851
-64.521851
-64.537476
-64.543724
-64.531227
-64.521851
-64.518723
-64.528099
-64.521851
-64.524971
-64.515602
-64.518723
-64.518723
-64.521851
-64.546844
-64.512474
-64.509346
-64.503098
-64.506226
-64.518723
-64.521851
-64.496849
-64.496849
-64.481224
-64.490601
-64.496849
-64.512474
-64.524971
-64.528099
-64.512474
-64.518723
-64.515602
-64.518723
-64.521851
-64.534348
-64.512474
-64.528099
-64.518723
-64.521851
-64.534348
-64.515602
-64.496849
-64.499977
-64.515602
-64.521851
-64.528099
-64.524971
-64.528099
-64.515602
-64.518723
-64.531227
-64.534348
-64.521851
-64.509346
-64.521851
-64.503098
-64.506226
-64.506226
-64.496849
-64.515602
-64.503098
-64.499977
-64.496849
-64.481224
-64.496849
-64.490601
-64.493721
-64.503098
-64.490601
-64.490601
-64.509346
-64.509346
-64.496849
-64.515602
-64.515602
-64.506226
-64.509346
-64.496849
-64.493721
-64.506226
-64.490601
-64.487473
-64.478096
-64.478096
-64.478096
-64.496849
-64.503098
-64.496849
-64.509346
-64.468727
-64.484352
-64.490601
-64.481224
-64.484352
-64.490601
-64.487473
-64.496849
-64.474976
-64.499977
-64.506226
-64.474976
-64.490601
-64.478096
-64.462471
-64.468727
-64.490601
-64.465599
-64.490601
-64.471848
-64.456223
-64.453102
-64.446854
-64.462471
-64.474976
-64.481224
-64.490601
-64.484352
-64.478096
-64.478096
-64.478096
-64.490601
-64.496849
-64.493721
-64.490601
-64.496849
-64.496849
-64.484352
-64.496849
-64.524971
-64.524971
-64.546844
-64.540596
-64.540596
-64.540596
-64.499977
-64.521851
-64.509346
-64.478096
-64.478096
-64.478096
-64.474976
-64.487473
-64.496849
-64.484352
-64.487473
-64.496849
-64.490601
-64.496849
-64.503098
-64.506226
-64.518723
-64.515602
-64.499977
-64.496849
-64.496849
-64.499977
-64.490601
-64.490601
-64.496849
-64.512474
-64.521851
-64.528099
-64.540596
-64.528099
-64.528099
-64.509346
-64.521851
-64.518723
-64.540596
-64.528099
-64.509346
-64.515602
-64.509346
-64.512474
-64.521851
-64.528099
-64.534348
-64.540596
-64.553093
-64.543724
-64.546844
-64.528099
-64.537476
-64.531227
-64.543724
-64.543724
-64.543724
-64.537476
-64.546844
-64.531227
-64.543724
-64.528099
-64.534348
-64.531227
-64.549973
-64.559341
-64.546844
-64.546844
-64.553093
-64.553093
-64.546844
-64.543724
-64.556221
-64.534348
-64.506226
-64.531227
-64.540596
-64.521851
-64.534348
-64.531227
-64.528099
-64.521851
-64.540596
-64.546844
-64.521851
-64.521851
-64.528099
-64.512474
-64.496849
-64.499977
-64.503098
-64.496849
-64.503098
-64.499977
-64.506226
-64.503098
-64.496849
-64.518723
-64.521851
-64.521851
-64.537476
-64.515602
-64.499977
-64.499977
-64.484352
-64.506226
-64.515602
-64.496849
-64.496849
-64.496849
-64.493721
-64.490601
-64.509346
-64.503098
-64.499977
-64.490601
-64.468727
-64.471848
-64.493721
-64.487473
-64.503098
-64.518723
-64.515602
-64.540596
-64.534348
-64.506226
-64.506226
-64.509346
-64.493721
-64.496849
-64.503098
-64.487473
-64.499977
-64.503098
-64.490601
-64.496849
-64.496849
-64.503098
-64.487473
-64.490601
-64.512474
-64.509346
-64.499977
-64.503098
-64.528099
-64.524971
-64.537476
-64.512474
-64.524971
-64.537476
-64.537476
-64.515602
-64.540596
-64.534348
-64.515602
-64.506226
-64.496849
-64.506226
-64.493721
-64.490601
-64.496849
-64.496849
-64.499977
-64.499977
-64.499977
-64.518723
-64.499977
-64.506226
-64.496849
-64.484352
-64.490601
-64.503098
-64.499977
-64.496849
-64.496849
-64.509346
-64.515602
-64.503098
-64.496849
-64.481224
-64.503098
-64.515602
-64.490601
-64.496849
-64.496849
-64.481224
-64.493721
-64.481224
-64.465599
-64.478096
-64.490601
-64.471848
-64.503098
-64.493721
-64.487473
-64.512474
-64.493721
-64.496849
-64.503098
-64.503098
-64.484352
-64.503098
-64.496849
-64.515602
-64.528099
-64.534348
-64.521851
-64.528099
-64.506226
-64.515602
-64.515602
-64.503098
-64.509346
-64.515602
-64.496849
-64.512474
-64.515602
-64.515602
-64.509346
-64.503098
-64.512474
-64.506226
-64.499977
-64.518723
-64.493721
-64.484352
-64.490601
-64.487473
-64.490601
-64.493721
-64.490601
-64.493721
-64.487473
-64.481224
-64.462471
-64.481224
-64.453102
-64.462471
-64.468727
-64.474976
-64.471848
-64.465599
-64.453102
-64.471848
-64.468727
-64.499977
-64.509346
-64.509346
-64.518723
-64.506226
-64.509346
-64.499977
-64.509346
-64.503098
-64.484352
-64.481224
-64.496849
-64.471848
-64.478096
-64.462471
-64.474976
-64.471848
-64.459351
-64.453102
-64.465599
-64.440605
-64.437477
-64.446854
-64.446854
-64.462471
-64.459351
-64.459351
-64.459351
-64.456223
-64.449974
-64.459351
-64.446854
-64.456223
-64.456223
-64.440605
-64.465599
-64.465599
-64.471848
-64.443726
-64.449974
-64.440605
-64.446854
-64.449974
-64.434357
-64.440605
-64.434357
-64.418732
-64.418732
-64.421852
-64.409355
-64.421852
-64.415604
-64.431229
-64.446854
-64.415604
-64.434357
-64.434357
-64.42498
-64.446854
-64.440605
-64.434357
-64.453102
-64.431229
-64.412476
-64.418732
-64.434357
-64.428101
-64.443726
-64.39373
-64.396851
-64.431229
-64.440605
-64.437477
-64.462471
-64.462471
-64.462471
-64.440605
-64.446854
-64.431229
-64.406227
-64.428101
-64.434357
-64.440605
-64.431229
-64.415604
-64.403107
-64.399979
-64.406227
-64.403107
-64.42498
-64.421852
-64.434357
-64.406227
-64.39373
-64.378105
-64.403107
-64.428101
-64.399979
-64.406227
-64.421852
-64.412476
-64.421852
-64.428101
-64.421852
-64.399979
-64.399979
-64.409355
-64.434357
-64.434357
-64.409355
-64.421852
-64.437477
-64.440605
-64.437477
-64.42498
-64.440605
-64.42498
-64.403107
-64.415604
-64.421852
-64.412476
-64.42498
-64.412476
-64.418732
-64.434357
-64.446854
-64.446854
-64.446854
-64.446854
-64.440605
-64.42498
-64.418732
-64.434357
-64.459351
-64.449974
-64.434357
-64.431229
-64.428101
-64.421852
-64.428101
-64.440605
-64.409355
-64.443726
-64.421852
-64.431229
-64.431229
-64.418732
-64.42498
-64.409355
-64.412476
-64.443726
-64.443726
-64.446854
-64.443726
-64.428101
-64.443726
-64.42498
-64.437477
-64.440605
-64.434357
-64.431229
-64.456223
-64.431229
-64.406227
-64.415604
-64.42498
-64.415604
-64.446854
-64.412476
-64.446854
-64.453102
-64.459351
-64.456223
-64.471848
-64.456223
-64.456223
-64.481224
-64.490601
-64.490601
-64.487473
-64.481224
-64.465599
-64.449974
-64.471848
-64.487473
-64.496849
-64.496849
-64.499977
-64.496849
-64.487473
-64.503098
-64.490601
-64.490601
-64.509346
-64.496849
-64.515602
-64.509346
-64.521851
-64.518723
-64.534348
-64.512474
-64.506226
-64.490601
-64.484352
-64.478096
-64.459351
-64.478096
-64.493721
-64.499977
-64.503098
-64.509346
-64.499977
-64.509346
-64.499977
-64.490601
-64.506226
-64.503098
-64.490601
-64.506226
-64.496849
-64.478096
-64.493721
-64.496849
-64.499977
-64.496849
-64.487473
-64.471848
-64.484352
-64.465599
-64.459351
-64.474976
-64.481224
-64.471848
-64.468727
-64.474976
-64.471848
-64.493721
-64.484352
-64.490601
-64.512474
-64.496849
-64.509346
-64.512474
-64.496849
-64.521851
-64.481224
-64.481224
-64.496849
-64.496849
-64.484352
-64.496849
-64.484352
-64.503098
-64.509346
-64.471848
-64.471848
-64.493721
-64.493721
-64.506226
-64.512474
-64.518723
-64.524971
-64.521851
-64.490601
-64.496849
-64.496849
-64.481224
-64.496849
-64.481224
-64.496849
-64.506226
-64.496849
-64.496849
-64.496849
-64.496849
-64.484352
-64.496849
-64.518723
-64.499977
-64.496849
-64.496849
-64.496849
-64.512474
-64.503098
-64.487473
-64.496849
-64.496849
-64.496849
-64.496849
-64.496849
-64.503098
-64.490601
-64.496849
-64.496849
-64.496849
-64.490601
-64.481224
-64.471848
-64.496849
-64.496849
-64.490601
-64.499977
-64.512474
-64.493721
-64.471848
-64.474976
-64.503098
-64.493721
-64.481224
-64.474976
-64.487473
-64.487473
-64.474976
-64.484352
-64.490601
-64.493721
-64.496849
-64.496849
-64.496849
-64.521851
-64.515602
-64.506226
-64.496849
-64.509346
-64.521851
-64.496849
-64.496849
-64.515602
-64.509346
-64.521851
-64.524971
-64.531227
-64.518723
-64.524971
-64.528099
-64.515602
-64.518723
-64.521851
-64.546844
-64.549973
-64.537476
-64.534348
-64.546844
-64.540596
-64.531227
-64.531227
-64.509346
-64.524971
-64.540596
-64.562469
-64.543724
-64.546844
-64.537476
-64.546844
-64.546844
-64.531227
-64.543724
-64.534348
-64.543724
-64.534348
-64.518723
-64.521851
-64.531227
-64.506226
-64.524971
-64.540596
-64.528099
-64.537476
-64.524971
-64.524971
-64.528099
-64.524971
-64.524971
-64.540596
-64.546844
-64.556221
-64.543724
-64.531227
-64.537476
-64.537476
-64.518723
-64.528099
-64.515602
-64.493721
-64.506226
-64.496849
-64.496849
-64.518723
-64.521851
-64.515602
-64.540596
-64.521851
-64.528099
-64.528099
-64.528099
-64.546844
-64.546844
-64.556221
-64.546844
-64.546844
-64.540596
-64.512474
-64.509346
-64.503098
-64.531227
-64.531227
-64.524971
-64.546844
-64.546844
-64.549973
-64.556221
-64.534348
-64.521851
-64.524971
-64.503098
-64.478096
-64.496849
-64.496849
-64.478096
-64.462471
-64.446854
-64.462471
-64.474976
-64.462471
-64.481224
-64.478096
-64.481224
-64.493721
-64.481224
-64.509346
-64.512474
-64.509346
-64.509346
-64.512474
-64.515602
-64.515602
-64.496849
-64.490601
-64.503098
-64.490601
-64.468727
-64.474976
-64.474976
-64.471848
-64.496849
-64.515602
-64.509346
-64.481224
-64.487473
-64.462471
-64.465599
-64.459351
-64.446854
-64.456223
-64.446854
-64.456223
-64.449974
-64.443726
-64.446854
-64.434357
-64.412476
-64.431229
-64.421852
-64.421852
-64.443726
-64.456223
-64.440605
-64.428101
-64.431229
-64.412476
-64.428101
-64.443726
-64.431229
-64.446854
-64.434357
-64.440605
-64.443726
-64.428101
-64.440605
-64.434357
-64.428101
-64.446854
-64.474976
-64.449974
-64.484352
-64.468727
-64.446854
-64.459351
-64.471848
-64.462471
-64.459351
-64.459351
-64.456223
-64.456223
-64.456223
-64.453102
-64.453102
-64.42498
-64.440605
-64.453102
-64.459351
-64.481224
-64.471848
-64.468727
-64.468727
-64.490601
-64.484352
-64.490601
-64.496849
-64.471848
-64.465599
-64.481224
-64.474976
-64.474976
-64.478096
-64.496849
-64.490601
-64.493721
-64.487473
-64.487473
-64.471848
-64.462471
-64.468727
-64.456223
-64.468727
-64.478096
-64.449974
-64.446854
-64.465599
-64.443726
-64.465599
-64.481224
-64.465599
-64.484352
-64.471848
-64.478096
-64.493721
-64.474976
-64.496849
-64.493721
-64.465599
-64.496849
-64.509346
-64.493721
-64.496849
-64.499977
-64.493721
-64.499977
-64.509346
-64.496849
-64.506226
-64.506226
-64.496849
-64.468727
-64.449974
-64.462471
-64.465599
-64.446854
-64.443726
-64.443726
-64.434357
-64.440605
-64.446854
-64.462471
-64.468727
-64.478096
-64.471848
-64.496849
-64.478096
-64.474976
-64.490601
-64.487473
-64.490601
-64.506226
-64.496849
-64.487473
-64.490601
-64.449974
-64.459351
-64.462471
-64.437477
-64.440605
-64.446854
-64.459351
-64.481224
-64.484352
-64.478096
-64.481224
-64.484352
-64.478096
-64.490601
-64.471848
-64.481224
-64.496849
-64.484352
-64.484352
-64.493721
-64.484352
-64.493721
-64.484352
-64.465599
-64.496849
-64.496849
-64.534348
-64.528099
-64.528099
-64.521851
-64.506226
-64.509346
-64.496849
-64.496849
-64.496849
-64.499977
-64.503098
-64.496849
-64.487473
-64.490601
-64.487473
-64.493721
-64.509346
-64.524971
-64.531227
-64.531227
-64.524971
-64.515602
-64.531227
-64.528099
-64.503098
-64.496849
-64.506226
-64.521851
-64.503098
-64.518723
-64.499977
-64.490601
-64.478096
-64.478096
-64.487473
-64.493721
-64.496849
-64.509346
-64.515602
-64.496849
-64.496849
-64.509346
-64.518723
-64.499977
-64.515602
-64.503098
-64.534348
-64.556221
-64.549973
-64.537476
-64.528099
-64.518723
-64.537476
-64.528099
-64.521851
-64.531227
-64.512474
-64.521851
-64.528099
-64.528099
-64.521851
-64.546844
-64.528099
-64.528099
-64.540596
-64.543724
-64.531227
-64.553093
-64.528099
-64.506226
-64.518723
-64.506226
-64.496849
-64.512474
-64.496849
-64.515602
-64.528099
-64.528099
-64.531227
-64.537476
-64.546844
-64.546844
-64.543724
-64.528099
-64.512474
-64.521851
-64.528099
-64.528099
-64.549973
-64.543724
-64.543724
-64.546844
-64.537476
-64.534348
-64.515602
-64.521851
-64.540596
-64.537476
-64.540596
-64.540596
-64.534348
-64.534348
-64.546844
-64.556221
-64.565598
-64.556221
-64.559341
-64.562469
-64.574966
-64.559341
-64.581223
-64.587471
-64.599968
-64.599968
-64.593719
-64.599968
-64.606216
-64.587471
-64.556221
-64.543724
-64.540596
-64.537476
-64.534348
-64.543724
-64.553093
-64.562469
-64.549973
-64.581223
-64.565598
-64.568718
-64.571846
-64.559341
-64.565598
-64.546844
-64.546844
-64.574966
-64.584343
-64.565598
-64.546844
-64.531227
-64.534348
-64.549973
-64.531227
-64.531227
-64.521851
-64.546844
-64.534348
-64.546844
-64.531227
-64.549973
-64.546844
-64.537476
-64.521851
-64.534348
-64.543724
-64.512474
-64.528099
-64.524971
-64.534348
-64.521851
-64.509346
-64.528099
-64.528099
-64.531227
-64.540596
-64.534348
-64.528099
-64.534348
-64.515602
-64.531227
-64.543724
-64.528099
-64.524971
-64.534348
-64.506226
-64.496849
-64.506226
-64.515602
-64.512474
-64.515602
-64.496849
-64.490601
-64.503098
-64.499977
-64.509346
-64.512474
-64.515602
-64.534348
-64.534348
-64.515602
-64.528099
-64.537476
-64.524971
-64.534348
-64.534348
-64.528099
-64.549973
-64.537476
-64.546844
-64.531227
-64.521851
-64.534348
-64.540596
-64.534348
-64.528099
-64.524971
-64.537476
-64.540596
-64.509346
-64.496849
-64.521851
-64.521851
-64.543724
-64.556221
-64.540596
-64.537476
-64.540596
-64.531227
-64.521851
-64.531227
-64.506226
-64.506226
-64.499977
-64.481224
-64.493721
-64.512474
-64.524971
-64.521851
-64.515602
-64.524971
-64.509346
-64.518723
-64.521851
-64.537476
-64.515602
-64.499977
-64.509346
-64.499977
-64.506226
-64.512474
-64.515602
-64.531227
-64.534348
-64.537476
-64.528099
-64.537476
-64.540596
-64.546844
-64.543724
-64.537476
-64.521851
-64.512474
-64.506226
-64.506226
-64.509346
-64.531227
-64.518723
-64.509346
-64.499977
-64.521851
-64.515602
-64.515602
-64.496849
-64.496849
-64.506226
-64.515602
-64.521851
-64.518723
-64.524971
-64.515602
-64.509346
-64.506226
-64.499977
-64.528099
-64.546844
-64.515602
-64.543724
-64.565598
-64.565598
-64.565598
-64.543724
-64.556221
-64.546844
-64.543724
-64.528099
-64.528099
-64.524971
-64.543724
-64.537476
-64.521851
-64.528099
-64.543724
-64.521851
-64.540596
-64.534348
-64.518723
-64.528099
-64.509346
-64.518723
-64.521851
-64.528099
-64.521851
-64.518723
-64.515602
-64.559341
-64.531227
-64.534348
-64.515602
-64.531227
-64.524971
-64.496849
-64.493721
-64.496849
-64.496849
-64.481224
-64.496849
-64.490601
-64.481224
-64.493721
-64.499977
-64.521851
-64.512474
-64.515602
-64.512474
-64.515602
-64.528099
-64.521851
-64.528099
-64.515602
-64.509346
-64.521851
-64.518723
-64.518723
-64.524971
-64.534348
-64.515602
-64.540596
-64.521851
-64.534348
-64.540596
-64.543724
-64.559341
-64.581223
-64.565598
-64.584343
-64.578094
-64.584343
-64.578094
-64.549973
-64.549973
-64.546844
-64.546844
-64.546844
-64.549973
-64.543724
-64.531227
-64.518723
-64.534348
-64.509346
-64.503098
-64.506226
-64.503098
-64.512474
-64.521851
-64.540596
-64.537476
-64.528099
-64.540596
-64.531227
-64.524971
-64.518723
-64.503098
-64.509346
-64.499977
-64.518723
-64.515602
-64.524971
-64.534348
-64.512474
-64.515602
-64.503098
-64.515602
-64.496849
-64.509346
-64.528099
-64.521851
-64.509346
-64.506226
-64.518723
-64.521851
-64.528099
-64.521851
-64.537476
-64.531227
-64.524971
-64.534348
-64.534348
-64.534348
-64.531227
-64.546844
-64.546844
-64.546844
-64.553093
-64.531227
-64.512474
-64.509346
-64.534348
-64.537476
-64.546844
-64.537476
-64.556221
-64.543724
-64.559341
-64.546844
-64.540596
-64.546844
-64.543724
-64.531227
-64.518723
-64.524971
-64.509346
-64.512474
-64.515602
-64.490601
-64.481224
-64.496849
-64.481224
-64.506226
-64.506226
-64.506226
-64.521851
-64.531227
-64.515602
-64.518723
-64.512474
-64.540596
-64.546844
-64.543724
-64.549973
-64.549973
-64.556221
-64.521851
-64.499977
-64.490601
-64.493721
-64.493721
-64.496849
-64.484352
-64.496849
-64.484352
-64.499977
-64.487473
-64.484352
-64.484352
-64.484352
-64.496849
-64.499977
-64.503098
-64.509346
-64.521851
-64.496849
-64.512474
-64.521851
-64.518723
-64.524971
-64.512474
-64.503098
-64.512474
-64.518723
-64.524971
-64.528099
-64.509346
-64.503098
-64.487473
-64.471848
-64.474976
-64.456223
-64.453102
-64.453102
-64.440605
-64.42498
-64.418732
-64.446854
-64.449974
-64.449974
-64.434357
-64.418732
-64.412476
-64.421852
-64.421852
-64.434357
-64.437477
-64.412476
-64.42498
-64.421852
-64.409355
-64.415604
-64.390602
-64.421852
-64.409355
-64.42498
-64.446854
-64.446854
-64.462471
-64.462471
-64.446854
-64.456223
-64.443726
-64.446854
-64.437477
-64.437477
-64.434357
-64.446854
-64.446854
-64.453102
-64.446854
-64.462471
-64.456223
-64.465599
-64.440605
-64.434357
-64.446854
-64.446854
-64.449974
-64.446854
-64.462471
-64.446854
-64.471848
-64.462471
-64.446854
-64.440605
-64.443726
-64.440605
-64.446854
-64.449974
-64.437477
-64.456223
-64.443726
-64.459351
-64.446854
-64.443726
-64.453102
-64.459351
-64.465599
-64.484352
-64.468727
-64.468727
-64.465599
-64.462471
-64.462471
-64.481224
-64.484352
-64.471848
-64.471848
-64.478096
-64.481224
-64.468727
-64.471848
-64.462471
-64.499977
-64.478096
-64.465599
-64.490601
-64.446854
-64.456223
-64.465599
-64.465599
-64.474976
-64.481224
-64.493721
-64.496849
-64.481224
-64.490601
-64.496849
-64.496849
-64.490601
-64.496849
-64.487473
-64.474976
-64.471848
-64.465599
-64.462471
-64.468727
-64.468727
-64.459351
-64.484352
-64.465599
-64.493721
-64.496849
-64.490601
-64.490601
-64.493721
-64.478096
-64.503098
-64.481224
-64.484352
-64.487473
-64.481224
-64.496849
-64.478096
-64.478096
-64.481224
-64.496849
-64.496849
-64.499977
-64.509346
-64.496849
-64.487473
-64.490601
-64.503098
-64.503098
-64.499977
-64.499977
-64.521851
-64.515602
-64.515602
-64.518723
-64.484352
-64.465599
-64.456223
-64.456223
-64.459351
-64.443726
-64.412476
-64.428101
-64.446854
-64.434357
-64.443726
-64.446854
-64.443726
-64.421852
-64.418732
-64.421852
-64.446854
-64.431229
-64.428101
-64.446854
-64.434357
-64.443726
-64.446854
-64.418732
-64.437477
-64.428101
-64.42498
-64.42498
-64.415604
-64.399979
-64.412476
-64.403107
-64.403107
-64.396851
-64.409355
-64.409355
-64.446854
-64.440605
-64.446854
-64.446854
-64.437477
-64.446854
-64.42498
-64.390602
-64.412476
-64.415604
-64.409355
-64.39373
-64.403107
-64.403107
-64.431229
-64.421852
-64.412476
-64.42498
-64.403107
-64.403107
-64.412476
-64.390602
-64.409355
-64.42498
-64.428101
-64.406227
-64.418732
-64.39373
-64.403107
-64.406227
-64.390602
-64.406227
-64.39373
-64.384354
-64.396851
-64.390602
-64.39373
-64.396851
-64.381226
-64.374977
-64.412476
-64.387482
-64.381226
-64.384354
-64.39373
-64.412476
-64.428101
-64.421852
-64.421852
-64.403107
-64.415604
-64.412476
-64.415604
-64.399979
-64.39373
-64.399979
-64.412476
-64.390602
-64.381226
-64.406227
-64.396851
-64.384354
-64.381226
-64.384354
-64.36248
-64.368729
-64.371857
-64.36248
-64.365601
-64.359352
-64.346855
-64.353104
-64.343735
-64.32811
-64.343735
