-63.418777
-63.409405
-63.400028
-63.396904
-63.406277
-63.39378
-63.406277
-63.400028
-63.421902
-63.421902
-63.396904
-63.403152
-63.409405
-63.415653
-63.409405
-63.406277
-63.406277
-63.412529
-63.415653
-63.406277
-63.434402
-63.409405
-63.415653
-63.409405
-63.396904
-63.421902
-63.412529
-63.415653
-63.406277
-63.396904
-63.39378
-63.390652
-63.412529
-63.403152
-63.406277
-63.409405
-63.409405
-63.42503
-63.384403
-63.387527
-63.378155
-63.387527
-63.365654
-63.365654
-63.381279
-63.396904
-63.39378
-63.390652
-63.412529
-63.396904
-63.390652
-63.368778
-63.365654
-63.378155
-63.381279
-63.346905
-63.350029
-63.350029
-63.365654
-63.365654
-63.381279
-63.381279
-63.378155
-63.387527
-63.381279
-63.387527
-63.381279
-63.359402
-63.39378
-63.403152
-63.384403
-63.415653
-63.42503
-63.39378
-63.387527
-63.384403
-63.368778
-63.368778
-63.378155
-63.356277
-63.375027
-63.381279
-63.403152
-63.396904
-63.375027
-63.384403
-63.378155
-63.378155
-63.371902
-63.381279
-63.337532
-63.359402
-63.346905
-63.346905
-63.375027
-63.353153
-63.378155
-63.359402
-63.343784
-63.337532
-63.346905
-63.353153
-63.346905
-63.359402
-63.356277
-63.371902
-63.356277
-63.359402
-63.359402
-63.353153
-63.359402
-63.371902
-63.375027
-63.368778
-63.387527
-63.384403
-63.346905
-63.368778
-63.343784
-63.346905
-63.346905
-63.346905
-63.365654
-63.375027
-63.396904
-63.396904
-63.403152
-63.403152
-63.403152
-63.412529
-63.409405
-63.409405
-63.42503
-63.39378
-63.403152
-63.412529
-63.400028
-63.409405
-63.39378
-63.390652
-63.412529
-63.400028
-63.409405
-63.396904
-63.390652
-63.387527
-63.378155
-63.381279
-63.387527
-63.378155
-63.384403
-63.396904
-63.390652
-63.39378
-63.39378
-63.36253
-63.378155
-63.390652
-63.390652
-63.378155
-63.39378
-63.39378
-63.403152
-63.396904
-63.375027
-63.384403
-63.368778
-63.365654
-63.39378
-63.381279
-63.381279
-63.381279
-63.381279
-63.365654
-63.365654
-63.368778
-63.381279
-63.378155
-63.375027
-63.371902
-63.365654
-63.353153
-63.36253
-63.368778
-63.368778
-63.359402
-63.359402
-63.371902
-63.368778
-63.371902
-63.368778
-63.36253
-63.378155
-63.365654
-63.396904
-63.390652
-63.396904
-63.406277
-63.387527
-63.384403
-63.387527
-63.384403
-63.359402
-63.368778
-63.381279
-63.381279
-63.365654
-63.378155
-63.390652
-63.371902
-63.368778
-63.36253
-63.356277
-63.343784
-63.356277
-63.340656
-63.343784
-63.350029
-63.353153
-63.371902
-63.371902
-63.378155
-63.375027
-63.368778
-63.387527
-63.390652
-63.406277
-63.39378
-63.39378
-63.378155
-63.375027
-63.396904
-63.418777
-63.396904
-63.406277
-63.378155
-63.36253
-63.375027
-63.359402
-63.359402
-63.384403
-63.378155
-63.346905
-63.36253
-63.368778
-63.39378
-63.365654
-63.353153
-63.36253
-63.359402
-63.350029
-63.350029
-63.346905
-63.334408
-63.343784
-63.353153
-63.368778
-63.39378
-63.378155
-63.359402
-63.346905
-63.337532
-63.321907
-63.328159
-63.306282
-63.328159
-63.312534
-63.296909
-63.315659
-63.312534
-63.321907
-63.337532
-63.340656
-63.368778
-63.368778
-63.346905
-63.343784
-63.350029
-63.321907
-63.340656
-63.356277
-63.340656
-63.346905
-63.359402
-63.368778
-63.387527
-63.371902
-63.359402
-63.375027
-63.365654
-63.368778
-63.365654
-63.346905
-63.350029
-63.378155
-63.371902
-63.371902
-63.371902
-63.365654
-63.368778
-63.375027
-63.359402
-63.371902
-63.384403
-63.381279
-63.36253
-63.365654
-63.381279
-63.378155
-63.371902
-63.384403
-63.39378
-63.387527
-63.387527
-63.396904
-63.390652
-63.396904
-63.409405
-63.396904
-63.390652
-63.396904
-63.412529
-63.403152
-63.396904
-63.415653
-63.431278
-63.406277
-63.381279
-63.381279
-63.39378
-63.409405
-63.390652
-63.39378
-63.396904
-63.412529
-63.418777
-63.409405
-63.431278
-63.42503
-63.431278
-63.440655
-63.428154
-63.434402
-63.443779
-63.440655
-63.440655
-63.431278
-63.421902
-63.446903
-63.456272
-63.446903
-63.484398
-63.465649
-63.468773
-63.465649
-63.440655
-63.446903
-63.459396
-63.465649
-63.459396
-63.468773
-63.443779
-63.446903
-63.434402
-63.406277
-63.412529
-63.412529
-63.375027
-63.384403
-63.390652
-63.396904
-63.396904
-63.403152
-63.384403
-63.384403
-63.368778
-63.371902
-63.368778
-63.343784
-63.337532
-63.340656
-63.346905
-63.340656
-63.321907
-63.303158
-63.328159
-63.321907
-63.306282
-63.309406
-63.296909
-63.268784
-63.268784
-63.256283
-63.256283
-63.278156
-63.250034
-63.259407
-63.259407
-63.256283
-63.271908
-63.281284
-63.290657
-63.284409
-63.271908
-63.287533
-63.281284
-63.284409
-63.278156
-63.287533
-63.284409
-63.296909
-63.300034
-63.296909
-63.293781
-63.300034
-63.290657
-63.296909
-63.296909
-63.284409
-63.293781
-63.296909
-63.296909
-63.312534
-63.306282
-63.312534
-63.321907
-63.328159
-63.331284
-63.340656
-63.328159
-63.346905
-63.346905
-63.337532
-63.346905
-63.343784
-63.353153
-63.353153
-63.346905
-63.356277
-63.331284
-63.318783
-63.331284
-63.356277
-63.321907
-63.353153
-63.353153
-63.36253
-63.346905
-63.346905
-63.346905
-63.346905
-63.350029
-63.340656
-63.343784
-63.368778
-63.368778
-63.371902
-63.365654
-63.36253
-63.353153
-63.343784
-63.340656
-63.331284
-63.328159
-63.328159
-63.346905
-63.343784
-63.337532
-63.359402
-63.340656
-63.334408
-63.346905
-63.346905
-63.368778
-63.368778
-63.371902
-63.368778
-63.378155
-63.340656
-63.331284
-63.334408
-63.356277
-63.359402
-63.331284
-63.340656
-63.350029
-63.334408
-63.346905
-63.346905
-63.365654
-63.359402
-63.356277
-63.321907
-63.337532
-63.340656
-63.321907
-63.346905
-63.343784
-63.318783
-63.312534
-63.306282
-63.309406
-63.296909
-63.293781
-63.306282
-63.309406
-63.306282
-63.334408
-63.334408
-63.309406
-63.303158
-63.312534
-63.296909
-63.296909
-63.306282
-63.315659
-63.325031
-63.346905
-63.340656
-63.365654
-63.353153
-63.337532
-63.334408
-63.343784
-63.340656
-63.346905
-63.331284
-63.331284
-63.318783
-63.321907
-63.315659
-63.309406
-63.306282
-63.312534
-63.296909
-63.296909
-63.315659
-63.315659
-63.296909
-63.321907
-63.328159
-63.296909
-63.303158
-63.306282
-63.334408
-63.337532
-63.318783
-63.309406
-63.309406
-63.296909
-63.293781
-63.296909
-63.293781
-63.312534
-63.337532
-63.325031
-63.340656
-63.331284
-63.340656
-63.337532
-63.328159
-63.309406
-63.328159
-63.325031
-63.293781
-63.296909
-63.296909
-63.296909
-63.296909
-63.306282
-63.340656
-63.346905
-63.36253
-63.365654
-63.365654
-63.375027
-63.36253
-63.356277
-63.337532
-63.353153
-63.321907
-63.328159
-63.321907
-63.325031
-63.321907
-63.343784
-63.343784
-63.350029
-63.343784
-63.353153
-63.334408
-63.331284
-63.340656
-63.328159
-63.346905
-63.337532
-63.337532
-63.340656
-63.340656
-63.350029
-63.346905
-63.343784
-63.331284
-63.328159
-63.343784
-63.331284
-63.293781
-63.328159
-63.334408
-63.353153
-63.340656
-63.328159
-63.318783
-63.309406
-63.296909
-63.309406
-63.312534
-63.312534
-63.318783
-63.315659
-63.321907
-63.315659
-63.321907
-63.328159
-63.303158
-63.334408
-63.300034
-63.293781
-63.296909
-63.293781
-63.306282
-63.312534
-63.290657
-63.312534
-63.296909
-63.278156
-63.296909
-63.290657
-63.281284
-63.281284
-63.265659
-63.275032
-63.284409
-63.284409
-63.290657
-63.303158
-63.287533
-63.296909
-63.287533
-63.259407
-63.256283
-63.262531
-63.268784
-63.265659
-63.256283
-63.246914
-63.262531
-63.256283
-63.287533
-63.287533
-63.287533
-63.290657
-63.287533
-63.306282
-63.315659
-63.309406
-63.287533
-63.321907
-63.303158
-63.303158
-63.312534
-63.331284
-63.312534
-63.328159
-63.343784
-63.331284
-63.334408
-63.325031
-63.303158
-63.309406
-63.315659
-63.315659
-63.325031
-63.306282
-63.293781
-63.284409
-63.296909
-63.293781
-63.293781
-63.271908
-63.287533
-63.275032
-63.281284
-63.300034
-63.290657
-63.290657
-63.315659
-63.296909
-63.315659
-63.303158
-63.312534
-63.306282
-63.312534
-63.300034
-63.296909
-63.306282
-63.318783
-63.315659
-63.331284
-63.303158
-63.306282
-63.296909
-63.309406
-63.300034
-63.293781
-63.281284
-63.296909
-63.287533
-63.321907
-63.318783
-63.303158
-63.300034
-63.325031
-63.296909
-63.312534
-63.306282
-63.306282
-63.296909
-63.287533
-63.287533
-63.293781
-63.290657
-63.296909
-63.300034
-63.290657
-63.296909
-63.300034
-63.300034
-63.312534
-63.315659
-63.296909
-63.306282
-63.315659
-63.296909
-63.290657
-63.318783
-63.331284
-63.340656
-63.331284
-63.315659
-63.325031
-63.315659
-63.309406
-63.337532
-63.306282
-63.321907
-63.334408
-63.321907
-63.318783
-63.318783
-63.315659
-63.303158
-63.312534
-63.318783
-63.309406
-63.340656
-63.334408
-63.306282
-63.303158
-63.318783
-63.343784
-63.325031
-63.315659
-63.321907
-63.303158
-63.300034
-63.306282
-63.318783
-63.296909
-63.315659
-63.303158
-63.312534
-63.321907
-63.309406
-63.312534
-63.312534
-63.296909
-63.328159
-63.321907
-63.321907
-63.343784
-63.337532
-63.325031
-63.315659
-63.296909
-63.287533
-63.309406
-63.290657
-63.306282
-63.293781
-63.312534
-63.318783
-63.315659
-63.321907
-63.318783
-63.321907
-63.318783
-63.315659
-63.303158
-63.325031
-63.303158
-63.296909
-63.296909
-63.303158
-63.312534
-63.321907
-63.343784
-63.346905
-63.346905
-63.356277
-63.343784
-63.334408
-63.334408
-63.328159
-63.343784
-63.334408
-63.328159
-63.321907
-63.309406
-63.306282
-63.325031
-63.309406
-63.321907
-63.321907
-63.306282
-63.284409
-63.284409
-63.284409
-63.300034
-63.325031
-63.315659
-63.318783
-63.343784
-63.331284
-63.340656
-63.321907
-63.318783
-63.318783
-63.315659
-63.334408
-63.331284
-63.328159
-63.331284
-63.331284
-63.321907
-63.309406
-63.318783
-63.296909
-63.315659
-63.315659
-63.296909
-63.309406
-63.337532
-63.318783
-63.296909
-63.290657
-63.293781
-63.300034
-63.296909
-63.290657
-63.296909
-63.296909
-63.287533
-63.293781
-63.271908
-63.275032
-63.290657
-63.271908
-63.259407
-63.253159
-63.250034
-63.275032
-63.293781
-63.256283
-63.278156
-63.284409
-63.290657
-63.303158
-63.281284
-63.268784
-63.265659
-63.262531
-63.253159
-63.262531
-63.259407
-63.253159
-63.268784
-63.265659
-63.250034
-63.278156
-63.265659
-63.271908
-63.265659
-63.250034
-63.246914
-63.246914
-63.246914
-63.243786
-63.246914
-63.228161
-63.212536
-63.203163
-63.187538
-63.181286
-63.168789
-63.175037
-63.196911
-63.200039
-63.212536
-63.209412
-63.196911
-63.196911
-63.196911
-63.184414
-63.196911
-63.206287
-63.209412
-63.196911
-63.190662
-63.190662
-63.209412
-63.193787
-63.178162
-63.193787
-63.171913
-63.196911
-63.196911
-63.196911
-63.196911
-63.187538
-63.196911
-63.196911
-63.206287
-63.200039
-63.196911
-63.196911
-63.193787
-63.196911
-63.187538
-63.162537
-63.184414
-63.178162
-63.184414
-63.190662
-63.175037
-63.181286
-63.178162
-63.181286
-63.178162
-63.187538
-63.165661
-63.190662
-63.181286
-63.156288
-63.190662
-63.193787
-63.156288
-63.181286
-63.168789
-63.159412
-63.146912
-63.146912
-63.137543
-63.159412
-63.162537
-63.159412
-63.165661
-63.146912
-63.146912
-63.146912
-63.146912
-63.159412
-63.193787
-63.193787
-63.228161
-63.206287
-63.212536
-63.225037
-63.203163
-63.203163
-63.196911
-63.193787
-63.203163
-63.240662
-63.221912
-63.231289
-63.243786
-63.212536
-63.196911
-63.196911
-63.193787
-63.203163
-63.196911
-63.184414
-63.190662
-63.175037
-63.175037
-63.184414
-63.187538
-63.184414
-63.187538
-63.165661
-63.196911
-63.184414
-63.181286
-63.184414
-63.184414
-63.184414
-63.196911
-63.187538
-63.168789
-63.175037
-63.171913
-63.159412
-63.159412
-63.162537
-63.159412
-63.178162
-63.187538
-63.181286
-63.196911
-63.181286
-63.181286
-63.175037
-63.171913
-63.184414
-63.175037
-63.162537
-63.165661
-63.184414
-63.196911
-63.187538
-63.175037
-63.184414
-63.187538
-63.156288
-63.181286
-63.171913
-63.184414
-63.184414
-63.196911
-63.212536
-63.215664
-63.218788
-63.218788
-63.237537
-63.231289
-63.240662
-63.246914
-63.243786
-63.243786
-63.246914
-63.259407
-63.246914
-63.246914
-63.231289
-63.237537
-63.225037
-63.237537
-63.234413
-63.253159
-63.246914
-63.253159
-63.262531
-63.246914
-63.250034
-63.231289
-63.218788
-63.237537
-63.240662
-63.243786
-63.246914
-63.237537
-63.246914
-63.253159
-63.256283
-63.234413
-63.246914
-63.246914
-63.262531
-63.287533
-63.265659
-63.246914
-63.259407
-63.262531
-63.265659
-63.268784
-63.234413
-63.243786
-63.246914
-63.243786
-63.246914
-63.246914
-63.240662
-63.243786
-63.225037
-63.215664
-63.221912
-63.228161
-63.218788
-63.240662
-63.240662
-63.246914
-63.256283
-63.275032
-63.290657
-63.284409
-63.293781
-63.287533
-63.287533
-63.287533
-63.303158
-63.296909
-63.309406
-63.318783
-63.312534
-63.309406
-63.312534
-63.296909
-63.287533
-63.290657
-63.278156
-63.278156
-63.287533
-63.296909
-63.293781
-63.296909
-63.300034
-63.303158
-63.296909
-63.290657
-63.296909
-63.309406
-63.303158
-63.321907
-63.306282
-63.303158
-63.303158
-63.287533
-63.281284
-63.278156
-63.265659
-63.262531
-63.256283
-63.246914
-63.268784
-63.265659
-63.256283
-63.262531
-63.265659
-63.250034
-63.240662
-63.246914
-63.246914
-63.271908
-63.265659
-63.250034
-63.246914
-63.271908
-63.284409
-63.296909
-63.296909
-63.300034
-63.296909
-63.271908
-63.290657
-63.284409
-63.293781
-63.296909
-63.296909
-63.290657
-63.287533
-63.290657
-63.278156
-63.281284
-63.265659
-63.246914
-63.256283
-63.253159
-63.246914
-63.259407
-63.262531
-63.262531
-63.284409
-63.271908
-63.284409
-63.296909
-63.328159
-63.325031
-63.328159
-63.321907
-63.321907
-63.334408
-63.334408
-63.328159
-63.296909
-63.296909
-63.309406
-63.315659
-63.315659
-63.321907
-63.321907
-63.343784
-63.321907
-63.321907
-63.331284
-63.334408
-63.331284
-63.337532
-63.334408
-63.328159
-63.318783
-63.312534
-63.315659
-63.334408
-63.318783
-63.325031
-63.350029
-63.325031
-63.337532
-63.337532
-63.325031
-63.318783
-63.337532
-63.321907
-63.306282
-63.303158
-63.303158
-63.312534
-63.321907
-63.300034
-63.328159
-63.318783
-63.306282
-63.296909
-63.296909
-63.306282
-63.312534
-63.315659
-63.328159
-63.315659
-63.331284
-63.312534
-63.306282
-63.290657
-63.300034
-63.312534
-63.321907
-63.346905
-63.346905
-63.340656
-63.356277
-63.331284
-63.331284
-63.340656
-63.350029
-63.350029
-63.346905
-63.325031
-63.334408
-63.340656
-63.340656
-63.321907
-63.331284
-63.325031
-63.337532
-63.328159
-63.325031
-63.318783
-63.325031
-63.312534
-63.315659
-63.296909
-63.300034
-63.306282
-63.300034
-63.303158
-63.306282
-63.300034
-63.303158
-63.328159
-63.343784
-63.340656
-63.340656
-63.350029
-63.346905
-63.346905
-63.331284
-63.328159
-63.321907
-63.315659
-63.318783
-63.315659
-63.346905
-63.334408
-63.340656
-63.340656
-63.346905
-63.334408
-63.340656
-63.350029
-63.346905
-63.368778
-63.371902
-63.353153
-63.356277
-63.359402
-63.365654
-63.384403
-63.353153
-63.346905
-63.346905
-63.346905
-63.36253
-63.378155
-63.346905
-63.365654
-63.381279
-63.359402
-63.387527
-63.421902
-63.387527
-63.39378
-63.396904
-63.375027
-63.371902
-63.36253
-63.368778
-63.378155
-63.375027
-63.387527
-63.384403
-63.384403
-63.387527
-63.400028
-63.406277
-63.39378
-63.409405
-63.409405
-63.42503
-63.428154
-63.396904
-63.396904
-63.409405
-63.406277
-63.396904
-63.403152
-63.390652
-63.396904
-63.384403
-63.396904
-63.39378
-63.403152
-63.406277
-63.409405
-63.400028
-63.418777
-63.418777
-63.396904
-63.415653
-63.418777
-63.396904
-63.378155
-63.396904
-63.384403
-63.396904
-63.390652
-63.396904
-63.387527
-63.359402
-63.36253
-63.390652
-63.403152
-63.390652
-63.390652
-63.396904
-63.418777
-63.428154
-63.431278
-63.400028
-63.406277
-63.406277
-63.421902
-63.431278
-63.434402
-63.437527
-63.443779
-63.434402
-63.421902
-63.415653
-63.421902
-63.421902
-63.431278
-63.434402
-63.443779
-63.415653
-63.418777
-63.415653
-63.421902
-63.403152
-63.406277
-63.396904
-63.409405
-63.428154
-63.418777
-63.421902
-63.421902
-63.412529
-63.418777
-63.42503
-63.409405
-63.440655
-63.440655
-63.453148
-63.456272
-63.450024
-63.453148
-63.462524
-63.456272
-63.459396
-63.456272
-63.459396
-63.478149
-63.475021
-63.465649
-63.471897
-63.456272
-63.471897
-63.471897
-63.462524
-63.434402
-63.443779
-63.440655
-63.418777
-63.437527
-63.440655
-63.446903
-63.409405
-63.428154
-63.428154
-63.431278
-63.440655
-63.437527
-63.446903
-63.443779
-63.456272
-63.431278
-63.440655
-63.440655
-63.446903
-63.443779
-63.468773
-63.450024
-63.481274
-63.471897
-63.443779
-63.465649
-63.450024
-63.446903
-63.453148
-63.456272
-63.450024
-63.471897
-63.456272
-63.462524
-63.484398
-63.484398
-63.496899
-63.496899
-63.484398
-63.490646
-63.484398
-63.487522
-63.490646
-63.481274
-63.465649
-63.465649
-63.487522
-63.484398
-63.481274
-63.465649
-63.462524
-63.443779
-63.437527
-63.428154
-63.440655
-63.431278
-63.412529
-63.434402
-63.434402
-63.42503
-63.434402
-63.434402
-63.437527
-63.446903
-63.434402
-63.453148
-63.446903
-63.456272
-63.462524
-63.478149
-63.475021
-63.456272
-63.459396
-63.440655
-63.446903
-63.456272
-63.437527
-63.437527
-63.440655
-63.446903
-63.456272
-63.421902
-63.443779
-63.462524
-63.478149
-63.459396
-63.465649
-63.475021
-63.475021
-63.453148
-63.456272
-63.478149
-63.471897
-63.475021
-63.468773
-63.459396
-63.481274
-63.496899
-63.487522
-63.503147
-63.500023
-63.490646
-63.506271
-63.500023
-63.496899
-63.496899
-63.496899
-63.490646
-63.518772
-63.503147
-63.484398
-63.496899
-63.484398
-63.462524
-63.487522
-63.490646
-63.503147
-63.506271
-63.487522
-63.496899
-63.496899
-63.506271
-63.518772
-63.509399
-63.512524
-63.496899
-63.496899
-63.487522
-63.503147
-63.500023
-63.503147
-63.512524
-63.490646
-63.478149
-63.496899
-63.509399
-63.506271
-63.512524
-63.490646
-63.500023
-63.490646
-63.496899
-63.512524
-63.521896
-63.528149
-63.512524
-63.506271
-63.506271
-63.509399
-63.506271
-63.512524
-63.525024
-63.496899
-63.493774
-63.496899
-63.484398
-63.481274
-63.512524
-63.496899
-63.509399
-63.496899
-63.478149
-63.490646
-63.512524
-63.515648
-63.546894
-63.546894
-63.543774
-63.546894
-63.534397
-63.531273
-63.546894
-63.546894
-63.556267
-63.562519
-63.553143
-63.553143
-63.540649
-63.543774
-63.546894
-63.546894
-63.550018
-63.543774
-63.543774
-63.540649
-63.540649
-63.534397
-63.540649
-63.553143
-63.546894
-63.553143
-63.556267
-63.546894
-63.543774
-63.546894
-63.546894
-63.559395
-63.553143
-63.546894
-63.556267
-63.543774
-63.528149
-63.531273
-63.531273
-63.515648
-63.521896
-63.540649
-63.528149
-63.528149
-63.534397
-63.528149
-63.546894
-63.540649
-63.534397
-63.540649
-63.537521
-63.553143
-63.546894
-63.553143
-63.546894
-63.550018
-63.568768
-63.556267
-63.550018
-63.565643
-63.562519
-63.550018
-63.556267
-63.553143
-63.562519
-63.550018
-63.531273
-63.534397
-63.512524
-63.546894
-63.525024
-63.537521
-63.531273
-63.518772
-63.525024
-63.515648
-63.515648
-63.559395
-63.553143
-63.540649
-63.550018
-63.546894
-63.543774
-63.553143
-63.546894
-63.546894
-63.537521
-63.540649
-63.534397
-63.540649
-63.534397
-63.540649
-63.540649
-63.534397
-63.521896
-63.550018
-63.543774
-63.546894
-63.534397
-63.531273
-63.534397
-63.540649
-63.525024
-63.540649
-63.546894
-63.546894
-63.550018
-63.525024
-63.550018
-63.546894
-63.562519
-63.553143
-63.562519
-63.556267
-63.559395
-63.57502
-63.556267
-63.553143
-63.553143
-63.543774
-63.543774
-63.543774
-63.537521
-63.546894
-63.531273
-63.546894
-63.562519
-63.556267
-63.553143
-63.581268
-63.565643
-63.571892
-63.559395
-63.562519
-63.578144
-63.581268
-63.571892
-63.581268
-63.571892
-63.565643
-63.581268
-63.565643
-63.562519
-63.584393
-63.581268
-63.559395
-63.584393
-63.593769
-63.593769
-63.593769
-63.578144
-63.562519
-63.584393
-63.559395
-63.587517
-63.568768
-63.546894
-63.559395
-63.546894
-63.537521
-63.540649
-63.546894
-63.546894
-63.553143
-63.537521
-63.546894
-63.546894
-63.537521
-63.521896
-63.528149
-63.528149
-63.534397
-63.565643
-63.556267
-63.546894
-63.546894
-63.531273
-63.546894
-63.540649
-63.553143
-63.565643
-63.57502
-63.581268
-63.553143
-63.562519
-63.57502
-63.571892
-63.568768
-63.559395
-63.556267
-63.565643
-63.568768
-63.546894
-63.550018
-63.537521
-63.546894
-63.537521
-63.556267
-63.553143
-63.546894
-63.584393
-63.584393
-63.584393
-63.596893
-63.553143
-63.559395
-63.581268
-63.565643
-63.565643
-63.565643
-63.578144
-63.596893
-63.60627
-63.618767
-63.618767
-63.603142
-63.578144
-63.609394
-63.584393
-63.590645
-63.590645
-63.57502
-63.603142
-63.596893
-63.596893
-63.596893
-63.600018
-63.603142
-63.643768
-63.650013
-63.634392
-63.621895
-63.625019
-63.612518
-63.625019
-63.615643
-63.596893
-63.596893
-63.603142
-63.628143
-63.625019
-63.618767
-63.612518
-63.63752
-63.631268
-63.634392
-63.634392
-63.628143
-63.60627
-63.603142
-63.596893
-63.596893
-63.609394
-63.60627
-63.590645
-63.587517
-63.625019
-63.63752
-63.63752
-63.646893
-63.63752
-63.618767
-63.621895
-63.628143
-63.609394
-63.612518
-63.646893
-63.631268
-63.646893
-63.631268
-63.646893
-63.631268
-63.609394
-63.609394
-63.621895
-63.640644
-63.60627
-63.612518
-63.596893
-63.596893
-63.628143
-63.60627
-63.621895
-63.63752
-63.646893
-63.628143
-63.631268
-63.628143
-63.63752
-63.640644
-63.615643
-63.625019
-63.615643
-63.609394
-63.596893
-63.596893
-63.581268
-63.596893
-63.596893
-63.621895
-63.628143
-63.625019
-63.63752
-63.634392
-63.646893
-63.640644
-63.631268
-63.612518
-63.596893
-63.596893
-63.593769
-63.587517
-63.57502
-63.587517
-63.590645
-63.593769
-63.593769
-63.596893
-63.578144
-63.590645
-63.596893
-63.596893
-63.587517
-63.587517
-63.60627
-63.596893
-63.593769
-63.621895
-63.621895
-63.631268
-63.634392
-63.646893
-63.621895
-63.646893
-63.628143
-63.643768
-63.634392
-63.653137
-63.621895
-63.615643
-63.600018
-63.587517
-63.581268
-63.587517
-63.596893
-63.596893
-63.603142
-63.60627
-63.634392
-63.628143
-63.631268
-63.628143
-63.615643
-63.615643
-63.615643
-63.596893
-63.612518
-63.625019
-63.631268
-63.615643
-63.625019
-63.615643
-63.596893
-63.584393
-63.593769
-63.603142
-63.596893
-63.609394
-63.612518
-63.596893
-63.612518
-63.628143
-63.615643
-63.625019
-63.628143
-63.625019
-63.634392
-63.650013
-63.634392
-63.63752
-63.628143
-63.631268
-63.659389
-63.650013
-63.640644
-63.631268
-63.628143
-63.615643
-63.634392
-63.612518
-63.628143
-63.640644
-63.615643
-63.621895
-63.631268
-63.63752
-63.640644
-63.640644
-63.631268
-63.596893
-63.621895
-63.615643
-63.612518
-63.615643
-63.593769
-63.609394
-63.603142
-63.603142
-63.596893
-63.603142
-63.603142
-63.612518
-63.621895
-63.612518
-63.609394
-63.596893
-63.621895
-63.63752
-63.609394
-63.625019
-63.621895
-63.60627
-63.609394
-63.603142
-63.596893
-63.596893
-63.596893
-63.568768
-63.590645
-63.618767
-63.625019
-63.631268
-63.631268
-63.618767
-63.621895
-63.615643
-63.590645
-63.578144
-63.568768
-63.571892
-63.578144
-63.571892
-63.590645
-63.590645
-63.581268
-63.559395
-63.584393
-63.587517
-63.584393
-63.571892
-63.565643
-63.587517
-63.593769
-63.609394
-63.603142
-63.603142
-63.612518
-63.596893
-63.596893
-63.581268
-63.590645
-63.568768
-63.562519
-63.568768
-63.546894
-63.565643
-63.593769
-63.578144
-63.571892
-63.581268
-63.57502
-63.562519
-63.565643
-63.546894
-63.587517
-63.584393
-63.60627
-63.584393
-63.565643
-63.565643
-63.571892
-63.568768
-63.565643
-63.581268
-63.587517
-63.603142
-63.596893
-63.590645
-63.587517
-63.587517
-63.590645
-63.603142
-63.578144
-63.571892
-63.596893
-63.584393
-63.596893
-63.581268
-63.587517
-63.578144
-63.584393
-63.587517
-63.596893
-63.596893
-63.590645
-63.584393
-63.590645
-63.584393
-63.587517
-63.562519
-63.571892
-63.578144
-63.584393
-63.562519
-63.571892
-63.57502
-63.596893
-63.581268
-63.562519
-63.584393
-63.590645
-63.546894
-63.550018
-63.553143
-63.571892
-63.571892
-63.568768
-63.565643
-63.590645
-63.578144
-63.565643
-63.584393
-63.581268
-63.596893
-63.609394
-63.584393
-63.581268
-63.581268
-63.578144
-63.578144
-63.584393
-63.587517
-63.568768
-63.596893
-63.584393
-63.590645
-63.578144
-63.584393
-63.590645
-63.600018
-63.621895
-63.612518
-63.612518
-63.60627
-63.596893
-63.581268
-63.584393
-63.590645
-63.578144
-63.571892
-63.565643
-63.550018
-63.562519
-63.562519
-63.546894
-63.546894
-63.546894
-63.546894
-63.556267
-63.546894
-63.534397
-63.528149
-63.509399
-63.518772
-63.503147
-63.496899
-63.515648
-63.518772
-63.509399
-63.528149
-63.509399
-63.496899
-63.540649
-63.534397
-63.525024
-63.534397
-63.509399
-63.512524
-63.506271
-63.515648
-63.503147
-63.493774
-63.509399
-63.512524
-63.531273
-63.506271
-63.518772
-63.509399
-63.525024
-63.515648
-63.512524
-63.496899
-63.543774
-63.528149
-63.521896
-63.546894
-63.534397
-63.540649
-63.540649
-63.550018
-63.534397
-63.559395
-63.546894
-63.543774
-63.531273
-63.518772
-63.503147
-63.525024
-63.528149
-63.556267
-63.550018
-63.515648
-63.537521
-63.543774
-63.534397
-63.543774
-63.546894
-63.546894
-63.565643
-63.534397
-63.531273
-63.543774
-63.531273
-63.534397
-63.534397
-63.534397
-63.509399
-63.521896
-63.521896
-63.525024
-63.543774
-63.546894
-63.546894
-63.546894
-63.546894
-63.559395
-63.559395
-63.553143
-63.559395
-63.546894
-63.534397
-63.546894
-63.543774
-63.512524
-63.521896
-63.515648
-63.543774
-63.540649
-63.528149
-63.521896
-63.540649
-63.534397
-63.521896
-63.521896
-63.528149
-63.515648
-63.506271
-63.487522
-63.496899
-63.496899
-63.515648
-63.506271
-63.509399
-63.490646
-63.512524
-63.509399
-63.528149
-63.528149
-63.518772
-63.512524
-63.515648
-63.515648
-63.534397
-63.515648
-63.506271
-63.506271
-63.512524
-63.481274
-63.493774
-63.487522
-63.484398
-63.506271
-63.496899
-63.496899
-63.496899
-63.503147
-63.496899
-63.512524
-63.509399
-63.496899
-63.484398
-63.506271
-63.518772
-63.509399
-63.518772
-63.531273
-63.537521
-63.509399
-63.506271
-63.496899
-63.512524
-63.503147
-63.478149
-63.509399
-63.509399
-63.503147
-63.512524
-63.534397
-63.546894
-63.540649
-63.537521
-63.543774
-63.556267
-63.568768
-63.565643
-63.581268
-63.571892
-63.556267
-63.553143
-63.531273
-63.568768
-63.559395
-63.556267
-63.553143
-63.565643
-63.550018
-63.559395
-63.550018
-63.565643
-63.578144
-63.568768
-63.565643
-63.553143
-63.553143
-63.562519
-63.559395
-63.553143
-63.543774
-63.568768
-63.562519
-63.553143
-63.546894
-63.540649
-63.571892
-63.559395
-63.57502
-63.590645
-63.578144
-63.584393
-63.581268
-63.590645
-63.571892
-63.581268
-63.584393
-63.590645
-63.57502
-63.553143
-63.559395
-63.546894
-63.556267
-63.562519
-63.565643
-63.559395
-63.562519
-63.556267
-63.543774
-63.565643
-63.571892
-63.57502
-63.584393
-63.590645
-63.593769
-63.596893
-63.596893
-63.584393
-63.609394
-63.590645
-63.596893
-63.609394
-63.581268
-63.584393
-63.584393
-63.562519
-63.587517
-63.578144
-63.587517
-63.603142
-63.584393
-63.60627
-63.615643
-63.612518
-63.625019
-63.621895
-63.618767
-63.609394
-63.60627
-63.615643
-63.596893
-63.600018
-63.587517
-63.596893
-63.603142
-63.609394
-63.596893
-63.596893
-63.609394
-63.609394
-63.609394
-63.596893
-63.621895
-63.615643
-63.615643
-63.609394
-63.603142
-63.596893
-63.581268
-63.556267
-63.571892
-63.578144
-63.568768
-63.593769
-63.559395
-63.546894
-63.57502
-63.578144
-63.581268
-63.57502
-63.559395
-63.565643
-63.571892
-63.584393
-63.584393
-63.57502
-63.559395
-63.559395
-63.559395
-63.596893
-63.590645
-63.584393
-63.584393
-63.57502
-63.581268
-63.57502
-63.587517
-63.568768
-63.571892
-63.584393
-63.565643
-63.57502
-63.57502
-63.584393
-63.593769
-63.596893
-63.587517
-63.578144
-63.587517
-63.590645
-63.593769
-63.568768
-63.559395
-63.571892
-63.578144
-63.571892
-63.584393
-63.596893
-63.571892
-63.584393
-63.550018
-63.581268
-63.587517
-63.57502
-63.587517
-63.60627
-63.596893
-63.609394
-63.596893
-63.60627
-63.587517
-63.571892
-63.568768
-63.559395
-63.556267
-63.546894
-63.571892
-63.57502
-63.584393
-63.596893
-63.596893
-63.596893
-63.584393
-63.593769
-63.587517
-63.584393
-63.568768
-63.559395
-63.571892
-63.571892
-63.57502
-63.57502
-63.593769
-63.603142
-63.568768
-63.596893
-63.596893
-63.590645
-63.593769
-63.584393
-63.565643
-63.553143
-63.546894
-63.546894
-63.546894
-63.565643
-63.550018
-63.559395
-63.562519
-63.543774
-63.550018
-63.568768
-63.537521
-63.528149
-63.534397
-63.550018
-63.559395
-63.528149
-63.531273
-63.534397
-63.506271
-63.525024
-63.531273
-63.518772
-63.503147
-63.512524
-63.509399
-63.528149
-63.521896
-63.525024
-63.528149
-63.515648
-63.503147
-63.525024
-63.521896
-63.528149
-63.543774
-63.518772
-63.531273
-63.546894
-63.546894
-63.562519
-63.556267
-63.553143
-63.531273
-63.546894
-63.546894
-63.534397
-63.543774
-63.500023
-63.503147
-63.525024
-63.509399
-63.531273
-63.518772
-63.528149
-63.534397
-63.512524
-63.496899
-63.493774
-63.487522
-63.484398
-63.481274
-63.478149
-63.487522
-63.493774
-63.496899
-63.509399
-63.515648
-63.515648
-63.506271
-63.496899
-63.496899
-63.506271
-63.496899
-63.503147
-63.518772
-63.506271
-63.496899
-63.503147
-63.515648
-63.512524
-63.509399
-63.515648
-63.503147
-63.521896
-63.512524
-63.531273
-63.525024
-63.534397
-63.512524
-63.518772
-63.512524
-63.518772
-63.521896
-63.503147
-63.496899
-63.496899
-63.512524
-63.515648
-63.518772
-63.512524
-63.534397
-63.521896
-63.525024
-63.521896
-63.506271
-63.503147
-63.521896
-63.515648
-63.521896
-63.512524
-63.525024
-63.515648
-63.509399
-63.521896
-63.534397
-63.518772
-63.531273
-63.528149
-63.518772
-63.496899
-63.503147
-63.509399
-63.521896
-63.525024
-63.528149
-63.515648
-63.515648
-63.509399
-63.509399
-63.509399
-63.506271
-63.534397
-63.518772
-63.512524
-63.515648
-63.515648
-63.512524
-63.525024
-63.509399
-63.509399
-63.496899
-63.496899
-63.490646
-63.521896
-63.484398
-63.521896
-63.496899
-63.506271
-63.521896
-63.518772
-63.515648
-63.512524
-63.503147
-63.525024
-63.550018
-63.540649
-63.537521
-63.521896
-63.528149
-63.540649
-63.546894
-63.534397
-63.543774
-63.546894
-63.528149
-63.534397
-63.540649
-63.534397
-63.518772
-63.496899
-63.500023
-63.500023
-63.515648
-63.521896
-63.496899
-63.500023
-63.528149
-63.512524
-63.503147
-63.490646
-63.521896
-63.534397
-63.546894
-63.553143
-63.540649
-63.540649
-63.521896
-63.525024
-63.528149
-63.534397
-63.521896
-63.546894
-63.546894
-63.546894
-63.543774
-63.546894
-63.543774
-63.537521
-63.521896
-63.534397
-63.534397
-63.534397
-63.550018
-63.543774
-63.556267
-63.571892
-63.562519
-63.562519
-63.587517
-63.596893
-63.596893
-63.593769
-63.553143
-63.568768
-63.578144
-63.571892
-63.553143
-63.550018
-63.534397
-63.568768
-63.559395
-63.556267
-63.543774
-63.540649
-63.546894
-63.537521
-63.534397
-63.531273
-63.540649
-63.546894
-63.553143
-63.584393
-63.562519
-63.587517
-63.593769
-63.587517
-63.57502
-63.596893
-63.596893
-63.590645
-63.581268
-63.581268
-63.587517
-63.565643
-63.571892
-63.571892
-63.568768
-63.571892
-63.553143
-63.556267
-63.578144
-63.596893
-63.596893
-63.609394
-63.609394
-63.593769
-63.609394
-63.615643
-63.596893
-63.596893
-63.581268
-63.578144
-63.584393
-63.578144
-63.571892
-63.578144
-63.578144
-63.578144
-63.578144
-63.590645
-63.562519
-63.565643
-63.559395
-63.581268
-63.571892
-63.568768
-63.565643
-63.546894
-63.550018
-63.584393
-63.57502
-63.578144
-63.593769
-63.593769
-63.571892
-63.571892
-63.565643
-63.550018
-63.578144
-63.571892
-63.565643
-63.590645
-63.593769
-63.609394
-63.581268
-63.590645
-63.57502
-63.568768
-63.578144
-63.581268
-63.596893
-63.596893
-63.578144
-63.571892
-63.565643
-63.57502
-63.553143
-63.550018
-63.562519
-63.565643
-63.546894
-63.553143
-63.546894
-63.546894
-63.571892
-63.568768
-63.559395
-63.565643
-63.525024
-63.528149
-63.540649
-63.537521
-63.531273
-63.553143
-63.546894
-63.546894
-63.528149
-63.556267
-63.559395
-63.546894
-63.568768
-63.581268
-63.568768
-63.578144
-63.565643
-63.553143
-63.565643
-63.568768
-63.556267
-63.568768
-63.562519
-63.543774
-63.546894
-63.553143
-63.543774
-63.57502
-63.587517
-63.565643
-63.57502
-63.562519
-63.565643
-63.556267
-63.546894
-63.546894
-63.540649
-63.531273
-63.540649
-63.528149
-63.528149
-63.525024
-63.556267
-63.556267
-63.550018
-63.546894
-63.546894
-63.543774
-63.543774
-63.546894
-63.546894
-63.546894
-63.571892
-63.578144
-63.578144
-63.590645
-63.571892
-63.550018
-63.553143
-63.546894
-63.553143
-63.559395
-63.537521
-63.546894
-63.534397
-63.528149
-63.518772
-63.525024
-63.531273
-63.540649
-63.559395
-63.571892
-63.587517
-63.565643
-63.546894
-63.571892
-63.565643
-63.578144
-63.581268
-63.581268
-63.57502
-63.565643
-63.562519
-63.565643
-63.565643
-63.562519
-63.559395
-63.562519
-63.571892
-63.571892
-63.578144
-63.559395
-63.568768
-63.559395
-63.57502
-63.571892
-63.562519
-63.568768
-63.571892
-63.584393
-63.568768
-63.559395
-63.559395
-63.568768
-63.593769
-63.578144
-63.559395
-63.571892
-63.562519
-63.546894
-63.550018
-63.550018
-63.546894
-63.540649
-63.540649
-63.540649
-63.553143
-63.546894
-63.531273
-63.546894
-63.534397
-63.556267
-63.559395
-63.559395
-63.559395
-63.546894
-63.571892
-63.581268
-63.578144
-63.571892
-63.565643
-63.546894
-63.568768
-63.581268
-63.584393
-63.596893
-63.571892
-63.581268
-63.587517
-63.568768
-63.546894
-63.546894
-63.550018
-63.556267
-63.556267
-63.546894
-63.568768
-63.565643
-63.553143
-63.546894
-63.546894
-63.546894
-63.553143
-63.546894
-63.540649
-63.546894
-63.550018
-63.553143
-63.562519
-63.553143
-63.546894
-63.543774
-63.537521
-63.534397
-63.521896
-63.534397
-63.531273
-63.534397
-63.521896
-63.537521
-63.540649
-63.534397
-63.528149
-63.515648
-63.525024
-63.521896
-63.525024
-63.496899
-63.534397
-63.521896
-63.525024
-63.531273
-63.531273
-63.528149
-63.540649
-63.534397
-63.543774
-63.537521
-63.534397
-63.546894
-63.546894
-63.550018
-63.525024
-63.531273
-63.515648
-63.546894
-63.521896
-63.546894
-63.546894
-63.543774
-63.531273
-63.534397
-63.521896
-63.528149
-63.543774
-63.537521
-63.540649
-63.537521
-63.534397
-63.512524
-63.525024
-63.531273
-63.528149
-63.534397
-63.531273
-63.553143
-63.559395
-63.550018
-63.571892
-63.559395
-63.571892
-63.593769
-63.565643
-63.553143
-63.581268
-63.553143
-63.540649
-63.546894
-63.537521
-63.562519
-63.559395
-63.556267
-63.553143
-63.546894
-63.528149
-63.540649
-63.550018
-63.546894
-63.537521
-63.534397
-63.534397
-63.553143
-63.525024
-63.531273
-63.528149
-63.531273
-63.518772
-63.493774
-63.496899
-63.506271
-63.506271
-63.506271
-63.506271
-63.534397
-63.521896
-63.546894
-63.562519
-63.57502
-63.543774
-63.537521
-63.531273
-63.534397
-63.540649
-63.546894
-63.559395
-63.543774
-63.540649
-63.546894
-63.556267
-63.565643
-63.57502
-63.578144
-63.57502
-63.581268
-63.571892
-63.571892
-63.556267
-63.543774
-63.562519
-63.550018
-63.565643
-63.553143
-63.550018
-63.559395
-63.553143
-63.546894
-63.565643
-63.571892
-63.57502
-63.581268
-63.596893
-63.590645
-63.612518
-63.581268
-63.590645
-63.581268
-63.593769
-63.590645
-63.596893
-63.596893
-63.596893
-63.596893
-63.590645
-63.593769
-63.593769
-63.596893
-63.603142
-63.593769
-63.593769
-63.562519
-63.578144
-63.568768
-63.550018
-63.590645
-63.57502
-63.584393
-63.587517
-63.571892
-63.587517
-63.578144
-63.571892
-63.596893
-63.593769
-63.590645
-63.596893
-63.57502
-63.578144
-63.581268
-63.571892
-63.578144
-63.571892
-63.556267
-63.550018
-63.571892
-63.543774
-63.565643
-63.590645
-63.565643
-63.565643
-63.568768
-63.57502
-63.562519
-63.556267
-63.578144
-63.565643
-63.562519
-63.559395
-63.571892
-63.553143
-63.562519
-63.565643
-63.559395
-63.571892
-63.587517
-63.581268
-63.57502
-63.565643
-63.581268
-63.578144
-63.553143
-63.565643
-63.568768
-63.57502
-63.590645
-63.587517
-63.553143
-63.553143
-63.565643
-63.546894
-63.553143
-63.553143
-63.546894
-63.568768
-63.559395
-63.556267
-63.578144
-63.587517
-63.593769
-63.603142
-63.593769
-63.60627
-63.60627
-63.587517
-63.587517
-63.581268
-63.584393
-63.578144
-63.581268
-63.578144
-63.581268
-63.571892
-63.571892
-63.581268
-63.578144
-63.562519
-63.562519
-63.556267
-63.565643
-63.553143
-63.534397
-63.546894
-63.540649
-63.537521
-63.546894
-63.571892
-63.556267
-63.565643
-63.568768
-63.578144
-63.596893
-63.581268
-63.584393
-63.596893
-63.593769
-63.603142
-63.612518
-63.596893
-63.596893
-63.596893
-63.57502
-63.581268
-63.546894
-63.546894
-63.57502
-63.571892
-63.559395
-63.571892
-63.559395
-63.562519
-63.534397
-63.546894
-63.546894
-63.553143
-63.546894
-63.546894
-63.546894
-63.546894
-63.556267
-63.562519
-63.562519
-63.562519
-63.565643
-63.562519
-63.565643
-63.559395
-63.57502
-63.587517
-63.568768
-63.581268
-63.587517
-63.596893
-63.571892
-63.596893
-63.571892
-63.568768
-63.568768
-63.553143
-63.568768
-63.571892
-63.556267
-63.534397
-63.553143
-63.546894
-63.568768
-63.565643
-63.556267
-63.553143
-63.562519
-63.565643
-63.546894
-63.546894
-63.553143
-63.571892
-63.562519
-63.546894
-63.546894
-63.537521
-63.556267
-63.562519
-63.515648
-63.518772
-63.537521
-63.512524
-63.537521
-63.559395
-63.568768
-63.584393
-63.57502
-63.553143
-63.565643
-63.553143
-63.556267
-63.546894
-63.534397
-63.518772
-63.537521
-63.521896
-63.540649
-63.546894
-63.559395
-63.578144
-63.584393
-63.565643
-63.57502
-63.565643
-63.546894
-63.553143
-63.565643
-63.559395
-63.578144
-63.584393
-63.57502
-63.578144
-63.568768
-63.571892
-63.581268
-63.571892
-63.543774
-63.546894
-63.559395
-63.553143
-63.543774
-63.559395
-63.571892
-63.57502
-63.562519
-63.584393
-63.578144
-63.581268
-63.584393
-63.562519
-63.562519
-63.568768
-63.571892
-63.553143
-63.57502
-63.571892
-63.540649
-63.559395
-63.546894
-63.581268
-63.603142
-63.60627
-63.609394
-63.596893
-63.581268
-63.568768
-63.584393
-63.565643
-63.562519
-63.565643
-63.578144
-63.600018
-63.581268
-63.565643
-63.568768
-63.584393
-63.578144
-63.581268
-63.590645
-63.603142
-63.615643
-63.593769
-63.581268
-63.568768
-63.578144
-63.581268
-63.568768
-63.571892
-63.578144
-63.565643
-63.571892
-63.559395
-63.565643
-63.584393
-63.590645
-63.553143
-63.546894
-63.546894
-63.553143
-63.546894
-63.562519
-63.540649
-63.550018
-63.546894
-63.540649
-63.546894
-63.537521
-63.543774
-63.596893
-63.596893
-63.596893
-63.590645
-63.587517
-63.603142
-63.631268
-63.621895
-63.631268
-63.609394
-63.618767
-63.628143
-63.621895
-63.625019
-63.634392
-63.628143
-63.609394
-63.612518
-63.621895
-63.612518
-63.628143
-63.615643
-63.615643
-63.60627
-63.609394
-63.596893
-63.60627
-63.615643
-63.646893
-63.665638
-63.631268
-63.63752
-63.634392
-63.631268
-63.621895
-63.631268
-63.628143
-63.621895
-63.634392
-63.646893
-63.650013
-63.625019
-63.621895
-63.646893
-63.659389
-63.668762
-63.671886
-63.668762
-63.668762
-63.681263
-63.665638
-63.653137
-63.625019
-63.646893
-63.653137
-63.659389
-63.659389
-63.675014
-63.671886
-63.659389
-63.665638
-63.656261
-63.646893
-63.656261
-63.646893
-63.646893
-63.621895
-63.631268
-63.646893
-63.631268
-63.621895
-63.646893
-63.653137
-63.631268
-63.656261
-63.628143
-63.609394
-63.618767
-63.615643
-63.60627
-63.60627
-63.596893
-63.596893
-63.596893
-63.596893
-63.587517
-63.60627
-63.621895
-63.628143
-63.643768
-63.640644
-63.634392
-63.621895
-63.621895
-63.640644
-63.618767
-63.625019
-63.643768
-63.646893
-63.643768
-63.665638
-63.659389
-63.659389
-63.662514
-63.653137
-63.656261
-63.659389
-63.653137
-63.646893
-63.63752
-63.631268
-63.646893
-63.621895
-63.621895
-63.63752
-63.646893
-63.621895
-63.650013
-63.646893
-63.646893
-63.662514
-63.621895
-63.60627
-63.609394
-63.603142
-63.60627
-63.615643
-63.600018
-63.634392
-63.609394
-63.596893
-63.596893
-63.60627
-63.593769
-63.596893
-63.587517
-63.571892
-63.593769
-63.593769
-63.618767
-63.618767
-63.609394
-63.596893
-63.612518
-63.612518
-63.615643
-63.628143
-63.596893
-63.60627
-63.596893
-63.615643
-63.60627
-63.590645
-63.581268
-63.581268
-63.559395
-63.571892
-63.546894
-63.550018
-63.568768
-63.584393
-63.581268
-63.584393
-63.571892
-63.587517
-63.596893
-63.596893
-63.590645
-63.596893
-63.596893
-63.603142
-63.631268
-63.609394
-63.60627
-63.593769
-63.584393
-63.581268
-63.571892
-63.562519
-63.565643
-63.584393
-63.565643
-63.584393
-63.593769
-63.596893
-63.618767
-63.609394
-63.596893
-63.593769
-63.587517
-63.596893
-63.60627
-63.603142
-63.578144
-63.584393
-63.568768
-63.559395
-63.590645
-63.581268
-63.590645
-63.584393
-63.581268
-63.581268
-63.571892
-63.562519
-63.562519
-63.581268
-63.562519
-63.584393
-63.590645
-63.581268
-63.584393
-63.603142
-63.584393
-63.578144
-63.57502
-63.553143
-63.571892
-63.565643
-63.568768
-63.57502
-63.593769
-63.584393
-63.587517
-63.593769
-63.609394
-63.596893
-63.600018
-63.57502
-63.57502
-63.578144
-63.590645
-63.609394
-63.593769
-63.621895
-63.596893
-63.596893
-63.612518
-63.590645
-63.596893
-63.615643
-63.596893
-63.60627
-63.596893
-63.568768
-63.562519
-63.578144
-63.571892
-63.596893
-63.587517
-63.593769
-63.590645
-63.578144
-63.596893
-63.603142
-63.590645
-63.587517
-63.615643
-63.587517
-63.596893
-63.587517
-63.568768
-63.57502
-63.562519
-63.550018
-63.565643
-63.581268
-63.571892
-63.57502
-63.556267
-63.540649
-63.546894
-63.546894
-63.543774
-63.553143
-63.546894
-63.578144
-63.596893
-63.57502
-63.584393
-63.590645
-63.578144
-63.587517
-63.609394
-63.596893
-63.609394
-63.615643
-63.593769
-63.587517
-63.57502
-63.578144
-63.578144
-63.57502
-63.568768
-63.578144
-63.550018
-63.543774
-63.553143
-63.568768
-63.568768
-63.562519
-63.550018
-63.568768
-63.571892
-63.571892
-63.553143
-63.546894
-63.565643
-63.565643
-63.562519
-63.57502
-63.556267
-63.568768
-63.559395
-63.571892
-63.553143
-63.546894
-63.546894
-63.546894
-63.556267
-63.562519
-63.537521
-63.531273
-63.543774
-63.546894
-63.546894
-63.559395
-63.543774
-63.568768
-63.571892
-63.584393
-63.578144
-63.565643
-63.553143
-63.565643
-63.562519
-63.562519
-63.565643
-63.546894
-63.568768
-63.546894
-63.540649
-63.565643
-63.571892
-63.571892
-63.568768
-63.559395
-63.571892
-63.596893
-63.568768
-63.559395
-63.571892
-63.587517
-63.571892
-63.568768
-63.57502
-63.581268
-63.590645
-63.562519
-63.556267
-63.556267
-63.556267
-63.565643
-63.534397
-63.531273
-63.546894
-63.543774
-63.546894
-63.556267
-63.543774
-63.559395
-63.568768
-63.578144
-63.571892
-63.593769
-63.596893
-63.590645
-63.584393
-63.596893
-63.596893
-63.57502
-63.590645
-63.590645
-63.571892
-63.568768
-63.57502
-63.565643
-63.562519
-63.581268
-63.559395
-63.571892
-63.57502
-63.550018
-63.543774
-63.543774
-63.546894
-63.556267
-63.581268
-63.556267
-63.562519
-63.546894
-63.550018
-63.578144
-63.562519
-63.593769
-63.584393
-63.568768
-63.562519
-63.571892
-63.559395
-63.553143
-63.565643
-63.562519
-63.571892
-63.578144
-63.581268
-63.596893
-63.578144
-63.565643
-63.546894
-63.556267
-63.546894
-63.565643
-63.571892
-63.587517
-63.57502
-63.559395
-63.568768
-63.590645
-63.596893
-63.57502
-63.596893
-63.578144
-63.584393
-63.612518
-63.596893
-63.590645
-63.568768
-63.571892
-63.590645
-63.593769
-63.615643
-63.615643
-63.596893
-63.603142
-63.590645
-63.584393
-63.590645
-63.609394
-63.60627
-63.603142
-63.628143
-63.618767
-63.615643
-63.60627
-63.600018
-63.621895
-63.625019
-63.621895
-63.609394
-63.621895
-63.618767
-63.621895
-63.612518
-63.596893
-63.621895
-63.596893
-63.631268
-63.63752
-63.646893
-63.63752
-63.646893
-63.621895
-63.621895
-63.631268
-63.634392
-63.618767
-63.609394
-63.596893
-63.621895
-63.628143
-63.60627
-63.609394
-63.628143
-63.593769
-63.618767
-63.609394
-63.596893
-63.63752
-63.596893
-63.603142
-63.60627
-63.618767
-63.609394
-63.593769
-63.596893
-63.609394
-63.596893
-63.581268
-63.593769
-63.590645
-63.587517
-63.578144
-63.581268
-63.571892
-63.609394
-63.596893
-63.584393
-63.596893
-63.603142
-63.621895
-63.60627
-63.618767
-63.640644
-63.625019
-63.609394
-63.603142
-63.60627
-63.596893
-63.609394
-63.596893
-63.600018
-63.603142
-63.603142
-63.60627
-63.587517
-63.559395
-63.568768
-63.578144
-63.584393
-63.590645
-63.568768
-63.543774
-63.556267
-63.584393
-63.571892
-63.57502
-63.590645
-63.590645
-63.581268
-63.571892
-63.568768
-63.584393
-63.578144
-63.553143
-63.546894
-63.546894
-63.553143
-63.556267
-63.596893
-63.590645
-63.581268
-63.571892
-63.546894
-63.559395
-63.556267
-63.562519
-63.556267
-63.568768
-63.584393
-63.587517
-63.584393
-63.596893
-63.615643
-63.621895
-63.615643
-63.60627
-63.57502
-63.556267
-63.550018
-63.465649
-63.709389
-63.875004
-63.928127
-63.909378
-63.812508
-63.718761
-63.587517
-63.450024
-63.300034
-63.162537
-63.009422
-62.896927
-62.746933
-62.628193
-62.509445
-62.403202
-62.287582
-62.171963
-62.059467
-61.962597
-61.884476
-61.809483
-61.718861
-61.615742
-61.521996
-61.4095
-61.32513
-61.243885
-61.162636
-61.087639
-61.009521
-60.940777
-60.853275
-60.781406
-60.715786
-60.647041
-60.572041
-60.484543
-60.415798
-60.35955
-60.265804
-60.184559
-60.118938
-60.05019
-59.98457
-59.922073
-59.862698
-59.765827
-59.697083
-59.643963
-59.57209
-59.497093
-59.447098
-59.368973
-59.303352
-59.247108
-59.175232
-59.097115
-59.043991
-58.962742
-58.897121
-58.812752
-58.756504
-58.697132
-58.619011
-58.553387
-58.487766
-58.437771
-58.365898
-58.297153
-58.237782
-58.18153
-58.12841
-58.078411
-58.028416
-57.953415
-57.897171
-57.847176
-57.784676
-57.731556
-57.690933
-57.634686
-57.590935
-57.534691
-57.465942
-57.403446
-57.347195
-57.275326
-57.215958
-57.147205
-57.115959
-57.059711
-56.975342
-56.928471
-56.897221
-56.834724
-56.772224
-56.715981
-56.665981
-56.609734
-56.584736
-56.509739
-56.462864
-56.419121
-56.359745
-56.306625
-56.250374
-56.209755
-56.169128
-56.103508
-56.050385
-56.003513
-55.944145
-55.891018
-55.859768
-55.809772
-55.747272
-55.678528
-55.625408
-55.578533
-55.537914
-55.497288
-55.43792
-55.397293
-55.337925
-55.297298
-55.22543
-55.153553
-55.122307
-55.07856
-55.034813
-54.978561
-54.934818
-54.887943
-54.834824
-54.781696
-54.731705
-54.647331
-54.603584
-54.553581
-54.497337
-54.447342
-54.394218
-54.337971
-54.284847
-54.241104
-54.169228
-54.109856
-54.072357
-54.022362
-53.978611
-53.912991
-53.887993
-53.831745
-53.78487
-53.734879
-53.678627
-53.647381
-53.60363
-53.566132
-53.51926
-53.503635
-53.459885
-53.42239
-53.347393
-53.29427
-53.247402
-53.2099
-53.172401
-53.100533
-53.081779
-53.025536
-52.984909
-52.953659
-52.931789
-52.909916
-52.878666
-52.841171
-52.766171
-52.719299
-52.6693
-52.606804
-52.563057
-52.516186
-52.453686
-52.416191
-52.375565
-52.331821
-52.297443
-52.219326
-52.163074
-52.138081
-52.103706
-52.072456
-52.047459
-51.994335
-51.972458
-51.941216
-51.88184
-51.847469
-51.822468
-51.784969
-51.750595
-51.688099
-51.656849
-51.625603
-51.544357
-51.509983
-51.503735
-51.453735
-51.400616
-51.369366
-51.325619
-51.294369
-51.272495
-51.197498
-51.169373
-51.128754
-51.072502
-51.047508
-50.997509
-50.975636
-50.919388
-50.869389
-50.847519
-50.813145
-50.769394
-50.747517
-50.71315
-50.672523
-50.635029
-50.572529
-50.535034
-50.494408
-50.46941
-50.416286
-50.353786
-50.291294
-50.235046
-50.191299
-50.141304
-50.103802
-50.047558
-49.997559
-49.944439
-49.910061
-49.860062
-49.803818
-49.747566
-49.697571
-49.647575
-49.581951
-49.506958
-49.478832
-49.394463
-49.316341
-49.23822
-49.147598
-49.060101
-48.956982
-48.875736
-48.760117
-48.553875
-47.519554
-42.54792
-32.895267
-16.383575
1.5186758
15.664859
25.608124
31.814072
35.042038
35.895123
34.960793
32.842144
29.92354
26.351837
22.305161
17.917875
13.327474
8.7120743
3.9998045
-0.77496213
-5.6028514
-10.565108
-15.652361
-20.695864
-25.567501
-30.067282
-34.098335
-37.648159
-40.701138
-43.272884
-45.432156
-47.160194
-48.572624
-49.731949
-50.666275
-51.413113
-52.047459
-52.534935
-52.878666
-53.150528
-53.344273
-53.48801
-53.613007
-53.659878
-53.663002
-53.703629
-53.681751
-53.66925
-53.647381
-53.581757
-53.525513
-53.459885
-53.39114
-53.291145
-53.2099
-53.109905
-53.025536
-52.969284
-52.875542
-52.78492
-52.678677
-52.609932
-52.528687
-52.447441
-52.39119
-52.300571
-52.238075
-52.184952
-52.122456
-52.050579
-52.013084
-51.975586
-51.900589
-51.869339
-51.794346
-51.747471
-51.68185
-51.634979
-51.575603
-51.541233
-51.503735
-51.45686
-51.431866
-51.394363
-51.388115
-51.366238
-51.33812
-51.297493
-51.241249
-51.197498
-51.163124
-51.110004
-51.066254
-51.01001
-50.975636
-50.906887
-50.897514
-50.86314
-50.838142
-50.816269
-50.79752
-50.760017
-50.735023
-50.688148
-50.644402
-50.622528
-50.610027
-50.606903
-50.597527
-50.575653
-50.541283
-50.522533
-50.481907
-50.497532
-50.460033
-50.438164
-50.447536
-50.419415
-50.385036
-50.356915
-50.319416
-50.281918
-50.238174
-50.172546
-50.144428
-50.094429
-50.041309
-50.022556
-49.981934
-49.944439
-49.910061
-49.903812
-49.894436
-49.894436
-49.888187
-49.872562
-49.866314
-49.863186
-49.847569
-49.847569
-49.835068
-49.825691
-49.841316
-49.81319
-49.816319
-49.822567
-49.806942
-49.797565
-49.766315
-49.747566
-49.725697
-49.716324
-49.706947
-49.697571
-49.706947
-49.688198
-49.681946
-49.650696
-49.647575
-49.647575
-49.625702
-49.594452
-49.585075
-49.541332
-49.541332
-49.556953
-49.522583
-49.497581
-49.472584
-49.428837
-49.416336
-49.360088
-49.335091
-49.319466
-49.253841
-49.20697
-49.191345
-49.178848
-49.163223
-49.147598
-49.125725
-49.119476
-49.1101
-49.094475
-49.056976
-49.031982
-48.981983
-48.953857
-48.906986
-48.869488
-48.831989
-48.797615
-48.766365
-48.719498
-48.66637
-48.641376
-48.578876
-48.541382
-48.478882
-48.435135
-48.341389
-48.266392
-48.178894
-48.050774
-47.897659
-47.457054
-44.663441
-37.923149
-26.764318
-10.237
5.6997213
18.039743
26.642448
32.029686
34.817051
35.59201
34.845173
33.123383
30.767248
28.05488
25.21752
22.314535
19.455299
16.696058
13.999316
11.38382
8.8120699
6.2996922
3.7841899
1.2436893
-1.3218105
-3.9529321
-6.6934228
-9.5495338
-12.533763
-15.702358
-18.961575
-22.29891
-25.592499
-28.711098
-31.548458
-34.154583
-36.454468
-38.463745
-40.185535
-41.701088
-42.9729
-44.100971
-45.0228
-45.819637
-46.500854
-47.075825
-47.575798
-47.991405
-48.347637
-48.644501
-48.906986
-49.106976
-49.310093
-49.494457
-49.613201
-49.738197
-49.856937
-49.956932
-50.050678
-50.128803
-50.197548
-50.281918
-50.341293
-50.397537
-50.447536
-50.472534
-50.497532
-50.535034
-50.569405
-50.597527
-50.638153
-50.660023
-50.64753
-50.660023
-50.64753
-50.666275
-50.678772
-50.672523
-50.703773
-50.725647
-50.747517
-50.753769
-50.772518
-50.76627
-50.794392
-50.788143
-50.785019
-50.806892
-50.810017
-50.816269
-50.82877
-50.847519
-50.844395
-50.82877
-50.810017
-50.841267
-50.847519
-50.869389
-50.875637
-50.86314
-50.872513
-50.888138
-50.913139
-50.919388
-50.92564
-50.919388
-50.944389
-50.950634
-50.966259
-50.997509
-51.025635
-50.988132
-51.006886
-51.006886
-51.022511
-51.01001
-51.028759
-51.025635
-51.047508
-51.047508
-51.035007
-51.056877
-51.038136
-51.019382
-51.025635
-51.04126
-51.056877
-51.078754
-51.066254
-51.085003
-51.116253
-51.122505
-51.141254
-51.147499
-51.147499
-51.169373
-51.178749
-51.197498
-51.244373
-51.247498
-51.250618
-51.263119
-51.25687
-51.27562
-51.291245
-51.294369
-51.30687
-51.334995
-51.341244
-51.353741
-51.353741
-51.347488
-51.334995
-51.325619
-51.309994
-51.334995
-51.344368
-51.347488
-51.356865
-51.356865
-51.350613
-51.350613
-51.33812
-51.325619
-51.33812
-51.350613
-51.375614
-51.391239
-51.384991
-51.416241
-51.431866
-51.425613
-51.428738
-51.43499
-51.416241
-51.425613
-51.409988
-51.441238
-51.453735
-51.43499
-51.441238
-51.447491
-51.453735
-51.450607
-51.441238
-51.425613
-51.431866
-51.431866
-51.425613
-51.428738
-51.413113
-51.419365
-51.431866
-51.450607
-51.441238
-51.438114
-51.431866
-51.384991
-51.391239
-51.378738
-51.381863
-51.388115
-51.359989
-51.347488
-51.366238
-51.378738
-51.406864
-51.397488
-51.384991
-51.384991
-51.369366
-51.37249
-51.359989
-51.350613
-51.356865
-51.347488
-51.328743
-51.334995
-51.31937
-51.30687
-51.281868
-51.281868
-51.25687
-51.247498
-51.244373
-51.197498
-51.197498
-51.197498
-51.19125
-51.181873
-51.169373
-51.166248
-51.166248
-51.150623
-51.147499
-51.144379
-51.144379
-51.135002
-51.147499
-51.119377
-51.100628
-51.069378
-51.069378
-51.097504
-51.091255
-51.091255
-51.094379
-51.094379
-51.066254
-51.069378
-51.047508
-51.028759
-51.016258
-50.991261
-50.966259
-50.966259
-50.981884
-50.985008
-50.994385
-50.988132
-50.991261
-50.997509
-50.997509
-50.97876
-50.97876
-50.975636
-50.94751
-50.969383
-50.94751
-50.92564
-50.92564
-50.903763
-50.897514
-50.891262
-50.881889
-50.881889
-50.866264
-50.847519
-50.847519
-50.847519
-50.841267
-50.822517
-50.79752
-50.79752
-50.794392
-50.79752
-50.79752
-50.822517
-50.819393
-50.816269
-50.844395
-50.816269
-50.819393
-50.79752
-50.785019
-50.791267
-50.760017
-50.747517
-50.756893
-50.738148
-50.735023
-50.725647
-50.731899
-50.722523
-50.722523
-50.716274
-50.722523
-50.706898
-50.678772
-50.635029
-50.61628
-50.597527
-50.597527
-50.594402
-50.566277
-50.556904
-50.528782
-50.541283
-50.55378
-50.566277
-50.563152
-50.544407
-50.53191
-50.525658
-50.525658
-50.522533
-50.491283
-50.491283
-50.497532
-50.494408
-50.485035
-50.472534
-50.447536
-50.422539
-50.410038
-50.410038
-50.391289
-50.381912
-50.347538
-50.344418
-50.316292
-50.297543
-50.297543
-50.291294
-50.275669
-50.281918
-50.266293
-50.250668
-50.228798
-50.228798
-50.228798
-50.216297
-50.203796
-50.203796
-50.206924
-50.210049
-50.197548
-50.206924
-50.216297
-50.203796
-50.210049
-50.203796
-50.203796
-50.222549
-50.203796
-50.197548
-50.185047
-50.172546
-50.160049
-50.153797
-50.166298
-50.160049
-50.166298
-50.172546
-50.147549
-50.147549
-50.119427
-50.091301
-50.081928
-50.085052
-50.069427
-50.072552
-50.038181
-50.038181
-50.006931
-49.975681
-49.941311
-49.928814
-49.897564
-49.885063
-49.881939
-49.860062
-49.835068
-49.81319
-49.810066
-49.803818
-49.806942
-49.794441
-49.769444
-49.769444
-49.703823
-49.700699
-49.694447
-49.719448
-49.725697
-49.710072
-49.678822
-49.691322
-49.685074
-49.688198
-49.666321
-49.647575
-49.635078
-49.597576
-49.563202
-49.541332
-49.519459
-49.506958
-49.497581
-49.447586
-49.425713
-49.410088
-49.385086
-49.35696
-49.347588
-49.328842
-49.303841
-49.285091
-49.278843
-49.297592
-49.297592
-49.269466
-49.253841
-49.231972
-49.219471
-49.228848
-49.216347
-49.216347
-49.213223
-49.178848
-49.150723
-49.144478
-49.14135
-49.125725
-49.14135
-49.1101
-49.085102
-49.072601
-49.038231
-49.010105
-49.003857
-49.006981
-48.99448
-48.997608
-48.969482
-48.960106
-48.956982
-48.925735
-48.89761
-48.888237
-48.856987
-48.838242
-48.794491
-48.753864
-48.700745
-48.650745
-48.60075
-48.572624
-48.532005
-48.494507
-48.416386
-48.378887
-48.328892
-48.235146
-48.141399
-48.019531
-47.853909
-47.428936
-44.79781
-38.341877
-27.779892
-11.686929
4.3122892
16.87105
25.79249
31.514086
34.645184
35.73888
35.351398
33.892094
31.717201
29.089203
26.229967
23.276987
20.261511
17.27103
14.386797
11.627557
8.9370632
6.2934422
3.6498218
0.99995112
-1.6155461
-4.3497877
-7.2027731
-10.252625
-13.464967
-16.814802
-20.233387
-23.642595
-26.911186
-29.936037
-32.735901
-35.220154
-37.423172
-39.31683
-40.976124
-42.391678
-43.622871
-44.635323
-45.522778
-46.260239
-46.866459
-47.397686
-47.828915
-48.194519
-48.497631
-48.78199
-49.022606
-49.228848
-49.403835
-49.553825
-49.681946
-49.785069
-49.875687
-49.947559
-50.028809
-50.091301
-50.169422
-50.197548
-50.272541
-50.297543
-50.310043
-50.347538
-50.37254
-50.397537
-50.425663
-50.431911
-50.450657
-50.460033
-50.481907
-50.491283
-50.528782
-50.563152
-50.597527
-50.622528
-50.641277
-50.64753
-50.678772
-50.71315
-50.747517
-50.772518
-50.781895
-50.810017
-50.822517
-50.847519
-50.860012
-50.878765
-50.878765
-50.878765
-50.875637
-50.853764
-50.866264
-50.916264
-50.935013
-50.953758
-50.981884
-50.981884
-50.997509
-50.997509
-51.047508
-51.053753
-51.047508
-51.053753
-51.066254
-51.047508
-51.07563
-51.088127
-51.097504
-51.147499
-51.125629
-51.147499
-51.181873
-51.178749
-51.188126
-51.172501
-51.16
-51.172501
-51.194374
-51.197498
-51.231873
-51.247498
-51.263119
-51.281868
-51.28812
-51.28812
-51.313118
-51.328743
-51.347488
-51.350613
-51.350613
-51.347488
-51.359989
-51.366238
-51.388115
-51.400616
-51.397488
-51.394363
-51.428738
-51.453735
-51.484985
-51.494358
-51.513107
-51.53186
-51.538109
-51.538109
-51.563103
-51.572479
-51.572479
-51.559978
-51.559978
-51.550606
-51.534985
-51.541233
-51.516235
-51.50061
-51.494358
-51.48811
-51.481857
-51.472485
-51.497482
-51.503735
-51.497482
-51.534985
-51.547478
-51.544357
-51.550606
-51.547478
-51.534985
-51.53186
-51.522484
-51.503735
-51.491234
-51.494358
-51.491234
-51.478733
-51.466232
-51.484985
-51.491234
-51.491234
-51.50061
-51.491234
-51.506859
-51.503735
-51.491234
-51.506859
-51.494358
-51.478733
-51.475609
-51.463108
-51.450607
-51.450607
-51.413113
-51.40374
-51.378738
-51.378738
-51.356865
-51.356865
-51.353741
-51.356865
-51.363113
-51.353741
-51.363113
-51.344368
-51.350613
-51.350613
-51.331867
-51.328743
-51.322495
-51.313118
-51.309994
-51.294369
-51.269367
-51.259995
-51.269367
-51.235001
-51.263119
-51.263119
-51.272495
-51.253742
-51.253742
-51.263119
-51.247498
-51.25687
-51.231873
-51.241249
-51.25687
-51.250618
-51.266243
-51.272495
-51.259995
-51.259995
-51.253742
-51.228748
-51.244373
-51.250618
-51.247498
-51.259995
-51.25687
-51.235001
-51.197498
-51.184998
-51.197498
-51.197498
-51.194374
-51.197498
-51.197498
-51.184998
-51.16
-51.172501
-51.147499
-51.13813
-51.128754
-51.122505
-51.141254
-51.141254
-51.119377
-51.091255
-51.085003
-51.081879
-51.081879
-51.07563
-51.066254
-51.072502
-51.053753
-51.038136
-51.019382
-51.01001
-51.01001
-51.022511
-51.050629
-51.028759
-51.047508
-51.050629
-51.060005
-51.081879
-51.047508
-51.063129
-51.047508
-51.025635
-51.025635
-50.997509
-50.997509
-50.994385
-50.972507
-50.960011
-50.960011
-50.944389
-50.94751
-50.960011
-50.944389
-50.953758
-50.94751
-50.938137
-50.938137
-50.903763
-50.881889
-50.881889
-50.86314
-50.847519
-50.86314
-50.847519
-50.835018
-50.86314
-50.831894
-50.82877
-50.819393
-50.785019
-50.76627
-50.747517
-50.731899
-50.738148
-50.731899
-50.697525
-50.706898
-50.678772
-50.678772
-50.6819
-50.685024
-50.6819
-50.697525
-50.656898
-50.635029
-50.635029
-50.610027
-50.622528
-50.597527
-50.603779
-50.606903
-50.581902
-50.535034
-50.528782
-50.519409
-50.497532
-50.475658
-50.460033
-50.43504
-50.419415
-50.378788
-50.356915
-50.369411
-50.341293
-50.335041
-50.325668
-50.316292
-50.322544
-50.316292
-50.297543
-50.291294
-50.278793
-50.244423
-50.241299
-50.228798
-50.216297
-50.203796
-50.231922
-50.216297
-50.216297
-50.225674
-50.210049
-50.216297
-50.222549
-50.225674
-50.241299
-50.228798
-50.219421
-50.219421
-50.194424
-50.200672
-50.188171
-50.147549
-50.144428
-50.128803
-50.106926
-50.085052
-50.078804
-50.078804
-50.081928
-50.060051
-50.050678
-50.035057
-49.991306
-49.963184
-49.947559
-49.919437
-49.897564
-49.897564
-49.878811
-49.881939
-49.847569
-49.81319
-49.822567
-49.794441
-49.763191
-49.756943
-49.728821
-49.710072
-49.719448
-49.688198
-49.678822
-49.666321
-49.644451
-49.647575
-49.650696
-49.644451
-49.672573
-49.660072
-49.653824
-49.635078
-49.638203
-49.619453
-49.597576
-49.591328
-49.597576
-49.597576
-49.572578
-49.547577
-49.541332
-49.513206
-49.488209
-49.478832
-49.447586
-49.397587
-49.403835
-49.369461
-49.366337
-49.366337
-49.347588
-49.325718
-49.285091
-49.272591
-49.269466
-49.253841
-49.197598
-49.17572
-49.169472
-49.147598
-49.160095
-49.147598
-49.147598
-49.131977
-49.135101
-49.128853
-49.113228
-49.094475
-49.081978
-49.094475
-49.056976
-49.038231
-48.997608
-48.94136
-48.916363
-48.869488
-48.822617
-48.828865
-48.822617
-48.800739
-48.803867
-48.797615
-48.797615
-48.788242
-48.778866
-48.775742
-48.772617
-48.794491
-48.769489
-48.756992
-48.753864
-48.763241
-48.753864
-48.756992
-48.756992
-48.747616
-48.731995
-48.725746
-48.691372
-48.678871
-48.641376
-48.622627
-48.622627
-48.632
-48.632
-48.660122
-48.678871
-48.656998
-48.663246
-48.656998
-48.650745
-48.660122
-48.678871
-48.68512
-48.675747
-48.65387
-48.650745
-48.669495
-48.678871
-48.669495
-48.622627
-48.607002
-48.588249
-48.578876
-48.553875
-48.51638
-48.528881
-48.510132
-48.497631
-48.47263
-48.463257
-48.457005
-48.45388
-48.438259
-48.444511
-48.422634
-48.422634
-48.441387
-48.438259
-48.428886
-48.394512
-48.347637
-48.297642
-48.297642
-48.244522
-48.213272
-48.210144
-48.166397
-48.107025
-48.053902
-48.019531
-48.010155
-47.960155
-47.916409
-47.869534
-47.872662
-47.847664
-47.835163
-47.84454
-47.838291
-47.838291
-47.835163
-47.791416
-47.747665
-47.69767
-47.603924
-47.547676
-47.491428
-47.407059
-47.297688
-47.172695
-47.044579
-46.850834
-45.997753
-42.11982
-34.832672
-23.095747
-6.9996581
7.7746201
19.083443
26.951809
31.932814
34.526436
35.307652
34.745178
33.248375
31.110981
28.576729
25.78624
22.877007
19.980274
17.102289
14.352424
11.63693
8.8839407
6.1715732
3.4498315
0.7593379
-1.9499048
-4.7747669
-7.758996
-10.896342
-14.249304
-17.705385
-21.173964
-24.598799
-27.858015
-30.873491
-33.557735
-35.948242
-38.048141
-39.873051
-41.416729
-42.732288
-43.835361
-44.763435
-45.547771
-46.191494
-46.747715
-47.213318
-47.64455
-47.978905
-48.263264
-48.544506
-48.75074
-48.94136
-49.103851
-49.23822
-49.375713
-49.475708
-49.566326
-49.635078
-49.694447
-49.728821
-49.810066
-49.856937
-49.897564
-49.922562
-49.960056
-49.981934
-50.013184
-50.044434
-50.047558
-50.075676
-50.085052
-50.088177
-50.116302
-50.125679
-50.097553
-50.110054
-50.122551
-50.144428
-50.166298
-50.197548
-50.191299
-50.191299
-50.244423
-50.275669
-50.288166
-50.294418
-50.325668
-50.341293
-50.350662
-50.356915
-50.347538
-50.344418
-50.366287
-50.325668
-50.360039
-50.353786
-50.366287
-50.397537
-50.425663
-50.431911
-50.466282
-50.478783
-50.485035
-50.491283
-50.497532
-50.506908
-50.516285
-50.497532
-50.535034
-50.535034
-50.535034
-50.522533
-50.547527
-50.563152
-50.588154
-50.613152
-50.622528
-50.61628
-50.61628
-50.619404
-50.638153
-50.631905
-50.666275
-50.669399
-50.672523
-50.666275
-50.688148
-50.697525
-50.678772
-50.703773
-50.71315
-50.716274
-50.747517
-50.731899
-50.775642
-50.785019
-50.813145
-50.810017
-50.822517
-50.825642
-50.816269
-50.847519
-50.838142
-50.860012
-50.847519
-50.856888
-50.872513
-50.869389
-50.888138
-50.910015
-50.928764
-50.910015
-50.916264
-50.931889
-50.931889
-50.938137
-50.94751
-50.966259
-50.97876
-50.997509
-51.022511
-51.019382
-51.016258
-51.038136
-51.047508
-51.047508
-51.028759
-50.997509
-50.97876
-50.981884
-50.972507
-50.950634
-50.975636
-50.963135
-50.966259
-50.985008
-50.963135
-50.969383
-50.985008
-50.975636
-50.981884
-50.997509
-50.985008
-51.01001
-51.022511
-51.022511
-51.031883
-51.01001
-51.04126
-51.038136
-51.028759
-51.035007
-51.031883
-51.047508
-51.047508
-51.050629
-51.056877
-51.056877
-51.047508
-51.022511
-51.047508
-51.047508
-51.056877
-51.050629
-51.022511
-51.022511
-51.047508
-51.01001
-51.013134
-50.991261
-50.960011
-50.988132
-50.97876
-50.966259
-50.960011
-50.97876
-50.97876
-50.991261
-50.960011
-50.969383
-50.97876
-50.985008
-50.960011
-50.960011
-50.941265
-50.922512
-50.935013
-50.906887
-50.891262
-50.881889
-50.86314
-50.860012
-50.869389
-50.831894
-50.844395
-50.847519
-50.844395
-50.841267
-50.831894
-50.822517
-50.82877
-50.813145
-50.785019
-50.772518
-50.760017
-50.756893
-50.725647
-50.731899
-50.71315
-50.741272
-50.735023
-50.750645
-50.769394
-50.747517
-50.769394
-50.728775
-50.719398
-50.716274
-50.685024
-50.678772
-50.685024
-50.691273
-50.678772
-50.666275
-50.697525
-50.697525
-50.694397
-50.691273
-50.663147
-50.631905
-50.603779
-50.606903
-50.606903
-50.597527
-50.572529
-50.575653
-50.560028
-50.547527
-50.519409
-50.497532
-50.46941
-50.453785
-50.460033
-50.478783
-50.453785
-50.463158
-50.453785
-50.456909
-50.466282
-50.447536
-50.450657
-50.447536
-50.413162
-50.397537
-50.397537
-50.381912
-50.388165
-50.381912
-50.353786
-50.353786
-50.347538
-50.363163
-50.385036
-50.350662
-50.353786
-50.366287
-50.360039
-50.331917
-50.319416
-50.297543
-50.250668
-50.256916
-50.222549
-50.194424
-50.181923
-50.172546
-50.160049
-50.153797
-50.147549
-50.122551
-50.119427
-50.103802
-50.097553
-50.085052
-50.078804
-50.075676
-50.088177
-50.066303
-50.047558
-50.028809
-50.013184
-50.022556
-50.022556
-49.994434
-49.991306
-49.997559
-49.978809
-49.975681
-49.963184
-49.972557
-49.975681
-49.956932
-49.953808
-49.956932
-49.928814
-49.910061
-49.910061
-49.888187
-49.888187
-49.872562
-49.891312
-49.869438
-49.875687
-49.869438
-49.847569
-49.835068
-49.81319
-49.816319
-49.828815
-49.81319
-49.806942
-49.78194
-49.769444
-49.785069
-49.778816
-49.769444
-49.75069
-49.75069
-49.744446
-49.728821
-49.731949
-49.763191
-49.747566
-49.756943
-49.747566
-49.722572
-49.694447
-49.672573
-49.647575
-49.647575
-49.653824
-49.647575
-49.656948
-49.653824
-49.641327
-49.644451
-49.619453
-49.585075
-49.572578
-49.547577
-49.541332
-49.516331
-49.494457
-49.450706
-49.406963
-49.391338
-49.366337
-49.347588
-49.335091
-49.310093
-49.297592
-49.266342
-49.269466
-49.247597
-49.20697
-49.166348
-49.128853
-49.100727
-49.091351
-49.075726
-49.056976
-49.041355
-49.02573
-48.99448
-48.985107
-48.944485
-48.931988
-48.947605
-48.92886
-48.89761
-48.860111
-48.850735
-48.841366
-48.816364
-48.797615
-48.78199
-48.760117
-48.735123
-48.71637
-48.681995
-48.660122
-48.647625
-48.635124
-48.610126
-48.597626
-48.578876
-48.575752
-48.588249
-48.597626
-48.616375
-48.597626
-48.578876
-48.547626
-48.553875
-48.560127
-48.575752
-48.547626
-48.541382
-48.525757
-48.497631
-48.466381
-48.460133
-48.466381
-48.447636
-48.410137
-48.378887
-48.353886
-48.30389
-48.291389
-48.27264
-48.247646
-48.213272
-48.197647
-48.157021
-48.113274
-48.072651
-48.053902
-48.06015
-48.085152
-48.082024
-48.072651
-48.100777
-48.097649
-48.0914
-48.0914
-48.072651
-48.072651
-48.0914
-48.047657
-48.044529
-48.010155
-47.997654
-48.022655
-48.028904
-48.032032
-48.028904
-48.047657
-48.047657
-48.053902
-48.047657
-48.050774
-48.044529
-48.028904
-48.035156
-48.032032
-48.019531
-48.022655
-48.016407
-47.982029
-47.960155
-47.944534
-47.922661
-47.894535
-47.885159
-47.872662
-47.84454
-47.797665
-47.78204
-47.75079
-47.694546
-47.64455
-47.625801
-47.58205
-47.575798
-47.547676
-47.510181
-47.503929
-47.482056
-47.475803
-47.457054
-47.419559
-47.388309
-47.328938
-47.241444
-47.172695
-47.100822
-47.03833
-46.957081
-46.847713
-46.700844
-46.43211
-45.047802
-40.360527
-32.510914
-20.058395
-4.3341632
9.5276594
20.011522
27.242418
31.667204
33.898342
34.473316
33.810848
32.26405
30.129778
27.633024
24.948782
22.173916
19.367804
16.617937
13.899321
11.199452
8.5402079
5.8497143
3.1310971
0.40310532
-2.4217567
-5.302866
-8.3152189
-11.493188
-14.821151
-18.23036
-21.673941
-25.014404
-28.154875
-31.032858
-33.610859
-35.935745
-37.960648
-39.694935
-41.197987
-42.472923
-43.541626
-44.460327
-45.244667
-45.888382
-46.438358
-46.897709
-47.269566
-47.610176
-47.903912
-48.141399
-48.35701
-48.53513
-48.672623
-48.797615
-48.903862
-48.988232
-49.085102
-49.147598
-49.235096
-49.306965
-49.341343
-49.403835
-49.441338
-49.466331
-49.497581
-49.547577
-49.56945
-49.628826
-49.656948
-49.666321
-49.710072
-49.738197
-49.763191
-49.810066
-49.831944
-49.822567
-49.853813
-49.847569
-49.869438
-49.863186
-49.885063
-49.913189
-49.925686
-49.944439
-49.991306
-50.016308
-50.025684
-50.044434
-50.056927
-50.085052
-50.085052
-50.106926
-50.138176
-50.138176
-50.160049
-50.138176
-50.147549
-50.166298
-50.169422
-50.181923
-50.181923
-50.210049
-50.219421
-50.231922
-50.253792
-50.247547
-50.247547
-50.253792
-50.247547
-50.244423
-50.263168
-50.269417
-50.275669
-50.278793
-50.288166
-50.285042
-50.281918
-50.285042
-50.297543
-50.278793
-50.291294
-50.310043
-50.313168
-50.306919
-50.291294
-50.313168
-50.294418
-50.310043
-50.328793
-50.316292
-50.313168
-50.341293
-50.353786
-50.378788
-50.369411
-50.37254
-50.406914
-50.422539
-50.416286
-50.431911
-50.428787
-50.447536
-50.413162
-50.422539
-50.413162
-50.419415
-50.444412
-50.444412
-50.438164
-50.447536
-50.456909
-50.466282
-50.463158
-50.472534
-50.510033
-50.538158
-50.547527
-50.581902
-50.572529
-50.58503
-50.58503
-50.588154
-50.600655
-50.597527
-50.61628
-50.628777
-50.631905
-50.653774
-50.653774
-50.666275
-50.666275
-50.669399
-50.675648
-50.675648
-50.694397
-50.6819
-50.653774
-50.631905
-50.628777
-50.64753
-50.638153
-50.635029
-50.613152
-50.61628
-50.635029
-50.631905
-50.625652
-50.628777
-50.61628
-50.61628
-50.622528
-50.578777
-50.563152
-50.55378
-50.522533
-50.519409
-50.513157
-50.503784
-50.488159
-50.460033
-50.447536
-50.466282
-50.491283
-50.475658
-50.475658
-50.466282
-50.485035
-50.481907
-50.466282
-50.475658
-50.478783
-50.460033
-50.460033
-50.447536
-50.431911
-50.428787
-50.422539
-50.431911
-50.43504
-50.447536
-50.43504
-50.441288
-50.422539
-50.416286
-50.397537
-50.378788
-50.37254
-50.394413
-50.366287
-50.353786
-50.360039
-50.353786
-50.347538
-50.328793
-50.303791
-50.275669
-50.266293
-50.247547
-50.241299
-50.235046
-50.247547
-50.244423
-50.244423
-50.222549
-50.231922
-50.241299
-50.247547
-50.228798
-50.213173
-50.206924
-50.197548
-50.188171
-50.216297
-50.216297
-50.197548
-50.178799
-50.188171
-50.166298
-50.172546
-50.147549
-50.122551
-50.122551
-50.113178
-50.103802
-50.094429
-50.085052
-50.081928
-50.066303
-50.050678
-50.053802
-50.066303
-50.031933
-50.038181
-50.028809
-50.022556
-50.013184
-49.997559
-49.991306
-50.019432
-49.994434
-49.997559
-49.997559
-49.985058
-49.972557
-49.966309
-49.953808
-49.922562
-49.913189
-49.916313
-49.897564
-49.903812
-49.885063
-49.872562
-49.875687
-49.872562
-49.860062
-49.891312
-49.885063
-49.878811
-49.850689
-49.881939
-49.891312
-49.878811
-49.863186
-49.897564
-49.872562
-49.853813
-49.847569
-49.810066
-49.797565
-49.772568
-49.753819
-49.728821
-49.697571
-49.663197
-49.63195
-49.610077
-49.572578
-49.563202
-49.535084
-49.513206
-49.497581
-49.472584
-49.472584
-49.481956
-49.453831
-49.441338
-49.460083
-49.447586
-49.435085
-49.406963
-49.369461
-49.338215
-49.32259
-49.294468
-49.297592
-49.303841
-49.272591
-49.269466
-49.247597
-49.216347
-49.216347
-49.222595
-49.219471
-49.231972
-49.210098
-49.213223
-49.222595
-49.222595
-49.222595
-49.225723
-49.222595
-49.210098
-49.210098
-49.181973
-49.197598
-49.188221
-49.213223
-49.219471
-49.188221
-49.160095
-49.147598
-49.122601
-49.119476
-49.113228
-49.085102
-49.066353
-49.069477
-49.044483
-49.035107
-49.016357
-49.038231
-49.035107
-49.019482
-49.000732
-48.985107
-48.960106
-48.938236
-48.925735
-48.89761
-48.89761
-48.922611
-48.922611
-48.89761
-48.900738
-48.87886
-48.863235
-48.828865
-48.800739
-48.78199
-48.766365
-48.747616
-48.735123
-48.731995
-48.72887
-48.738247
-48.706997
-48.710121
-48.69762
-48.703873
-48.691372
-48.703873
-48.694496
-48.688248
-48.69762
-48.681995
-48.69762
-48.694496
-48.669495
-48.632
-48.616375
-48.588249
-48.572624
-48.5695
-48.560127
-48.578876
-48.597626
-48.607002
-48.610126
-48.638252
-48.610126
-48.613251
-48.613251
-48.613251
-48.622627
-48.616375
-48.610126
-48.575752
-48.547626
-48.538258
-48.51638
-48.469505
-48.435135
-48.422634
-48.38826
-48.397636
-48.397636
-48.369511
-48.382011
-48.35701
-48.341389
-48.325764
-48.328892
-48.297642
-48.297642
-48.269516
-48.232021
-48.194519
-48.147644
-48.138275
-48.147644
-48.116402
-48.097649
-48.097649
-48.107025
-48.094524
-48.069527
-48.057026
-48.069527
-48.072651
-48.063274
-48.069527
-48.050774
-48.022655
-47.972656
-47.947655
-47.947655
-47.928909
-47.875786
-47.832039
-47.82579
-47.766415
-47.719543
-47.685169
-47.635174
-47.607048
-47.566425
-47.532055
-47.460178
-47.372684
-47.278938
-47.150818
-46.947704
-46.591473
-44.5322
-39.194962
-30.889116
-18.045994
-2.7279918
10.483863
20.433376
27.248669
31.395342
33.44524
33.888969
33.182755
31.673452
29.654802
27.283041
24.751917
22.11767
19.424051
16.730433
14.071187
11.415067
8.8401937
6.2371955
3.5904498
0.85620815
-1.9280308
-4.7935157
-7.7746201
-10.852595
-14.030565
-17.321028
-20.608368
-23.848835
-26.901812
-29.789169
-32.420292
-34.748302
-36.804451
-38.582489
-40.082417
-41.376102
-42.4823
-43.438503
-44.25721
-44.932182
-45.532154
-46.032127
-46.46648
-46.847713
-47.172695
-47.43206
-47.691422
-47.882034
-48.082024
-48.244522
-48.391384
-48.510132
-48.619499
-48.703873
-48.785114
-48.872612
-48.931988
-48.99448
-49.056976
-49.116352
-49.172596
-49.231972
-49.269466
-49.297592
-49.328842
-49.369461
-49.397587
-49.41946
-49.435085
-49.472584
-49.519459
-49.547577
-49.563202
-49.597576
-49.635078
-49.647575
-49.685074
-49.706947
-49.753819
-49.756943
-49.766315
-49.747566
-49.753819
-49.778816
-49.797565
-49.806942
-49.819443
-49.841316
-49.84444
-49.869438
-49.897564
-49.922562
-49.925686
-49.922562
-49.938187
-49.947559
-49.947559
-49.950684
-49.972557
-49.991306
-49.997559
-50.035057
-50.047558
-50.060051
-50.066303
-50.069427
-50.085052
-50.097553
-50.097553
-50.100677
-50.106926
-50.091301
-50.097553
-50.097553
-50.122551
-50.119427
-50.135052
-50.160049
-50.181923
-50.194424
-50.244423
-50.231922
-50.241299
-50.275669
-50.294418
-50.319416
-50.338169
-50.347538
-50.360039
-50.363163
-50.397537
-50.416286
-50.397537
-50.378788
-50.366287
-50.378788
-50.394413
-50.422539
-50.43504
-50.431911
-50.46941
-50.450657
-50.447536
-50.46941
-50.441288
-50.43504
-50.447536
-50.460033
-50.46941
-50.46941
-50.472534
-50.466282
-50.466282
-50.463158
-50.481907
-50.497532
-50.46941
-50.497532
-50.494408
-50.494408
-50.503784
-50.519409
-50.525658
-50.547527
-50.55378
-50.550652
-50.544407
-50.544407
-50.528782
-50.519409
-50.541283
-50.550652
-50.569405
-50.547527
-50.550652
-50.569405
-50.547527
-50.594402
-50.588154
-50.606903
-50.635029
-50.638153
-50.628777
-50.631905
-50.64753
-50.631905
-50.610027
-50.606903
-50.591278
-50.597527
-50.58503
-50.600655
-50.610027
-50.622528
-50.61628
-50.610027
-50.581902
-50.603779
-50.591278
-50.560028
-50.566277
-50.547527
-50.569405
-50.547527
-50.53191
-50.506908
-50.528782
-50.522533
-50.538158
-50.535034
-50.53191
-50.544407
-50.519409
-50.522533
-50.519409
-50.494408
-50.494408
-50.463158
-50.460033
-50.463158
-50.478783
-50.485035
-50.478783
-50.481907
-50.447536
-50.472534
-50.472534
-50.447536
-50.438164
-50.438164
-50.447536
-50.453785
-50.460033
-50.43504
-50.453785
-50.447536
-50.447536
-50.456909
-50.453785
-50.456909
-50.475658
-50.453785
-50.453785
-50.447536
-50.456909
-50.447536
-50.478783
-50.491283
-50.46941
-50.497532
-50.519409
-50.516285
-50.510033
-50.488159
-50.497532
-50.497532
-50.497532
-50.510033
-50.494408
-50.481907
-50.466282
-50.466282
-50.444412
-50.460033
-50.463158
-50.428787
-50.43504
-50.397537
-50.375664
-50.369411
-50.360039
-50.37254
-50.335041
-50.347538
-50.344418
-50.344418
-50.319416
-50.294418
-50.256916
-50.247547
-50.241299
-50.241299
-50.253792
-50.247547
-50.244423
-50.238174
-50.253792
-50.210049
-50.228798
-50.213173
-50.203796
-50.206924
-50.197548
-50.191299
-50.175674
-50.131927
-50.138176
-50.125679
-50.131927
-50.144428
-50.141304
-50.135052
-50.135052
-50.138176
-50.113178
-50.103802
-50.091301
-50.050678
-50.047558
-50.025684
-50.041309
-50.038181
-50.041309
-50.038181
-50.044434
-50.022556
-49.997559
-49.985058
-49.960056
-49.953808
-49.966309
-49.972557
-49.978809
-49.972557
-49.953808
-49.985058
-49.988182
-49.966309
-49.944439
-49.947559
-49.950684
-49.950684
-49.931938
-49.925686
-49.910061
-49.922562
-49.938187
-49.922562
-49.922562
-49.913189
-49.916313
-49.910061
-49.897564
-49.866314
-49.860062
-49.872562
-49.869438
-49.847569
-49.835068
-49.847569
-49.84444
-49.828815
-49.81319
-49.803818
-49.785069
-49.778816
-49.78194
-49.769444
-49.760067
-49.744446
-49.753819
-49.760067
-49.772568
-49.78194
-49.775692
-49.747566
-49.747566
-49.716324
-49.716324
-49.685074
-49.660072
-49.653824
-49.628826
-49.597576
-49.588203
-49.550701
-49.556953
-49.553825
-49.544456
-49.538208
-49.547577
-49.531956
-49.506958
-49.519459
-49.510082
-49.488209
-49.478832
-49.460083
-49.447586
-49.416336
-49.413212
-49.397587
-49.397587
-49.391338
-49.378838
-49.372585
-49.347588
-49.347588
-49.341343
-49.344467
-49.331966
-49.319466
-49.294468
-49.285091
-49.263218
-49.250717
-49.247597
-49.210098
-49.17572
-49.166348
-49.14135
-49.135101
-49.091351
-49.069477
-49.047607
-49.031982
-49.013233
-49.016357
-49.022606
-49.022606
-49.047607
-49.047607
-49.047607
-49.053852
-49.038231
-49.060101
-49.056976
-49.044483
-49.019482
-48.981983
-48.960106
-48.966358
-48.972607
-48.947605
-48.935112
-48.947605
-48.950733
-48.953857
-48.947605
-48.950733
-48.975731
-48.969482
-48.972607
-48.956982
-48.985107
-48.969482
-48.956982
-48.935112
-48.922611
-48.935112
-48.916363
-48.89761
-48.894485
-48.87886
-48.89761
-48.89761
-48.87886
-48.885113
-48.875736
-48.881985
-48.885113
-48.872612
-48.863235
-48.828865
-48.810116
-48.785114
-48.772617
-48.75074
-48.760117
-48.747616
-48.738247
-48.71637
-48.69762
-48.700745
-48.669495
-48.65387
-48.635124
-48.613251
-48.603874
-48.560127
-48.556999
-48.528881
-48.494507
-48.460133
-48.432011
-48.41951
-48.382011
-48.366386
-48.341389
-48.33514
-48.341389
-48.382011
-48.347637
-48.338264
-48.341389
-48.33514
-48.310139
-48.30389
-48.288265
-48.260139
-48.232021
-48.197647
-48.178894
-48.166397
-48.17577
-48.160145
-48.147644
-48.128899
-48.132027
-48.110149
-48.082024
-48.0914
-48.082024
-48.082024
-48.078899
-48.082024
-48.047657
-48.047657
-48.010155
-48.02578
-48.041405
-48.00703
-48.016407
-47.99453
-47.997654
-47.966404
-47.94141
-47.925785
-47.916409
-47.882034
-47.866409
-47.857037
-47.838291
-47.828915
-47.797665
-47.760166
-47.753914
-47.747665
-47.69767
-47.691422
-47.663296
-47.63205
-47.625801
-47.572674
-47.557049
-47.547676
-47.535179
-47.513306
-47.513306
-47.497681
-47.497681
-47.519554
-47.497681
-47.48518
-47.48518
-47.444561
-47.438309
-47.428936
-47.419559
-47.372684
-47.341438
-47.307064
-47.269566
-47.238319
-47.197693
-47.166443
-47.113323
-47.082073
-47.032078
-46.957081
-46.947704
-46.935207
-46.897709
-46.847713
-46.828964
-46.785213
-46.76334
-46.760212
-46.703968
-46.707092
-46.69772
-46.67897
-46.638348
-46.578972
-46.553974
-46.52898
-46.488354
-46.444607
-46.382107
-46.319614
-46.213367
-46.091499
-45.941509
-45.707142
-44.557198
-40.426147
-33.448364
-22.780136
-8.1496019
5.7497191
16.746058
24.551926
29.598555
32.392166
33.463989
33.23275
32.010937
30.117279
27.798641
25.195644
22.464529
19.664663
16.905424
14.133685
11.349445
8.5620813
5.7809677
3.046726
0.24998778
-2.6217468
-5.5778527
-8.662077
-11.861921
-15.202382
-18.599091
-22.030172
-25.317514
-28.420488
-31.273472
-33.826473
-36.095112
-38.08564
-39.735558
-41.194862
-42.42918
-43.44788
-44.310337
-45.035301
-45.669643
-46.194618
-46.647724
-47.047703
-47.353935
-47.616425
-47.853909
-48.063274
-48.228897
-48.38826
-48.510132
-48.613251
-48.703873
-48.778866
-48.841366
-48.881985
-48.922611
-48.96323
-48.997608
-49.044483
-49.063225
-49.103851
-49.125725
-49.14135
-49.160095
-49.156971
-49.156971
-49.185097
-49.194473
-49.210098
-49.216347
-49.247597
-49.266342
-49.278843
-49.281967
-49.303841
-49.306965
-49.325718
-49.344467
-49.366337
-49.372585
-49.394463
-49.394463
-49.397587
-49.41946
-49.431961
-49.456959
-49.488209
-49.513206
-49.519459
-49.522583
-49.528831
-49.535084
-49.556953
-49.547577
-49.547577
-49.578827
-49.581951
-49.616325
-49.653824
-49.647575
-49.666321
-49.685074
-49.688198
-49.681946
-49.697571
-49.725697
-49.763191
-49.760067
-49.78194
-49.797565
-49.794441
-49.788193
-49.78194
-49.78194
-49.772568
-49.825691
-49.835068
-49.847569
-49.856937
-49.850689
-49.856937
-49.856937
-49.847569
-49.856937
-49.872562
-49.866314
-49.869438
-49.850689
-49.863186
-49.863186
-49.856937
-49.853813
-49.860062
-49.888187
-49.897564
-49.922562
-49.903812
-49.897564
-49.910061
-49.897564
-49.922562
-49.906937
-49.903812
-49.897564
-49.897564
-49.935062
-49.953808
-49.972557
-49.981934
-49.988182
-49.994434
-50.010059
-50.044434
-50.035057
-50.031933
-50.044434
-50.022556
-50.035057
-50.035057
-50.038181
-50.047558
-50.069427
-50.078804
-50.110054
-50.106926
-50.122551
-50.103802
-50.110054
-50.100677
-50.106926
-50.119427
-50.122551
-50.135052
-50.128803
-50.141304
-50.113178
-50.110054
-50.119427
-50.135052
-50.116302
-50.110054
-50.131927
-50.144428
-50.147549
-50.153797
-50.131927
-50.128803
-50.119427
-50.078804
-50.106926
-50.097553
-50.103802
-50.097553
-50.081928
-50.063179
-50.041309
-50.044434
-50.047558
-50.028809
-50.028809
-50.019432
-50.047558
-50.035057
-50.047558
-50.047558
-50.047558
-50.050678
-50.035057
-50.047558
-50.053802
-50.072552
-50.072552
-50.097553
-50.097553
-50.085052
-50.116302
-50.110054
-50.097553
-50.100677
-50.100677
-50.116302
-50.135052
-50.128803
-50.135052
-50.113178
-50.097553
-50.091301
-50.088177
-50.085052
-50.063179
-50.044434
-50.047558
-50.041309
-49.997559
-49.997559
-49.997559
-49.991306
-49.994434
-50.010059
-49.997559
-49.997559
-50.013184
-49.997559
-49.997559
-49.991306
-49.997559
-49.988182
-50.016308
-50.022556
-50.038181
-50.031933
-50.035057
-50.028809
-50.019432
-50.010059
-50.019432
-49.994434
-49.994434
-49.975681
-49.956932
-49.947559
-49.928814
-49.922562
-49.910061
-49.916313
-49.928814
-49.906937
-49.922562
-49.938187
-49.903812
-49.897564
-49.869438
-49.875687
-49.875687
-49.860062
-49.872562
-49.850689
-49.835068
-49.803818
-49.803818
-49.769444
-49.747566
-49.722572
-49.735073
-49.710072
-49.697571
-49.713196
-49.703823
-49.716324
-49.703823
-49.700699
-49.710072
-49.694447
-49.681946
-49.672573
-49.669449
-49.678822
-49.669449
-49.663197
-49.650696
-49.663197
-49.663197
-49.653824
-49.663197
-49.647575
-49.613201
-49.63195
-49.606953
-49.613201
-49.619453
-49.613201
-49.610077
-49.619453
-49.591328
-49.585075
-49.588203
-49.578827
-49.547577
-49.563202
-49.556953
-49.563202
-49.560078
-49.572578
-49.597576
-49.594452
-49.588203
-49.572578
-49.566326
-49.550701
-49.553825
-49.547577
-49.528831
-49.553825
-49.541332
-49.547577
-49.56945
-49.572578
-49.591328
-49.585075
-49.560078
-49.578827
-49.547577
-49.544456
-49.531956
-49.506958
-49.488209
-49.488209
-49.494457
-49.485081
-49.460083
-49.447586
-49.431961
-49.447586
-49.472584
-49.456959
-49.447586
-49.41946
-49.425713
-49.410088
-49.397587
-49.385086
-49.35696
-49.347588
-49.319466
-49.306965
-49.297592
-49.297592
-49.272591
-49.297592
-49.297592
-49.26009
-49.266342
-49.253841
-49.228848
-49.247597
-49.23822
-49.219471
-49.235096
-49.250717
-49.241348
-49.235096
-49.228848
-49.222595
-49.231972
-49.20697
-49.191345
-49.172596
-49.14135
-49.097603
-49.097603
-49.056976
-49.056976
-49.038231
-49.028858
-49.038231
-49.035107
-49.031982
-49.028858
-49.003857
-48.997608
-48.99448
-48.981983
-48.966358
-48.953857
-48.944485
-48.931988
-48.913235
-48.888237
-48.86636
-48.84449
-48.81324
-48.797615
-48.806992
-48.797615
-48.81324
-48.819492
-48.797615
-48.816364
-48.791367
-48.797615
-48.791367
-48.775742
-48.775742
-48.772617
-48.747616
-48.731995
-48.747616
-48.722622
-48.703873
-48.68512
-48.65387
-48.65387
-48.660122
-48.628876
-48.632
-48.644501
-48.647625
-48.635124
-48.619499
-48.625751
-48.622627
-48.585125
-48.575752
-48.594501
-48.572624
-48.547626
-48.538258
-48.50388
-48.478882
-48.478882
-48.45388
-48.41951
-48.407009
-48.353886
-48.325764
-48.316391
-48.285141
-48.269516
-48.269516
-48.247646
-48.266392
-48.250767
-48.20702
-48.178894
-48.160145
-48.166397
-48.147644
-48.132027
-48.138275
-48.128899
-48.107025
-48.088276
-48.078899
-48.088276
-48.107025
-48.094524
-48.069527
-48.088276
-48.072651
-48.047657
-48.035156
-48.022655
-47.997654
-47.972656
-47.97578
-47.982029
-47.966404
-47.91016
-47.897659
-47.850784
-47.807041
-47.797665
-47.769539
-47.766415
-47.747665
-47.744545
-47.738297
-47.732044
-47.685169
-47.66642
-47.650795
-47.638298
-47.6133
-47.578926
-47.541431
-47.547676
-47.532055
-47.541431
-47.5508
-47.563301
-47.572674
-47.616425
-47.628925
-47.597675
-47.572674
-47.560173
-47.557049
-47.544556
-47.507053
-47.522678
-47.519554
-47.519554
-47.503929
-47.478931
-47.45393
-47.438309
-47.413311
-47.391434
-47.36956
-47.375809
-47.353935
-47.341438
-47.325813
-47.297688
-47.278938
-47.238319
-47.203945
-47.194569
-47.128948
-47.100822
-47.072701
-47.041454
-47.035206
-47.010204
-46.953953
-46.928959
-46.92271
-46.888332
-46.872707
-46.850834
-46.832088
-46.822712
-46.79459
-46.772713
-46.757088
-46.725845
-46.707092
-46.675842
-46.647724
-46.616474
-46.616474
-46.569599
-46.516479
-46.469604
-46.382107
-46.297737
-46.228992
-46.150867
-46.094624
-45.988377
-45.825886
-45.347782
-42.90728
-37.435669
-29.223574
-16.761683
-2.2123919
10.34637
19.808407
26.286215
30.295395
32.345295
32.876518
32.304672
30.91099
28.986084
26.686195
24.211317
21.623945
18.955324
16.283581
13.630585
10.996338
8.4058399
5.8497143
3.3123381
0.78433669
-1.8186611
-4.5497775
-7.4215121
-10.424491
-13.549338
-16.799179
-20.089643
-23.320736
-26.426832
-29.323568
-31.954689
-34.326447
-36.36385
-38.173134
-39.738682
-41.088615
-42.232315
-43.219765
-44.032227
-44.697815
-45.325912
-45.807137
-46.244617
-46.603973
-46.907085
-47.178944
-47.391434
-47.560173
-47.725796
-47.866409
-47.97578
-48.088276
-48.169521
-48.244522
-48.33514
-48.416386
-48.466381
-48.53513
-48.591377
-48.647625
-48.706997
-48.753864
-48.775742
-48.828865
-48.831989
-48.838242
-48.872612
-48.885113
-48.919487
-48.944485
-48.981983
-48.985107
-49.010105
-49.035107
-49.056976
-49.063225
-49.094475
-49.119476
-49.144478
-49.147598
-49.185097
-49.20697
-49.216347
-49.222595
-49.247597
-49.294468
-49.297592
-49.29134
-49.306965
-49.316341
-49.319466
-49.344467
-49.347588
-49.363213
-49.38821
-49.41946
-49.444462
-49.469456
-49.481956
-49.466331
-49.481956
-49.469456
-49.497581
-49.522583
-49.528831
-49.516331
-49.519459
-49.547577
-49.547577
-49.556953
-49.560078
-49.547577
-49.547577
-49.572578
-49.585075
-49.597576
-49.616325
-49.653824
-49.647575
-49.663197
-49.647575
-49.647575
-49.666321
-49.697571
-49.691322
-49.713196
-49.700699
-49.691322
-49.672573
-49.641327
-49.644451
-49.650696
-49.663197
-49.666321
-49.697571
-49.672573
-49.685074
-49.694447
-49.691322
-49.700699
-49.713196
-49.703823
-49.728821
-49.716324
-49.710072
-49.706947
-49.703823
-49.719448
-49.713196
-49.722572
-49.744446
-49.735073
-49.719448
-49.747566
-49.753819
-49.744446
-49.747566
-49.756943
-49.716324
-49.716324
-49.716324
-49.697571
-49.710072
-49.694447
-49.691322
-49.703823
-49.706947
-49.703823
-49.716324
-49.728821
-49.744446
-49.760067
-49.769444
-49.766315
-49.791317
-49.825691
-49.828815
-49.825691
-49.822567
-49.810066
-49.797565
-49.769444
-49.778816
-49.785069
-49.810066
-49.810066
-49.819443
-49.810066
-49.822567
-49.778816
-49.753819
-49.753819
-49.731949
-49.725697
-49.747566
-49.738197
-49.747566
-49.722572
-49.706947
-49.697571
-49.710072
-49.688198
-49.697571
-49.685074
-49.660072
-49.694447
-49.697571
-49.697571
-49.691322
-49.669449
-49.663197
-49.647575
-49.647575
-49.647575
-49.644451
-49.628826
-49.635078
-49.647575
-49.638203
-49.635078
-49.656948
-49.641327
-49.616325
-49.597576
-49.585075
-49.597576
-49.610077
-49.619453
-49.628826
-49.616325
-49.625702
-49.625702
-49.622578
-49.638203
-49.597576
-49.597576
-49.588203
-49.591328
-49.566326
-49.56945
-49.572578
-49.547577
-49.581951
-49.56945
-49.547577
-49.547577
-49.528831
-49.513206
-49.510082
-49.497581
-49.506958
-49.485081
-49.494457
-49.503834
-49.500706
-49.510082
-49.522583
-49.531956
-49.535084
-49.538208
-49.535084
-49.510082
-49.522583
-49.500706
-49.472584
-49.469456
-49.460083
-49.444462
-49.428837
-49.416336
-49.381962
-49.375713
-49.372585
-49.397587
-49.397587
-49.394463
-49.397587
-49.378838
-49.360088
-49.375713
-49.347588
-49.331966
-49.335091
-49.344467
-49.344467
-49.335091
-49.303841
-49.310093
-49.316341
-49.310093
-49.272591
-49.29134
-49.275715
-49.26009
-49.247597
-49.225723
-49.219471
-49.216347
-49.178848
-49.188221
-49.178848
-49.150723
-49.144478
-49.116352
-49.103851
-49.1101
-49.100727
-49.085102
-49.07885
-49.072601
-49.038231
-49.022606
-49.013233
-49.003857
-49.003857
-48.985107
-48.985107
-48.981983
-48.985107
-48.972607
-48.953857
-48.947605
-48.944485
-48.925735
-48.913235
-48.900738
-48.875736
-48.875736
-48.872612
-48.847614
-48.838242
-48.822617
-48.816364
-48.797615
-48.81324
-48.797615
-48.797615
-48.794491
-48.78199
-48.763241
-48.756992
-48.75074
-48.747616
-48.741371
-48.741371
-48.725746
-48.722622
-48.678871
-48.69762
-48.69762
-48.672623
-48.644501
-48.616375
-48.582001
-48.575752
-48.547626
-48.538258
-48.547626
-48.51638
-48.544506
-48.53513
-48.541382
-48.538258
-48.547626
-48.528881
-48.50388
-48.497631
-48.466381
-48.482006
-48.478882
-48.48513
-48.47263
-48.482006
-48.469505
-48.45388
-48.441387
-48.435135
-48.428886
-48.425762
-48.407009
-48.378887
-48.347637
-48.310139
-48.275764
-48.260139
-48.241394
-48.222645
-48.203896
-48.210144
-48.20702
-48.219521
-48.241394
-48.23827
-48.235146
-48.235146
-48.216396
-48.213272
-48.203896
-48.182022
-48.191395
-48.182022
-48.169521
-48.188271
-48.194519
-48.172646
-48.182022
-48.157021
-48.132027
-48.12265
-48.103901
-48.097649
-48.047657
-48.022655
-47.997654
-47.972656
-47.947655
-47.991405
-47.978905
-47.947655
-47.907036
-47.894535
-47.87891
-47.872662
-47.860161
-47.875786
-47.857037
-47.832039
-47.819538
-47.800789
-47.79454
-47.788288
-47.772663
-47.757038
-47.738297
-47.72892
-47.707047
-47.69767
-47.653919
-47.638298
-47.607048
-47.607048
-47.585175
-47.591423
-47.553925
-47.5508
-47.532055
-47.528931
-47.528931
-47.544556
-47.538303
-47.494556
-47.494556
-47.488304
-47.48518
-47.466431
-47.435184
-47.410183
-47.403934
-47.413311
-47.403934
-47.413311
-47.413311
-47.378933
-47.341438
-47.30394
-47.297688
-47.288315
-47.247696
-47.253941
-47.216446
-47.216446
-47.18832
-47.147694
-47.144573
-47.138325
-47.119576
-47.144573
-47.132072
-47.110199
-47.097698
-47.0602
-47.03833
-47.025829
-46.997704
-46.966454
-46.966454
-46.953953
-46.94146
-46.947704
-46.932083
-46.928959
-46.960205
-46.944584
-46.957081
-46.947704
-46.982079
-46.957081
-46.947704
-46.938335
-46.960205
-46.938335
-46.94146
-46.966454
-46.932083
-46.916458
-46.894585
-46.847713
-46.828964
-46.788338
-46.747715
-46.732094
-46.685219
-46.638348
-46.607098
-46.5821
-46.547722
-46.547722
-46.507103
-46.472729
-46.460228
-46.413357
-46.360233
-46.297737
-46.247742
-46.191494
-46.147743
-46.047752
-45.947754
-45.832138
-45.691517
-45.460278
-44.397831
-40.64489
-34.19833
-24.648796
-11.018211
2.8467357
14.105561
22.295786
27.698647
30.848494
32.239048
32.304672
31.420341
29.889164
27.870514
25.564377
23.098871
20.527121
17.961622
15.371124
12.777501
10.199502
7.5840044
4.9497581
2.3498852
-0.25311264
-2.9561055
-5.755969
-8.6277037
-11.643181
-14.752404
-17.911625
-21.039597
-24.123823
-27.051804
-29.751671
-32.223427
-34.448318
-36.432594
-38.141888
-39.635563
-40.898003
-42.0042
-42.941654
-43.741615
-44.444706
-45.016552
-45.513401
-45.932133
-46.300861
-46.607098
-46.872707
-47.097698
-47.310188
-47.475803
-47.607048
-47.766415
-47.882034
-47.997654
-48.072651
-48.147644
-48.222645
-48.297642
-48.375759
-48.422634
-48.48513
-48.528881
-48.563251
-48.610126
-48.644501
-48.688248
-48.735123
-48.760117
-48.797615
-48.841366
-48.86636
-48.89761
-48.931988
-48.947605
-49.019482
-49.035107
-49.047607
-49.072601
-49.094475
-49.091351
-49.113228
-49.128853
-49.144478
-49.131977
-49.122601
-49.14135
-49.128853
-49.156971
-49.178848
-49.20697
-49.23822
-49.272591
-49.297592
-49.32259
-49.344467
-49.35696
-49.381962
-49.406963
-49.406963
-49.416336
-49.444462
-49.460083
-49.466331
-49.497581
-49.491333
-49.528831
-49.547577
-49.535084
-49.556953
-49.566326
-49.56945
-49.572578
-49.591328
-49.610077
-49.616325
-49.63195
-49.647575
-49.647575
-49.660072
-49.694447
-49.722572
-49.722572
-49.747566
-49.772568
-49.791317
-49.797565
-49.816319
-49.825691
-49.847569
-49.863186
-49.869438
-49.881939
-49.872562
-49.872562
-49.847569
-49.847569
-49.847569
-49.860062
-49.863186
-49.878811
-49.860062
-49.860062
-49.860062
-49.853813
-49.866314
-49.866314
-49.888187
-49.906937
-49.910061
-49.919437
-49.922562
-49.947559
-49.938187
-49.922562
-49.935062
-49.944439
-49.947559
-49.963184
-49.966309
-49.972557
-49.994434
-49.997559
-50.022556
-50.025684
-50.025684
-50.022556
-50.003807
-50.010059
-50.022556
-50.022556
-50.013184
-49.997559
-50.022556
-49.997559
-50.022556
-50.031933
-50.038181
-50.041309
-50.025684
-50.047558
-50.097553
-50.110054
-50.113178
-50.125679
-50.119427
-50.113178
-50.113178
-50.097553
-50.081928
-50.078804
-50.075676
-50.075676
-50.091301
-50.091301
-50.110054
-50.106926
-50.106926
-50.097553
-50.122551
-50.103802
-50.110054
-50.103802
-50.116302
-50.097553
-50.097553
-50.122551
-50.116302
-50.106926
-50.110054
-50.113178
-50.097553
-50.097553
-50.097553
-50.097553
-50.085052
-50.060051
-50.066303
-50.085052
-50.072552
-50.060051
-50.063179
-50.044434
-50.041309
-50.044434
-50.038181
-50.044434
-50.022556
-50.019432
-50.028809
-50.003807
-49.997559
-50.013184
-49.991306
-49.953808
-49.947559
-49.956932
-49.938187
-49.941311
-49.947559
-49.941311
-49.941311
-49.925686
-49.919437
-49.916313
-49.935062
-49.916313
-49.947559
-49.910061
-49.935062
-49.938187
-49.928814
-49.919437
-49.897564
-49.897564
-49.888187
-49.885063
-49.866314
-49.872562
-49.860062
-49.847569
-49.860062
-49.853813
-49.841316
-49.822567
-49.819443
-49.797565
-49.810066
-49.778816
-49.747566
-49.741322
-49.697571
-49.703823
-49.691322
-49.694447
-49.681946
-49.650696
-49.660072
-49.656948
-49.647575
-49.644451
-49.650696
-49.619453
-49.622578
-49.622578
-49.606953
-49.597576
-49.597576
-49.578827
-49.578827
-49.581951
-49.591328
-49.585075
-49.578827
-49.566326
-49.594452
-49.585075
-49.578827
-49.572578
-49.525707
-49.506958
-49.494457
-49.472584
-49.460083
-49.441338
-49.444462
-49.447586
-49.435085
-49.422588
-49.410088
-49.400711
-49.403835
-49.394463
-49.385086
-49.385086
-49.372585
-49.369461
-49.347588
-49.347588
-49.360088
-49.360088
-49.363213
-49.344467
-49.331966
-49.347588
-49.335091
-49.338215
-49.325718
-49.313217
-49.310093
-49.285091
-49.253841
-49.269466
-49.253841
-49.244473
-49.235096
-49.219471
-49.228848
-49.216347
-49.216347
-49.210098
-49.228848
-49.219471
-49.228848
-49.219471
-49.181973
-49.153847
-49.160095
-49.160095
-49.172596
-49.147598
-49.138226
-49.131977
-49.125725
-49.113228
-49.116352
-49.097603
-49.097603
-49.097603
-49.091351
-49.088226
-49.060101
-49.038231
-49.041355
-49.016357
-48.975731
-48.960106
-48.956982
-48.960106
-48.944485
-48.935112
-48.89761
-48.872612
-48.822617
-48.803867
-48.797615
-48.772617
-48.769489
-48.766365
-48.738247
-48.744495
-48.71637
-48.713245
-48.68512
-48.650745
-48.616375
-48.610126
-48.585125
-48.566376
-48.597626
-48.591377
-48.588249
-48.585125
-48.572624
-48.553875
-48.541382
-48.522633
-48.556999
-48.553875
-48.550751
-48.547626
-48.563251
-48.5695
-48.547626
-48.566376
-48.556999
-48.541382
-48.519505
-48.510132
-48.497631
-48.525757
-48.488255
-48.482006
-48.47263
-48.469505
-48.47263
-48.444511
-48.428886
-48.425762
-48.413261
-48.385136
-48.385136
-48.369511
-48.350761
-48.360134
-48.363262
-48.375759
-48.382011
-48.382011
-48.391384
-48.391384
-48.378887
-48.33514
-48.316391
-48.297642
-48.291389
-48.285141
-48.275764
-48.269516
-48.278889
-48.27264
-48.244522
-48.232021
-48.247646
-48.216396
-48.203896
-48.197647
-48.188271
-48.182022
-48.163269
-48.157021
-48.125774
-48.103901
-48.072651
-48.075775
-48.069527
-48.041405
-48.053902
-48.053902
-48.041405
-48.035156
-48.041405
-48.019531
-48.028904
-47.997654
-47.997654
-48.00703
-47.997654
-47.972656
-47.969532
-47.947655
-47.944534
-47.935162
-47.922661
-47.891411
-47.882034
-47.885159
-47.853909
-47.828915
-47.835163
-47.857037
-47.885159
-47.888287
-47.919537
-47.925785
-47.919537
-47.922661
-47.897659
-47.903912
-47.919537
-47.932034
-47.897659
-47.916409
-47.897659
-47.882034
-47.885159
-47.87891
-47.872662
-47.872662
-47.84454
-47.838291
-47.847664
-47.838291
-47.832039
-47.816414
-47.797665
-47.810165
-47.788288
-47.760166
-47.753914
-47.69767
-47.685169
-47.653919
-47.6133
-47.578926
-47.560173
-47.535179
-47.525806
-47.525806
-47.510181
-47.482056
-47.472679
-47.472679
-47.482056
-47.475803
-47.475803
-47.475803
-47.466431
-47.457054
-47.447685
-47.413311
-47.385185
-47.360184
-47.313313
-47.313313
-47.322689
-47.297688
-47.297688
-47.297688
-47.285191
-47.263313
-47.278938
-47.282063
-47.288315
-47.278938
-47.263313
-47.253941
-47.213318
-47.172695
-47.178944
-47.135201
-47.097698
-47.047703
-46.985203
-46.960205
-46.947704
-46.92271
-46.916458
-46.894585
-46.885208
-46.872707
-46.866459
-46.869583
-46.866459
-46.853958
-46.86021
-46.841465
-46.828964
-46.810215
-46.800838
-46.785213
-46.772713
-46.760212
-46.738342
-46.72897
-46.694595
-46.650845
-46.628975
-46.625847
-46.647724
-46.653969
-46.653969
-46.641472
-46.625847
-46.61335
-46.585224
-46.569599
-46.538353
-46.510227
-46.457104
-46.391483
-46.335239
-46.322739
-46.253986
-46.197742
-46.147743
-46.072746
-46.057121
-46.010254
-45.979004
-45.947754
-45.966503
-45.947754
-45.932133
-45.885258
-45.832138
-45.785263
-45.747761
-45.707142
-45.688393
-45.672768
-45.616524
-45.575897
-45.479027
-45.404034
-45.275913
-45.100922
-44.660316
-42.516674
-37.42942
-29.814169
-18.377228
-4.2904158
8.3402176
18.039743
24.855036
29.167326
31.529709
32.307796
31.910942
30.676626
28.848591
26.614326
24.183193
21.595819
18.895952
16.164835
13.452468
10.765099
8.0933542
5.4153605
2.7842388
0.12811874
-2.6404963
-5.4747324
-8.4308386
-11.502563
-14.696157
-17.892876
-21.098969
-24.155069
-27.098677
-29.870417
-32.335918
-34.573311
-36.498219
-38.204384
-39.666813
-40.916752
-42.0042
-42.947899
-43.74786
-44.432205
-45.007175
-45.479027
-45.885258
-46.228992
-46.522728
-46.750839
-46.966454
-47.141449
-47.322689
-47.478931
-47.585175
-47.663296
-47.732044
-47.78204
-47.841415
-47.897659
-47.957031
-48.010155
-48.063274
-48.094524
-48.147644
-48.163269
-48.169521
-48.247646
-48.247646
-48.27264
-48.297642
-48.332016
-48.332016
-48.363262
-48.372635
-48.397636
-48.428886
-48.478882
-48.522633
-48.53513
-48.563251
-48.585125
-48.603874
-48.610126
-48.641376
-48.647625
-48.672623
-48.71637
-48.741371
-48.760117
-48.78199
-48.800739
-48.828865
-48.847614
-48.875736
-48.885113
-48.885113
-48.881985
-48.900738
-48.931988
-48.944485
-48.997608
-49.000732
-49.010105
-49.028858
-49.028858
-49.060101
-49.069477
-49.075726
-49.097603
-49.122601
-49.131977
-49.128853
-49.128853
-49.1101
-49.128853
-49.131977
-49.153847
-49.147598
-49.156971
-49.163223
-49.163223
-49.169472
-49.147598
-49.166348
-49.153847
-49.169472
-49.169472
-49.166348
-49.172596
-49.172596
-49.147598
-49.163223
-49.191345
-49.194473
-49.197598
-49.197598
-49.197598
-49.185097
-49.178848
-49.210098
-49.23822
-49.247597
-49.247597
-49.253841
-49.272591
-49.281967
-49.297592
-49.297592
-49.310093
-49.335091
-49.306965
-49.328842
-49.328842
-49.319466
-49.331966
-49.341343
-49.316341
-49.316341
-49.316341
-49.29134
-49.294468
-49.297592
-49.303841
-49.306965
-49.272591
-49.281967
-49.294468
-49.288216
-49.272591
-49.275715
-49.253841
-49.26009
-49.23822
-49.222595
-49.216347
-49.197598
-49.197598
-49.216347
-49.203846
-49.219471
-49.219471
-49.213223
-49.188221
-49.219471
-49.219471
-49.231972
-49.222595
-49.20697
-49.222595
-49.222595
-49.241348
-49.225723
-49.210098
-49.20697
-49.20697
-49.203846
-49.216347
-49.20697
-49.188221
-49.181973
-49.178848
-49.156971
-49.160095
-49.160095
-49.147598
-49.122601
-49.116352
-49.122601
-49.125725
-49.138226
-49.106976
-49.097603
-49.097603
-49.085102
-49.097603
-49.106976
-49.113228
-49.131977
-49.122601
-49.119476
-49.113228
-49.091351
-49.081978
-49.085102
-49.075726
-49.075726
-49.085102
-49.066353
-49.081978
-49.066353
-49.041355
-49.050728
-49.041355
-49.02573
-49.044483
-49.022606
-49.013233
-49.016357
-48.997608
-48.972607
-48.991356
-48.969482
-48.985107
-49.006981
-48.99448
-48.99448
-48.991356
-48.985107
-48.953857
-48.953857
-48.960106
-48.981983
-48.991356
-48.991356
-49.006981
-48.997608
-49.019482
-49.016357
-49.019482
-49.019482
-49.047607
-49.035107
-49.041355
-49.075726
-49.060101
-49.097603
-49.097603
-49.081978
-49.085102
-49.091351
-49.056976
-49.060101
-49.02573
-48.997608
-49.006981
-48.997608
-48.99448
-48.997608
-48.991356
-48.997608
-49.000732
-48.991356
-48.960106
-48.969482
-48.969482
-48.981983
-48.997608
-48.997608
-48.975731
-48.966358
-48.947605
-48.956982
-48.947605
-48.938236
-48.947605
-48.944485
-48.938236
-48.935112
-48.935112
-48.922611
-48.92886
-48.913235
-48.913235
-48.919487
-48.938236
-48.947605
-48.94136
-48.906986
-48.935112
-48.925735
-48.906986
-48.919487
-48.89761
-48.894485
-48.894485
-48.860111
-48.860111
-48.86636
-48.885113
-48.860111
-48.847614
-48.847614
-48.825741
-48.838242
-48.831989
-48.835117
-48.84449
-48.84449
-48.847614
-48.831989
-48.806992
-48.797615
-48.81324
-48.816364
-48.828865
-48.81324
-48.816364
-48.810116
-48.788242
-48.785114
-48.785114
-48.791367
-48.816364
-48.810116
-48.791367
-48.785114
-48.794491
-48.785114
-48.775742
-48.794491
-48.785114
-48.803867
-48.785114
-48.756992
-48.778866
-48.772617
-48.747616
-48.753864
-48.719498
-48.722622
-48.713245
-48.69762
-48.678871
-48.681995
-48.675747
-48.660122
-48.66637
-48.647625
-48.644501
-48.641376
-48.650745
-48.672623
-48.638252
-48.628876
-48.635124
-48.641376
-48.628876
-48.647625
-48.622627
-48.613251
-48.582001
-48.560127
-48.553875
-48.563251
-48.538258
-48.522633
-48.494507
-48.457005
-48.447636
-48.432011
-48.397636
-48.372635
-48.35701
-48.33514
-48.319515
-48.300766
-48.297642
-48.294514
-48.285141
-48.291389
-48.282017
-48.253891
-48.241394
-48.235146
-48.219521
-48.210144
-48.169521
-48.135151
-48.116402
-48.0914
-48.047657
-48.047657
-48.028904
-47.997654
-47.985157
-47.957031
-47.935162
-47.913284
-47.888287
-47.847664
-47.822666
-47.791416
-47.741421
-47.719543
-47.669544
-47.685169
-47.653919
-47.622673
-47.607048
-47.572674
-47.553925
-47.566425
-47.553925
-47.572674
-47.585175
-47.597675
-47.616425
-47.607048
-47.597675
-47.6008
-47.58205
-47.525806
-47.510181
-47.488304
-47.466431
-47.435184
-47.435184
-47.397686
-47.378933
-47.332066
-47.319565
-47.307064
-47.288315
-47.257065
-47.260189
-47.263313
-47.225819
-47.222694
-47.222694
-47.197693
-47.178944
-47.185196
-47.18832
-47.169571
-47.163319
-47.172695
-47.182068
-47.185196
-47.182068
-47.166443
-47.147694
-47.163319
-47.185196
-47.197693
-47.207069
-47.197693
-47.216446
-47.207069
-47.182068
-47.166443
-47.163319
-47.144573
-47.132072
-47.119576
-47.113323
-47.110199
-47.082073
-47.053947
-47.044579
-47.022705
-47.016453
-47.019581
-47.013329
-46.997704
-47.00708
-46.997704
-47.000828
-46.997704
-46.991455
-47.00708
-47.010204
-46.966454
-46.947704
-46.944584
-46.916458
-46.897709
-46.885208
-46.866459
-46.857082
-46.807087
-46.778965
-46.778965
-46.785213
-46.791462
-46.797714
-46.800838
-46.785213
-46.797714
-46.766464
-46.769588
-46.782089
-46.747715
-46.766464
-46.719593
-46.663345
-46.638348
-46.591473
-46.5821
-46.585224
-46.563347
-46.566475
-46.553974
-46.52898
-46.507103
-46.49773
-46.43211
-46.447735
-46.407108
-46.388359
-46.366482
-46.322739
-46.300861
-46.291489
-46.266487
-46.250862
-46.235245
-46.247742
-46.238369
-46.247742
-46.266487
-46.291489
-46.285236
-46.244617
-46.235245
-46.21962
-46.238369
-46.235245
-46.247742
-46.207119
-46.18837
-46.175869
-46.147743
-46.128998
-46.097748
-46.072746
-46.053997
-46.032127
-45.997753
-45.972752
-45.947754
-45.941509
-45.925884
-45.904007
-45.904007
-45.925884
-45.944633
-45.966503
-45.960255
-45.954002
-45.966503
-45.97588
-45.919632
-45.882133
-45.847763
-45.819637
-45.785263
-45.766514
-45.747761
-45.747761
-45.747761
-45.744644
-45.750889
-45.722767
-45.697769
-45.688393
-45.647774
-45.622772
-45.566521
-45.554024
-45.541527
-45.535278
-45.516529
-45.482151
-45.454029
-45.429031
-45.419659
-45.404034
-45.397781
-45.397781
-45.397781
-45.410282
-45.413406
-45.407158
-45.419659
-45.375908
-45.347782
-45.329037
-45.294662
-45.247791
-45.191544
-45.13842
-45.069672
-45.060295
-45.025928
-44.997803
-44.988426
-44.941555
-44.869682
-44.838436
-44.79781
-44.74781
-44.691566
-44.61657
-44.516575
-44.404079
-44.229092
-43.916607
-42.497925
-38.391872
-31.7547
-21.964552
-8.662077
4.4154096
14.946145
22.608271
27.676771
30.60788
31.929689
31.998436
31.135979
29.601679
27.648649
25.383135
22.880131
20.227137
17.567892
14.980518
12.449391
9.9495144
7.4652605
4.9841313
2.5405009
0.046872709
-2.4998779
-5.1403742
-7.8996139
-10.7401
-13.705581
-16.78043
-19.883404
-22.939505
-25.90811
-28.6486
-31.182852
-33.482738
-35.49514
-37.260681
-38.785606
-40.091789
-41.197987
-42.176064
-42.985401
-43.700989
-44.266586
-44.763435
-45.229042
-45.616524
-45.925884
-46.210243
-46.460228
-46.660217
-46.847713
-47.016453
-47.147694
-47.282063
-47.378933
-47.463306
-47.519554
-47.557049
-47.64455
-47.713295
-47.785164
-47.847664
-47.913284
-47.997654
-48.047657
-48.0914
-48.138275
-48.185146
-48.228897
-48.27264
-48.297642
-48.33514
-48.347637
-48.382011
-48.397636
-48.413261
-48.444511
-48.466381
-48.497631
-48.541382
-48.560127
-48.619499
-48.628876
-48.647625
-48.675747
-48.672623
-48.710121
-48.735123
-48.725746
-48.741371
-48.738247
-48.744495
-48.747616
-48.775742
-48.806992
-48.825741
-48.822617
-48.816364
-48.856987
-48.853863
-48.856987
-48.86636
-48.888237
-48.875736
-48.906986
-48.931988
-48.913235
-48.935112
-48.922611
-48.919487
-48.922611
-48.906986
-48.900738
-48.903862
-48.89761
-48.89761
-48.89761
-48.89761
-48.913235
-48.903862
-48.919487
-48.92886
-48.94136
-48.944485
-48.944485
-48.94136
-48.969482
-48.978855
-48.966358
-48.947605
-48.956982
-48.985107
-48.981983
-48.978855
-48.966358
-48.997608
-48.969482
-48.972607
-48.985107
-48.991356
-48.985107
-49.010105
-49.028858
-49.006981
-49.022606
-49.022606
-48.997608
-49.003857
-49.000732
-48.997608
-49.016357
-49.019482
-49.035107
-49.044483
-49.056976
-49.056976
-49.088226
-49.113228
-49.131977
-49.119476
-49.131977
-49.147598
-49.160095
-49.194473
-49.20697
-49.197598
-49.222595
-49.247597
-49.222595
-49.203846
-49.225723
-49.219471
-49.219471
-49.219471
-49.197598
-49.222595
-49.222595
-49.222595
-49.210098
-49.210098
-49.210098
-49.225723
-49.231972
-49.247597
-49.266342
-49.26009
-49.250717
-49.281967
-49.272591
-49.288216
-49.266342
-49.244473
-49.235096
-49.247597
-49.216347
-49.203846
-49.222595
-49.216347
-49.228848
-49.231972
-49.235096
-49.222595
-49.222595
-49.203846
-49.219471
-49.228848
-49.203846
-49.210098
-49.203846
-49.228848
-49.210098
-49.219471
-49.235096
-49.241348
-49.222595
-49.241348
-49.197598
-49.191345
-49.185097
-49.17572
-49.147598
-49.147598
-49.14135
-49.135101
-49.135101
-49.125725
-49.091351
-49.088226
-49.047607
-49.047607
-49.047607
-49.038231
-49.028858
-49.031982
-49.028858
-49.047607
-49.044483
-49.035107
-49.047607
-49.035107
-49.035107
-49.019482
-49.044483
-49.041355
-49.041355
-49.047607
-49.038231
-49.053852
-49.069477
-49.063225
-49.060101
-49.066353
-49.047607
-49.053852
-49.041355
-49.069477
-49.075726
-49.069477
-49.085102
-49.085102
-49.103851
-49.113228
-49.088226
-49.081978
-49.075726
-49.053852
-49.072601
-49.075726
-49.047607
-49.060101
-49.072601
-49.066353
-49.066353
-49.053852
-49.047607
-49.047607
-49.041355
-49.035107
-49.031982
-49.010105
-49.003857
-48.991356
-48.985107
-48.997608
-49.016357
-49.013233
-49.035107
-49.060101
-49.047607
-49.060101
-49.060101
-49.050728
-49.060101
-49.063225
-49.075726
-49.063225
-49.066353
-49.047607
-49.044483
-49.035107
-49.02573
-49.044483
-49.035107
-49.050728
-49.063225
-49.038231
-49.016357
-49.016357
-49.006981
-49.016357
-48.997608
-49.003857
-49.022606
-49.044483
-49.038231
-49.047607
-49.047607
-49.050728
-49.07885
-49.072601
-49.085102
-49.097603
-49.085102
-49.097603
-49.081978
-49.100727
-49.116352
-49.138226
-49.147598
-49.163223
-49.188221
-49.185097
-49.20697
-49.197598
-49.188221
-49.185097
-49.210098
-49.185097
-49.17572
-49.147598
-49.172596
-49.185097
-49.178848
-49.197598
-49.197598
-49.197598
-49.172596
-49.197598
-49.210098
-49.222595
-49.222595
-49.247597
-49.253841
-49.266342
-49.253841
-49.269466
-49.297592
-49.29134
-49.297592
-49.29134
-49.288216
-49.285091
-49.288216
-49.297592
-49.310093
-49.297592
-49.303841
-49.294468
-49.294468
-49.297592
-49.278843
-49.250717
-49.275715
-49.263218
-49.244473
-49.244473
-49.247597
-49.231972
-49.235096
-49.222595
-49.219471
-49.225723
-49.181973
-49.17572
-49.166348
-49.14135
-49.144478
-49.094475
-49.085102
-49.091351
-49.081978
-49.097603
-49.097603
-49.085102
-49.047607
-49.028858
-49.016357
-48.997608
-48.985107
-48.969482
-48.960106
-48.947605
-48.922611
-48.89761
-48.900738
-48.885113
-48.885113
-48.87886
-48.872612
-48.856987
-48.828865
-48.803867
-48.816364
-48.81324
-48.78199
-48.766365
-48.747616
-48.769489
-48.791367
-48.760117
-48.753864
-48.760117
-48.760117
-48.766365
-48.763241
-48.763241
-48.75074
-48.747616
-48.722622
-48.706997
-48.710121
-48.681995
-48.647625
-48.622627
-48.597626
-48.613251
-48.588249
-48.591377
-48.597626
-48.585125
-48.572624
-48.585125
-48.5695
-48.578876
-48.560127
-48.547626
-48.510132
-48.500755
-48.50388
-48.497631
-48.497631
-48.497631
-48.50388
-48.500755
-48.497631
-48.510132
-48.497631
-48.507008
-48.497631
-48.48513
-48.463257
-48.428886
-48.432011
-48.428886
-48.422634
-48.422634
-48.413261
-48.378887
-48.360134
-48.341389
-48.322639
-48.307014
-48.325764
-48.332016
-48.332016
-48.347637
-48.328892
-48.332016
-48.319515
-48.30389
-48.294514
-48.288265
-48.282017
-48.294514
-48.269516
-48.266392
-48.263264
-48.266392
-48.257015
-48.263264
-48.23827
-48.225769
-48.213272
-48.213272
-48.210144
-48.203896
-48.191395
-48.185146
-48.194519
-48.188271
-48.200771
-48.222645
-48.210144
-48.200771
-48.182022
-48.150772
-48.232021
-47.972656
-47.797665
-47.722672
-47.753914
-47.816414
-47.953907
-48.103901
-48.250767
-48.407009
-48.547626
-48.69762
-48.850735
-48.978855
-49.1101
-49.263218
-49.397587
-49.528831
-49.647575
-49.735073
-49.847569
-49.931938
-50.047558
-50.119427
-50.197548
-50.306919
-50.385036
-50.472534
-50.547527
-50.64753
-50.694397
-50.79752
-50.872513
-50.938137
-51.022511
-51.110004
-51.184998
-51.225624
-51.294369
-51.350613
-51.422489
-51.475609
-51.547478
-51.61623
-51.684975
-51.76622
-51.847469
-51.909966
-51.969334
-52.069328
-52.119331
-52.178699
-52.234951
-52.294319
-52.334946
-52.42244
-52.472435
-52.556805
-52.60368
-52.628681
-52.70055
-52.747421
-52.809921
-52.85054
-52.91304
-52.963036
-53.031784
-53.075531
-53.119282
-53.172401
-53.206776
-53.256771
-53.309895
-53.347393
-53.409893
-53.453636
-53.484886
-53.522385
-53.578632
-53.622383
-53.7005
-53.759872
-53.794247
-53.856743
-53.912991
-53.947361
-54.019238
-54.044235
-54.097359
-54.128609
-54.172352
-54.241104
-54.297348
-54.312973
-54.369217
-54.400467
-54.437969
-54.487961
-54.497337
-54.534836
-54.591084
-54.644207
-54.669205
-54.744202
-54.781696
-54.816074
-54.862942
-54.875443
-54.931694
-54.975437
-55.016064
-55.069183
-55.112934
-55.137932
-55.184803
-55.234802
-55.247303
-55.275425
-55.306675
-55.35667
-55.397293
-55.428543
-55.462914
-55.506664
-55.522289
-55.562908
-55.616035
-55.659779
-55.706654
-55.747272
-55.759773
-55.797276
-55.834774
-55.872269
-55.894146
-55.922268
-55.947266
-55.987888
-56.031639
-56.050385
-56.09726
-56.122261
-56.134758
-56.184753
-56.231628
-56.281624
-56.315998
-56.344124
-56.369122
-56.409744
-56.428493
-56.469116
-56.506615
-56.512863
-56.559734
-56.562859
-56.597237
-56.644112
-56.675354
-56.722229
-56.747227
-56.778477
-56.812851
-56.856594
-56.897221
-56.925346
-56.959717
-56.994091
-57.03159
-57.075336
-57.090961
-57.103462
-57.131584
-57.134712
-57.178455
-57.206581
-57.215958
-57.259701
-57.290951
-57.300327
-57.315952
-57.334702
-57.369072
-57.412823
-57.469067
-57.481567
-57.547188
-57.537815
-57.609688
-57.644062
-57.67218
-57.697182
-57.712807
-57.744057
-57.7878
-57.81905
-57.847176
-57.887798
-57.897171
-57.944046
-57.959667
-57.978416
-58.006542
-58.03154
-58.062786
-58.084663
-58.119038
-58.147156
-58.187782
-58.225281
-58.228405
-58.253403
-58.303402
-58.325275
-58.344028
-58.359646
-58.353397
-58.384647
-58.406521
-58.425274
-58.447147
-58.478394
-58.494019
-58.540894
-58.559639
-58.597137
-58.634636
-58.647137
-58.672131
-58.684631
-58.712757
-58.759628
-58.765877
-58.784626
-58.819004
-58.847126
-58.853374
-58.865871
-58.884624
-58.906498
-58.940872
-58.950241
-58.968994
-59.022118
-59.040867
-59.078362
-59.125237
-59.156483
-59.181484
-59.193981
-59.206482
-59.231483
-59.26273
-59.272102
-59.318977
-59.306477
-59.318977
-59.353348
-59.365849
-59.365849
-59.397099
-59.403347
-59.431473
-59.447098
-59.447098
-59.478344
-59.484592
-59.490845
-59.522095
-59.565838
-59.581463
-59.625214
-59.659584
-59.672085
-59.700207
-59.731457
-59.743958
-59.747078
-59.768955
-59.787704
-59.812702
-59.831455
-59.84708
-59.856449
-59.878323
-59.906448
-59.922073
-59.928326
-59.956444
-59.975193
-59.990818
-60.02832
-60.043945
-60.037693
-60.065815
-60.097065
-60.097065
-60.131439
-60.156433
-60.16581
-60.190807
-60.218933
-60.253304
-60.259556
-60.256428
-60.303303
-60.303303
-60.340805
-60.362675
-60.372051
-60.3908
-60.412674
-60.456421
-60.472046
-60.478294
-60.497044
-60.547039
-60.572041
-60.625164
-60.637665
-60.647041
-60.653286
-60.665783
-60.693909
-60.737659
-60.765781
-60.784531
-60.797031
-60.825153
-60.847031
-60.865776
-60.912651
-60.943901
-60.947021
-60.968895
-60.972019
-61.01577
-61.022018
-61.034519
-61.04702
-61.072014
-61.078266
-61.078266
-61.103264
-61.14389
-61.16576
-61.172009
-61.187634
-61.218884
-61.268879
-61.268879
-61.284504
-61.290756
-61.300129
-61.328255
-61.318882
-61.331379
-61.353252
-61.356377
-61.356377
-61.372002
-61.387627
-61.415752
-61.465744
-61.453247
-61.484497
-61.515747
-61.515747
-61.546989
-61.565742
-61.59074
-61.596992
-61.62199
-61.612617
-61.634491
-61.646992
-61.650112
-61.646992
-61.671986
-61.678234
-61.728237
-61.728237
-61.784481
-61.796982
-61.800106
-61.846981
-61.85635
-61.85635
-61.871975
-61.878227
-61.896976
-61.909477
-61.928226
-61.915726
-61.950096
-61.959473
-61.975098
-61.98447
-61.98447
-61.996971
-62.031345
-62.040722
-62.028221
-62.04697
-62.071968
-62.10009
-62.096966
-62.090717
-62.109467
-62.125092
-62.143841
-62.178211
-62.178211
-62.206337
-62.178211
-62.218838
-62.24696
-62.275082
-62.290707
-62.271957
-62.287582
-62.290707
-62.328205
-62.356327
-62.365704
-62.390701
-62.428204
-62.446953
-62.46257
-62.484447
-62.484447
-62.509445
-62.509445
-62.528198
-62.521946
-62.528198
-62.550068
-62.565693
-62.587566
-62.628193
-62.656311
-62.646942
-62.643818
-62.653187
-62.653187
-62.684437
-62.70631
-62.709438
-62.734436
-62.756306
-62.768806
-62.784431
-62.765682
-62.790684
-62.790684
-62.803181
-62.809433
-62.796932
-62.821934
-62.828182
-62.834431
-62.846931
-62.850052
-62.871929
-62.881302
-62.896927
-62.912552
-62.918804
-62.950047
-62.931301
-62.965672
-62.990673
-62.971924
-62.990673
-63.012547
-63.021923
-63.037548
-63.046921
-63.043797
-63.046921
-63.059418
-63.056293
-63.065666
-63.084419
-63.096916
-63.109417
-63.109417
-63.118793
-63.121918
-63.115669
-63.128166
-63.146912
-63.171913
-63.184414
-63.190662
-63.228161
-63.234413
-63.246914
-63.262531
-63.278156
-63.278156
-63.284409
-63.303158
-63.325031
-63.346905
-63.356277
-63.365654
-63.359402
-63.378155
-63.396904
-63.409405
-63.443779
-63.443779
-63.443779
-63.453148
-63.456272
-63.471897
-63.490646
-63.509399
-63.537521
-63.543774
-63.540649
-63.546894
-63.565643
-63.565643
-63.584393
-63.596893
-63.609394
-63.640644
-63.653137
-63.646893
-63.646893
-63.646893
-63.643768
-63.650013
-63.656261
-63.678139
-63.687511
-63.671886
-63.693764
-63.703136
-63.712513
-63.721889
-63.740639
-63.746883
-63.759384
-63.759384
-63.765633
-63.790634
-63.784382
-63.775009
-63.800007
-63.815632
-63.828133
-63.831257
-63.834385
-63.840633
-63.859379
-63.859379
-63.868755
-63.87188
-63.878128
-63.88438
-63.896877
-63.931255
-63.956249
-63.946873
-63.93438
-63.937504
-63.928127
-63.953125
-63.984375
-63.978123
-63.971874
-63.959373
-63.946873
-63.981247
-63.981247
-63.996872
-64.037498
-64.03125
-64.049995
-64.049995
-64.056244
-64.056244
-64.059372
-64.06562
-64.087494
-64.112495
-64.09687
-64.103119
-64.121872
-64.121872
-64.131241
-64.168739
-64.134369
-64.146866
-64.162491
-64.174988
-64.206238
-64.193741
-64.199989
-64.224991
-64.212486
-64.221863
-64.246864
-64.243736
-64.246864
-64.246864
-64.287483
-64.29686
-64.29686
-64.29998
-64.32811
-64.353104
-64.349976
-64.346855
-64.368729
-64.353104
-64.356232
-64.378105
-64.39373
-64.365601
-64.371857
-64.403107
-64.418732
-64.431229
-64.437477
-64.446854
-64.462471
-64.484352
-64.490601
-64.496849
-64.481224
-64.493721
-64.490601
-64.515602
-64.506226
-64.503098
-64.515602
-64.506226
-64.540596
-64.524971
-64.534348
-64.546844
-64.556221
-64.546844
-64.524971
-64.543724
-64.562469
-64.581223
-64.618721
-64.621841
-64.631218
-64.646843
-64.653091
-64.662468
-64.674965
-64.678093
-64.684341
-64.671837
-64.693718
-64.681213
-64.696838
-64.703087
-64.712463
-64.703087
-64.712463
-64.749962
-64.749962
-64.743713
-64.75621
-64.746834
-64.790581
-64.78746
-64.803085
-64.806206
-64.821831
-64.821831
-64.834335
-64.815582
-64.831207
-64.856201
-64.874954
-64.865578
-64.896828
-64.896828
-64.909332
-64.896828
-64.906204
-64.912453
-64.921829
-64.928078
-64.937454
-64.931206
-64.893707
-64.915581
-64.934326
-64.921829
-64.921829
-64.921829
-64.918701
-64.924957
-64.931206
-64.953072
-64.98745
-64.965576
-64.981201
-64.968697
-64.965576
-64.974953
-64.98745
-65.003075
-65.015572
-65.015572
-65.003075
-65.015572
-65.021828
-65.012451
-65.021828
-65.031197
-65.046822
-65.046822
-65.034325
-65.037453
-65.05307
-65.05307
-65.062447
-65.099945
-65.096817
-65.096817
-65.109322
-65.121819
-65.124947
-65.140572
-65.143692
-65.137444
-65.131195
-65.146812
-65.146812
-65.156189
-65.18119
-65.184319
-65.174942
-65.174942
-65.165565
-65.146812
-65.137444
-65.146812
-65.153069
-65.171814
-65.184319
-65.168694
-65.193687
-65.203064
-65.203064
-65.215569
-65.196815
-65.184319
-65.196815
-65.209312
-65.196815
-65.21244
-65.209312
-65.234314
-65.246819
-65.259308
-65.278061
-65.278061
-65.265556
-65.296806
-65.296806
-65.299934
-65.306183
-65.299934
-65.303062
-65.321808
-65.312431
-65.324936
-65.346802
-65.334312
-65.334312
-65.321808
-65.321808
-65.328056
-65.346802
-65.353058
-65.374931
-65.393677
-65.396805
-65.390556
-65.38118
-65.418678
-65.437431
-65.437431
-65.434303
-65.465553
-65.44368
-65.428055
-65.428055
-65.440552
-65.437431
-65.44368
-65.446808
-65.456177
-65.487427
-65.481178
-65.468674
-65.471802
-65.465553
-65.493675
-65.496803
-65.5093
-65.518677
-65.515549
-65.534302
-65.521797
-65.543678
-65.54055
-65.54055
-65.531174
-65.531174
-65.54055
-65.537422
-65.549919
-65.543678
-65.543678
-65.546799
-65.54055
-65.546799
-65.534302
-65.537422
-65.515549
-65.515549
-65.515549
-65.524925
-65.543678
-65.546799
-65.584297
-65.587418
-65.596794
-65.590546
-65.593674
-65.568672
-65.571793
-65.587418
-65.571793
-65.578049
-65.571793
-65.587418
-65.609299
-65.618668
-65.593674
-65.612419
-65.637421
-65.634293
-65.653038
-65.646797
-65.628044
-65.662415
-65.653038
-65.659294
-65.656166
-65.646797
-65.681168
-65.681168
-65.696793
-65.693665
-65.687416
-65.671791
-65.659294
-65.696793
-65.693665
-65.712418
-65.703041
-65.687416
-65.690544
-65.693665
-65.724915
-65.721794
-65.70929
-65.728043
-65.728043
-65.70929
-65.703041
-65.70929
-65.699913
-65.70929
-65.696793
-65.703041
-65.718666
-65.715538
-65.703041
-65.715538
-65.721794
-65.737419
-65.746788
-65.743668
-65.706169
-65.721794
-65.728043
-65.728043
-65.728043
-65.70929
-65.699913
-65.70929
-65.724915
-65.746788
-65.746788
-65.724915
-65.737419
-65.737419
-65.724915
-65.746788
-65.759285
-65.765533
-65.781158
-65.768661
-65.768661
-65.778038
-65.771782
-65.790535
-65.790535
-65.784286
-65.768661
-65.759285
-65.749908
-65.762413
-65.768661
-65.746788
-65.784286
-65.759285
-65.771782
-65.771782
-65.778038
-65.77491
-65.768661
-65.790535
-65.784286
-65.803032
-65.793663
-65.80616
-65.815536
-65.796783
-65.799911
-65.80616
-65.80616
-65.80616
-65.799911
-65.790535
-65.812408
-65.80616
-65.796783
-65.796783
-65.784286
-65.793663
-65.790535
-65.784286
-65.77491
-65.796783
-65.781158
-65.781158
-65.80616
-65.790535
-65.799911
-65.796783
-65.787407
-65.796783
-65.809288
-65.796783
-65.80616
-65.846786
-65.831161
-65.843658
-65.840538
-65.818657
-65.843658
-65.843658
-65.843658
-65.828033
-65.83741
-65.843658
-65.846786
-65.843658
-65.859283
-65.846786
-65.853027
-65.865532
-65.853027
-65.859283
-65.846786
-65.83741
-65.834282
-65.846786
-65.834282
-65.840538
-65.859283
-65.881157
-65.874908
-65.884277
-65.878029
-65.890533
-65.884277
-65.884277
-65.887405
-65.884277
-65.896782
-65.909279
-65.931152
-65.899902
-65.909279
-65.909279
-65.946777
-65.921783
-65.896782
-65.896782
-65.924904
-65.912407
-65.906158
-65.90303
-65.912407
-65.912407
-65.909279
-65.915527
-65.921783
-65.912407
-65.899902
-65.90303
-65.906158
-65.909279
-65.915527
-65.921783
-65.890533
-65.890533
-65.881157
-65.87178
-65.896782
-65.890533
-65.896782
-65.896782
-65.896782
-65.896782
-65.896782
-65.887405
-65.893654
-65.90303
-65.931152
-65.937408
-65.928032
-65.915527
-65.918655
-65.909279
-65.921783
-65.928032
-65.937408
-65.924904
-65.93428
-65.937408
-65.940529
-65.946777
-65.906158
-65.940529
-65.956154
-65.959274
-65.962402
-65.940529
-65.937408
-65.93428
-65.949898
-65.93428
-65.956154
-65.971779
-65.949898
-65.962402
-65.953026
-65.965523
-65.93428
-65.906158
-65.915527
-65.90303
-65.909279
-65.915527
-65.915527
-65.906158
-65.937408
-65.918655
-65.893654
-65.899902
-65.899902
-65.906158
-65.924904
-65.921783
-65.918655
-65.928032
-65.912407
-65.912407
-65.906158
-65.912407
-65.899902
-65.931152
-65.928032
-65.940529
-65.93428
-65.918655
-65.937408
-65.937408
-65.93428
-65.937408
-65.928032
-65.899902
-65.931152
-65.928032
-65.937408
-65.946777
-65.940529
-65.949898
-65.974899
-65.946777
-65.93428
-65.928032
-65.931152
-65.946777
-65.949898
-65.940529
-65.940529
-65.949898
-65.946777
-65.962402
-65.956154
-65.962402
-65.962402
-65.959274
-65.946777
-65.959274
-65.949898
-65.962402
-65.971779
-65.959274
-65.946777
-65.956154
-65.928032
-65.949898
-65.937408
-65.943657
-65.946777
-65.959274
-65.965523
-65.978027
-65.974899
-65.959274
-65.956154
-65.959274
-65.956154
-65.978027
-65.971779
-65.965523
-65.962402
-65.962402
-65.959274
-65.953026
-65.953026
-65.93428
-65.943657
-65.946777
-65.946777
-65.946777
-65.93428
-65.943657
-65.949898
-65.946777
-65.949898
-65.915527
-65.928032
-65.915527
-65.940529
-65.937408
-65.943657
-65.946777
-65.946777
-65.953026
-65.965523
-65.971779
-65.993652
-65.968651
-65.971779
-65.959274
-65.962402
-65.971779
-65.984276
-65.987404
-65.974899
-65.996773
-65.971779
-65.959274
-65.959274
-65.953026
-65.971779
-65.940529
-65.946777
-65.943657
-65.924904
-65.915527
-65.93428
-65.918655
-65.909279
-65.943657
-65.921783
-65.937408
-65.940529
-65.946777
-65.946777
-65.93428
-65.928032
-65.937408
-65.93428
-65.946777
-65.93428
-65.937408
-65.937408
-65.940529
-65.915527
-65.943657
-65.915527
-65.93428
-65.924904
-65.921783
-65.943657
-65.940529
-65.915527
-65.937408
-65.906158
-65.90303
-65.921783
-65.921783
-65.940529
-65.909279
-65.915527
-65.906158
-65.909279
-65.918655
-65.906158
-65.915527
-65.896782
-65.918655
-65.915527
-65.909279
-65.912407
-65.918655
-65.915527
-65.921783
-65.906158
-65.893654
-65.887405
-65.906158
-65.90303
-65.909279
-65.906158
-65.915527
-65.912407
-65.906158
-65.893654
-65.909279
-65.906158
-65.893654
-65.896782
-65.884277
-65.893654
-65.915527
-65.896782
-65.918655
-65.912407
-65.921783
-65.921783
-65.93428
-65.912407
-65.912407
-65.906158
-65.912407
-65.90303
-65.921783
-65.912407
-65.918655
-65.931152
-65.909279
-65.915527
-65.906158
-65.899902
-65.896782
-65.90303
-65.899902
-65.912407
-65.906158
-65.896782
-65.906158
-65.896782
-65.890533
-65.890533
-65.878029
-65.881157
-65.884277
-65.878029
-65.890533
-65.887405
-65.893654
-65.899902
-65.896782
-65.890533
-65.893654
-65.874908
-65.890533
-65.890533
-65.878029
-65.87178
-65.878029
-65.896782
-65.896782
-65.884277
-65.878029
-65.912407
-65.899902
-65.896782
-65.899902
-65.896782
-65.893654
-65.887405
-65.868652
-65.878029
-65.896782
-65.896782
-65.906158
-65.912407
-65.896782
-65.899902
-65.878029
-65.868652
-65.890533
-65.881157
-65.87178
-65.890533
-65.90303
-65.906158
-65.918655
-65.915527
-65.921783
-65.915527
-65.940529
-65.940529
-65.946777
-65.962402
-65.946777
-65.943657
-65.940529
-65.943657
-65.93428
-65.918655
-65.940529
-65.946777
-65.940529
-65.946777
-65.931152
-65.924904
-65.924904
-65.90303
-65.906158
-65.915527
-65.909279
-65.887405
-65.896782
-65.896782
-65.896782
-65.906158
-65.909279
-65.924904
-65.93428
-65.93428
-65.924904
-65.896782
-65.878029
-65.896782
-65.896782
-65.884277
-65.887405
-65.881157
-65.884277
-65.896782
-65.899902
-65.896782
-65.884277
-65.890533
-65.90303
-65.924904
-65.912407
-65.924904
-65.918655
-65.931152
-65.946777
-65.921783
-65.924904
-65.946777
-65.940529
-65.924904
-65.912407
-65.896782
-65.90303
-65.924904
-65.912407
-65.909279
-65.896782
-65.896782
-65.896782
-65.881157
-65.881157
-65.859283
-65.887405
-65.878029
-65.884277
-65.868652
-65.859283
-65.87178
-65.868652
-65.853027
-65.878029
-65.878029
-65.878029
-65.896782
-65.881157
-65.874908
-65.874908
-65.865532
-65.87178
-65.868652
-65.83741
-65.846786
-65.831161
-65.831161
-65.834282
-65.83741
-65.846786
-65.846786
-65.849907
-65.846786
-65.859283
-65.846786
-65.834282
-65.846786
-65.828033
-65.843658
-65.83741
-65.846786
-65.846786
-65.846786
-65.818657
-65.828033
-65.828033
-65.840538
-65.831161
-65.849907
-65.846786
-65.83741
-65.834282
-65.824913
-65.834282
-65.846786
-65.828033
-65.846786
-65.853027
-65.828033
-65.815536
-65.809288
-65.812408
-65.828033
-65.809288
-65.799911
-65.821785
-65.821785
-65.846786
-65.843658
-65.849907
-65.83741
-65.83741
-65.831161
-65.83741
-65.821785
-65.83741
-65.846786
-65.859283
-65.843658
-65.83741
-65.821785
-65.831161
-65.80616
-65.799911
-65.803032
-65.787407
-65.765533
-65.753036
-65.753036
-65.771782
-65.771782
-65.793663
-65.796783
-65.799911
-65.80616
-65.796783
-65.787407
-65.790535
-65.778038
-65.790535
-65.77491
-65.765533
-65.778038
-65.77491
-65.781158
-65.793663
-65.759285
-65.765533
-65.778038
-65.762413
-65.787407
-65.781158
-65.77491
-65.765533
-65.762413
-65.77491
-65.768661
-65.765533
-65.77491
-65.771782
-65.768661
-65.77491
-65.765533
-65.759285
-65.749908
-65.781158
-65.765533
-65.77491
-65.778038
-65.762413
-65.746788
-65.753036
-65.753036
-65.765533
-65.756157
-65.746788
-65.756157
-65.731163
-65.746788
-65.746788
-65.743668
-65.749908
-65.746788
-65.731163
-65.746788
-65.756157
-65.74054
-65.746788
-65.746788
-65.756157
-65.77491
-65.77491
-65.781158
-65.790535
-65.759285
-65.753036
-65.796783
-65.762413
-65.753036
-65.724915
-65.737419
-65.74054
-65.746788
-65.746788
-65.731163
-65.749908
-65.753036
-65.768661
-65.749908
-65.746788
-65.768661
-65.749908
-65.762413
-65.778038
-65.759285
-65.771782
-65.771782
-65.737419
-65.746788
-65.718666
-65.724915
-65.731163
-65.746788
-65.74054
-65.753036
-65.746788
-65.746788
-65.743668
-65.724915
-65.731163
-65.724915
-65.721794
-65.724915
-65.724915
-65.696793
-65.706169
-65.712418
-65.724915
-65.703041
-65.715538
-65.706169
-65.70929
-65.706169
-65.696793
-65.703041
-65.715538
-65.684288
-65.696793
-65.70929
-65.696793
-65.715538
-65.696793
-65.696793
-65.693665
-65.671791
-65.67804
-65.67804
-65.671791
-65.659294
-65.684288
-65.659294
-65.693665
-65.681168
-65.674919
-65.665543
-65.674919
-65.681168
-65.690544
-65.687416
-65.684288
-65.687416
-65.687416
-65.696793
-65.67804
-65.674919
-65.693665
-65.70929
-65.703041
-65.696793
-65.699913
-65.67804
-65.687416
-65.662415
-65.662415
-65.659294
-65.659294
-65.646797
-65.656166
-65.646797
-65.640549
-65.659294
-65.646797
-65.646797
-65.662415
-65.656166
-65.662415
-65.665543
-65.653038
-65.659294
-65.656166
-65.674919
-65.681168
-65.684288
-65.687416
-65.687416
-65.665543
-65.665543
-65.696793
-65.690544
-65.671791
-65.653038
-65.640549
-65.681168
-65.684288
-65.674919
-65.671791
-65.684288
-65.646797
-65.67804
-65.674919
-65.67804
-65.653038
-65.646797
-65.628044
-65.615547
-65.628044
-65.612419
-65.609299
-65.615547
-65.621796
-65.584297
-65.584297
-65.565544
-65.590546
-65.590546
-65.593674
-65.599922
-65.615547
-65.615547
-65.618668
-65.599922
-65.621796
-65.593674
-65.615547
-65.612419
-65.596794
-65.612419
-65.606171
-65.596794
-65.612419
-65.624924
-65.612419
-65.628044
-65.609299
-65.584297
-65.590546
-65.584297
-65.593674
-65.606171
-65.615547
-65.606171
-65.603043
-65.609299
-65.621796
-65.631172
-65.615547
-65.621796
-65.646797
-65.640549
-65.615547
-65.581169
-65.578049
-65.596794
-65.593674
-65.578049
-65.624924
-65.606171
-65.609299
-65.615547
-65.603043
-65.584297
-65.603043
-65.593674
-65.587418
-65.587418
-65.571793
-65.571793
-65.559296
-65.546799
-65.537422
-65.546799
-65.534302
-65.559296
-65.534302
-65.531174
-65.534302
-65.524925
-65.521797
-65.515549
-65.534302
-65.524925
-65.531174
-65.518677
-65.54055
-65.546799
-65.531174
-65.528053
-65.534302
-65.546799
-65.54055
-65.543678
-65.54055
-65.556168
-65.556168
-65.546799
-65.543678
-65.537422
-65.543678
-65.537422
-65.503052
-65.503052
-65.518677
-65.528053
-65.5093
-65.524925
-65.524925
-65.515549
-65.512428
-65.503052
-65.512428
-65.524925
-65.54055
-65.531174
-65.521797
-65.54055
-65.546799
-65.549919
-65.553047
-65.556168
-65.546799
-65.546799
-65.571793
-65.574921
-65.537422
-65.556168
-65.546799
-65.546799
-65.568672
-65.546799
-65.565544
-65.543678
-65.528053
-65.543678
-65.521797
-65.528053
-65.518677
-65.524925
-65.518677
-65.503052
-65.528053
-65.506172
-65.518677
-65.515549
-65.496803
-65.528053
-65.515549
-65.5093
-65.496803
-65.493675
-65.490547
-65.496803
-65.47805
-65.487427
-65.496803
-65.487427
-65.465553
-65.471802
-65.465553
-65.47805
-65.481178
-65.493675
-65.496803
-65.47805
-65.481178
-65.471802
-65.453049
-65.453049
-65.446808
-65.446808
-65.449928
-65.446808
-65.446808
-65.44368
-65.456177
-65.474922
-65.493675
-65.465553
-65.474922
-65.487427
-65.490547
-65.490547
-65.496803
-65.487427
-65.487427
-65.493675
-65.47805
-65.462425
-65.471802
-65.453049
-65.456177
-65.456177
-65.449928
-65.446808
-65.465553
-65.456177
-65.484299
-65.474922
-65.468674
-65.446808
-65.456177
-65.456177
-65.471802
-65.465553
-65.462425
-65.47805
-65.449928
-65.453049
-65.44368
-65.437431
-65.440552
-65.446808
-65.44368
-65.456177
-65.459297
-65.440552
-65.446808
-65.440552
-65.434303
-65.446808
-65.453049
-65.446808
-65.440552
-65.424927
-65.428055
-65.44368
-65.434303
-65.418678
-65.41243
-65.421806
-65.428055
-65.431183
-65.431183
-65.424927
-65.431183
-65.415558
-65.418678
-65.396805
-65.396805
-65.396805
-65.403053
-65.424927
-65.424927
-65.396805
-65.396805
-65.393677
-65.403053
-65.396805
-65.403053
-65.393677
-65.403053
-65.409302
-65.365555
-65.374931
-65.371803
-65.368683
-65.362427
-65.359306
-65.384308
-65.378052
-65.378052
-65.368683
-65.378052
-65.378052
-65.403053
-65.384308
-65.384308
-65.403053
-65.393677
-65.396805
-65.384308
-65.387428
-65.362427
-65.362427
-65.34993
-65.38118
-65.384308
-65.356178
-65.353058
-65.368683
-65.362427
-65.346802
-65.378052
-65.365555
-65.384308
-65.371803
-65.353058
-65.362427
-65.356178
-65.346802
-65.343681
-65.346802
-65.343681
-65.359306
-65.346802
-65.334312
-65.337433
-65.343681
-65.331184
-65.346802
-65.328056
-65.331184
-65.324936
-65.331184
-65.34993
-65.353058
-65.343681
-65.346802
-65.362427
-65.334312
-65.346802
-65.346802
-65.34993
-65.346802
-65.343681
-65.34993
-65.346802
-65.346802
-65.353058
-65.359306
-65.374931
-65.353058
-65.371803
-65.371803
-65.378052
-65.384308
-65.371803
-65.343681
-65.346802
-65.346802
-65.346802
-65.334312
-65.303062
-65.328056
-65.324936
-65.312431
-65.306183
-65.309311
-65.284309
-65.303062
-65.306183
-65.309311
-65.315559
-65.306183
-65.321808
-65.315559
-65.315559
-65.331184
-65.321808
-65.315559
-65.334312
-65.309311
-65.312431
-65.318687
-65.290558
-65.287437
-65.296806
-65.303062
-65.312431
-65.318687
-65.296806
-65.290558
-65.290558
-65.287437
-65.296806
-65.315559
-65.312431
-65.312431
-65.328056
-65.309311
-65.306183
-65.296806
-65.296806
-65.306183
-65.287437
-65.296806
-65.306183
-65.296806
-65.299934
-65.318687
-65.309311
-65.309311
-65.321808
-65.296806
-65.293686
-65.296806
-65.309311
-65.315559
-65.296806
-65.281181
-65.278061
-65.262436
-65.259308
-65.249931
-65.253059
-65.262436
-65.268684
-65.299934
-65.296806
-65.312431
-65.296806
-65.303062
-65.321808
-65.328056
-65.312431
-65.306183
-65.315559
-65.303062
-65.293686
-65.299934
-65.324936
-65.312431
-65.306183
-65.296806
-65.278061
-65.281181
-65.287437
-65.259308
-65.265556
-65.281181
-65.278061
-65.278061
-65.281181
-65.296806
-65.306183
-65.321808
-65.296806
-65.312431
-65.321808
-65.315559
-65.321808
-65.324936
-65.321808
-65.315559
-65.321808
-65.321808
-65.303062
-65.321808
-65.331184
-65.321808
-65.296806
-65.318687
-65.318687
-65.306183
-65.293686
-65.296806
-65.306183
-65.312431
-65.303062
-65.296806
-65.290558
-65.293686
-65.296806
-65.296806
-65.296806
-65.290558
-65.290558
-65.271812
-65.259308
-65.259308
-65.237442
-65.228065
-65.246819
-65.237442
-65.240562
-65.246819
-65.256187
-65.284309
-65.265556
-65.265556
-65.284309
-65.284309
-65.281181
-65.290558
-65.284309
-65.265556
-65.271812
-65.278061
-65.284309
-65.287437
-65.290558
-65.296806
-65.293686
-65.284309
-65.281181
-65.290558
-65.296806
-65.293686
-65.303062
-65.296806
-65.312431
-65.309311
-65.309311
-65.306183
-65.290558
-65.278061
-65.296806
-65.290558
-65.284309
-65.271812
-65.278061
-65.265556
-65.253059
-65.268684
-65.256187
-65.274933
-65.256187
-65.268684
-65.256187
-65.24369
-65.246819
-65.24369
-65.249931
-65.237442
-65.24369
-65.240562
-65.234314
-65.240562
-65.240562
-65.228065
-65.215569
-65.196815
-65.196815
-65.206192
-65.209312
-65.199944
-65.228065
-65.221817
-65.228065
-65.221817
-65.234314
-65.206192
-65.199944
-65.206192
-65.206192
-65.196815
-65.190567
-65.190567
-65.215569
-65.215569
-65.203064
-65.196815
-65.196815
-65.193687
-65.184319
-65.209312
-65.206192
-65.237442
-65.215569
-65.209312
-65.215569
-65.209312
-65.215569
-65.224937
-65.196815
-65.218689
-65.206192
-65.215569
-65.231194
-65.231194
-65.228065
-65.21244
-65.21244
-65.206192
-65.218689
-65.196815
-65.190567
-65.178062
-65.171814
-65.171814
-65.168694
-65.159317
-65.174942
-65.193687
-65.203064
-65.203064
-65.209312
-65.203064
-65.206192
-65.209312
-65.196815
-65.203064
-65.221817
-65.215569
-65.206192
-65.203064
-65.187439
-65.190567
-65.168694
-65.193687
-65.196815
-65.196815
-65.168694
-65.190567
-65.203064
-65.184319
-65.187439
-65.168694
-65.190567
-65.18119
-65.18119
-65.187439
-65.184319
-65.184319
-65.190567
-65.190567
-65.206192
-65.221817
-65.215569
-65.209312
-65.196815
-65.209312
-65.218689
-65.234314
-65.21244
-65.203064
-65.196815
-65.18119
-65.196815
-65.206192
-65.187439
-65.234314
-65.228065
-65.21244
-65.218689
-65.203064
-65.221817
-65.196815
-65.196815
-65.184319
-65.196815
-65.174942
-65.171814
-65.174942
-65.174942
-65.159317
-65.168694
-65.156189
-65.174942
-65.193687
-65.178062
-65.153069
-65.146812
-65.146812
-65.14994
-65.128067
-65.143692
-65.137444
-65.153069
-65.146812
-65.146812
-65.128067
-65.134323
-65.14994
-65.143692
-65.153069
-65.165565
-65.156189
-65.156189
-65.165565
-65.168694
-65.143692
-65.137444
-65.140572
-65.134323
-65.131195
-65.106194
-65.128067
-65.134323
-65.124947
-65.143692
-65.153069
-65.146812
-65.146812
-65.137444
-65.153069
-65.118698
-65.124947
-65.146812
-65.153069
-65.146812
-65.162437
-65.14994
-65.143692
-65.171814
-65.178062
-65.168694
-65.168694
-65.153069
-65.171814
-65.184319
-65.18119
-65.171814
-65.162437
-65.156189
-65.153069
-65.146812
-65.14994
-65.143692
-65.146812
-65.140572
-65.140572
-65.134323
-65.140572
-65.140572
-65.11557
-65.146812
-65.140572
-65.121819
-65.143692
-65.137444
-65.134323
-65.143692
-65.159317
-65.146812
-65.143692
-65.134323
-65.143692
-65.146812
-65.146812
-65.159317
-65.153069
-65.140572
-65.143692
-65.159317
-65.14994
-65.146812
-65.131195
-65.112442
-65.099945
-65.11557
-65.121819
-65.11557
-65.112442
-65.121819
-65.124947
-65.128067
-65.121819
-65.124947
-65.128067
-65.103073
-65.103073
-65.112442
-65.118698
-65.124947
-65.099945
-65.103073
-65.087448
-65.081192
-65.074944
-65.062447
-65.081192
-65.087448
-65.096817
-65.11557
-65.103073
-65.096817
-65.08432
-65.096817
-65.096817
-65.096817
-65.11557
-65.103073
-65.124947
-65.131195
-65.131195
-65.134323
-65.146812
-65.146812
-65.156189
-65.168694
-65.146812
-65.153069
-65.174942
-65.178062
-65.162437
-65.14994
-65.146812
-65.134323
-65.146812
-65.124947
-65.128067
-65.124947
-65.109322
-65.099945
-65.093697
-65.106194
-65.096817
-65.103073
-65.106194
-65.099945
-65.118698
-65.093697
-65.106194
-65.112442
-65.124947
-65.137444
-65.121819
-65.137444
-65.140572
-65.134323
-65.134323
-65.118698
-65.099945
-65.121819
-65.109322
-65.096817
-65.118698
-65.118698
-65.128067
-65.128067
-65.11557
-65.106194
-65.096817
-65.106194
-65.087448
-65.096817
-65.096817
-65.109322
-65.103073
-65.109322
-65.131195
-65.118698
-65.131195
-65.146812
-65.140572
-65.146812
-65.134323
-65.134323
-65.137444
-65.131195
-65.137444
-65.124947
-65.118698
-65.137444
-65.137444
-65.137444
-65.121819
-65.124947
-65.118698
-65.128067
-65.134323
-65.140572
-65.131195
-65.140572
-65.146812
-65.140572
-65.146812
-65.128067
-65.146812
-65.128067
-65.153069
-65.143692
-65.143692
-65.140572
-65.14994
-65.146812
-65.137444
-65.140572
-65.121819
-65.121819
-65.112442
-65.103073
-65.096817
-65.099945
-65.11557
-65.11557
-65.106194
-65.081192
-65.081192
-65.081192
-65.087448
-65.081192
-65.08432
-65.093697
-65.090569
-65.08432
-65.096817
-65.103073
-65.103073
-65.103073
-65.096817
-65.118698
-65.096817
-65.118698
-65.128067
-65.140572
-65.118698
-65.118698
-65.112442
-65.103073
-65.087448
-65.090569
-65.093697
-65.08432
-65.087448
-65.096817
-65.081192
-65.074944
-65.065567
-65.081192
-65.065567
-65.074944
-65.059319
-65.08432
-65.068695
-65.099945
-65.096817
-65.068695
-65.087448
-65.078072
-65.059319
-65.065567
-65.074944
-65.078072
-65.08432
-65.065567
-65.078072
-65.096817
-65.081192
-65.062447
-65.062447
-65.087448
-65.087448
-65.103073
-65.090569
-65.096817
-65.087448
-65.093697
-65.071823
-65.068695
-65.068695
-65.065567
-65.056198
-65.062447
-65.074944
-65.071823
-65.062447
-65.046822
-65.056198
-65.074944
-65.071823
-65.08432
-65.078072
-65.059319
-65.059319
-65.05307
-65.065567
-65.059319
-65.068695
-65.071823
-65.081192
-65.08432
-65.087448
-65.068695
-65.056198
-65.040573
-65.043701
-65.046822
-65.056198
-65.062447
-65.071823
-65.062447
-65.065567
-65.049942
-65.056198
-65.049942
-65.062447
-65.040573
-65.074944
-65.062447
-65.068695
-65.074944
-65.078072
-65.046822
-65.043701
-65.046822
-65.040573
-65.028076
-65.015572
-65.009323
-65.015572
-65.003075
-65.015572
-65.021828
-64.999947
-65.028076
-65.003075
-65.031197
-65.031197
-65.037453
-65.046822
-65.031197
-65.043701
-65.031197
-65.043701
-65.046822
-65.043701
-65.034325
-65.037453
-65.043701
-65.046822
-65.021828
-65.028076
-65.028076
-65.006203
-64.996826
-65.028076
-65.015572
-65.028076
-65.034325
-65.031197
-65.031197
-65.021828
-65.009323
-64.984322
-64.993698
-64.993698
-64.996826
-64.990578
-65.006203
-65.0187
-64.98745
-64.98745
-64.993698
-64.981201
-64.974953
-64.965576
-64.971825
-64.990578
-64.996826
-64.978073
-64.984322
-64.974953
-64.978073
-64.984322
-64.974953
-64.978073
-64.996826
-65.006203
-64.984322
-64.999947
-64.990578
-64.984322
-64.978073
-64.968697
-64.974953
-64.984322
-64.971825
-64.965576
-64.968697
-64.978073
-65.003075
-65.009323
-65.003075
-65.024948
-65.021828
-65.0187
-65.006203
-64.981201
-64.993698
-64.999947
-64.98745
-64.990578
-65.003075
-65.009323
-65.034325
-65.034325
-65.024948
-65.037453
-65.0187
-65.015572
-65.012451
-65.003075
-64.984322
-64.962448
-64.953072
-64.946823
-64.959328
-64.9562
-64.971825
-64.984322
-64.965576
-64.978073
-64.98745
-64.98745
-64.962448
-64.965576
-64.946823
-64.949951
-64.959328
-64.946823
-64.934326
-64.937454
-64.928078
-64.912453
-64.909332
-64.912453
-64.921829
-64.921829
-64.934326
-64.946823
-64.946823
-64.962448
-64.959328
-64.968697
-64.965576
-64.959328
-64.953072
-64.9562
-64.934326
-64.928078
-64.937454
-64.921829
-64.928078
-64.912453
-64.906204
-64.896828
-64.896828
-64.896828
-64.912453
-64.909332
-64.915581
-64.909332
-64.921829
-64.909332
-64.931206
-64.946823
-64.946823
-64.949951
-64.934326
-64.931206
-64.934326
-64.937454
-64.934326
-64.924957
-64.921829
-64.909332
-64.921829
-64.921829
-64.921829
-64.912453
-64.918701
-64.931206
-64.937454
-64.924957
-64.909332
-64.899956
-64.909332
-64.921829
-64.915581
-64.912453
-64.912453
-64.893707
-64.899956
-64.896828
-64.896828
-64.896828
-64.909332
-64.899956
-64.896828
-64.890579
-64.884331
-64.884331
-64.881203
-64.878082
-64.890579
-64.878082
-64.871826
-64.893707
-64.859329
-64.862457
-64.865578
-64.874954
-64.893707
-64.874954
-64.874954
-64.871826
-64.890579
-64.881203
-64.871826
-64.893707
-64.890579
-64.887451
-64.903076
-64.909332
-64.909332
-64.899956
-64.906204
-64.928078
-64.934326
-64.940582
-64.940582
-64.921829
-64.949951
-64.937454
-64.940582
-64.934326
-64.949951
-64.928078
-64.946823
-64.931206
-64.937454
-64.946823
-64.937454
-64.915581
-64.931206
-64.915581
-64.909332
-64.896828
-64.884331
-64.887451
-64.893707
-64.865578
-64.868706
-64.868706
-64.871826
-64.881203
-64.871826
-64.874954
-64.865578
-64.878082
-64.865578
-64.871826
-64.890579
-64.893707
-64.868706
-64.856201
-64.859329
-64.834335
-64.853081
-64.846832
-64.871826
-64.881203
-64.859329
-64.865578
-64.837456
-64.828087
-64.821831
-64.821831
-64.846832
-64.831207
-64.840584
-64.840584
-64.840584
-64.840584
-64.846832
-64.831207
-64.824959
-64.846832
-64.862457
-64.849953
-64.849953
-64.846832
-64.846832
-64.837456
-64.828087
-64.821831
-64.821831
-64.796837
-64.806206
-64.815582
-64.812462
-64.81871
-64.806206
-64.806206
-64.821831
-64.809334
-64.837456
-64.837456
-64.840584
-64.862457
-64.862457
-64.846832
-64.843712
-64.853081
-64.856201
-64.874954
-64.859329
-64.846832
-64.846832
-64.853081
-64.840584
-64.853081
-64.846832
-64.846832
-64.862457
-64.878082
-64.862457
-64.856201
-64.840584
-64.843712
-64.846832
-64.837456
-64.831207
-64.840584
-64.828087
-64.843712
-64.834335
-64.853081
-64.834335
-64.831207
-64.81871
-64.821831
-64.812462
-64.796837
-64.803085
-64.815582
-64.803085
-64.812462
-64.821831
-64.828087
-64.834335
-64.815582
-64.821831
-64.81871
-64.824959
-64.81871
-64.834335
-64.828087
-64.837456
-64.840584
-64.828087
-64.840584
-64.834335
-64.828087
-64.853081
-64.846832
-64.862457
-64.865578
-64.884331
-64.884331
-64.874954
-64.846832
-64.849953
-64.878082
-64.862457
-64.868706
-64.878082
-64.859329
-64.878082
-64.859329
-64.868706
-64.868706
-64.859329
-64.843712
-64.837456
-64.846832
-64.824959
-64.812462
-64.803085
-64.815582
-64.821831
-64.809334
-64.837456
-64.846832
-64.831207
-64.834335
-64.843712
-64.828087
-64.849953
-64.834335
-64.837456
-64.853081
-64.859329
-64.840584
-64.871826
-64.859329
-64.840584
-64.846832
-64.846832
-64.846832
-64.856201
-64.846832
-64.853081
-64.874954
-64.896828
-64.896828
-64.890579
-64.874954
-64.878082
-64.859329
-64.874954
-64.862457
-64.868706
-64.849953
-64.862457
-64.859329
-64.856201
-64.849953
-64.840584
-64.853081
-64.859329
-64.853081
-64.878082
-64.871826
-64.884331
-64.884331
-64.884331
-64.884331
-64.896828
-64.884331
-64.881203
-64.884331
-64.890579
-64.893707
-64.878082
-64.881203
-64.881203
-64.899956
-64.890579
-64.903076
-64.893707
-64.865578
-64.865578
-64.871826
-64.868706
-64.884331
-64.896828
-64.887451
-64.878082
-64.853081
-64.856201
-64.846832
-64.840584
-64.843712
-64.837456
-64.840584
-64.843712
-64.846832
-64.849953
-64.878082
-64.853081
-64.846832
-64.853081
-64.853081
-64.853081
-64.884331
-64.884331
-64.881203
-64.878082
-64.871826
-64.878082
-64.896828
-64.881203
-64.884331
-64.896828
-64.862457
-64.846832
-64.856201
-64.846832
-64.868706
-64.859329
-64.846832
-64.846832
-64.81871
-64.859329
-64.846832
-64.846832
-64.846832
-64.853081
-64.840584
-64.834335
-64.843712
-64.840584
-64.874954
-64.887451
-64.868706
-64.856201
-64.859329
-64.853081
-64.865578
-64.865578
-64.846832
-64.846832
-64.846832
-64.843712
-64.843712
-64.828087
-64.831207
-64.846832
-64.843712
-64.846832
-64.843712
-64.831207
-64.828087
-64.81871
-64.799957
-64.824959
-64.799957
-64.809334
-64.81871
-64.803085
-64.812462
-64.815582
-64.809334
-64.824959
-64.809334
-64.824959
-64.815582
-64.828087
-64.834335
-64.834335
-64.846832
-64.849953
-64.856201
-64.862457
-64.856201
-64.868706
-64.859329
-64.868706
-64.887451
-64.859329
-64.849953
-64.846832
-64.840584
-64.81871
-64.809334
-64.803085
-64.806206
-64.815582
-64.81871
-64.831207
-64.837456
-64.837456
-64.834335
-64.828087
-64.837456
-64.812462
-64.809334
-64.799957
-64.803085
-64.790581
-64.790581
-64.806206
-64.806206
-64.78746
-64.809334
-64.790581
-64.796837
-64.812462
-64.796837
-64.796837
-64.78746
-64.768707
-64.771835
-64.771835
-64.768707
-64.765587
-64.765587
-64.765587
-64.771835
-64.781212
-64.771835
-64.781212
-64.774956
-64.768707
-64.774956
-64.768707
-64.784332
-64.771835
-64.771835
-64.778084
-64.781212
-64.762459
-64.759331
-64.728088
-64.703087
-64.703087
-64.712463
-64.696838
-64.718712
-64.731216
-64.731216
-64.743713
-64.746834
-64.740593
-64.712463
-64.740593
-64.740593
-64.746834
-64.740593
-64.746834
-64.753082
-64.743713
-64.749962
-64.740593
-64.728088
-64.715591
-64.737465
-64.731216
-64.743713
-64.749962
-64.746834
-64.746834
-64.734337
-64.718712
-64.728088
-64.718712
-64.731216
-64.743713
-64.718712
-64.724968
-64.746834
-64.749962
-64.746834
-64.765587
-64.743713
-64.765587
-64.746834
-64.737465
-64.746834
-64.746834
-64.746834
-64.746834
-64.753082
-64.746834
-64.746834
-64.731216
-64.728088
-64.706215
-64.696838
-64.709343
-64.728088
-64.712463
-64.734337
-64.734337
-64.734337
-64.746834
-64.731216
-64.715591
-64.72184
-64.737465
-64.72184
-64.728088
-64.724968
-64.724968
-64.709343
-64.712463
-64.746834
-64.746834
-64.746834
-64.75621
-64.753082
-64.765587
-64.762459
-64.762459
-64.753082
-64.774956
-64.771835
-64.781212
-64.796837
-64.746834
-64.743713
-64.753082
-64.746834
-64.734337
-64.731216
-64.724968
-64.72184
-64.728088
-64.72184
-64.737465
-64.746834
-64.737465
-64.743713
-64.762459
-64.740593
-64.746834
-64.746834
-64.734337
-64.734337
-64.753082
-64.718712
-64.724968
-64.746834
-64.746834
-64.746834
-64.737465
-64.731216
-64.734337
-64.749962
-64.743713
-64.75621
-64.715591
-64.737465
-64.749962
-64.743713
-64.743713
-64.724968
-64.72184
-64.740593
-64.743713
-64.740593
-64.734337
-64.709343
-64.728088
-64.746834
-64.724968
-64.753082
-64.746834
-64.749962
-64.740593
-64.743713
-64.728088
-64.734337
-64.731216
-64.734337
-64.743713
-64.734337
-64.731216
-64.734337
-64.75621
-64.737465
-64.746834
-64.731216
-64.753082
-64.768707
-64.749962
-64.746834
-64.746834
-64.749962
-64.746834
-64.746834
-64.715591
-64.724968
-64.740593
-64.746834
-64.749962
-64.734337
-64.746834
-64.731216
-64.734337
-64.731216
-64.746834
-64.753082
-64.762459
-64.759331
-64.75621
-64.759331
-64.746834
-64.765587
-64.759331
-64.759331
-64.740593
-64.734337
-64.72184
-64.728088
-64.734337
-64.731216
-64.728088
-64.728088
-64.728088
-64.699966
-64.706215
-64.712463
-64.712463
-64.734337
-64.724968
-64.724968
-64.746834
-64.728088
-64.75621
-64.765587
-64.746834
-64.749962
-64.762459
-64.771835
-64.762459
-64.771835
-64.778084
-64.781212
-64.759331
-64.759331
-64.774956
-64.75621
-64.746834
-64.75621
-64.743713
-64.718712
-64.734337
-64.731216
-64.724968
-64.706215
-64.72184
-64.743713
-64.734337
-64.72184
-64.728088
-64.72184
-64.737465
-64.734337
-64.734337
-64.743713
-64.746834
-64.746834
-64.734337
-64.734337
-64.724968
-64.712463
-64.709343
-64.696838
-64.724968
-64.696838
-64.696838
-64.731216
-64.724968
-64.72184
-64.72184
-64.706215
-64.69059
-64.703087
-64.687462
-64.696838
-64.712463
-64.709343
-64.718712
-64.718712
-64.703087
-64.715591
-64.712463
-64.699966
-64.728088
-64.731216
-64.706215
-64.724968
-64.734337
-64.746834
-64.746834
-64.75621
-64.759331
-64.762459
-64.768707
-64.759331
-64.771835
-64.749962
-64.746834
-64.746834
-64.746834
-64.753082
-64.746834
-64.743713
-64.737465
-64.712463
-64.72184
-64.728088
-64.715591
-64.712463
-64.740593
-64.746834
-64.753082
-64.762459
-64.75621
-64.749962
-64.784332
-64.774956
-64.790581
-64.784332
-64.781212
-64.768707
-64.771835
-64.746834
-64.737465
-64.743713
-64.731216
-64.746834
-64.749962
-64.743713
-64.746834
-64.746834
-64.746834
-64.75621
-64.768707
-64.771835
-64.803085
-64.781212
-64.781212
-64.790581
-64.75621
-64.753082
-64.762459
-64.784332
-64.771835
-64.743713
-64.746834
-64.737465
-64.753082
-64.72184
-64.734337
-64.743713
-64.746834
-64.749962
-64.746834
-64.746834
-64.771835
-64.746834
-64.746834
-64.743713
-64.724968
-64.740593
-64.731216
-64.712463
-64.724968
-64.715591
-64.712463
-64.728088
-64.718712
-64.731216
-64.737465
-64.728088
-64.737465
-64.728088
-64.728088
-64.715591
-64.709343
-64.696838
-64.696838
-64.706215
-64.696838
-64.709343
-64.709343
-64.699966
-64.699966
-64.706215
-64.712463
-64.69059
-64.696838
-64.699966
-64.715591
-64.743713
-64.737465
-64.724968
-64.703087
-64.693718
-64.706215
-64.687462
-64.668716
-64.681213
-64.681213
-64.709343
-64.696838
-64.706215
-64.728088
-64.731216
-64.746834
-64.734337
-64.765587
-64.740593
-64.740593
-64.75621
-64.753082
-64.765587
-64.743713
-64.762459
-64.746834
-64.740593
-64.749962
-64.746834
-64.746834
-64.72184
-64.696838
-64.709343
-64.731216
-64.737465
-64.753082
-64.740593
-64.753082
-64.743713
-64.746834
-64.762459
-64.768707
-64.778084
-64.762459
-64.75621
-64.753082
-64.753082
-64.774956
-64.774956
-64.765587
-64.771835
-64.774956
-64.765587
-64.746834
-64.737465
-64.737465
-64.728088
-64.715591
-64.749962
-64.749962
-64.737465
-64.746834
-64.749962
-64.746834
-64.75621
-64.774956
-64.771835
-64.765587
-64.75621
-64.743713
-64.743713
-64.743713
-64.75621
-64.781212
-64.768707
-64.743713
-64.771835
-64.781212
-64.768707
-64.790581
-64.799957
-64.78746
-64.768707
-64.75621
-64.75621
-64.768707
-64.740593
-64.759331
-64.762459
-64.762459
-64.762459
-64.765587
-64.75621
-64.784332
-64.774956
-64.771835
-64.790581
-64.78746
-64.78746
-64.796837
-64.803085
-64.806206
-64.781212
-64.78746
-64.803085
-64.796837
-64.78746
-64.78746
-64.781212
-64.784332
-64.812462
-64.793709
-64.765587
-64.78746
-64.803085
-64.799957
-64.799957
-64.831207
-64.796837
-64.796837
-64.803085
-64.824959
-64.831207
-64.815582
-64.806206
-64.806206
-64.803085
-64.768707
-64.753082
-64.743713
-64.75621
-64.771835
-64.771835
-64.793709
-64.784332
-64.778084
-64.774956
-64.768707
-64.790581
-64.78746
-64.771835
-64.790581
-64.781212
-64.78746
-64.778084
-64.765587
-64.746834
-64.759331
-64.759331
-64.75621
-64.768707
-64.771835
-64.765587
-64.768707
-64.768707
-64.768707
-64.78746
-64.796837
-64.781212
-64.774956
-64.781212
-64.78746
-64.806206
-64.799957
-64.806206
-64.809334
-64.796837
-64.803085
-64.803085
-64.821831
-64.815582
-64.821831
-64.812462
-64.806206
-64.796837
-64.821831
-64.824959
-64.815582
-64.806206
-64.803085
-64.765587
-64.799957
-64.799957
-64.784332
-64.821831
-64.81871
-64.81871
-64.837456
-64.831207
-64.821831
-64.843712
-64.834335
-64.824959
-64.828087
-64.81871
-64.834335
-64.834335
-64.812462
-64.831207
-64.828087
-64.824959
-64.821831
-64.81871
-64.81871
-64.809334
-64.790581
-64.796837
-64.806206
-64.799957
-64.812462
-64.815582
-64.799957
-64.796837
-64.799957
-64.809334
-64.793709
-64.81871
-64.815582
-64.81871
-64.803085
-64.796837
-64.793709
-64.784332
-64.796837
-64.803085
-64.799957
-64.799957
-64.781212
-64.78746
-64.790581
-64.790581
-64.793709
-64.781212
-64.790581
-64.784332
-64.796837
-64.771835
-64.793709
-64.812462
-64.815582
-64.793709
-64.81871
-64.799957
-64.796837
-64.799957
-64.799957
-64.790581
-64.809334
-64.812462
-64.806206
-64.796837
-64.784332
-64.790581
-64.799957
-64.790581
-64.784332
-64.778084
-64.778084
-64.784332
-64.784332
-64.790581
-64.806206
-64.799957
-64.815582
-64.828087
-64.815582
-64.828087
-64.824959
-64.812462
-64.796837
-64.796837
-64.796837
-64.809334
-64.799957
-64.78746
-64.796837
-64.796837
-64.790581
-64.781212
-64.796837
-64.774956
-64.771835
-64.781212
-64.778084
-64.768707
-64.771835
-64.771835
-64.765587
-64.771835
-64.778084
-64.784332
-64.778084
-64.778084
-64.793709
-64.796837
-64.78746
-64.796837
-64.812462
-64.821831
-64.81871
-64.803085
-64.803085
-64.815582
-64.809334
-64.834335
-64.831207
-64.815582
-64.828087
-64.809334
-64.81871
-64.824959
-64.803085
-64.821831
-64.815582
-64.796837
-64.793709
-64.803085
-64.793709
-64.803085
-64.812462
-64.799957
-64.796837
-64.790581
-64.78746
-64.790581
-64.790581
-64.784332
-64.793709
-64.778084
-64.781212
-64.784332
-64.774956
-64.781212
-64.803085
-64.78746
-64.799957
-64.81871
-64.812462
-64.812462
-64.803085
-64.81871
-64.803085
-64.803085
-64.793709
-64.793709
-64.809334
-64.799957
-64.81871
-64.809334
-64.806206
-64.821831
-64.812462
-64.812462
-64.796837
-64.799957
-64.806206
-64.78746
-64.793709
-64.806206
-64.78746
-64.784332
-64.799957
-64.796837
-64.78746
-64.778084
-64.759331
-64.774956
-64.771835
-64.784332
-64.778084
-64.781212
-64.796837
-64.796837
-64.790581
-64.78746
-64.790581
-64.784332
-64.796837
-64.803085
-64.796837
-64.778084
-64.771835
-64.796837
-64.790581
-64.806206
-64.796837
-64.796837
-64.796837
-64.796837
-64.796837
-64.815582
-64.815582
-64.815582
-64.821831
-64.806206
-64.78746
-64.803085
-64.793709
-64.790581
-64.796837
-64.78746
-64.799957
-64.799957
-64.809334
-64.821831
-64.796837
-64.809334
-64.796837
-64.799957
-64.812462
-64.81871
-64.796837
-64.799957
-64.806206
-64.790581
-64.778084
-64.778084
-64.762459
-64.762459
-64.774956
-64.765587
-64.781212
-64.759331
-64.771835
-64.781212
-64.771835
-64.793709
-64.806206
-64.806206
-64.796837
-64.809334
-64.790581
-64.796837
-64.790581
-64.790581
-64.784332
-64.784332
-64.768707
-64.768707
-64.75621
-64.75621
-64.75621
-64.749962
-64.765587
-64.78746
-64.803085
-64.799957
-64.790581
-64.790581
-64.771835
-64.781212
-64.771835
-64.768707
-64.762459
-64.75621
-64.759331
-64.737465
-64.743713
-64.746834
-64.765587
-64.749962
-64.75621
-64.746834
-64.734337
-64.740593
-64.746834
-64.765587
-64.771835
-64.774956
-64.806206
-64.821831
-64.803085
-64.78746
-64.790581
-64.784332
-64.781212
-64.78746
-64.774956
-64.796837
-64.815582
-64.812462
-64.790581
-64.78746
-64.78746
-64.774956
-64.762459
-64.784332
-64.790581
-64.771835
-64.765587
-64.78746
-64.771835
-64.759331
-64.759331
-64.743713
-64.759331
-64.774956
-64.746834
-64.759331
-64.765587
-64.771835
-64.753082
-64.759331
-64.749962
-64.765587
-64.771835
-64.771835
-64.759331
-64.778084
-64.75621
-64.768707
-64.771835
-64.765587
-64.784332
-64.778084
-64.78746
-64.778084
-64.765587
-64.771835
-64.765587
-64.771835
-64.759331
-64.753082
-64.746834
-64.749962
-64.759331
-64.740593
-64.753082
-64.765587
-64.774956
-64.771835
-64.771835
-64.749962
-64.746834
-64.771835
-64.765587
-64.762459
-64.753082
-64.753082
-64.746834
-64.75621
-64.771835
-64.771835
-64.793709
-64.803085
-64.809334
-64.799957
-64.796837
-64.771835
-64.771835
-64.759331
-64.75621
-64.762459
-64.781212
-64.75621
-64.784332
-64.765587
-64.765587
-64.765587
-64.743713
-64.746834
-64.746834
-64.746834
-64.746834
-64.75621
-64.746834
-64.753082
-64.75621
-64.749962
-64.746834
-64.753082
-64.746834
-64.743713
-64.737465
-64.737465
-64.734337
-64.715591
-64.718712
-64.706215
-64.724968
-64.724968
-64.712463
-64.731216
-64.765587
-64.75621
-64.740593
-64.762459
-64.762459
-64.75621
-64.768707
-64.774956
-64.778084
-64.778084
-64.762459
-64.768707
-64.771835
-64.762459
-64.753082
-64.749962
-64.762459
-64.759331
-64.771835
-64.778084
-64.746834
-64.759331
-64.771835
-64.753082
-64.759331
-64.762459
-64.759331
-64.749962
-64.731216
-64.734337
-64.765587
-64.765587
-64.762459
-64.746834
-64.762459
-64.768707
-64.749962
-64.759331
-64.749962
-64.734337
-64.746834
-64.734337
-64.731216
-64.740593
-64.75621
-64.75621
-64.753082
-64.759331
-64.774956
-64.743713
-64.759331
-64.753082
-64.765587
-64.746834
-64.759331
-64.759331
-64.753082
-64.746834
-64.762459
-64.759331
-64.771835
-64.771835
-64.759331
-64.774956
-64.746834
-64.72184
-64.734337
-64.746834
-64.740593
-64.753082
-64.753082
-64.762459
-64.759331
-64.746834
-64.746834
-64.771835
-64.746834
-64.72184
-64.746834
-64.746834
-64.731216
-64.734337
-64.740593
-64.743713
-64.712463
-64.703087
-64.728088
-64.731216
-64.712463
-64.740593
-64.737465
-64.737465
-64.740593
-64.743713
-64.734337
-64.740593
-64.765587
-64.771835
-64.765587
-64.749962
-64.749962
-64.768707
-64.768707
-64.765587
-64.784332
-64.768707
-64.768707
-64.762459
-64.774956
-64.778084
-64.781212
-64.781212
-64.781212
-64.790581
-64.793709
-64.796837
-64.790581
-64.768707
-64.771835
-64.771835
-64.759331
-64.759331
-64.771835
-64.771835
-64.762459
-64.762459
-64.768707
-64.746834
-64.753082
-64.743713
-64.737465
-64.749962
-64.762459
-64.768707
-64.781212
-64.765587
-64.771835
-64.768707
-64.799957
-64.78746
-64.78746
-64.781212
-64.771835
-64.778084
-64.781212
-64.778084
-64.784332
-64.762459
-64.759331
-64.778084
-64.784332
-64.771835
-64.765587
-64.75621
-64.759331
-64.781212
-64.771835
-64.753082
-64.759331
-64.749962
-64.765587
-64.781212
-64.75621
-64.765587
-64.793709
-64.771835
-64.768707
-64.762459
-64.753082
-64.759331
-64.743713
-64.734337
-64.746834
-64.75621
-64.759331
-64.75621
-64.753082
-64.765587
-64.753082
-64.753082
-64.753082
-64.746834
-64.749962
-64.771835
-64.762459
-64.765587
-64.759331
-64.753082
-64.759331
-64.781212
-64.781212
-64.799957
-64.778084
-64.778084
-64.774956
-64.796837
-64.778084
-64.793709
-64.799957
-64.771835
-64.774956
-64.790581
-64.784332
-64.771835
-64.781212
-64.793709
-64.774956
-64.796837
-64.78746
-64.774956
-64.793709
-64.806206
-64.806206
-64.799957
-64.799957
-64.78746
-64.778084
-64.771835
-64.781212
-64.806206
-64.803085
-64.812462
-64.799957
-64.821831
-64.796837
-64.796837
-64.78746
-64.790581
-64.768707
-64.784332
-64.778084
-64.793709
-64.790581
-64.793709
-64.803085
-64.821831
-64.809334
-64.840584
-64.840584
-64.834335
-64.846832
-64.846832
-64.828087
-64.840584
-64.828087
-64.840584
-64.837456
-64.834335
-64.837456
-64.81871
-64.806206
-64.815582
-64.824959
-64.821831
-64.809334
-64.831207
-64.806206
-64.821831
-64.799957
-64.790581
-64.790581
-64.778084
-64.762459
-64.771835
-64.784332
-64.784332
-64.809334
-64.803085
-64.793709
-64.803085
-64.803085
-64.809334
-64.812462
-64.812462
-64.803085
-64.796837
-64.781212
-64.806206
-64.796837
-64.796837
-64.815582
-64.793709
-64.781212
-64.778084
-64.799957
-64.793709
-64.790581
-64.796837
-64.793709
-64.806206
-64.793709
-64.784332
-64.781212
-64.778084
-64.778084
-64.784332
-64.774956
-64.778084
-64.768707
-64.781212
-64.784332
-64.806206
-64.793709
-64.78746
-64.781212
-64.774956
-64.765587
-64.759331
-64.768707
-64.75621
-64.774956
-64.796837
-64.803085
-64.781212
-64.790581
-64.796837
-64.778084
-64.771835
-64.778084
-64.765587
-64.774956
-64.768707
-64.778084
-64.781212
-64.796837
-64.796837
-64.799957
-64.803085
-64.815582
-64.824959
-64.806206
-64.799957
-64.803085
-64.796837
-64.762459
-64.781212
-64.753082
-64.749962
-64.765587
-64.762459
-64.759331
-64.762459
-64.759331
-64.793709
-64.768707
-64.774956
-64.790581
-64.781212
-64.762459
-64.771835
-64.762459
-64.762459
-64.768707
-64.762459
-64.771835
-64.75621
-64.746834
-64.734337
-64.724968
-64.740593
-64.740593
-64.743713
-64.759331
-64.75621
-64.740593
-64.734337
-64.746834
-64.728088
-64.728088
-64.709343
-64.706215
-64.718712
-64.724968
-64.737465
-64.746834
-64.762459
-64.749962
-64.746834
-64.759331
-64.749962
-64.743713
-64.72184
-64.740593
-64.759331
-64.75621
-64.768707
-64.768707
-64.75621
-64.753082
-64.765587
-64.75621
-64.743713
-64.734337
-64.728088
-64.765587
-64.743713
-64.740593
-64.740593
-64.737465
-64.715591
-64.740593
-64.743713
-64.734337
-64.737465
-64.724968
-64.737465
-64.746834
-64.746834
-64.746834
-64.746834
-64.734337
-64.743713
-64.743713
-64.731216
-64.731216
-64.737465
-64.728088
-64.75621
-64.765587
-64.768707
-64.759331
-64.737465
-64.728088
-64.72184
-64.724968
-64.737465
-64.737465
-64.743713
-64.724968
-64.746834
-64.743713
-64.75621
-64.765587
-64.75621
-64.765587
-64.762459
-64.75621
-64.743713
-64.734337
-64.753082
-64.759331
-64.737465
-64.743713
-64.753082
-64.734337
-64.731216
-64.734337
-64.724968
-64.72184
-64.724968
-64.72184
-64.715591
-64.734337
-64.728088
-64.731216
-64.749962
-64.724968
-64.724968
-64.72184
-64.728088
-64.740593
-64.731216
-64.731216
-64.746834
-64.743713
-64.740593
-64.737465
-64.731216
-64.718712
-64.718712
-64.728088
-64.724968
-64.718712
-64.709343
-64.706215
-64.706215
-64.728088
-64.737465
-64.740593
-64.746834
-64.759331
-64.746834
-64.743713
-64.746834
-64.724968
-64.718712
-64.728088
-64.731216
-64.740593
-64.737465
-64.731216
-64.728088
-64.737465
-64.746834
-64.734337
-64.728088
-64.734337
-64.746834
-64.75621
-64.734337
-64.72184
-64.718712
-64.706215
-64.718712
-64.703087
-64.709343
-64.69059
-64.696838
-64.699966
-64.696838
-64.699966
-64.731216
-64.731216
-64.706215
-64.715591
-64.728088
-64.712463
-64.715591
-64.69059
-64.687462
-64.72184
-64.696838
-64.696838
-64.715591
-64.715591
-64.699966
-64.696838
-64.693718
-64.693718
-64.712463
-64.709343
-64.72184
-64.72184
-64.696838
-64.709343
-64.706215
-64.706215
-64.715591
-64.709343
-64.687462
-64.696838
-64.696838
-64.703087
-64.718712
-64.712463
-64.699966
-64.696838
-64.706215
-64.687462
-64.693718
-64.699966
-64.703087
-64.709343
-64.699966
-64.696838
-64.703087
-64.706215
-64.696838
-64.699966
-64.699966
-64.728088
-64.728088
-64.699966
-64.699966
-64.706215
-64.696838
-64.709343
-64.72184
-64.731216
-64.737465
-64.72184
-64.715591
-64.72184
-64.728088
-64.734337
-64.731216
-64.737465
-64.753082
-64.75621
-64.765587
-64.753082
-64.737465
-64.737465
-64.743713
-64.72184
-64.737465
-64.749962
-64.734337
-64.728088
-64.72184
-64.709343
-64.718712
-64.703087
-64.715591
-64.715591
-64.706215
-64.706215
-64.718712
-64.709343
-64.696838
-64.712463
-64.712463
-64.699966
-64.712463
-64.699966
-64.693718
-64.69059
-64.699966
-64.703087
-64.696838
-64.693718
-64.709343
-64.72184
-64.728088
-64.703087
-64.693718
-64.706215
-64.712463
-64.712463
-64.696838
-64.69059
-64.656212
-64.671837
-64.668716
-64.678093
-64.687462
-64.693718
-64.684341
-64.696838
-64.687462
-64.706215
-64.684341
-64.696838
-64.678093
-64.696838
-64.706215
-64.703087
-64.718712
-64.709343
-64.731216
-64.724968
-64.703087
-64.696838
-64.693718
-64.696838
-64.69059
-64.696838
-64.681213
-64.681213
-64.706215
-64.699966
-64.703087
-64.684341
-64.693718
-64.696838
-64.69059
-64.678093
-64.69059
-64.696838
-64.69059
-64.69059
-64.693718
-64.703087
-64.703087
-64.696838
-64.693718
-64.712463
-64.699966
-64.731216
-64.746834
-64.718712
-64.703087
-64.703087
-64.703087
-64.699966
-64.678093
-64.668716
-64.678093
-64.693718
-64.696838
-64.706215
-64.693718
-64.678093
-64.69059
-64.693718
-64.706215
-64.699966
-64.709343
-64.718712
-64.728088
-64.724968
-64.724968
-64.728088
-64.72184
-64.703087
-64.69059
-64.693718
-64.69059
-64.684341
-64.684341
-64.665588
-64.668716
-64.656212
-64.665588
-64.69059
-64.693718
-64.709343
-64.693718
-64.712463
-64.699966
-64.696838
-64.696838
-64.703087
-64.696838
-64.693718
-64.696838
-64.699966
-64.706215
-64.693718
-64.696838
-64.684341
-64.678093
-64.678093
-64.684341
-64.69059
-64.69059
-64.699966
-64.684341
-64.681213
-64.696838
-64.709343
-64.706215
-64.72184
-64.706215
-64.715591
-64.703087
-64.693718
-64.709343
-64.69059
-64.699966
-64.718712
-64.712463
-64.696838
-64.72184
-64.715591
-64.718712
-64.715591
-64.718712
-64.728088
-64.712463
-64.703087
-64.69059
-64.715591
-64.718712
-64.746834
-64.715591
-64.712463
-64.72184
-64.706215
-64.696838
-64.703087
-64.703087
-64.709343
-64.72184
-64.709343
-64.728088
-64.731216
-64.740593
-64.734337
-64.724968
-64.737465
-64.753082
-64.759331
-64.746834
-64.728088
-64.712463
-64.728088
-64.72184
-64.696838
-64.699966
-64.715591
-64.709343
-64.731216
-64.72184
-64.709343
-64.734337
-64.740593
-64.715591
-64.728088
-64.728088
-64.728088
-64.740593
-64.724968
-64.706215
-64.724968
-64.696838
-64.712463
-64.706215
-64.712463
-64.709343
-64.715591
-64.709343
-64.696838
-64.69059
-64.684341
-64.69059
-64.69059
-64.709343
-64.706215
-64.734337
-64.728088
-64.72184
-64.72184
-64.699966
-64.728088
-64.72184
-64.731216
-64.72184
-64.699966
-64.699966
-64.699966
-64.703087
-64.696838
-64.671837
-64.674965
-64.65934
-64.693718
-64.718712
-64.728088
-64.718712
-64.712463
-64.718712
-64.703087
-64.715591
-64.712463
-64.728088
-64.715591
-64.740593
-64.72184
-64.728088
-64.706215
-64.712463
-64.72184
-64.72184
-64.709343
-64.718712
-64.72184
-64.734337
-64.740593
-64.737465
-64.731216
-64.746834
-64.746834
-64.743713
-64.740593
-64.718712
-64.728088
-64.746834
-64.740593
-64.746834
-64.75621
-64.734337
-64.731216
-64.712463
-64.703087
-64.696838
-64.696838
-64.696838
-64.734337
-64.715591
-64.734337
-64.740593
-64.734337
-64.731216
-64.728088
-64.737465
-64.740593
-64.746834
-64.743713
-64.740593
-64.753082
-64.743713
-64.728088
-64.737465
-64.728088
-64.724968
-64.709343
-64.696838
-64.712463
-64.709343
-64.718712
-64.740593
-64.743713
-64.746834
-64.740593
-64.746834
-64.746834
-64.715591
-64.724968
-64.718712
-64.737465
-64.728088
-64.753082
-64.746834
-64.746834
-64.746834
-64.737465
-64.72184
-64.696838
-64.684341
-64.712463
-64.72184
-64.743713
-64.743713
-64.762459
-64.765587
-64.778084
-64.765587
-64.746834
-64.746834
-64.749962
-64.746834
-64.740593
-64.749962
-64.740593
-64.743713
-64.731216
-64.734337
-64.746834
-64.753082
-64.731216
-64.734337
-64.712463
-64.718712
-64.724968
-64.718712
-64.724968
-64.746834
-64.728088
-64.72184
-64.709343
-64.728088
-64.734337
-64.746834
-64.75621
-64.731216
-64.72184
-64.712463
-64.737465
-64.728088
-64.712463
-64.703087
-64.696838
-64.696838
-64.696838
-64.69059
-64.684341
-64.69059
-64.712463
-64.72184
-64.731216
-64.728088
-64.712463
-64.699966
-64.699966
-64.706215
-64.687462
-64.684341
-64.693718
-64.69059
-64.696838
-64.687462
-64.684341
-64.696838
-64.696838
-64.703087
-64.72184
-64.718712
-64.699966
-64.724968
-64.709343
-64.706215
-64.72184
-64.712463
-64.706215
-64.715591
-64.696838
-64.696838
-64.696838
-64.699966
-64.696838
-64.712463
-64.706215
-64.696838
-64.699966
-64.696838
-64.715591
-64.706215
-64.72184
-64.712463
-64.715591
-64.715591
-64.712463
-64.703087
-64.703087
-64.712463
-64.718712
-64.718712
-64.724968
-64.724968
-64.709343
-64.696838
-64.696838
-64.703087
-64.696838
-64.684341
-64.684341
-64.696838
-64.696838
-64.696838
-64.699966
-64.671837
-64.678093
-64.671837
-64.696838
-64.703087
-64.703087
-64.699966
-64.715591
-64.712463
-64.712463
-64.718712
-64.696838
-64.696838
-64.696838
-64.69059
-64.671837
-64.696838
-64.72184
-64.72184
-64.709343
-64.699966
-64.703087
-64.709343
-64.715591
-64.731216
-64.72184
-64.746834
-64.746834
-64.75621
-64.731216
-64.737465
-64.743713
-64.737465
-64.746834
-64.746834
-64.740593
-64.731216
-64.712463
-64.699966
-64.699966
-64.706215
-64.715591
-64.703087
-64.699966
-64.696838
-64.706215
-64.696838
-64.699966
-64.696838
-64.703087
-64.718712
-64.72184
-64.718712
-64.712463
-64.703087
-64.728088
-64.728088
-64.696838
-64.696838
-64.696838
-64.681213
-64.684341
-64.706215
-64.703087
-64.728088
-64.703087
-64.693718
-64.699966
-64.681213
-64.693718
-64.696838
-64.687462
-64.69059
-64.681213
-64.678093
-64.671837
-64.678093
-64.65934
-64.678093
-64.674965
-64.678093
-64.684341
-64.665588
-64.684341
-64.693718
-64.681213
-64.696838
-64.693718
-64.699966
-64.696838
-64.709343
-64.715591
-64.731216
-64.731216
-64.712463
-64.728088
-64.699966
-64.696838
-64.693718
-64.687462
-64.696838
-64.709343
-64.681213
-64.681213
-64.715591
-64.699966
-64.681213
-64.671837
-64.687462
-64.69059
-64.696838
-64.687462
-64.693718
-64.674965
-64.674965
-64.662468
-64.674965
-64.681213
-64.671837
-64.69059
-64.743713
-64.799957
-64.853081
-64.837456
-64.846832
-64.828087
-64.809334
-64.834335
-64.828087
-64.796837
-64.799957
-64.790581
-64.768707
-64.75621
-64.762459
-64.765587
-64.765587
-64.75621
-64.768707
-64.75621
-64.746834
-64.749962
-64.746834
-64.753082
-64.740593
-64.743713
-64.734337
-64.731216
-64.728088
-64.724968
-64.696838
-64.696838
-64.687462
-64.696838
-64.703087
-64.718712
-64.715591
-64.699966
-64.696838
-64.715591
-64.728088
-64.706215
-64.709343
-64.696838
-64.699966
-64.703087
-64.696838
-64.696838
-64.687462
-64.69059
-64.693718
-64.69059
-64.684341
-64.678093
-64.69059
-64.684341
-64.687462
-64.668716
-64.662468
-64.665588
-64.684341
-64.699966
-64.696838
-64.715591
-64.699966
-64.715591
-64.706215
-64.696838
-64.696838
-64.709343
-64.709343
-64.712463
-64.696838
-64.693718
-64.668716
-64.65934
-64.656212
-64.674965
-64.687462
-64.687462
-64.696838
-64.693718
-64.693718
-64.706215
-64.712463
-64.72184
-64.728088
-64.712463
-64.696838
-64.69059
-64.674965
-64.665588
-64.678093
-64.69059
-64.678093
-64.703087
-64.684341
-64.696838
-64.696838
-64.706215
-64.703087
-64.699966
-64.696838
-64.678093
-64.699966
-64.712463
-64.724968
-64.699966
-64.703087
-64.715591
-64.712463
-64.696838
-64.709343
-64.728088
-64.703087
-64.740593
-64.72184
-64.709343
-64.724968
-64.706215
-64.715591
-64.709343
-64.706215
-64.712463
-64.684341
-64.693718
-64.684341
-64.684341
-64.674965
-64.681213
-64.684341
-64.69059
-64.69059
-64.69059
-64.687462
-64.706215
-64.706215
-64.696838
-64.687462
-64.699966
-64.72184
-64.718712
-64.72184
-64.715591
-64.72184
-64.696838
-64.696838
-64.706215
-64.693718
-64.703087
-64.703087
-64.699966
-64.696838
-64.696838
-64.693718
-64.706215
-64.706215
-64.734337
-64.734337
-64.724968
-64.734337
-64.734337
-64.712463
-64.740593
-64.753082
-64.740593
-64.737465
-64.703087
-64.703087
-64.709343
-64.709343
-64.715591
-64.728088
-64.743713
-64.706215
-64.715591
-64.715591
-64.712463
-64.737465
-64.724968
-64.706215
-64.728088
-64.72184
-64.72184
-64.746834
-64.724968
-64.746834
-64.731216
-64.734337
-64.737465
-64.715591
-64.737465
-64.743713
-64.746834
-64.753082
-64.746834
-64.737465
-64.728088
-64.746834
-64.728088
-64.728088
-64.728088
-64.734337
-64.728088
-64.746834
-64.746834
-64.724968
-64.734337
-64.728088
-64.728088
-64.715591
-64.718712
-64.715591
-64.709343
-64.706215
-64.712463
-64.715591
-64.693718
-64.712463
-64.693718
-64.671837
-64.678093
-64.668716
-64.671837
-64.687462
-64.699966
-64.696838
-64.687462
-64.696838
-64.709343
-64.724968
-64.72184
-64.712463
-64.72184
-64.718712
-64.731216
-64.731216
-64.737465
-64.731216
-64.753082
-64.737465
-64.746834
-64.731216
-64.734337
-64.734337
-64.731216
-64.743713
-64.746834
-64.753082
-64.768707
-64.740593
-64.728088
-64.718712
-64.706215
-64.696838
-64.709343
-64.718712
-64.724968
-64.728088
-64.734337
-64.743713
-64.759331
-64.762459
-64.781212
-64.771835
-64.765587
-64.778084
-64.759331
-64.765587
-64.749962
-64.746834
-64.746834
-64.734337
-64.731216
-64.749962
-64.72184
-64.734337
-64.743713
-64.737465
-64.743713
-64.746834
-64.746834
-64.740593
-64.740593
-64.746834
-64.753082
-64.765587
-64.759331
-64.759331
-64.768707
-64.762459
-64.749962
-64.768707
-64.740593
-64.749962
-64.746834
-64.740593
-64.753082
-64.743713
-64.737465
-64.749962
-64.759331
-64.75621
-64.762459
-64.753082
-64.762459
-64.796837
-64.78746
-64.784332
-64.765587
-64.771835
-64.762459
-64.749962
-64.759331
-64.768707
-64.771835
-64.768707
-64.768707
-64.793709
-64.793709
-64.790581
-64.806206
-64.796837
-64.806206
-64.81871
-64.812462
-64.806206
-64.778084
-64.803085
-64.790581
-64.78746
-64.781212
-64.796837
-64.796837
-64.790581
-64.806206
-64.806206
-64.806206
-64.824959
-64.821831
-64.81871
-64.815582
-64.815582
-64.806206
-64.803085
-64.799957
-64.790581
-64.784332
-64.793709
-64.78746
-64.78746
-64.796837
-64.812462
-64.812462
-64.799957
-64.809334
-64.812462
-64.771835
-64.781212
-64.803085
-64.803085
-64.793709
-64.793709
-64.806206
-64.790581
-64.774956
-64.784332
-64.78746
-64.778084
-64.806206
-64.809334
-64.809334
-64.793709
-64.793709
-64.774956
-64.809334
-64.796837
-64.790581
-64.778084
-64.781212
-64.771835
-64.771835
-64.793709
-64.803085
-64.796837
-64.821831
-64.799957
-64.809334
-64.812462
-64.796837
-64.803085
-64.78746
-64.790581
-64.803085
-64.790581
-64.78746
-64.796837
-64.799957
-64.815582
-64.796837
-64.790581
-64.790581
-64.784332
-64.774956
-64.762459
-64.762459
-64.774956
-64.784332
-64.774956
-64.778084
-64.781212
-64.768707
-64.781212
-64.793709
-64.796837
-64.790581
-64.78746
-64.784332
-64.803085
-64.793709
-64.821831
-64.821831
-64.837456
-64.81871
-64.793709
-64.778084
-64.774956
-64.781212
-64.781212
-64.793709
-64.78746
-64.790581
-64.784332
-64.771835
-64.790581
-64.796837
-64.771835
-64.796837
-64.793709
-64.781212
-64.78746
-64.790581
-64.784332
-64.812462
-64.824959
-64.796837
-64.784332
-64.765587
-64.75621
-64.771835
-64.753082
-64.75621
-64.762459
-64.749962
-64.75621
-64.790581
-64.781212
-64.78746
-64.778084
-64.765587
-64.781212
-64.774956
-64.774956
-64.774956
-64.78746
-64.765587
-64.762459
-64.765587
-64.768707
-64.771835
-64.753082
-64.749962
-64.759331
-64.75621
-64.765587
-64.75621
-64.746834
-64.753082
-64.746834
-64.75621
-64.740593
-64.749962
-64.72184
-64.743713
-64.759331
-64.753082
-64.746834
-64.731216
-64.746834
-64.759331
-64.753082
-64.753082
-64.746834
-64.737465
-64.740593
-64.768707
-64.762459
-64.765587
-64.759331
-64.762459
-64.771835
-64.765587
-64.784332
-64.78746
-64.771835
-64.781212
-64.771835
-64.790581
-64.790581
-64.799957
-64.784332
-64.771835
-64.759331
-64.759331
-64.743713
-64.749962
-64.740593
-64.731216
-64.746834
-64.737465
-64.746834
-64.746834
-64.749962
-64.759331
-64.759331
-64.749962
-64.743713
-64.743713
-64.746834
-64.778084
-64.749962
-64.765587
-64.771835
-64.749962
-64.781212
-64.78746
-64.768707
-64.753082
-64.749962
-64.746834
-64.728088
-64.743713
-64.743713
-64.753082
-64.771835
-64.746834
-64.753082
-64.759331
-64.75621
-64.759331
-64.746834
-64.746834
-64.759331
-64.737465
-64.746834
-64.746834
-64.743713
-64.743713
-64.743713
-64.72184
-64.72184
-64.737465
-64.734337
-64.75621
-64.737465
-64.75621
-64.771835
-64.762459
-64.743713
-64.740593
-64.746834
-64.734337
-64.731216
-64.724968
-64.737465
-64.724968
-64.715591
-64.746834
-64.728088
-64.72184
-64.715591
-64.718712
-64.699966
-64.712463
-64.706215
-64.706215
-64.703087
-64.699966
-64.712463
-64.724968
-64.693718
-64.706215
-64.696838
-64.703087
-64.69059
-64.699966
-64.693718
-64.696838
-64.69059
-64.681213
-64.674965
-64.668716
-64.671837
-64.662468
-64.662468
-64.69059
-64.715591
-64.715591
-64.715591
-64.703087
-64.703087
-64.709343
-64.69059
-64.696838
-64.681213
-64.681213
-64.671837
-64.671837
-64.656212
-64.668716
-64.665588
-64.69059
-64.674965
-64.696838
-64.718712
-64.699966
-64.718712
-64.699966
-64.696838
-64.687462
-64.678093
-64.684341
-64.656212
-64.671837
-64.668716
-64.668716
-64.668716
-64.684341
-64.681213
-64.696838
-64.706215
-64.696838
-64.693718
-64.696838
-64.706215
-64.706215
-64.696838
-64.684341
-64.696838
-64.712463
-64.715591
-64.72184
-64.72184
-64.709343
-64.718712
-64.709343
-64.696838
-64.696838
-64.712463
-64.696838
-64.703087
-64.696838
-64.712463
-64.696838
-64.696838
-64.693718
-64.709343
-64.703087
-64.706215
-64.718712
-64.718712
-64.718712
-64.743713
-64.718712
-64.728088
-64.712463
-64.718712
-64.749962
-64.746834
-64.743713
-64.753082
-64.753082
-64.746834
-64.753082
-64.749962
-64.749962
-64.768707
-64.778084
-64.778084
-64.781212
-64.749962
-64.746834
-64.75621
-64.743713
-64.737465
-64.734337
-64.72184
-64.728088
-64.753082
-64.753082
-64.740593
-64.75621
-64.75621
-64.734337
-64.746834
-64.762459
-64.774956
-64.731216
-64.746834
-64.75621
-64.734337
-64.746834
-64.746834
-64.724968
-64.734337
-64.737465
-64.734337
-64.746834
-64.759331
-64.765587
-64.753082
-64.746834
-64.740593
-64.724968
-64.72184
-64.731216
-64.724968
-64.743713
-64.740593
-64.731216
-64.734337
-64.746834
-64.759331
-64.759331
-64.765587
-64.781212
-64.768707
-64.753082
-64.746834
-64.737465
-64.753082
-64.746834
-64.749962
-64.734337
-64.728088
-64.731216
-64.72184
-64.746834
-64.746834
-64.762459
-64.778084
-64.749962
-64.746834
-64.743713
-64.746834
-64.746834
-64.737465
-64.749962
-64.746834
-64.759331
-64.743713
-64.724968
-64.746834
-64.746834
-64.746834
-64.765587
-64.778084
-64.774956
-64.762459
-64.759331
-64.746834
-64.778084
-64.771835
-64.746834
-64.75621
-64.771835
-64.762459
-64.759331
-64.75621
-64.743713
-64.740593
-64.743713
-64.737465
-64.731216
-64.740593
-64.740593
-64.731216
-64.712463
-64.712463
-64.728088
-64.724968
-64.731216
-64.728088
-64.703087
-64.712463
-64.703087
-64.706215
-64.715591
-64.728088
-64.706215
-64.699966
-64.709343
-64.706215
-64.734337
-64.715591
-64.734337
-64.737465
-64.743713
-64.734337
-64.72184
-64.734337
-64.746834
-64.746834
-64.743713
-64.746834
-64.740593
-64.715591
-64.715591
-64.703087
-64.699966
-64.706215
-64.709343
-64.72184
-64.728088
-64.737465
-64.718712
-64.718712
-64.715591
-64.724968
-64.709343
-64.703087
-64.696838
-64.706215
-64.69059
-64.696838
-64.687462
-64.696838
-64.696838
-64.712463
-64.69059
-64.696838
-64.703087
-64.684341
-64.696838
-64.696838
-64.681213
-64.693718
-64.681213
-64.696838
-64.696838
-64.696838
-64.703087
-64.69059
-64.696838
-64.696838
-64.709343
-64.715591
-64.734337
-64.740593
-64.731216
-64.72184
-64.715591
-64.731216
-64.737465
-64.728088
-64.746834
-64.731216
-64.72184
-64.740593
-64.746834
-64.743713
-64.749962
-64.737465
-64.743713
-64.746834
-64.753082
-64.749962
-64.746834
-64.746834
-64.743713
-64.746834
-64.746834
-64.746834
-64.759331
-64.749962
-64.740593
-64.718712
-64.706215
-64.734337
-64.746834
-64.734337
-64.759331
-64.753082
-64.768707
-64.746834
-64.75621
-64.759331
-64.743713
-64.734337
-64.746834
-64.746834
-64.731216
-64.724968
-64.696838
-64.706215
-64.699966
-64.696838
-64.724968
-64.740593
-64.737465
-64.731216
-64.737465
-64.712463
-64.696838
-64.743713
-64.746834
-64.746834
-64.762459
-64.75621
-64.746834
-64.749962
-64.740593
-64.759331
-64.774956
-64.762459
-64.746834
-64.75621
-64.768707
-64.771835
-64.765587
-64.774956
-64.768707
-64.746834
-64.759331
-64.759331
-64.749962
-64.759331
-64.765587
-64.781212
-64.762459
-64.749962
-64.75621
-64.75621
-64.746834
-64.734337
-64.749962
-64.740593
-64.734337
-64.746834
-64.699966
-64.696838
-64.696838
-64.709343
-64.724968
-64.746834
-64.72184
-64.746834
-64.771835
-64.774956
-64.75621
-64.759331
-64.749962
-64.765587
-64.762459
-64.75621
-64.72184
-64.724968
-64.703087
-64.72184
-64.737465
-64.746834
-64.743713
-64.712463
-64.724968
-64.731216
-64.699966
-64.703087
-64.734337
-64.712463
-64.740593
-64.728088
-64.712463
-64.715591
-64.731216
-64.734337
-64.771835
-64.762459
-64.731216
-64.734337
-64.715591
-64.709343
-64.706215
-64.703087
-64.696838
-64.703087
-64.72184
-64.731216
-64.718712
-64.724968
-64.749962
-64.746834
-64.734337
-64.746834
-64.740593
-64.734337
-64.746834
-64.740593
-64.749962
-64.740593
-64.746834
-64.731216
-64.746834
-64.715591
-64.746834
-64.734337
-64.731216
-64.734337
-64.759331
-64.746834
-64.75621
-64.731216
-64.746834
-64.731216
-64.737465
-64.746834
-64.746834
-64.746834
-64.734337
-64.715591
-64.72184
-64.724968
-64.743713
-64.72184
-64.718712
-64.734337
-64.712463
-64.731216
-64.715591
-64.715591
-64.712463
-64.728088
-64.731216
-64.724968
-64.75621
-64.731216
-64.728088
-64.728088
-64.728088
-64.728088
-64.709343
-64.712463
-64.731216
-64.718712
-64.728088
-64.743713
-64.740593
-64.734337
-64.737465
-64.734337
-64.728088
-64.743713
-64.740593
-64.712463
-64.718712
-64.737465
-64.724968
-64.718712
-64.740593
-64.765587
-64.746834
-64.759331
-64.768707
-64.762459
-64.768707
-64.771835
-64.762459
-64.771835
-64.778084
-64.784332
-64.784332
-64.784332
-64.796837
-64.781212
-64.774956
-64.78746
-64.809334
-64.790581
-64.774956
-64.799957
-64.796837
-64.771835
-64.778084
-64.759331
-64.75621
-64.762459
-64.743713
-64.771835
-64.749962
-64.746834
-64.753082
-64.749962
-64.746834
-64.749962
-64.778084
-64.771835
-64.778084
-64.771835
-64.762459
-64.768707
-64.759331
-64.771835
-64.778084
-64.806206
-64.796837
-64.790581
-64.784332
-64.796837
-64.809334
-64.799957
-64.796837
-64.774956
-64.759331
-64.762459
-64.771835
-64.762459
-64.753082
-64.759331
-64.784332
-64.765587
-64.753082
-64.768707
-64.746834
-64.746834
-64.78746
-64.771835
-64.778084
-64.771835
-64.75621
-64.749962
-64.746834
-64.743713
-64.753082
-64.746834
-64.746834
-64.734337
-64.746834
-64.753082
-64.75621
-64.765587
-64.753082
-64.762459
-64.765587
-64.759331
-64.749962
-64.759331
-64.759331
-64.771835
-64.784332
-64.793709
-64.771835
-64.771835
-64.762459
-64.762459
-64.759331
-64.746834
-64.740593
-64.749962
-64.737465
-64.743713
-64.743713
-64.740593
-64.746834
-64.740593
-64.737465
-64.746834
-64.746834
-64.746834
-64.746834
-64.759331
-64.768707
-64.746834
-64.749962
-64.740593
-64.737465
-64.746834
-64.743713
-64.724968
-64.718712
-64.724968
-64.709343
-64.696838
-64.712463
-64.712463
-64.69059
-64.696838
-64.681213
-64.709343
-64.696838
-64.715591
-64.709343
-64.72184
-64.712463
-64.728088
-64.728088
-64.737465
-64.743713
-64.734337
-64.728088
-64.731216
-64.709343
-64.706215
-64.703087
-64.709343
-64.696838
-64.703087
-64.681213
-64.684341
-64.69059
-64.684341
-64.693718
-64.706215
-64.715591
-64.715591
-64.712463
-64.706215
-64.715591
-64.696838
-64.678093
-64.687462
-64.674965
-64.687462
-64.671837
-64.65934
-64.65934
-64.668716
-64.678093
-64.693718
-64.699966
-64.718712
-64.709343
-64.715591
-64.728088
-64.728088
-64.72184
-64.72184
-64.712463
-64.696838
-64.696838
-64.718712
-64.69059
-64.696838
-64.706215
-64.684341
-64.693718
-64.696838
-64.662468
-64.65934
-64.665588
-64.674965
-64.668716
-64.65934
-64.649963
-64.671837
-64.656212
-64.640594
-64.646843
-64.634346
-64.643723
-64.649963
-64.634346
-64.643723
-64.640594
-64.637466
-64.643723
-64.646843
-64.640594
-64.646843
-64.65934
-64.665588
-64.674965
-64.665588
-64.656212
-64.646843
-64.634346
-64.640594
-64.65934
-64.646843
-64.649963
-64.681213
-64.671837
-64.649963
-64.662468
-64.637466
-64.65934
-64.65934
-64.646843
-64.646843
-64.637466
-64.653091
-64.665588
-64.646843
-64.649963
-64.643723
-64.662468
-64.643723
-64.65934
-64.634346
-64.640594
-64.631218
-64.631218
-64.621841
-64.609344
-64.628098
-64.634346
-64.634346
-64.646843
-64.668716
-64.653091
-64.65934
-64.665588
-64.653091
-64.646843
-64.646843
-64.662468
-64.662468
-64.640594
-64.653091
-64.637466
-64.649963
-64.643723
-64.653091
-64.624969
-64.624969
-64.631218
-64.643723
-64.637466
-64.646843
-64.646843
-64.637466
-64.643723
-64.628098
-64.65934
-64.662468
-64.668716
-64.671837
-64.674965
-64.678093
-64.69059
-64.681213
-64.665588
-64.668716
-64.681213
-64.684341
-64.681213
-64.681213
-64.665588
-64.656212
-64.656212
-64.653091
-64.665588
-64.646843
-64.649963
-64.65934
-64.646843
-64.649963
-64.665588
-64.649963
-64.665588
-64.662468
-64.646843
-64.649963
-64.65934
-64.653091
-64.646843
-64.643723
-64.640594
-64.640594
-64.649963
-64.637466
-64.640594
-64.628098
-64.615593
-64.606216
-64.603096
-64.615593
-64.615593
-64.624969
-64.624969
-64.624969
-64.621841
-64.624969
-64.634346
-64.599968
-64.606216
-64.596848
-64.640594
-64.634346
-64.615593
-64.628098
-64.640594
-64.640594
-64.634346
-64.628098
-64.618721
-64.631218
-64.624969
-64.596848
-64.609344
-64.615593
-64.618721
-64.624969
-64.612473
-64.621841
-64.606216
-64.606216
-64.590591
-64.603096
-64.590591
-64.584343
-64.596848
-64.587471
-64.584343
-64.574966
-64.584343
-64.578094
-64.584343
-64.596848
-64.606216
-64.606216
-64.599968
-64.621841
-64.618721
-64.624969
-64.631218
-64.631218
-64.634346
-64.612473
-64.634346
-64.640594
-64.646843
-64.646843
-64.646843
-64.646843
-64.631218
-64.624969
-64.628098
-64.609344
-64.631218
-64.631218
-64.609344
-64.609344
-64.612473
-64.609344
-64.606216
-64.612473
-64.637466
-64.637466
-64.634346
-64.609344
-64.609344
-64.618721
-64.643723
-64.643723
-64.646843
-64.624969
-64.628098
-64.628098
-64.628098
-64.646843
-64.646843
-64.634346
-64.621841
-64.612473
-64.618721
-64.612473
-64.609344
-64.618721
-64.609344
-64.624969
-64.609344
-64.596848
-64.612473
-64.624969
-64.612473
-64.596848
-64.603096
-64.581223
-64.584343
-64.596848
-64.596848
-64.593719
-64.599968
-64.599968
-64.606216
-64.606216
-64.599968
-64.599968
-64.593719
-64.581223
-64.596848
-64.578094
-64.581223
-64.587471
-64.568718
-64.584343
-64.590591
-64.590591
-64.609344
-64.615593
-64.615593
-64.631218
-64.615593
-64.631218
-64.634346
-64.609344
-64.618721
-64.618721
-64.593719
-64.587471
-64.596848
-64.581223
-64.574966
-64.603096
-64.606216
-64.606216
-64.606216
-64.596848
-64.596848
-64.603096
-64.596848
-64.615593
-64.615593
-64.615593
-64.618721
-64.615593
-64.603096
-64.606216
-64.590591
-64.603096
-64.603096
-64.615593
-64.603096
-64.615593
-64.615593
-64.621841
-64.606216
-64.603096
-64.628098
-64.628098
-64.596848
-64.621841
-64.590591
-64.599968
-64.615593
-64.606216
-64.593719
-64.609344
-64.578094
-64.593719
-64.571846
-64.565598
-64.546844
-64.531227
-64.521851
-64.546844
-64.540596
-64.534348
-64.556221
-64.543724
-64.540596
-64.543724
-64.531227
-64.549973
-64.559341
-64.543724
-64.537476
-64.553093
-64.574966
-64.568718
-64.549973
-64.556221
-64.571846
-64.578094
-64.562469
-64.578094
-64.562469
-64.556221
-64.531227
-64.540596
-64.534348
-64.528099
-64.515602
-64.546844
-64.562469
-64.546844
-64.546844
-64.581223
-64.571846
-64.568718
-64.574966
-64.565598
-64.559341
-64.568718
-64.556221
-64.556221
-64.559341
-64.543724
-64.549973
-64.549973
-64.559341
-64.559341
-64.546844
-64.549973
-64.562469
-64.571846
-64.590591
-64.596848
-64.574966
-64.584343
-64.599968
-64.565598
-64.578094
-64.596848
-64.587471
-64.590591
-64.603096
-64.584343
-64.615593
-64.615593
-64.618721
-64.624969
-64.599968
-64.609344
-64.612473
-64.603096
-64.609344
-64.621841
-64.615593
-64.612473
-64.596848
-64.596848
-64.606216
-64.618721
-64.606216
-64.606216
-64.596848
-64.596848
-64.609344
-64.606216
-64.609344
-64.615593
-64.609344
-64.596848
-64.599968
-64.599968
-64.590591
-64.603096
-64.599968
-64.596848
-64.596848
-64.590591
-64.574966
-64.618721
-64.628098
-64.618721
-64.634346
-64.637466
-64.634346
-64.618721
-64.631218
-64.640594
-64.640594
-64.640594
-64.662468
-64.65934
-64.646843
-64.640594
-64.640594
-64.621841
-64.618721
-64.606216
-64.609344
-64.609344
-64.628098
-64.643723
-64.612473
-64.599968
-64.609344
-64.621841
-64.624969
-64.609344
-64.596848
-64.593719
-64.609344
-64.606216
-64.609344
-64.612473
-64.599968
-64.590591
-64.612473
-64.574966
-64.578094
-64.581223
-64.581223
-64.590591
-64.553093
-64.568718
-64.584343
-64.568718
-64.581223
-64.603096
-64.590591
-64.593719
-64.621841
-64.603096
-64.587471
-64.609344
-64.596848
-64.596848
-64.603096
-64.606216
-64.609344
-64.615593
-64.606216
-64.615593
-64.615593
-64.628098
-64.634346
-64.634346
-64.603096
-64.618721
-64.596848
-64.581223
-64.578094
-64.553093
-64.556221
-64.546844
-64.559341
-64.553093
-64.574966
-64.556221
-64.565598
-64.559341
-64.559341
-64.568718
-64.546844
-64.556221
-64.565598
-64.578094
-64.587471
-64.612473
-64.578094
-64.565598
-64.596848
-64.584343
-64.593719
-64.612473
-64.609344
-64.634346
-64.621841
-64.631218
-64.612473
-64.615593
-64.618721
-64.621841
-64.618721
-64.609344
-64.590591
-64.596848
-64.590591
-64.593719
-64.603096
-64.587471
-64.596848
-64.590591
-64.587471
-64.584343
-64.578094
-64.574966
-64.609344
-64.574966
-64.568718
-64.578094
-64.562469
-64.581223
-64.587471
-64.606216
-64.634346
-64.624969
-64.596848
-64.615593
-64.590591
-64.587471
-64.599968
-64.599968
-64.612473
-64.596848
-64.581223
-64.574966
-64.571846
-64.553093
-64.540596
-64.528099
-64.537476
-64.556221
-64.556221
-64.546844
-64.556221
-64.543724
-64.553093
-64.559341
-64.571846
-64.584343
-64.587471
-64.571846
-64.559341
-64.546844
-64.559341
-64.553093
-64.556221
-64.568718
-64.574966
-64.568718
-64.571846
-64.578094
-64.578094
-64.553093
-64.553093
-64.559341
-64.574966
-64.549973
-64.587471
-64.596848
-64.596848
-64.593719
-64.599968
-64.574966
-64.562469
-64.571846
-64.556221
-64.559341
-64.581223
-64.568718
-64.559341
-64.578094
-64.553093
-64.581223
-64.590591
-64.562469
-64.556221
-64.553093
-64.562469
-64.578094
-64.581223
-64.571846
-64.571846
-64.584343
-64.584343
-64.578094
-64.581223
-64.581223
-64.565598
-64.587471
-64.596848
-64.587471
-64.568718
-64.562469
-64.584343
-64.559341
-64.562469
-64.590591
-64.556221
-64.571846
-64.568718
-64.587471
-64.568718
-64.590591
-64.590591
-64.596848
-64.609344
-64.578094
-64.574966
-64.571846
-64.553093
-64.565598
-64.559341
-64.574966
-64.565598
-64.562469
-64.581223
-64.587471
-64.590591
-64.571846
-64.590591
-64.574966
-64.565598
-64.587471
-64.559341
-64.581223
-64.593719
-64.587471
-64.612473
-64.606216
-64.581223
-64.593719
-64.571846
-64.581223
-64.574966
-64.556221
-64.553093
-64.546844
-64.540596
-64.543724
-64.571846
-64.568718
-64.571846
-64.574966
-64.571846
-64.587471
-64.596848
-64.590591
-64.609344
-64.615593
-64.618721
-64.603096
-64.593719
-64.590591
-64.599968
-64.612473
-64.609344
-64.615593
-64.596848
-64.612473
-64.609344
-64.578094
-64.571846
-64.578094
-64.571846
-64.593719
-64.590591
-64.571846
-64.571846
-64.565598
-64.565598
-64.571846
-64.565598
-64.556221
-64.559341
-64.559341
-64.537476
-64.546844
-64.546844
-64.568718
-64.571846
-64.578094
-64.581223
-64.593719
-64.596848
-64.584343
-64.568718
-64.565598
-64.565598
-64.568718
-64.568718
-64.571846
-64.556221
-64.593719
-64.587471
-64.565598
-64.559341
-64.556221
-64.543724
-64.543724
-64.553093
-64.537476
-64.559341
-64.568718
-64.549973
-64.565598
-64.556221
-64.553093
-64.549973
-64.534348
-64.540596
-64.537476
-64.546844
-64.528099
-64.543724
-64.540596
-64.521851
-64.503098
-64.506226
-64.496849
-64.496849
-64.496849
-64.509346
-64.512474
-64.512474
-64.499977
-64.512474
-64.509346
-64.531227
-64.528099
-64.518723
-64.524971
-64.506226
-64.524971
-64.518723
-64.521851
-64.531227
-64.515602
-64.518723
-64.540596
-64.515602
-64.521851
-64.521851
-64.534348
-64.518723
-64.521851
-64.518723
-64.509346
-64.509346
-64.506226
-64.506226
-64.515602
-64.509346
-64.496849
-64.496849
-64.481224
-64.487473
-64.496849
-64.493721
-64.512474
-64.496849
-64.496849
-64.481224
-64.503098
-64.499977
-64.503098
-64.496849
-64.496849
-64.509346
-64.493721
-64.499977
-64.521851
-64.524971
-64.503098
-64.512474
-64.503098
-64.534348
-64.528099
-64.521851
-64.562469
-64.540596
-64.543724
-64.556221
-64.553093
-64.556221
-64.568718
-64.546844
-64.540596
-64.543724
-64.556221
-64.571846
-64.578094
-64.556221
-64.543724
-64.546844
-64.540596
-64.543724
-64.553093
-64.531227
-64.537476
-64.553093
-64.549973
-64.549973
-64.553093
-64.559341
-64.559341
-64.565598
-64.593719
-64.596848
-64.596848
-64.596848
-64.596848
-64.593719
-64.593719
-64.590591
-64.603096
-64.603096
-64.596848
-64.565598
-64.596848
-64.590591
-64.593719
-64.609344
-64.618721
-64.606216
-64.590591
-64.609344
-64.606216
-64.621841
-64.618721
-64.621841
-64.606216
-64.628098
-64.640594
-64.634346
-64.612473
-64.615593
-64.628098
-64.618721
-64.621841
-64.621841
-64.628098
-64.631218
-64.609344
-64.615593
-64.612473
-64.615593
-64.637466
-64.637466
-64.646843
-64.646843
-64.656212
-64.637466
-64.637466
-64.646843
-64.628098
-64.646843
-64.653091
-64.646843
-64.656212
-64.646843
-64.646843
-64.656212
-64.662468
-64.646843
-64.653091
-64.656212
-64.646843
-64.656212
-64.646843
-64.653091
-64.646843
-64.662468
-64.681213
-64.646843
-64.624969
-64.634346
-64.615593
-64.628098
-64.637466
-64.628098
-64.606216
-64.615593
-64.628098
-64.628098
-64.606216
-64.603096
-64.609344
-64.634346
-64.634346
-64.631218
-64.653091
-64.640594
-64.631218
-64.628098
-64.624969
-64.615593
-64.643723
-64.640594
-64.628098
-64.621841
-64.628098
-64.624969
-64.631218
-64.643723
-64.628098
-64.646843
-64.649963
-64.649963
-64.643723
-64.643723
-64.646843
-64.612473
-64.596848
-64.621841
-64.612473
-64.606216
-64.603096
-64.596848
-64.593719
-64.574966
-64.593719
-64.599968
-64.584343
-64.596848
-64.593719
-64.593719
-64.596848
-64.596848
-64.599968
-64.606216
-64.596848
-64.596848
-64.581223
-64.596848
-64.603096
-64.606216
-64.596848
-64.621841
-64.621841
-64.618721
-64.596848
-64.615593
-64.581223
-64.574966
-64.615593
-64.599968
-64.612473
-64.603096
-64.581223
-64.562469
-64.584343
-64.571846
-64.565598
-64.571846
-64.556221
-64.556221
-64.543724
-64.553093
-64.571846
-64.581223
-64.574966
-64.578094
-64.565598
-64.556221
-64.556221
-64.543724
-64.534348
-64.534348
-64.540596
-64.546844
-64.549973
-64.543724
-64.546844
-64.546844
-64.559341
-64.578094
-64.568718
-64.587471
-64.587471
-64.587471
-64.596848
-64.609344
-64.596848
-64.596848
-64.599968
-64.581223
-64.587471
-64.584343
-64.568718
-64.565598
-64.565598
-64.553093
-64.565598
-64.559341
-64.565598
-64.562469
-64.581223
-64.578094
-64.571846
-64.565598
-64.568718
-64.587471
-64.568718
-64.590591
-64.584343
-64.584343
-64.568718
-64.571846
-64.546844
-64.559341
-64.562469
-64.568718
-64.578094
-64.568718
-64.574966
-64.596848
-64.581223
-64.584343
-64.599968
-64.571846
-64.574966
-64.599968
-64.587471
-64.587471
-64.568718
-64.584343
-64.568718
-64.571846
-64.556221
-64.546844
-64.559341
-64.546844
-64.562469
-64.565598
-64.571846
-64.571846
-64.549973
-64.565598
-64.562469
-64.549973
-64.531227
-64.553093
-64.549973
-64.546844
-64.562469
-64.553093
-64.556221
-64.568718
-64.543724
-64.531227
-64.528099
-64.531227
-64.521851
-64.521851
-64.509346
-64.537476
-64.562469
-64.559341
-64.574966
-64.581223
-64.581223
-64.596848
-64.593719
-64.606216
-64.571846
-64.574966
-64.584343
-64.587471
-64.584343
-64.584343
-64.571846
-64.559341
-64.571846
-64.574966
-64.559341
-64.571846
-64.556221
-64.562469
-64.562469
-64.549973
-64.549973
-64.546844
-64.549973
-64.549973
-64.562469
-64.571846
-64.565598
-64.546844
-64.571846
-64.596848
-64.581223
-64.581223
-64.574966
-64.571846
-64.578094
-64.578094
-64.590591
-64.584343
-64.606216
-64.624969
-64.612473
-64.612473
-64.624969
-64.637466
-64.628098
-64.615593
-64.634346
-64.628098
-64.615593
-64.618721
-64.596848
-64.568718
-64.590591
-64.584343
-64.574966
-64.596848
-64.581223
-64.556221
-64.562469
-64.553093
-64.549973
-64.559341
-64.543724
-64.540596
-64.546844
-64.531227
-64.524971
-64.534348
-64.540596
-64.540596
-64.546844
-64.546844
-64.568718
-64.574966
-64.578094
-64.593719
-64.606216
-64.590591
-64.578094
-64.599968
-64.571846
-64.571846
-64.584343
-64.587471
-64.603096
-64.609344
-64.615593
-64.606216
-64.603096
-64.606216
-64.615593
-64.609344
-64.606216
-64.606216
-64.603096
-64.628098
-64.609344
-64.628098
-64.637466
-64.634346
-64.637466
-64.628098
-64.628098
-64.628098
-64.643723
-64.65934
-64.649963
-64.646843
-64.65934
-64.653091
-64.656212
-64.646843
-64.640594
-64.634346
-64.618721
-64.621841
-64.618721
-64.628098
-64.624969
-64.643723
-64.653091
-64.662468
-64.646843
-64.653091
-64.656212
-64.649963
-64.640594
-64.640594
-64.634346
-64.628098
-64.615593
-64.596848
-64.621841
-64.615593
-64.621841
-64.612473
-64.609344
-64.590591
-64.593719
-64.596848
-64.624969
-64.615593
-64.603096
-64.621841
-64.618721
-64.609344
-64.609344
-64.621841
-64.606216
-64.615593
-64.596848
-64.593719
-64.584343
-64.581223
-64.571846
-64.599968
-64.606216
-64.596848
-64.603096
-64.596848
-64.603096
-64.621841
-64.615593
-64.612473
-64.628098
-64.621841
-64.634346
-64.593719
-64.587471
-64.590591
-64.559341
-64.574966
-64.584343
-64.596848
-64.587471
-64.599968
-64.584343
-64.578094
-64.596848
-64.612473
-64.618721
-64.631218
-64.618721
-64.615593
-64.581223
-64.568718
-64.584343
-64.581223
-64.587471
-64.590591
-64.581223
-64.587471
-64.603096
-64.599968
-64.596848
-64.593719
-64.599968
-64.593719
-64.606216
-64.596848
-64.571846
-64.584343
-64.571846
-64.584343
-64.593719
-64.593719
-64.596848
-64.581223
-64.590591
-64.618721
-64.596848
-64.606216
-64.596848
-64.593719
-64.578094
-64.562469
-64.571846
-64.568718
-64.549973
-64.553093
-64.553093
-64.571846
-64.556221
-64.549973
-64.549973
-64.546844
-64.556221
-64.562469
-64.568718
-64.559341
-64.565598
-64.556221
-64.549973
-64.556221
-64.553093
-64.546844
-64.556221
-64.556221
-64.546844
-64.553093
-64.571846
-64.581223
-64.596848
-64.590591
-64.562469
-64.549973
-64.587471
-64.584343
-64.590591
-64.596848
-64.590591
-64.596848
-64.584343
-64.584343
-64.584343
-64.612473
-64.593719
-64.587471
-64.587471
-64.596848
-64.590591
-64.581223
-64.571846
-64.596848
-64.587471
-64.565598
-64.571846
-64.571846
-64.571846
-64.578094
-64.593719
-64.581223
-64.581223
-64.574966
-64.596848
-64.599968
-64.603096
-64.596848
-64.596848
-64.606216
-64.606216
-64.612473
-64.590591
-64.590591
-64.590591
-64.596848
-64.606216
-64.603096
-64.596848
-64.606216
-64.603096
-64.587471
-64.571846
-64.574966
-64.599968
-64.612473
-64.593719
-64.584343
-64.596848
-64.606216
-64.628098
-64.596848
-64.590591
-64.603096
-64.606216
-64.603096
-64.634346
-64.628098
-64.615593
-64.653091
-64.646843
-64.65934
-64.665588
-64.649963
-64.646843
-64.640594
-64.618721
-64.618721
-64.621841
-64.609344
-64.615593
-64.609344
-64.590591
-64.596848
-64.609344
-64.609344
-64.643723
-64.631218
-64.634346
-64.656212
-64.634346
-64.640594
-64.646843
-64.634346
-64.637466
-64.649963
-64.631218
-64.640594
-64.653091
-64.640594
-64.649963
-64.640594
-64.640594
-64.65934
-64.653091
-64.653091
-64.665588
-64.665588
-64.665588
-64.678093
-64.668716
-64.678093
-64.681213
-64.646843
-64.656212
-64.653091
-64.640594
-64.649963
-64.643723
-64.640594
-64.656212
-64.637466
-64.621841
-64.649963
-64.640594
-64.631218
-64.649963
-64.640594
-64.646843
-64.640594
-64.643723
-64.653091
-64.637466
-64.634346
-64.656212
-64.653091
-64.662468
-64.668716
-64.678093
-64.662468
-64.668716
-64.662468
-64.665588
-64.662468
-64.646843
-64.665588
-64.678093
-64.681213
-64.671837
-64.684341
-64.687462
-64.712463
-64.728088
-64.724968
-64.706215
-64.743713
-64.740593
-64.72184
-64.731216
-64.712463
-64.740593
-64.743713
-64.734337
-64.743713
-64.749962
-64.740593
-64.734337
-64.746834
-64.712463
-64.72184
-64.728088
-64.743713
-64.762459
-64.746834
-64.746834
-64.768707
-64.740593
-64.743713
-64.746834
-64.746834
-64.746834
-64.734337
-64.731216
-64.734337
-64.737465
-64.731216
-64.737465
-64.72184
-64.746834
-64.746834
-64.728088
-64.746834
-64.740593
-64.715591
-64.724968
-64.712463
-64.709343
-64.731216
-64.703087
-64.718712
-64.724968
-64.731216
-64.72184
-64.740593
-64.728088
-64.718712
-64.728088
-64.718712
-64.709343
-64.724968
-64.724968
-64.72184
-64.715591
-64.699966
-64.706215
-64.72184
-64.737465
-64.740593
-64.746834
-64.740593
-64.743713
-64.715591
-64.737465
-64.734337
-64.712463
-64.709343
-64.69059
-64.703087
-64.693718
-64.69059
-64.678093
-64.693718
-64.699966
-64.69059
-64.696838
-64.696838
-64.718712
-64.724968
-64.72184
-64.699966
-64.715591
-64.718712
-64.728088
-64.740593
-64.740593
-64.746834
-64.743713
-64.715591
-64.734337
-64.731216
-64.718712
-64.737465
-64.734337
-64.72184
-64.737465
-64.737465
-64.731216
-64.753082
-64.746834
-64.749962
-64.753082
-64.746834
-64.724968
-64.734337
-64.718712
-64.731216
-64.746834
-64.740593
-64.746834
-64.728088
-64.712463
-64.706215
-64.703087
-64.712463
-64.746834
-64.731216
-64.715591
-64.709343
-64.715591
-64.712463
-64.709343
-64.709343
-64.715591
-64.699966
-64.712463
-64.699966
-64.696838
-64.696838
-64.709343
-64.715591
-64.718712
-64.740593
-64.746834
-64.724968
-64.72184
-64.731216
-64.724968
-64.724968
-64.740593
-64.75621
-64.75621
-64.759331
-64.746834
-64.774956
-64.740593
-64.740593
-64.731216
-64.696838
-64.706215
-64.715591
-64.703087
-64.696838
-64.696838
-64.712463
-64.724968
-64.703087
-64.72184
-64.72184
-64.703087
-64.699966
-64.696838
-64.715591
-64.69059
-64.712463
-64.696838
-64.696838
-64.684341
-64.69059
-64.696838
-64.703087
-64.684341
-64.69059
-64.703087
-64.709343
-64.696838
-64.712463
-64.731216
-64.734337
-64.746834
-64.746834
-64.753082
-64.724968
-64.703087
-64.718712
-64.72184
-64.706215
-64.696838
-64.712463
-64.728088
-64.72184
-64.712463
-64.740593
-64.72184
-64.706215
-64.753082
-64.740593
-64.740593
-64.740593
-64.715591
-64.712463
-64.696838
-64.709343
-64.72184
-64.740593
-64.703087
-64.743713
-64.737465
-64.746834
-64.762459
-64.746834
-64.740593
-64.734337
-64.746834
-64.728088
-64.72184
-64.709343
-64.72184
-64.737465
-64.712463
-64.72184
-64.746834
-64.746834
-64.743713
-64.728088
-64.715591
-64.737465
-64.737465
-64.737465
-64.72184
-64.734337
-64.728088
-64.712463
-64.706215
-64.693718
-64.743713
-64.72184
-64.72184
-64.715591
-64.699966
-64.699966
-64.699966
-64.72184
-64.718712
-64.718712
-64.718712
-64.709343
-64.696838
-64.696838
-64.72184
-64.706215
-64.706215
-64.693718
-64.656212
-64.649963
-64.671837
-64.671837
-64.674965
-64.696838
-64.696838
-64.696838
-64.706215
-64.715591
-64.712463
-64.724968
-64.728088
-64.715591
-64.728088
-64.709343
-64.703087
-64.706215
-64.696838
-64.737465
-64.740593
-64.740593
-64.759331
-64.746834
-64.759331
-64.765587
-64.75621
-64.749962
-64.753082
-64.749962
-64.765587
-64.762459
-64.749962
-64.765587
-64.774956
-64.75621
-64.75621
-64.762459
-64.75621
-64.749962
-64.749962
-64.731216
-64.762459
-64.724968
-64.724968
-64.740593
-64.746834
-64.731216
-64.746834
-64.746834
-64.724968
-64.731216
-64.72184
-64.746834
-64.75621
-64.746834
-64.762459
-64.753082
-64.75621
-64.75621
-64.753082
-64.753082
-64.768707
-64.796837
-64.796837
-64.781212
-64.778084
-64.806206
-64.806206
-64.78746
-64.784332
-64.803085
-64.78746
-64.774956
-64.78746
-64.790581
-64.803085
-64.809334
-64.771835
-64.793709
-64.793709
-64.796837
-64.796837
-64.771835
-64.771835
-64.765587
-64.771835
-64.753082
-64.746834
-64.743713
-64.737465
-64.75621
-64.737465
-64.740593
-64.746834
-64.724968
-64.72184
-64.737465
-64.75621
-64.746834
-64.734337
-64.72184
-64.699966
-64.693718
-64.693718
-64.703087
-64.696838
-64.696838
-64.699966
-64.72184
-64.703087
-64.699966
-64.696838
-64.703087
-64.72184
-64.728088
-64.734337
-64.740593
-64.72184
-64.737465
-64.718712
-64.693718
-64.693718
-64.699966
-64.696838
-64.687462
-64.665588
-64.681213
-64.684341
-64.678093
-64.674965
-64.665588
-64.662468
-64.662468
-64.662468
-64.653091
-64.678093
-64.65934
-64.684341
-64.681213
-64.678093
-64.681213
-64.696838
-64.684341
-64.674965
-64.684341
-64.687462
-64.69059
-64.687462
-64.678093
-64.681213
-64.693718
-64.671837
-64.678093
-64.668716
-64.69059
-64.699966
-64.696838
-64.681213
-64.693718
-64.693718
-64.671837
-64.696838
-64.684341
-64.696838
-64.668716
-64.696838
-64.693718
-64.69059
-64.718712
-64.709343
-64.709343
-64.696838
-64.712463
-64.706215
-64.703087
-64.712463
-64.699966
-64.715591
-64.706215
-64.703087
-64.703087
-64.706215
-64.712463
-64.709343
-64.72184
-64.709343
-64.712463
-64.693718
-64.699966
-64.731216
-64.706215
-64.693718
-64.69059
-64.696838
-64.696838
-64.678093
-64.684341
-64.696838
-64.715591
-64.706215
-64.69059
-64.696838
-64.703087
-64.706215
-64.72184
-64.718712
-64.746834
-64.731216
-64.737465
-64.731216
-64.743713
-64.696838
-64.715591
-64.703087
-64.728088
-64.718712
-64.706215
-64.687462
-64.687462
-64.671837
-64.656212
-64.684341
-64.696838
-64.681213
-64.674965
-64.678093
-64.696838
-64.696838
-64.69059
-64.681213
-64.684341
-64.687462
-64.681213
-64.684341
-64.696838
-64.715591
-64.709343
-64.712463
-64.699966
-64.699966
-64.696838
-64.696838
-64.684341
-64.706215
-64.703087
-64.703087
-64.728088
-64.703087
-64.69059
-64.696838
-64.687462
-64.693718
-64.678093
-64.684341
-64.681213
-64.696838
-64.696838
-64.681213
-64.693718
-64.671837
-64.681213
-64.671837
-64.671837
-64.696838
-64.69059
-64.712463
-64.703087
-64.703087
-64.703087
-64.715591
-64.703087
-64.696838
-64.712463
-64.696838
-64.706215
-64.712463
-64.678093
-64.699966
-64.69059
-64.699966
-64.678093
-64.678093
-64.678093
-64.696838
-64.696838
-64.696838
-64.696838
-64.712463
-64.699966
-64.715591
-64.718712
-64.724968
-64.72184
-64.715591
-64.696838
-64.696838
-64.687462
-64.687462
-64.687462
-64.693718
-64.696838
-64.709343
-64.715591
-64.724968
-64.728088
-64.728088
-64.734337
-64.72184
-64.709343
-64.703087
-64.715591
-64.703087
-64.699966
-64.706215
-64.706215
-64.693718
-64.693718
-64.674965
-64.671837
-64.665588
-64.653091
-64.671837
-64.637466
-64.656212
-64.684341
-64.678093
-64.696838
-64.69059
-64.687462
-64.696838
-64.69059
-64.681213
-64.703087
-64.696838
-64.678093
-64.674965
-64.687462
-64.69059
-64.696838
-64.696838
-64.696838
-64.709343
-64.72184
-64.728088
-64.706215
-64.72184
-64.712463
-64.724968
-64.706215
-64.72184
-64.715591
-64.703087
-64.724968
-64.718712
-64.715591
-64.72184
-64.715591
-64.696838
-64.703087
-64.715591
-64.703087
-64.696838
-64.693718
-64.709343
-64.712463
-64.72184
-64.709343
-64.687462
-64.696838
-64.696838
-64.696838
-64.715591
-64.706215
-64.69059
-64.687462
-64.678093
-64.656212
-64.678093
-64.668716
-64.665588
-64.665588
-64.668716
-64.681213
-64.665588
-64.671837
-64.671837
-64.693718
-64.687462
-64.671837
-64.693718
-64.696838
-64.703087
-64.724968
-64.69059
-64.678093
-64.696838
-64.69059
-64.69059
-64.684341
-64.649963
-64.671837
-64.65934
-64.684341
-64.69059
-64.696838
-64.69059
-64.696838
-64.687462
-64.674965
-64.684341
-64.696838
-64.687462
-64.706215
-64.706215
-64.687462
-64.699966
-64.684341
-64.687462
-64.69059
-64.696838
-64.687462
-64.696838
-64.696838
-64.696838
-64.681213
-64.678093
-64.662468
-64.668716
-64.678093
-64.687462
-64.681213
-64.69059
-64.687462
-64.69059
-64.69059
-64.69059
-64.678093
-64.678093
-64.674965
-64.646843
-64.656212
-64.649963
-64.649963
-64.640594
-64.646843
-64.631218
-64.628098
-64.624969
-64.634346
-64.656212
-64.637466
-64.646843
-64.646843
-64.646843
-64.653091
-64.665588
-64.643723
-64.653091
-64.646843
-64.624969
-64.628098
-64.643723
-64.643723
-64.643723
-64.646843
-64.640594
-64.643723
-64.646843
-64.649963
-64.65934
-64.656212
-64.646843
-64.662468
-64.684341
-64.684341
-64.681213
-64.665588
-64.665588
-64.671837
-64.69059
-64.671837
-64.662468
-64.662468
-64.653091
-64.649963
-64.646843
-64.656212
-64.640594
-64.628098
-64.643723
-64.640594
-64.643723
-64.646843
-64.643723
-64.653091
-64.653091
-64.649963
-64.646843
-64.65934
-64.649963
-64.649963
-64.634346
-64.646843
-64.646843
-64.631218
-64.624969
-64.631218
-64.640594
-64.65934
-64.665588
-64.637466
-64.646843
-64.646843
-64.646843
-64.643723
-64.653091
-64.646843
-64.640594
-64.643723
-64.637466
-64.621841
-64.634346
-64.618721
-64.624969
-64.609344
-64.609344
-64.628098
-64.628098
-64.621841
-64.640594
-64.621841
-64.640594
-64.656212
-64.65934
-64.662468
-64.646843
-64.656212
-64.649963
-64.643723
-64.637466
-64.628098
-64.615593
-64.615593
-64.631218
-64.612473
-64.621841
-64.637466
-64.628098
-64.615593
-64.628098
-64.624969
-64.640594
-64.649963
-64.643723
-64.631218
-64.649963
-64.656212
-64.643723
-64.646843
-64.634346
-64.634346
-64.615593
-64.621841
-64.621841
-64.609344
-64.590591
-64.596848
-64.603096
-64.609344
-64.609344
-64.634346
-64.634346
-64.628098
-64.606216
-64.624969
-64.640594
-64.646843
-64.665588
-64.646843
-64.646843
-64.646843
-64.624969
-64.646843
-64.646843
-64.640594
-64.640594
-64.637466
-64.624969
-64.624969
-64.631218
-64.631218
-64.656212
-64.656212
-64.656212
-64.662468
-64.640594
-64.646843
-64.656212
-64.665588
-64.653091
-64.653091
-64.646843
-64.646843
-64.671837
-64.678093
-64.687462
-64.678093
-64.674965
-64.693718
-64.671837
-64.674965
-64.687462
-64.684341
-64.671837
-64.65934
-64.653091
-64.646843
-64.65934
-64.634346
-64.628098
-64.615593
-64.615593
-64.631218
-64.640594
-64.640594
-64.637466
-64.643723
-64.628098
-64.646843
-64.65934
-64.643723
-64.634346
-64.640594
-64.637466
-64.637466
-64.637466
-64.603096
-64.628098
-64.618721
-64.612473
-64.609344
-64.640594
-64.640594
-64.631218
-64.621841
-64.618721
-64.643723
-64.621841
-64.612473
-64.624969
-64.631218
-64.628098
-64.628098
-64.65934
-64.668716
-64.649963
-64.640594
-64.640594
-64.631218
-64.618721
-64.631218
-64.612473
-64.612473
-64.628098
-64.624969
-64.609344
-64.606216
-64.615593
-64.615593
-64.612473
-64.612473
-64.609344
-64.646843
-64.628098
-64.649963
-64.640594
-64.624969
-64.640594
-64.646843
-64.624969
-64.615593
-64.612473
-64.612473
-64.615593
-64.615593
-64.618721
-64.637466
-64.615593
-64.615593
-64.599968
-64.603096
-64.612473
-64.599968
-64.578094
-64.596848
-64.603096
-64.612473
-64.606216
-64.621841
-64.612473
-64.603096
-64.612473
-64.596848
-64.606216
-64.593719
-64.565598
-64.562469
-64.574966
-64.559341
-64.578094
-64.574966
-64.609344
-64.599968
-64.606216
-64.596848
-64.606216
-64.596848
-64.599968
-64.609344
-64.599968
-64.599968
-64.596848
-64.596848
-64.603096
-64.612473
-64.599968
-64.612473
-64.606216
-64.596848
-64.596848
-64.578094
-64.581223
-64.609344
-64.606216
-64.628098
-64.603096
-64.606216
-64.606216
-64.606216
-64.603096
-64.624969
-64.628098
-64.621841
-64.646843
-64.646843
-64.646843
-64.643723
-64.624969
-64.631218
-64.637466
-64.628098
-64.624969
-64.599968
-64.581223
-64.609344
-64.596848
-64.593719
-64.590591
-64.581223
-64.578094
-64.584343
-64.574966
-64.581223
-64.603096
-64.596848
-64.609344
-64.590591
-64.581223
-64.590591
-64.596848
-64.568718
-64.559341
-64.593719
-64.574966
-64.571846
-64.559341
-64.546844
-64.543724
-64.540596
-64.540596
-64.534348
-64.496849
-64.518723
-64.484352
-64.465599
-64.462471
-64.471848
-64.468727
-64.462471
-64.443726
-64.462471
-64.487473
-64.468727
-64.446854
-64.449974
-64.465599
-64.484352
-64.481224
-64.503098
-64.471848
-64.456223
-64.478096
-64.481224
-64.471848
-64.465599
-64.459351
-64.487473
-64.453102
-64.468727
-64.459351
-64.459351
-64.471848
-64.465599
-64.462471
-64.481224
-64.471848
-64.468727
-64.484352
-64.453102
-64.453102
-64.446854
-64.437477
-64.446854
-64.459351
-64.453102
-64.474976
-64.456223
-64.431229
-64.459351
-64.446854
-64.446854
-64.465599
-64.459351
-64.456223
-64.456223
-64.468727
-64.471848
-64.471848
-64.453102
-64.453102
-64.465599
-64.459351
-64.468727
-64.474976
-64.496849
-64.496849
-64.499977
-64.487473
-64.493721
-64.481224
-64.481224
-64.496849
-64.499977
-64.512474
-64.496849
-64.474976
-64.478096
-64.493721
-64.509346
-64.509346
-64.515602
-64.509346
-64.515602
-64.509346
-64.496849
-64.503098
-64.506226
-64.515602
-64.506226
-64.512474
-64.515602
-64.506226
-64.518723
-64.496849
-64.503098
-64.478096
-64.465599
-64.474976
-64.459351
-64.481224
-64.496849
-64.490601
-64.468727
-64.484352
-64.493721
-64.496849
-64.474976
-64.481224
-64.506226
-64.487473
-64.471848
-64.471848
-64.459351
-64.449974
-64.474976
-64.465599
-64.459351
-64.468727
-64.446854
-64.443726
-64.474976
-64.484352
-64.487473
-64.474976
-64.474976
-64.468727
-64.453102
-64.440605
-64.437477
-64.440605
-64.42498
-64.434357
-64.431229
-64.431229
-64.449974
-64.456223
-64.471848
-64.465599
-64.471848
-64.481224
-64.487473
-64.496849
-64.496849
-64.503098
-64.496849
-64.490601
-64.496849
-64.456223
-64.493721
-64.490601
-64.478096
-64.493721
-64.484352
-64.496849
-64.474976
-64.462471
-64.490601
-64.506226
-64.490601
-64.496849
-64.496849
-64.496849
-64.496849
-64.487473
-64.496849
-64.528099
-64.537476
-64.524971
-64.549973
-64.537476
-64.506226
-64.531227
-64.546844
-64.546844
-64.565598
-64.571846
-64.546844
-64.543724
-64.549973
-64.546844
-64.553093
-64.543724
-64.528099
-64.537476
-64.549973
-64.524971
-64.537476
-64.531227
-64.537476
-64.531227
-64.546844
-64.546844
-64.553093
-64.531227
-64.521851
-64.515602
-64.531227
-64.512474
-64.499977
-64.499977
-64.509346
-64.493721
-64.496849
-64.487473
-64.499977
-64.512474
-64.493721
-64.512474
-64.503098
-64.499977
-64.515602
-64.496849
-64.496849
-64.496849
-64.515602
-64.506226
-64.528099
-64.524971
-64.515602
-64.524971
-64.531227
-64.524971
-64.524971
-64.524971
-64.531227
-64.537476
-64.534348
-64.534348
-64.528099
-64.540596
-64.531227
-64.531227
-64.531227
-64.521851
-64.528099
-64.531227
-64.528099
-64.528099
-64.515602
-64.546844
-64.518723
-64.506226
-64.509346
-64.499977
-64.521851
-64.521851
-64.496849
-64.490601
-64.496849
-64.503098
-64.499977
-64.503098
-64.487473
-64.493721
-64.496849
-64.503098
-64.496849
-64.509346
-64.499977
-64.503098
-64.503098
-64.506226
-64.499977
-64.487473
-64.493721
-64.496849
-64.478096
-64.465599
-64.484352
-64.487473
-64.468727
-64.468727
-64.471848
-64.462471
-64.449974
-64.449974
-64.446854
-64.496849
-64.474976
-64.465599
-64.478096
-64.468727
-64.490601
-64.493721
-64.481224
-64.496849
-64.490601
-64.484352
-64.506226
-64.499977
-64.509346
-64.524971
-64.512474
-64.531227
-64.540596
-64.546844
-64.518723
-64.534348
-64.524971
-64.531227
-64.534348
-64.521851
-64.509346
-64.524971
-64.515602
-64.546844
-64.556221
-64.540596
-64.531227
-64.506226
-64.509346
-64.531227
-64.515602
-64.503098
-64.465599
-64.462471
-64.465599
-64.496849
-64.503098
-64.503098
-64.515602
-64.521851
-64.515602
-64.518723
-64.490601
-64.528099
-64.515602
-64.521851
-64.506226
-64.537476
-64.531227
-64.543724
-64.546844
-64.521851
-64.524971
-64.528099
-64.521851
-64.503098
-64.518723
-64.512474
-64.515602
-64.512474
-64.496849
-64.481224
-64.471848
-64.471848
-64.471848
-64.465599
-64.481224
-64.493721
-64.503098
-64.518723
-64.506226
-64.496849
-64.487473
-64.471848
-64.499977
-64.478096
-64.484352
-64.478096
-64.478096
-64.471848
-64.462471
-64.453102
-64.446854
-64.459351
-64.462471
-64.459351
-64.481224
-64.496849
-64.490601
-64.496849
-64.503098
-64.524971
-64.506226
-64.493721
-64.509346
-64.518723
-64.496849
-64.515602
-64.496849
-64.484352
-64.496849
-64.481224
-64.471848
-64.487473
-64.484352
-64.490601
-64.484352
-64.484352
-64.487473
-64.496849
-64.484352
-64.471848
-64.465599
-64.465599
-64.487473
-64.487473
-64.474976
-64.465599
-64.471848
-64.496849
-64.484352
-64.496849
-64.478096
-64.481224
-64.471848
-64.462471
-64.471848
-64.496849
-64.471848
-64.468727
-64.459351
-64.446854
-64.446854
-64.446854
-64.428101
-64.440605
-64.449974
-64.456223
-64.474976
-64.462471
-64.459351
-64.484352
-64.481224
-64.487473
-64.474976
-64.484352
-64.503098
-64.496849
-64.509346
-64.521851
-64.503098
-64.503098
-64.509346
-64.499977
-64.506226
-64.490601
-64.487473
-64.512474
-64.515602
-64.531227
-64.515602
-64.537476
-64.509346
-64.540596
-64.515602
-64.506226
-64.503098
-64.506226
-64.496849
-64.496849
-64.484352
-64.493721
-64.490601
-64.493721
-64.493721
-64.506226
-64.518723
-64.515602
-64.518723
-64.496849
-64.496849
-64.496849
-64.496849
-64.481224
-64.487473
-64.471848
-64.481224
-64.478096
-64.484352
-64.471848
-64.493721
-64.506226
-64.515602
-64.496849
-64.515602
-64.506226
-64.496849
-64.496849
-64.509346
-64.518723
-64.521851
-64.515602
-64.528099
-64.528099
-64.537476
-64.524971
-64.524971
-64.496849
-64.515602
-64.518723
-64.509346
-64.509346
-64.490601
-64.487473
-64.484352
-64.465599
-64.478096
-64.484352
-64.496849
-64.481224
-64.512474
-64.478096
-64.471848
-64.493721
-64.462471
-64.446854
-64.456223
-64.437477
-64.459351
-64.468727
-64.468727
-64.474976
-64.481224
-64.446854
-64.456223
-64.462471
-64.459351
-64.453102
-64.462471
-64.437477
-64.456223
-64.428101
-64.428101
-64.42498
-64.428101
-64.446854
-64.462471
-64.446854
-64.443726
-64.446854
-64.446854
-64.446854
-64.446854
-64.446854
-64.459351
-64.449974
-64.446854
-64.459351
-64.431229
-64.440605
-64.428101
-64.434357
-64.421852
-64.421852
-64.412476
-64.437477
-64.446854
-64.437477
-64.428101
-64.446854
-64.446854
-64.453102
-64.449974
-64.456223
-64.474976
-64.462471
-64.446854
-64.468727
-64.456223
-64.446854
-64.440605
-64.428101
-64.437477
-64.446854
-64.449974
-64.453102
-64.459351
-64.421852
-64.428101
-64.437477
-64.415604
-64.421852
-64.421852
-64.412476
-64.434357
-64.434357
-64.42498
-64.443726
-64.434357
-64.421852
-64.443726
-64.428101
-64.431229
-64.446854
-64.421852
-64.418732
-64.418732
-64.42498
-64.42498
-64.459351
-64.446854
-64.446854
-64.446854
-64.449974
-64.449974
-64.440605
-64.440605
-64.465599
-64.453102
-64.465599
-64.484352
-64.465599
-64.440605
-64.443726
-64.453102
-64.446854
-64.453102
-64.471848
-64.446854
-64.465599
-64.465599
-64.478096
-64.459351
-64.481224
-64.490601
-64.474976
-64.462471
-64.471848
-64.456223
-64.456223
-64.453102
-64.456223
-64.446854
-64.453102
-64.443726
-64.446854
-64.487473
-64.443726
-64.437477
-64.453102
-64.465599
-64.465599
-64.465599
-64.462471
-64.459351
-64.459351
-64.478096
-64.487473
-64.481224
-64.509346
-64.521851
-64.509346
-64.531227
-64.512474
-64.531227
-64.534348
-64.528099
-64.518723
-64.509346
-64.499977
-64.478096
-64.499977
-64.496849
-64.512474
-64.515602
-64.503098
-64.509346
-64.518723
-64.531227
-64.512474
-64.518723
-64.515602
-64.537476
-64.540596
-64.506226
-64.509346
-64.496849
-64.496849
-64.512474
-64.509346
-64.499977
-64.493721
-64.496849
-64.490601
-64.515602
-64.534348
-64.534348
-64.537476
-64.546844
-64.518723
-64.503098
-64.496849
-64.484352
-64.506226
-64.515602
-64.524971
-64.531227
-64.512474
-64.540596
-64.537476
-64.534348
-64.540596
-64.553093
-64.543724
-64.537476
-64.546844
-64.543724
-64.537476
-64.546844
-64.546844
-64.537476
-64.540596
-64.521851
-64.528099
-64.518723
-64.534348
-64.537476
-64.528099
-64.531227
-64.531227
-64.534348
-64.537476
-64.546844
-64.521851
-64.528099
-64.524971
-64.515602
-64.518723
-64.509346
-64.506226
-64.546844
-64.524971
-64.528099
-64.534348
-64.515602
-64.534348
-64.546844
-64.512474
-64.512474
-64.521851
-64.496849
-64.521851
-64.512474
-64.518723
-64.528099
-64.524971
-64.528099
-64.546844
-64.549973
-64.543724
-64.546844
-64.546844
-64.537476
-64.540596
-64.537476
-64.534348
-64.562469
-64.574966
-64.568718
-64.559341
-64.553093
-64.565598
-64.581223
-64.578094
-64.540596
-64.559341
-64.534348
-64.524971
-64.518723
-64.537476
-64.543724
-64.531227
-64.549973
-64.562469
-64.568718
-64.568718
-64.584343
-64.571846
-64.565598
-64.568718
-64.549973
-64.546844
-64.537476
-64.537476
-64.534348
-64.546844
-64.537476
-64.534348
-64.528099
-64.524971
-64.534348
-64.521851
-64.518723
-64.515602
-64.496849
-64.518723
-64.512474
-64.518723
-64.509346
-64.521851
-64.509346
-64.534348
-64.540596
-64.546844
-64.518723
-64.546844
-64.546844
-64.556221
-64.549973
-64.562469
-64.565598
-64.565598
-64.565598
-64.562469
-64.549973
-64.574966
-64.596848
-64.596848
-64.584343
-64.581223
-64.587471
-64.599968
-64.593719
-64.578094
-64.578094
-64.574966
-64.578094
-64.578094
-64.568718
-64.584343
-64.584343
-64.562469
-64.556221
-64.562469
-64.546844
-64.559341
-64.556221
-64.546844
-64.553093
-64.553093
-64.537476
-64.562469
-64.571846
-64.581223
-64.590591
-64.593719
-64.581223
-64.559341
-64.562469
-64.562469
-64.574966
-64.571846
-64.559341
-64.571846
-64.590591
-64.609344
-64.615593
-64.618721
-64.615593
-64.634346
-64.634346
-64.646843
-64.634346
-64.624969
-64.631218
-64.624969
-64.637466
-64.634346
-64.634346
-64.653091
-64.668716
-64.646843
-64.646843
-64.640594
-64.631218
-64.618721
-64.606216
-64.603096
-64.599968
-64.596848
-64.609344
-64.578094
-64.593719
-64.587471
-64.618721
-64.590591
-64.596848
-64.606216
-64.596848
-64.618721
-64.631218
-64.599968
-64.618721
-64.615593
-64.599968
-64.609344
-64.603096
-64.596848
-64.599968
-64.596848
-64.599968
-64.609344
-64.596848
-64.584343
-64.596848
-64.599968
-64.596848
-64.596848
-64.590591
-64.584343
-64.568718
-64.590591
-64.596848
-64.590591
-64.584343
-64.590591
-64.590591
-64.578094
-64.587471
-64.612473
-64.590591
-64.599968
-64.584343
-64.574966
-64.559341
-64.574966
-64.574966
-64.581223
-64.581223
-64.587471
-64.587471
-64.596848
-64.606216
-64.596848
-64.599968
-64.584343
-64.581223
-64.590591
-64.599968
-64.596848
-64.581223
-64.596848
-64.593719
-64.587471
-64.593719
-64.568718
-64.584343
-64.596848
-64.587471
-64.584343
-64.571846
-64.574966
-64.574966
-64.593719
-64.584343
-64.603096
-64.603096
-64.596848
-64.615593
-64.603096
-64.599968
-64.593719
-64.584343
-64.599968
-64.606216
-64.609344
-64.606216
-64.609344
-64.587471
-64.596848
-64.593719
-64.596848
-64.596848
-64.596848
-64.596848
-64.603096
-64.596848
-64.599968
-64.606216
-64.599968
-64.609344
-64.603096
-64.584343
-64.565598
-64.590591
-64.574966
-64.574966
-64.603096
-64.612473
-64.624969
-64.621841
-64.587471
-64.606216
-64.599968
-64.593719
-64.596848
-64.584343
-64.568718
-64.581223
-64.574966
-64.578094
-64.568718
-64.546844
-64.556221
-64.578094
-64.556221
-64.571846
-64.578094
-64.584343
-64.590591
-64.584343
-64.584343
-64.596848
-64.593719
-64.590591
-64.606216
-64.599968
-64.593719
-64.574966
-64.571846
-64.568718
-64.574966
-64.568718
-64.565598
-64.553093
-64.556221
-64.556221
-64.556221
-64.581223
-64.593719
-64.587471
-64.587471
-64.609344
-64.596848
-64.599968
-64.593719
-64.584343
-64.581223
-64.596848
-64.612473
-64.618721
-64.618721
-64.615593
-64.603096
-64.603096
-64.599968
-64.599968
-64.609344
-64.606216
-64.603096
-64.599968
-64.587471
-64.596848
-64.578094
-64.587471
-64.599968
-64.609344
-64.609344
-64.621841
-64.628098
-64.606216
-64.603096
-64.596848
-64.612473
-64.615593
-64.603096
-64.603096
-64.603096
-64.603096
-64.593719
-64.596848
-64.568718
-64.565598
-64.553093
-64.537476
-64.556221
-64.534348
-64.537476
-64.546844
-64.540596
-64.528099
-64.524971
-64.531227
-64.534348
-64.543724
-64.553093
-64.562469
-64.565598
-64.565598
-64.565598
-64.543724
-64.528099
-64.559341
-64.562469
-64.553093
-64.556221
-64.546844
-64.546844
-64.537476
-64.546844
-64.543724
-64.546844
-64.546844
-64.546844
-64.531227
-64.549973
-64.568718
-64.556221
-64.546844
-64.549973
-64.546844
-64.540596
-64.537476
-64.518723
-64.512474
-64.540596
-64.553093
-64.543724
-64.549973
-64.553093
-64.537476
-64.559341
-64.546844
-64.537476
-64.534348
-64.534348
-64.515602
-64.528099
-64.503098
-64.515602
-64.509346
-64.496849
-64.490601
-64.496849
-64.503098
-64.524971
-64.509346
-64.518723
-64.515602
-64.531227
-64.518723
-64.521851
-64.546844
-64.546844
-64.549973
-64.521851
-64.546844
-64.518723
-64.503098
-64.524971
-64.515602
-64.537476
-64.531227
-64.524971
-64.503098
-64.528099
-64.528099
-64.509346
-64.534348
-64.521851
-64.512474
-64.528099
-64.537476
-64.512474
-64.521851
-64.506226
-64.546844
-64.531227
-64.496849
-64.518723
-64.524971
-64.531227
-64.546844
-64.540596
-64.521851
-64.509346
-64.503098
-64.490601
-64.512474
-64.499977
-64.515602
-64.509346
-64.496849
-64.490601
-64.487473
-64.484352
-64.509346
-64.487473
-64.496849
-64.512474
-64.515602
-64.499977
-64.493721
-64.506226
-64.496849
-64.506226
-64.521851
-64.531227
-64.515602
-64.509346
-64.528099
-64.528099
-64.528099
-64.540596
-64.531227
-64.512474
-64.534348
-64.537476
-64.534348
-64.537476
-64.528099
-64.512474
-64.546844
-64.524971
-64.534348
-64.524971
-64.512474
-64.537476
-64.515602
-64.528099
-64.524971
-64.546844
-64.528099
-64.546844
-64.549973
-64.543724
-64.546844
-64.543724
-64.512474
-64.521851
-64.496849
-64.512474
-64.515602
-64.521851
-64.534348
-64.546844
-64.506226
-64.528099
-64.546844
-64.549973
-64.559341
-64.556221
-64.543724
-64.559341
-64.553093
-64.546844
-64.546844
-64.549973
-64.571846
-64.562469
-64.553093
-64.568718
-64.571846
-64.568718
-64.571846
-64.565598
-64.553093
-64.546844
-64.559341
-64.565598
-64.559341
-64.562469
-64.559341
-64.556221
-64.553093
-64.553093
-64.568718
-64.565598
-64.562469
-64.549973
-64.540596
-64.540596
-64.540596
-64.537476
-64.534348
-64.546844
-64.546844
-64.537476
-64.521851
-64.515602
-64.528099
-64.506226
-64.490601
-64.493721
-64.509346
-64.512474
-64.515602
-64.506226
-64.484352
-64.493721
-64.503098
-64.496849
-64.506226
-64.493721
-64.496849
-64.512474
-64.521851
-64.528099
-64.518723
-64.537476
-64.524971
-64.524971
-64.509346
-64.521851
-64.512474
-64.506226
-64.493721
-64.474976
-64.490601
-64.493721
-64.493721
-64.515602
-64.512474
-64.503098
-64.506226
-64.528099
-64.512474
-64.499977
-64.515602
-64.509346
-64.512474
-64.515602
-64.515602
-64.521851
-64.518723
-64.509346
-64.537476
-64.534348
-64.521851
-64.503098
-64.512474
-64.528099
-64.537476
-64.534348
-64.528099
-64.534348
-64.515602
-64.540596
-64.540596
-64.534348
-64.540596
-64.524971
-64.543724
-64.546844
-64.531227
-64.515602
-64.546844
-64.556221
-64.559341
-64.556221
-64.556221
-64.546844
-64.559341
-64.568718
-64.553093
-64.559341
-64.559341
-64.553093
-64.540596
-64.531227
-64.537476
-64.518723
-64.524971
-64.515602
-64.518723
-64.509346
-64.512474
-64.521851
-64.521851
-64.528099
-64.515602
-64.521851
-64.499977
-64.515602
-64.518723
-64.521851
-64.540596
-64.540596
-64.531227
-64.556221
-64.546844
-64.531227
-64.534348
-64.549973
-64.546844
-64.524971
-64.546844
-64.537476
-64.531227
-64.534348
-64.528099
-64.543724
-64.528099
-64.534348
-64.546844
-64.546844
-64.531227
-64.534348
-64.531227
-64.528099
-64.521851
-64.509346
-64.503098
-64.506226
-64.521851
-64.528099
-64.546844
-64.540596
-64.528099
-64.546844
-64.546844
-64.546844
-64.559341
-64.537476
-64.549973
-64.559341
-64.540596
-64.546844
-64.568718
-64.565598
-64.556221
-64.562469
-64.543724
-64.549973
-64.559341
-64.553093
-64.540596
-64.546844
-64.524971
-64.543724
-64.537476
-64.549973
-64.553093
-64.540596
-64.549973
-64.546844
-64.528099
-64.540596
-64.537476
-64.543724
-64.528099
-64.518723
-64.537476
-64.534348
-64.537476
-64.540596
-64.528099
-64.521851
-64.534348
-64.496849
-64.512474
-64.509346
-64.521851
-64.496849
-64.506226
-64.531227
-64.521851
-64.524971
-64.534348
-64.515602
-64.496849
-64.512474
-64.499977
-64.534348
-64.521851
-64.521851
-64.543724
-64.540596
-64.515602
-64.540596
-64.534348
-64.524971
-64.546844
-64.521851
-64.537476
-64.546844
-64.537476
-64.540596
-64.518723
-64.509346
-64.521851
-64.496849
-64.496849
-64.503098
-64.506226
-64.496849
-64.512474
-64.503098
-64.515602
-64.518723
-64.509346
-64.518723
-64.496849
-64.487473
-64.503098
-64.509346
-64.503098
-64.503098
-64.521851
-64.531227
-64.534348
-64.512474
-64.499977
-64.512474
-64.503098
-64.493721
-64.506226
-64.490601
-64.487473
-64.499977
-64.496849
-64.503098
-64.512474
-64.518723
-64.518723
-64.512474
-64.524971
-64.531227
-64.540596
-64.540596
-64.546844
-64.540596
-64.521851
-64.534348
-64.512474
-64.503098
-64.509346
-64.515602
-64.521851
-64.524971
-64.531227
-64.521851
-64.518723
-64.537476
-64.528099
-64.531227
-64.518723
-64.531227
-64.537476
-64.528099
-64.515602
-64.503098
-64.515602
-64.559341
-64.531227
-64.543724
-64.546844
-64.546844
-64.556221
-64.549973
-64.546844
-64.531227
-64.543724
-64.549973
-64.553093
-64.556221
-64.559341
-64.568718
-64.546844
-64.562469
-64.553093
-64.534348
-64.531227
-64.521851
-64.509346
-64.496849
-64.509346
-64.534348
-64.521851
-64.515602
-64.503098
-64.543724
-64.534348
-64.549973
-64.553093
-64.549973
-64.528099
-64.546844
-64.534348
-64.549973
-64.543724
-64.540596
-64.543724
-64.534348
-64.553093
-64.540596
-64.524971
-64.521851
-64.537476
-64.553093
-64.546844
-64.528099
-64.528099
-64.528099
-64.546844
-64.562469
-64.531227
-64.546844
-64.549973
-64.559341
-64.549973
-64.531227
-64.537476
-64.543724
-64.549973
-64.543724
-64.543724
-64.521851
-64.534348
-64.556221
-64.540596
-64.546844
-64.565598
-64.549973
-64.562469
-64.546844
-64.559341
-64.571846
-64.565598
-64.543724
-64.553093
-64.540596
-64.546844
-64.559341
-64.565598
-64.568718
-64.571846
-64.565598
-64.581223
-64.562469
-64.556221
-64.546844
-64.559341
-64.574966
-64.578094
-64.568718
-64.562469
-64.571846
-64.568718
-64.571846
-64.574966
-64.568718
-64.556221
-64.571846
-64.543724
-64.549973
-64.590591
-64.578094
-64.596848
-64.590591
-64.584343
-64.559341
-64.546844
-64.556221
-64.553093
-64.546844
-64.549973
-64.553093
-64.559341
-64.540596
-64.553093
-64.546844
-64.537476
-64.546844
-64.528099
-64.506226
-64.537476
-64.534348
-64.524971
-64.531227
-64.512474
-64.540596
-64.531227
-64.509346
-64.531227
-64.534348
-64.534348
-64.528099
-64.537476
-64.521851
-64.515602
-64.496849
-64.521851
-64.521851
-64.509346
-64.503098
-64.518723
-64.515602
-64.521851
-64.518723
-64.503098
-64.496849
-64.506226
-64.506226
-64.512474
-64.493721
-64.496849
-64.515602
-64.484352
-64.496849
-64.499977
-64.496849
-64.531227
-64.543724
-64.543724
-64.543724
-64.556221
-64.549973
-64.556221
-64.574966
-64.578094
-64.571846
-64.559341
-64.559341
-64.578094
-64.578094
-64.565598
-64.565598
-64.546844
-64.553093
-64.549973
-64.565598
-64.559341
-64.565598
-64.556221
-64.546844
-64.553093
-64.543724
-64.537476
-64.543724
-64.534348
-64.528099
-64.531227
-64.524971
-64.543724
-64.549973
-64.540596
-64.562469
-64.565598
-64.562469
-64.562469
-64.528099
-64.543724
-64.546844
-64.537476
-64.521851
-64.531227
-64.515602
-64.521851
-64.528099
-64.512474
-64.506226
-64.490601
-64.481224
-64.499977
-64.515602
-64.528099
-64.506226
-64.503098
-64.521851
-64.518723
-64.518723
-64.518723
-64.515602
-64.496849
-64.490601
-64.499977
-64.509346
-64.521851
-64.509346
-64.493721
-64.499977
-64.515602
-64.490601
-64.493721
-64.496849
-64.496849
-64.496849
-64.496849
-64.524971
-64.524971
-64.521851
-64.509346
-64.499977
-64.506226
-64.506226
-64.499977
-64.512474
-64.515602
-64.512474
-64.506226
-64.524971
-64.503098
-64.499977
-64.503098
-64.484352
-64.484352
-64.534348
-64.515602
-64.540596
-64.528099
-64.512474
-64.524971
-64.506226
-64.531227
-64.524971
-64.521851
-64.496849
-64.506226
-64.509346
-64.515602
-64.509346
-64.496849
-64.499977
-64.515602
-64.493721
-64.496849
-64.490601
-64.493721
-64.484352
-64.509346
-64.499977
-64.503098
-64.521851
-64.506226
-64.499977
-64.499977
-64.496849
-64.518723
-64.496849
-64.509346
-64.531227
-64.531227
-64.518723
-64.537476
-64.496849
-64.518723
-64.506226
-64.499977
-64.506226
-64.512474
-64.496849
-64.512474
-64.521851
-64.521851
-64.518723
-64.524971
-64.509346
-64.503098
-64.499977
-64.490601
-64.496849
-64.496849
-64.493721
-64.493721
-64.496849
-64.484352
-64.481224
-64.484352
-64.487473
-64.484352
-64.484352
-64.493721
-64.490601
-64.481224
-64.503098
-64.496849
-64.512474
-64.512474
-64.493721
-64.493721
-64.490601
-64.487473
-64.496849
-64.484352
-64.490601
-64.487473
-64.506226
-64.518723
-64.518723
-64.540596
-64.531227
-64.546844
-64.553093
-64.528099
-64.531227
-64.506226
-64.496849
-64.512474
-64.531227
-64.524971
-64.496849
-64.509346
-64.509346
-64.503098
-64.503098
-64.512474
-64.506226
-64.546844
-64.534348
-64.512474
-64.506226
-64.512474
-64.515602
-64.493721
-64.496849
-64.484352
-64.468727
-64.484352
-64.465599
-64.449974
-64.459351
-64.446854
-64.471848
-64.478096
-64.462471
-64.496849
-64.462471
-64.471848
-64.503098
-64.503098
-64.509346
-64.515602
-64.509346
-64.496849
-64.521851
-64.509346
-64.499977
-64.496849
-64.493721
-64.493721
-64.484352
-64.493721
-64.515602
-64.509346
-64.518723
-64.524971
-64.524971
-64.528099
-64.524971
-64.531227
-64.509346
-64.528099
-64.518723
-64.543724
-64.546844
-64.546844
-64.537476
-64.562469
-64.556221
-64.546844
-64.546844
-64.540596
-64.540596
-64.540596
-64.521851
-64.509346
-64.528099
-64.503098
-64.521851
-64.515602
-64.496849
-64.512474
-64.521851
-64.515602
-64.534348
-64.521851
-64.540596
-64.540596
-64.537476
-64.534348
-64.540596
-64.509346
-64.512474
-64.524971
-64.518723
-64.528099
-64.521851
-64.534348
-64.512474
-64.503098
-64.503098
-64.543724
-64.521851
-64.512474
-64.531227
-64.528099
-64.537476
-64.524971
-64.503098
-64.506226
-64.521851
-64.506226
-64.515602
-64.521851
-64.524971
-64.512474
-64.534348
-64.531227
-64.540596
-64.531227
-64.518723
-64.518723
-64.518723
-64.528099
-64.543724
-64.534348
-64.534348
-64.543724
-64.546844
-64.546844
-64.543724
-64.524971
-64.506226
-64.503098
-64.503098
-64.496849
-64.506226
-64.509346
-64.503098
-64.509346
-64.503098
-64.515602
-64.509346
-64.496849
-64.512474
-64.515602
-64.509346
-64.509346
-64.512474
-64.518723
-64.528099
-64.515602
-64.537476
-64.521851
-64.509346
-64.512474
-64.509346
-64.518723
-64.509346
-64.512474
-64.496849
-64.499977
-64.496849
-64.499977
-64.518723
-64.506226
-64.503098
-64.534348
-64.521851
-64.518723
-64.528099
-64.521851
-64.537476
-64.509346
-64.506226
-64.496849
-64.490601
-64.481224
-64.493721
-64.496849
-64.468727
-64.487473
-64.512474
-64.506226
-64.512474
-64.503098
-64.512474
-64.518723
-64.503098
-64.503098
-64.509346
-64.490601
-64.462471
-64.471848
-64.459351
-64.481224
-64.487473
-64.481224
-64.496849
-64.503098
-64.518723
-64.515602
-64.518723
-64.503098
-64.509346
-64.499977
-64.518723
-64.490601
-64.478096
-64.503098
-64.503098
-64.503098
-64.496849
-64.496849
-64.496849
-64.518723
-64.528099
-64.518723
-64.509346
-64.515602
-64.471848
-64.481224
-64.446854
-64.465599
-64.468727
-64.478096
-64.493721
-64.503098
-64.496849
-64.478096
-64.468727
-64.465599
-64.481224
-64.481224
-64.487473
-64.490601
-64.449974
-64.468727
-64.471848
-64.465599
-64.456223
-64.484352
-64.468727
-64.490601
-64.449974
-64.459351
-64.446854
-64.453102
-64.437477
-64.434357
-64.421852
-64.42498
-64.431229
-64.446854
-64.431229
-64.440605
-64.434357
-64.434357
-64.456223
-64.459351
-64.453102
-64.437477
-64.437477
-64.449974
-64.474976
-64.474976
-64.462471
-64.490601
-64.490601
-64.496849
-64.499977
-64.493721
-64.481224
-64.471848
-64.449974
-64.468727
-64.468727
-64.465599
-64.453102
-64.456223
-64.446854
-64.446854
-64.446854
-64.446854
-64.456223
-64.462471
-64.481224
-64.468727
-64.474976
-64.468727
-64.487473
-64.481224
-64.465599
-64.471848
-64.471848
-64.474976
-64.468727
-64.471848
-64.471848
-64.471848
-64.446854
-64.456223
-64.456223
-64.437477
-64.471848
-64.449974
-64.474976
-64.474976
-64.446854
-64.484352
-64.474976
-64.456223
-64.456223
-64.443726
-64.437477
-64.449974
-64.446854
-64.446854
-64.465599
-64.449974
-64.456223
-64.449974
-64.449974
-64.449974
-64.468727
-64.453102
-64.462471
-64.453102
-64.434357
-64.446854
-64.453102
-64.468727
-64.474976
-64.474976
-64.465599
-64.503098
-64.490601
-64.478096
-64.484352
-64.471848
-64.456223
-64.456223
-64.449974
-64.449974
-64.453102
-64.443726
-64.459351
-64.453102
-64.437477
-64.456223
-64.446854
-64.446854
-64.443726
-64.434357
-64.42498
-64.453102
-64.446854
-64.471848
-64.496849
-64.493721
-64.471848
-64.490601
-64.471848
-64.490601
-64.484352
-64.478096
-64.487473
-64.490601
-64.478096
-64.471848
-64.484352
-64.462471
-64.468727
-64.462471
-64.465599
-64.459351
-64.440605
-64.446854
-64.443726
-64.434357
-64.437477
-64.446854
-64.453102
-64.437477
-64.431229
-64.434357
-64.434357
-64.446854
-64.437477
-64.449974
-64.465599
-64.453102
-64.446854
-64.453102
-64.465599
-64.437477
-64.42498
-64.418732
-64.443726
-64.428101
-64.421852
-64.434357
-64.446854
-64.443726
-64.443726
-64.421852
-64.412476
-64.406227
-64.412476
-64.409355
-64.406227
-64.42498
-64.437477
-64.434357
-64.428101
-64.428101
-64.434357
-64.440605
-64.453102
-64.446854
-64.456223
-64.459351
-64.462471
-64.474976
-64.481224
-64.449974
-64.471848
-64.481224
-64.446854
-64.459351
-64.449974
-64.431229
-64.440605
-64.449974
-64.440605
-64.453102
-64.449974
-64.465599
-64.487473
-64.471848
-64.481224
-64.481224
-64.478096
-64.456223
-64.459351
-64.465599
-64.481224
-64.474976
-64.468727
-64.468727
-64.456223
-64.446854
-64.462471
-64.456223
-64.468727
-64.462471
-64.459351
-64.474976
-64.478096
-64.468727
-64.453102
-64.471848
-64.465599
-64.465599
-64.449974
-64.431229
-64.453102
-64.459351
-64.462471
-64.465599
-64.462471
-64.449974
-64.471848
-64.487473
-64.487473
-64.490601
-64.496849
-64.506226
-64.506226
-64.518723
-64.515602
-64.521851
-64.506226
-64.534348
-64.512474
-64.515602
-64.537476
-64.528099
-64.521851
-64.521851
-64.503098
-64.503098
-64.499977
-64.509346
-64.496849
-64.512474
-64.496849
-64.468727
-64.481224
-64.493721
-64.503098
-64.509346
-64.509346
-64.534348
-64.534348
-64.518723
-64.524971
-64.537476
-64.531227
-64.518723
-64.499977
-64.490601
-64.506226
-64.499977
-64.481224
-64.478096
-64.481224
-64.484352
-64.484352
-64.487473
-64.496849
-64.512474
-64.503098
-64.496849
-64.503098
-64.499977
-64.499977
-64.496849
-64.490601
-64.512474
-64.518723
-64.496849
-64.496849
-64.506226
-64.503098
-64.496849
-64.493721
-64.524971
-64.528099
-64.528099
-64.509346
-64.524971
-64.518723
-64.534348
-64.524971
-64.515602
-64.524971
-64.499977
-64.496849
-64.496849
-64.465599
-64.503098
-64.506226
-64.496849
-64.503098
-64.515602
-64.499977
-64.493721
-64.524971
-64.481224
-64.484352
-64.474976
-64.496849
-64.490601
-64.471848
-64.446854
-64.446854
-64.459351
-64.456223
-64.453102
-64.459351
-64.459351
-64.456223
-64.487473
-64.462471
-64.453102
-64.453102
-64.449974
-64.474976
-64.484352
-64.499977
-64.490601
-64.468727
-64.453102
-64.453102
-64.453102
-64.493721
-64.484352
-64.465599
-64.468727
-64.468727
-64.462471
-64.465599
-64.478096
-64.481224
-64.487473
-64.484352
-64.484352
-64.490601
-64.474976
-64.496849
-64.493721
-64.478096
-64.493721
-64.496849
-64.487473
-64.490601
-64.481224
-64.484352
-64.496849
-64.515602
-64.496849
-64.506226
-64.521851
-64.521851
-64.531227
-64.540596
-64.521851
-64.546844
-64.528099
-64.521851
-64.534348
-64.524971
-64.531227
-64.534348
-64.531227
-64.534348
-64.534348
-64.528099
-64.546844
-64.534348
-64.537476
-64.549973
-64.546844
-64.537476
-64.540596
-64.553093
-64.556221
-64.546844
-64.556221
-64.565598
-64.596848
-64.574966
-64.593719
-64.596848
-64.590591
-64.571846
-64.546844
-64.534348
-64.543724
-64.553093
-64.559341
-64.559341
-64.556221
-64.565598
-64.559341
-64.562469
-64.571846
-64.587471
-64.565598
-64.562469
-64.571846
-64.559341
-64.549973
-64.578094
-64.571846
-64.565598
-64.556221
-64.549973
-64.559341
-64.565598
-64.565598
-64.596848
-64.581223
-64.587471
-64.578094
-64.596848
-64.584343
-64.596848
-64.581223
-64.612473
-64.593719
-64.599968
-64.609344
-64.596848
-64.574966
-64.615593
-64.634346
-64.628098
-64.640594
-64.640594
-64.643723
-64.646843
-64.646843
-64.637466
-64.640594
-64.609344
-64.621841
-64.628098
-64.621841
-64.628098
-64.628098
-64.646843
-64.646843
-64.631218
-64.596848
-64.596848
-64.562469
-64.543724
-64.556221
-64.587471
-64.584343
-64.593719
-64.593719
-64.584343
-64.621841
-64.609344
-64.618721
-64.603096
-64.581223
-64.587471
-64.593719
-64.559341
-64.568718
-64.565598
-64.574966
-64.565598
-64.568718
-64.596848
-64.590591
-64.596848
-64.584343
-64.596848
-64.581223
-64.593719
-64.578094
-64.587471
-64.562469
-64.571846
-64.556221
-64.587471
-64.578094
-64.559341
-64.578094
-64.596848
-64.571846
-64.581223
-64.565598
-64.549973
-64.571846
-64.556221
-64.565598
-64.556221
-64.553093
-64.543724
-64.553093
-64.534348
-64.553093
-64.559341
-64.546844
-64.528099
-64.556221
-64.521851
-64.540596
-64.515602
-64.512474
-64.521851
-64.509346
-64.518723
-64.546844
-64.559341
-64.549973
-64.565598
-64.546844
-64.546844
-64.546844
-64.546844
-64.571846
-64.587471
-64.584343
-64.578094
-64.584343
-64.574966
-64.584343
-64.553093
-64.553093
-64.568718
-64.571846
-64.568718
-64.587471
-64.596848
-64.596848
-64.593719
-64.584343
-64.574966
-64.590591
-64.571846
-64.578094
-64.593719
-64.587471
-64.578094
-64.562469
-64.565598
-64.546844
-64.553093
-64.553093
-64.543724
-64.546844
-64.543724
-64.546844
-64.540596
-64.571846
-64.596848
-64.596848
-64.596848
-64.596848
-64.587471
-64.565598
-64.556221
-64.571846
-64.584343
-64.590591
-64.584343
-64.596848
-64.587471
-64.571846
-64.581223
-64.571846
-64.556221
-64.568718
-64.553093
-64.574966
-64.565598
-64.578094
-64.581223
-64.562469
-64.584343
-64.584343
-64.565598
-64.562469
-64.587471
-64.581223
-64.574966
-64.596848
-64.609344
-64.596848
-64.593719
-64.606216
-64.571846
-64.574966
-64.553093
-64.540596
-64.568718
-64.546844
-64.543724
-64.546844
-64.521851
-64.509346
-64.506226
-64.471848
-64.487473
-64.484352
-64.446854
-64.471848
-64.471848
-64.453102
-64.449974
-64.443726
-64.428101
-64.412476
-64.403107
-64.39373
-64.387482
-64.384354
-64.406227
-64.390602
-64.396851
-64.399979
-64.390602
-64.378105
-64.374977
-64.340607
-64.353104
-64.340607
-64.346855
-64.334358
-64.340607
-64.353104
-64.343735
-64.353104
-64.343735
-64.356232
-64.346855
-64.337486
-64.353104
-64.346855
-64.324982
-64.334358
-64.337486
-64.309357
-64.29686
-64.29686
-64.29686
-64.309357
-64.29686
-64.306236
-64.318733
-64.324982
-64.306236
-64.281235
-64.29998
-64.284355
-64.284355
-64.284355
-64.271858
-64.259361
-64.262482
-64.278107
-64.26873
-64.278107
-64.29686
-64.293732
-64.274986
-64.281235
-64.303108
-64.312485
-64.287483
-64.284355
-64.271858
-64.306236
-64.303108
-64.309357
-64.318733
-64.321861
-64.321861
-64.324982
-64.306236
-64.318733
-64.303108
-64.303108
-64.309357
-64.321861
-64.318733
-64.324982
-64.334358
-64.321861
-64.343735
-64.340607
-64.353104
-64.365601
-64.371857
-64.368729
-64.346855
-64.349976
-64.36248
-64.353104
-64.349976
-64.368729
-64.340607
-64.32811
-64.32811
-64.32811
-64.346855
-64.353104
-64.33123
-64.353104
-64.346855
-64.346855
-64.36248
-64.368729
-64.359352
-64.371857
-64.371857
-64.353104
-64.356232
-64.346855
-64.337486
-64.356232
-64.356232
-64.356232
-64.371857
-64.381226
-64.359352
-64.353104
-64.353104
-64.374977
-64.374977
-64.371857
-64.368729
-64.384354
-64.365601
-64.346855
-64.346855
-64.33123
-64.32811
-64.334358
-64.346855
-64.371857
-64.374977
-64.371857
-64.365601
-64.356232
-64.356232
-64.353104
-64.346855
-64.36248
-64.365601
-64.368729
-64.378105
-64.368729
-64.365601
-64.384354
-64.374977
-64.36248
-64.359352
-64.368729
-64.36248
-64.365601
-64.390602
-64.396851
-64.374977
-64.384354
-64.381226
-64.396851
-64.39373
-64.378105
-64.396851
-64.353104
-64.346855
-64.359352
-64.346855
-64.353104
-64.349976
-64.356232
-64.346855
-64.346855
-64.334358
-64.346855
-64.33123
-64.315605
-64.309357
-64.290611
-64.284355
-64.29686
-64.29998
-64.321861
-64.337486
-64.334358
-64.353104
-64.359352
-64.359352
-64.365601
-64.378105
-64.346855
-64.356232
-64.356232
-64.356232
-64.368729
-64.346855
-64.346855
-64.356232
-64.365601
-64.378105
-64.384354
-64.384354
-64.374977
-64.387482
-64.368729
-64.368729
-64.378105
-64.384354
-64.371857
-64.378105
-64.365601
-64.374977
-64.356232
-64.356232
-64.368729
-64.371857
-64.374977
-64.396851
-64.39373
-64.381226
-64.381226
-64.39373
-64.36248
-64.39373
-64.390602
-64.387482
-64.396851
-64.387482
-64.396851
-64.399979
-64.415604
-64.396851
-64.368729
-64.371857
-64.368729
-64.359352
-64.353104
-64.337486
-64.353104
-64.378105
-64.371857
-64.359352
-64.365601
-64.39373
-64.409355
-64.399979
-64.421852
-64.387482
-64.415604
-64.403107
-64.396851
-64.403107
-64.387482
-64.359352
-64.371857
-64.390602
-64.39373
-64.396851
-64.387482
-64.396851
-64.381226
-64.378105
-64.39373
-64.39373
-64.378105
-64.371857
-64.365601
-64.387482
-64.399979
-64.406227
-64.396851
-64.412476
-64.406227
-64.403107
-64.396851
-64.409355
-64.403107
-64.412476
-64.418732
-64.431229
-64.434357
-64.443726
-64.440605
-64.440605
-64.428101
-64.446854
-64.428101
-64.42498
-64.443726
-64.428101
-64.421852
-64.431229
-64.437477
-64.443726
-64.443726
-64.462471
-64.449974
-64.449974
-64.428101
-64.437477
-64.428101
-64.443726
-64.440605
-64.428101
-64.409355
-64.42498
-64.39373
-64.403107
-64.39373
-64.409355
-64.406227
-64.409355
-64.403107
-64.39373
-64.39373
-64.390602
-64.387482
-64.387482
-64.396851
-64.396851
-64.39373
-64.396851
-64.384354
-64.371857
-64.359352
-64.374977
-64.356232
-64.346855
-64.368729
-64.356232
-64.356232
-64.343735
-64.36248
-64.349976
-64.353104
-64.32811
-64.315605
-64.346855
-64.324982
-64.33123
-64.315605
-64.318733
-64.312485
-64.334358
-64.32811
-64.306236
-64.334358
-64.309357
-64.33123
-64.334358
-64.340607
-64.324982
-64.309357
-64.312485
-64.321861
-64.346855
-64.32811
-64.343735
-64.36248
-64.346855
-64.349976
-64.340607
-64.315605
-64.318733
-64.306236
-64.321861
-64.312485
-64.312485
-64.315605
-64.29686
-64.32811
-64.324982
-64.334358
-64.32811
-64.324982
-64.315605
-64.346855
-64.33123
-64.32811
-64.315605
-64.309357
-64.290611
-64.29686
-64.29686
-64.29686
-64.287483
-64.318733
-64.321861
-64.334358
-64.334358
-64.340607
-64.334358
-64.346855
-64.32811
-64.340607
-64.33123
-64.315605
-64.312485
-64.312485
-64.343735
-64.356232
-64.324982
-64.324982
-64.315605
-64.281235
-64.274986
-64.278107
-64.274986
-64.29686
-64.290611
-64.29686
-64.29998
-64.29998
-64.284355
-64.290611
-64.281235
-64.284355
-64.306236
-64.303108
-64.324982
-64.309357
-64.29686
-64.29686
-64.321861
-64.309357
-64.303108
-64.309357
-64.306236
-64.324982
-64.318733
-64.334358
-64.321861
-64.32811
-64.33123
-64.340607
-64.340607
-64.346855
-64.346855
-64.343735
-64.353104
-64.337486
-64.349976
-64.353104
-64.346855
-64.346855
-64.378105
-64.356232
-64.334358
-64.318733
-64.312485
-64.309357
-64.321861
-64.318733
-64.312485
-64.324982
-64.321861
-64.324982
-64.33123
-64.303108
-64.32811
-64.315605
-64.32811
-64.33123
-64.318733
-64.321861
-64.309357
-64.315605
-64.29998
-64.29686
-64.287483
-64.290611
-64.309357
-64.318733
-64.315605
-64.32811
-64.318733
-64.32811
-64.343735
-64.346855
-64.343735
-64.32811
-64.309357
-64.324982
-64.318733
-64.29686
-64.309357
-64.318733
-64.33123
-64.33123
-64.315605
-64.318733
-64.337486
-64.312485
-64.32811
-64.334358
-64.343735
-64.340607
-64.340607
-64.321861
-64.334358
-64.318733
-64.324982
-64.33123
-64.324982
-64.309357
-64.318733
-64.315605
-64.340607
-64.334358
-64.321861
-64.33123
-64.343735
-64.32811
-64.33123
-64.337486
-64.337486
-64.334358
-64.318733
-64.306236
-64.321861
-64.309357
-64.318733
-64.33123
-64.309357
-64.315605
-64.318733
-64.29686
-64.303108
-64.306236
-64.293732
-64.309357
-64.315605
-64.303108
-64.318733
-64.315605
-64.324982
-64.324982
-64.318733
-64.306236
-64.303108
-64.309357
-64.312485
-64.337486
-64.318733
-64.343735
-64.359352
-64.340607
-64.346855
-64.346855
-64.32811
-64.346855
-64.343735
-64.340607
-64.353104
-64.356232
-64.346855
-64.346855
-64.359352
-64.340607
-64.340607
-64.349976
-64.353104
-64.371857
-64.359352
-64.359352
-64.343735
-64.334358
-64.33123
-64.32811
-64.309357
-64.29686
-64.318733
-64.32811
-64.321861
-64.306236
-64.33123
-64.324982
-64.32811
-64.309357
-64.33123
-64.32811
-64.33123
-64.365601
-64.371857
-64.356232
-64.353104
-64.346855
-64.346855
-64.346855
-64.340607
-64.340607
-64.346855
-64.33123
-64.321861
-64.343735
-64.318733
-64.321861
-64.318733
-64.32811
-64.318733
-64.303108
-64.29998
-64.29998
-64.29686
-64.281235
-64.312485
-64.303108
-64.309357
-64.315605
-64.306236
-64.321861
-64.324982
-64.312485
-64.29686
-64.293732
-64.29998
-64.318733
-64.315605
-64.29998
-64.29998
-64.303108
-64.315605
-64.315605
-64.309357
-64.312485
-64.293732
-64.29686
-64.29686
-64.312485
-64.29686
-64.315605
-64.340607
-64.337486
-64.32811
-64.337486
-64.334358
-64.353104
-64.36248
-64.365601
-64.346855
-64.346855
-64.340607
-64.346855
-64.324982
-64.321861
-64.346855
-64.346855
-64.343735
-64.346855
-64.343735
-64.346855
-64.324982
-64.337486
-64.312485
-64.32811
-64.318733
-64.309357
-64.324982
-64.321861
-64.337486
-64.32811
-64.318733
-64.318733
-64.312485
-64.346855
-64.346855
-64.346855
-64.356232
-64.353104
-64.346855
-64.32811
-64.306236
-64.32811
-64.334358
-64.32811
-64.321861
-64.321861
-64.33123
-64.346855
-64.356232
-64.33123
-64.334358
-64.334358
-64.321861
-64.315605
-64.32811
-64.346855
-64.340607
-64.334358
-64.33123
-64.343735
-64.346855
-64.32811
-64.337486
-64.33123
-64.337486
-64.33123
-64.321861
-64.318733
-64.324982
-64.324982
-64.32811
-64.337486
-64.29686
-64.312485
-64.321861
-64.309357
-64.318733
-64.315605
-64.334358
-64.346855
-64.346855
-64.349976
-64.359352
-64.318733
-64.309357
-64.324982
-64.321861
-64.321861
-64.318733
-64.306236
-64.321861
-64.318733
-64.312485
-64.309357
-64.29998
-64.29686
-64.29686
-64.303108
-64.318733
-64.306236
-64.29998
-64.321861
-64.312485
-64.32811
-64.340607
-64.334358
-64.340607
-64.346855
-64.33123
-64.334358
-64.334358
-64.32811
-64.318733
-64.321861
-64.324982
-64.32811
-64.315605
-64.318733
-64.324982
-64.318733
-64.312485
-64.29998
-64.293732
-64.29686
-64.287483
-64.293732
-64.281235
-64.274986
-64.259361
-64.26561
-64.262482
-64.284355
-64.284355
-64.278107
-64.274986
-64.259361
-64.284355
-64.26561
-64.259361
-64.256233
-64.262482
-64.26561
-64.284355
-64.278107
-64.29686
-64.293732
-64.271858
-64.284355
-64.29686
-64.287483
-64.29998
-64.29686
-64.29686
-64.324982
-64.309357
-64.29686
-64.290611
-64.29998
-64.312485
-64.312485
-64.303108
-64.293732
-64.309357
-64.32811
-64.324982
-64.334358
-64.318733
-64.334358
-64.32811
-64.334358
-64.324982
-64.337486
-64.29998
-64.315605
-64.312485
-64.324982
-64.343735
-64.346855
-64.324982
-64.346855
-64.349976
-64.353104
-64.359352
-64.356232
-64.334358
-64.346855
-64.346855
-64.346855
-64.346855
-64.346855
-64.340607
-64.368729
-64.353104
-64.343735
-64.353104
-64.346855
-64.346855
-64.346855
-64.353104
-64.349976
-64.321861
-64.318733
-64.324982
-64.32811
-64.318733
-64.346855
-64.337486
-64.321861
-64.32811
-64.321861
-64.334358
-64.337486
-64.32811
-64.33123
-64.337486
-64.33123
-64.33123
-64.321861
-64.315605
-64.315605
-64.318733
-64.318733
-64.346855
-64.312485
-64.334358
-64.33123
-64.33123
-64.309357
-64.309357
-64.318733
-64.303108
-64.29686
-64.29686
-64.318733
-64.29686
-64.290611
-64.29686
-64.284355
-64.281235
-64.293732
-64.284355
-64.309357
-64.306236
-64.312485
-64.29686
-64.324982
-64.315605
-64.306236
-64.293732
-64.29686
-64.29686
-64.29686
-64.290611
-64.290611
-64.281235
-64.281235
-64.278107
-64.262482
-64.274986
-64.29686
-64.315605
-64.315605
-64.309357
-64.334358
-64.340607
-64.346855
-64.340607
-64.346855
-64.36248
-64.359352
-64.359352
-64.346855
-64.340607
-64.340607
-64.346855
-64.346855
-64.340607
-64.36248
-64.353104
-64.346855
-64.356232
-64.346855
-64.349976
-64.337486
-64.343735
-64.343735
-64.32811
-64.306236
-64.324982
-64.309357
-64.33123
-64.340607
-64.324982
-64.32811
-64.343735
-64.334358
-64.315605
-64.337486
-64.337486
-64.324982
-64.324982
-64.321861
-64.321861
-64.32811
-64.340607
-64.337486
-64.303108
-64.306236
-64.324982
-64.334358
-64.318733
-64.303108
-64.312485
-64.312485
-64.309357
-64.312485
-64.321861
-64.309357
-64.321861
-64.33123
-64.324982
-64.324982
-64.321861
-64.309357
-64.334358
-64.321861
-64.324982
-64.32811
-64.343735
-64.318733
-64.303108
-64.312485
-64.29998
-64.309357
-64.303108
-64.29686
-64.312485
-64.306236
-64.315605
-64.33123
-64.349976
-64.356232
-64.343735
-64.343735
-64.346855
-64.371857
-64.368729
-64.374977
-64.387482
-64.371857
-64.343735
-64.343735
-64.334358
-64.306236
-64.32811
-64.32811
-64.33123
-64.346855
-64.340607
-64.33123
-64.324982
-64.32811
-64.353104
-64.32811
-64.356232
-64.353104
-64.337486
-64.346855
-64.343735
-64.334358
-64.346855
-64.349976
-64.36248
-64.356232
-64.346855
-64.353104
-64.353104
-64.353104
-64.33123
-64.343735
-64.346855
-64.33123
-64.343735
-64.340607
-64.343735
-64.321861
-64.334358
-64.346855
-64.346855
-64.356232
-64.378105
-64.387482
-64.359352
-64.371857
-64.365601
-64.356232
-64.356232
-64.353104
-64.359352
-64.390602
-64.381226
-64.365601
-64.381226
-64.353104
-64.359352
-64.346855
-64.343735
-64.368729
-64.365601
-64.365601
-64.368729
-64.378105
-64.374977
-64.374977
-64.36248
-64.359352
-64.349976
-64.36248
-64.346855
-64.356232
-64.359352
-64.365601
-64.36248
-64.359352
-64.356232
-64.346855
-64.334358
-64.353104
-64.365601
-64.36248
-64.356232
-64.334358
-64.346855
-64.36248
-64.378105
-64.374977
-64.371857
-64.368729
-64.359352
-64.374977
-64.359352
-64.349976
-64.365601
-64.384354
-64.39373
-64.39373
-64.359352
-64.343735
-64.36248
-64.334358
-64.346855
-64.365601
-64.359352
-64.378105
-64.356232
-64.346855
-64.349976
-64.356232
-64.349976
-64.36248
-64.340607
-64.359352
-64.359352
-64.356232
-64.371857
-64.365601
-64.374977
-64.384354
-64.390602
-64.403107
-64.390602
-64.390602
-64.403107
-64.406227
-64.409355
-64.381226
-64.390602
-64.403107
-64.387482
-64.396851
-64.368729
-64.384354
-64.371857
-64.353104
-64.378105
-64.396851
-64.399979
-64.374977
-64.387482
-64.390602
-64.384354
-64.378105
-64.365601
-64.384354
-64.390602
-64.378105
-64.384354
-64.381226
-64.384354
-64.371857
-64.365601
-64.387482
-64.384354
-64.374977
-64.381226
-64.365601
-64.36248
-64.390602
-64.396851
-64.381226
-64.409355
-64.399979
-64.399979
-64.42498
-64.399979
-64.396851
-64.421852
-64.399979
-64.396851
-64.381226
-64.381226
-64.399979
-64.396851
-64.387482
-64.399979
-64.39373
-64.374977
-64.381226
-64.378105
-64.368729
-64.359352
-64.365601
-64.356232
-64.359352
-64.387482
-64.365601
-64.387482
-64.365601
-64.374977
-64.374977
-64.384354
-64.406227
-64.409355
-64.374977
-64.384354
-64.39373
-64.384354
-64.384354
-64.396851
-64.381226
-64.381226
-64.39373
-64.368729
-64.390602
-64.387482
-64.365601
-64.353104
-64.356232
-64.359352
-64.378105
-64.36248
-64.378105
-64.368729
-64.346855
-64.356232
-64.359352
-64.340607
-64.378105
-64.384354
-64.381226
-64.384354
-64.384354
-64.381226
-64.387482
-64.390602
-64.403107
-64.390602
-64.387482
-64.390602
-64.390602
-64.396851
-64.39373
-64.415604
-64.403107
-64.403107
-64.390602
-64.365601
-64.368729
-64.384354
-64.387482
-64.396851
-64.406227
-64.403107
-64.412476
-64.384354
-64.371857
-64.396851
-64.409355
-64.396851
-64.396851
-64.365601
-64.365601
-64.378105
-64.390602
-64.374977
-64.36248
-64.359352
-64.384354
-64.365601
-64.387482
-64.378105
-64.365601
-64.374977
-64.381226
-64.396851
-64.399979
-64.406227
-64.396851
-64.403107
-64.412476
-64.396851
-64.374977
-64.384354
-64.387482
-64.387482
-64.387482
-64.368729
-64.371857
-64.365601
-64.371857
-64.387482
-64.378105
-64.396851
-64.39373
-64.418732
-64.412476
-64.421852
-64.418732
-64.418732
-64.421852
-64.39373
-64.39373
-64.412476
-64.39373
-64.399979
-64.403107
-64.39373
-64.390602
-64.384354
-64.39373
-64.384354
-64.378105
-64.378105
-64.403107
-64.390602
-64.396851
-64.396851
-64.396851
-64.418732
-64.42498
-64.409355
-64.384354
-64.396851
-64.396851
-64.378105
-64.378105
-64.378105
-64.378105
-64.381226
-64.36248
-64.384354
-64.368729
-64.378105
-64.381226
-64.365601
-64.371857
-64.381226
-64.346855
-64.384354
-64.39373
-64.368729
-64.378105
-64.384354
-64.403107
-64.421852
-64.406227
-64.431229
-64.418732
-64.406227
-64.42498
-64.42498
-64.446854
-64.440605
-64.446854
-64.437477
-64.443726
-64.443726
-64.415604
-64.421852
-64.418732
-64.399979
-64.421852
-64.431229
-64.446854
-64.471848
-64.468727
-64.446854
-64.446854
-64.42498
-64.434357
-64.42498
-64.42498
-64.42498
-64.446854
-64.449974
-64.440605
-64.446854
-64.428101
-64.412476
-64.418732
-64.421852
-64.403107
-64.406227
-64.434357
-64.431229
-64.434357
-64.421852
-64.421852
-64.437477
-64.428101
-64.446854
-64.446854
-64.42498
-64.421852
-64.406227
-64.418732
-64.440605
-64.42498
-64.428101
-64.415604
-64.418732
-64.428101
-64.396851
-64.387482
-64.399979
-64.390602
-64.387482
-64.39373
-64.415604
-64.384354
-64.403107
-64.39373
-64.396851
-64.396851
-64.399979
-64.384354
-64.390602
-64.390602
-64.381226
-64.371857
-64.371857
-64.374977
-64.378105
-64.378105
-64.378105
-64.368729
-64.390602
-64.384354
-64.384354
-64.396851
-64.403107
-64.399979
-64.403107
-64.403107
-64.396851
-64.406227
-64.437477
-64.428101
-64.431229
-64.421852
-64.421852
-64.403107
-64.396851
-64.384354
-64.399979
-64.399979
-64.396851
-64.396851
-64.406227
-64.428101
-64.406227
-64.412476
-64.396851
-64.412476
-64.39373
-64.387482
-64.371857
-64.353104
-64.356232
-64.356232
-64.356232
-64.371857
-64.359352
-64.368729
-64.390602
-64.374977
-64.399979
-64.412476
-64.415604
-64.409355
-64.418732
-64.418732
-64.415604
-64.443726
-64.437477
-64.418732
-64.412476
-64.403107
-64.418732
-64.399979
-64.399979
-64.396851
-64.368729
-64.378105
-64.378105
-64.39373
-64.39373
-64.399979
-64.387482
-64.406227
-64.387482
-64.409355
-64.399979
-64.403107
-64.378105
-64.381226
-64.39373
-64.365601
-64.399979
-64.390602
-64.378105
-64.387482
-64.387482
-64.378105
-64.378105
-64.368729
-64.371857
-64.359352
-64.371857
-64.365601
-64.368729
-64.356232
-64.356232
-64.359352
-64.365601
-64.374977
-64.381226
-64.371857
-64.368729
-64.374977
-64.378105
-64.378105
-64.371857
-64.346855
-64.346855
-64.343735
-64.32811
-64.318733
-64.32811
-64.340607
-64.346855
-64.32811
-64.303108
-64.334358
-64.309357
-64.306236
-64.306236
-64.321861
-64.337486
-64.349976
-64.318733
-64.318733
-64.312485
-64.306236
-64.312485
-64.324982
-64.29686
-64.303108
-64.315605
-64.312485
-64.340607
-64.334358
-64.356232
-64.365601
-64.353104
-64.343735
-64.343735
-64.321861
-64.33123
-64.334358
-64.318733
-64.309357
-64.29686
-64.309357
-64.321861
-64.293732
-64.281235
-64.32811
-64.318733
-64.321861
-64.29998
-64.303108
-64.29686
-64.321861
-64.337486
-64.337486
-64.337486
-64.337486
-64.346855
-64.346855
-64.337486
-64.353104
-64.346855
-64.343735
-64.353104
-64.337486
-64.340607
-64.346855
-64.346855
-64.359352
-64.356232
-64.324982
-64.340607
-64.340607
-64.334358
-64.32811
-64.346855
-64.346855
-64.356232
-64.346855
-64.365601
-64.378105
-64.378105
-64.359352
-64.36248
-64.318733
-64.32811
-64.346855
-64.324982
-64.337486
-64.33123
-64.29686
-64.287483
-64.290611
-64.303108
-64.318733
-64.318733
-64.318733
-64.324982
-64.337486
-64.318733
-64.343735
-64.340607
-64.36248
-64.346855
-64.32811
-64.32811
-64.318733
-64.321861
-64.33123
-64.337486
-64.346855
-64.346855
-64.337486
-64.346855
-64.356232
-64.353104
-64.334358
-64.337486
-64.32811
-64.334358
-64.33123
-64.29686
-64.306236
-64.324982
-64.29998
-64.309357
-64.312485
-64.309357
-64.303108
-64.309357
-64.312485
-64.290611
-64.29998
-64.290611
-64.321861
-64.315605
-64.340607
-64.340607
-64.343735
-64.343735
-64.334358
-64.312485
-64.315605
-64.306236
-64.303108
-64.349976
-64.353104
-64.353104
-64.356232
-64.368729
-64.374977
-64.399979
-64.396851
-64.399979
-64.390602
-64.39373
-64.390602
-64.381226
-64.371857
-64.356232
-64.371857
-64.356232
-64.368729
-64.346855
-64.356232
-64.346855
-64.346855
-64.340607
-64.318733
-64.340607
-64.32811
-64.346855
-64.33123
-64.318733
-64.33123
-64.337486
-64.343735
-64.359352
-64.356232
-64.353104
-64.346855
-64.334358
-64.334358
-64.32811
-64.334358
-64.346855
-64.353104
-64.346855
-64.353104
-64.349976
-64.346855
-64.353104
-64.346855
-64.346855
-64.36248
-64.371857
-64.359352
-64.390602
-64.378105
-64.390602
-64.399979
-64.39373
-64.39373
-64.378105
-64.384354
-64.387482
-64.396851
-64.396851
-64.390602
-64.399979
-64.381226
-64.409355
-64.396851
-64.396851
-64.39373
-64.359352
-64.371857
-64.365601
-64.343735
-64.36248
-64.368729
-64.353104
-64.356232
-64.356232
-64.356232
-64.359352
-64.371857
-64.359352
-64.39373
-64.371857
-64.365601
-64.374977
-64.368729
-64.359352
-64.353104
-64.371857
-64.349976
-64.365601
-64.359352
-64.349976
-64.337486
-64.337486
-64.33123
-64.334358
-64.321861
-64.33123
-64.32811
-64.321861
-64.33123
-64.315605
-64.318733
-64.318733
-64.318733
-64.312485
-64.321861
-64.321861
-64.321861
-64.315605
-64.318733
-64.309357
-64.32811
-64.29686
-64.303108
-64.312485
-64.340607
-64.340607
-64.337486
-64.32811
-64.343735
-64.343735
-64.306236
-64.32811
-64.306236
-64.309357
-64.303108
-64.29686
-64.306236
-64.29686
-64.293732
-64.274986
-64.290611
-64.278107
-64.29998
-64.284355
-64.284355
-64.303108
-64.306236
-64.303108
-64.29686
-64.312485
-64.32811
-64.309357
-64.324982
-64.309357
-64.309357
-64.32811
-64.315605
-64.340607
-64.32811
-64.318733
-64.324982
-64.315605
-64.318733
-64.337486
-64.337486
-64.346855
-64.343735
-64.340607
-64.340607
-64.334358
-64.349976
-64.346855
-64.32811
-64.318733
-64.321861
-64.312485
-64.312485
-64.318733
-64.306236
-64.33123
-64.337486
-64.32811
-64.312485
-64.315605
-64.303108
-64.334358
-64.315605
-64.334358
-64.337486
-64.349976
-64.343735
-64.368729
-64.343735
-64.337486
-64.36248
-64.321861
-64.334358
-64.346855
-64.340607
-64.368729
-64.359352
-64.368729
-64.378105
-64.371857
-64.371857
-64.368729
-64.359352
-64.371857
-64.36248
-64.368729
-64.368729
-64.356232
-64.384354
-64.36248
-64.368729
-64.368729
-64.36248
-64.365601
-64.371857
-64.381226
-64.371857
-64.356232
-64.356232
-64.349976
-64.353104
-64.346855
-64.36248
-64.356232
-64.365601
-64.356232
-64.337486
-64.359352
-64.356232
-64.346855
-64.343735
-64.343735
-64.353104
-64.346855
-64.340607
-64.340607
-64.346855
-64.359352
-64.368729
-64.374977
-64.371857
-64.349976
-64.381226
-64.343735
-64.365601
-64.374977
-64.356232
-64.384354
-64.36248
-64.381226
-64.371857
-64.384354
-64.365601
-64.396851
-64.384354
-64.396851
-64.396851
-64.396851
-64.387482
-64.39373
-64.368729
-64.384354
-64.365601
-64.371857
-64.371857
-64.396851
-64.396851
-64.387482
-64.39373
-64.378105
-64.381226
-64.396851
-64.39373
-64.406227
-64.390602
-64.39373
-64.403107
-64.409355
-64.396851
-64.39373
-64.368729
-64.390602
-64.396851
-64.365601
-64.378105
-64.356232
-64.359352
-64.378105
-64.396851
-64.390602
-64.39373
-64.384354
-64.368729
-64.384354
-64.374977
-64.387482
-64.387482
-64.384354
-64.381226
-64.396851
-64.387482
-64.39373
-64.396851
-64.390602
-64.384354
-64.390602
-64.371857
-64.387482
-64.406227
-64.384354
-64.396851
-64.378105
-64.384354
-64.399979
-64.365601
-64.371857
-64.384354
-64.378105
-64.390602
-64.409355
-64.378105
-64.387482
-64.374977
-64.390602
-64.396851
-64.403107
-64.406227
-64.384354
-64.403107
-64.390602
-64.403107
-64.378105
-64.387482
-64.381226
-64.349976
-64.378105
-64.418732
-64.371857
-64.368729
-64.378105
-64.371857
-64.384354
-64.396851
-64.396851
-64.406227
-64.409355
-64.378105
-64.415604
-64.409355
-64.409355
-64.396851
-64.412476
-64.428101
-64.409355
-64.412476
-64.409355
-64.443726
-64.418732
-64.443726
-64.431229
-64.428101
-64.449974
-64.446854
-64.446854
-64.449974
-64.434357
-64.409355
-64.415604
-64.403107
-64.418732
-64.374977
-64.384354
-64.381226
-64.390602
-64.396851
-64.406227
-64.418732
-64.421852
-64.409355
-64.434357
-64.415604
-64.440605
-64.440605
-64.443726
-64.446854
-64.431229
-64.415604
-64.42498
-64.399979
-64.409355
-64.434357
-64.421852
-64.428101
-64.415604
-64.421852
-64.406227
-64.403107
-64.396851
-64.434357
-64.409355
-64.396851
-64.396851
-64.415604
-64.390602
-64.381226
-64.39373
-64.403107
-64.403107
-64.412476
-64.415604
-64.440605
-64.406227
-64.421852
-64.431229
-64.409355
-64.409355
-64.434357
-64.431229
-64.42498
-64.418732
-64.415604
-64.443726
-64.440605
-64.434357
-64.418732
-64.409355
-64.396851
-64.412476
-64.42498
-64.415604
-64.431229
-64.431229
-64.431229
-64.421852
-64.418732
-64.443726
-64.437477
-64.412476
-64.403107
-64.396851
-64.396851
-64.387482
-64.390602
-64.378105
-64.387482
-64.384354
-64.403107
-64.421852
-64.409355
-64.406227
-64.399979
-64.387482
-64.396851
-64.415604
-64.403107
-64.406227
-64.418732
-64.412476
-64.42498
-64.428101
-64.415604
-64.418732
-64.399979
-64.406227
-64.434357
-64.412476
-64.42498
-64.446854
-64.431229
-64.434357
-64.437477
-64.431229
-64.443726
-64.443726
-64.440605
-64.446854
-64.428101
-64.418732
-64.443726
-64.428101
-64.434357
-64.434357
-64.42498
-64.421852
-64.428101
-64.409355
-64.42498
-64.437477
-64.431229
-64.434357
-64.434357
-64.396851
-64.412476
-64.437477
-64.418732
-64.446854
-64.443726
-64.446854
-64.443726
-64.42498
-64.421852
-64.434357
-64.409355
-64.440605
-64.431229
-64.399979
-64.412476
-64.42498
-64.412476
-64.428101
-64.418732
-64.418732
-64.418732
-64.437477
-64.421852
-64.412476
-64.409355
-64.406227
-64.412476
