-63.118793
-63.125042
-63.125042
-63.115669
-63.109417
-63.125042
-63.121918
-63.125042
-63.125042
-63.125042
-63.128166
-63.121918
-63.125042
-63.140667
-63.125042
-63.140667
-63.146912
-63.140667
-63.140667
-63.134418
-63.131294
-63.115669
-63.118793
-63.131294
-63.137543
-63.125042
-63.115669
-63.125042
-63.137543
-63.134418
-63.115669
-63.103168
-63.096916
-63.096916
-63.106293
-63.103168
-63.096916
-63.093792
-63.115669
-63.106293
-63.078167
-63.096916
-63.103168
-63.093792
-63.109417
-63.096916
-63.096916
-63.112541
-63.109417
-63.115669
-63.100044
-63.109417
-63.103168
-63.093792
-63.084419
-63.090668
-63.096916
-63.078167
-63.084419
-63.084419
-63.084419
-63.081291
-63.075043
-63.065666
-63.071918
-63.087543
-63.096916
-63.121918
-63.115669
-63.121918
-63.131294
-63.128166
-63.134418
-63.131294
-63.112541
-63.109417
-63.109417
-63.112541
-63.109417
-63.109417
-63.106293
-63.128166
-63.118793
-63.112541
-63.140667
-63.112541
-63.109417
-63.106293
-63.087543
-63.096916
-63.103168
-63.115669
-63.106293
-63.109417
-63.115669
-63.112541
-63.096916
-63.128166
-63.118793
-63.137543
-63.106293
-63.115669
-63.096916
-63.106293
-63.109417
-63.115669
-63.118793
-63.121918
-63.112541
-63.125042
-63.143791
-63.137543
-63.143791
-63.143791
-63.137543
-63.125042
-63.131294
-63.096916
-63.106293
-63.128166
-63.125042
-63.134418
-63.125042
-63.143791
-63.162537
-63.153164
-63.150036
-63.137543
-63.121918
-63.131294
-63.128166
-63.134418
-63.115669
-63.115669
-63.112541
-63.109417
-63.121918
-63.134418
-63.134418
-63.134418
-63.128166
-63.146912
-63.143791
-63.131294
-63.134418
-63.118793
-63.134418
-63.125042
-63.112541
-63.128166
-63.131294
-63.140667
-63.146912
-63.156288
-63.146912
-63.146912
-63.131294
-63.140667
-63.146912
-63.146912
-63.140667
-63.171913
-63.171913
-63.150036
-63.146912
-63.162537
-63.137543
-63.128166
-63.125042
-63.125042
-63.134418
-63.134418
-63.143791
-63.134418
-63.143791
-63.128166
-63.134418
-63.140667
-63.146912
-63.181286
-63.178162
-63.184414
-63.181286
-63.181286
-63.190662
-63.190662
-63.178162
-63.184414
-63.175037
-63.181286
-63.168789
-63.171913
-63.168789
-63.181286
-63.165661
-63.146912
-63.140667
-63.118793
-63.109417
-63.100044
-63.115669
-63.137543
-63.153164
-63.140667
-63.156288
-63.146912
-63.146912
-63.146912
-63.162537
-63.168789
-63.159412
-63.162537
-63.150036
-63.134418
-63.134418
-63.150036
-63.165661
-63.165661
-63.146912
-63.137543
-63.143791
-63.153164
-63.153164
-63.134418
-63.146912
-63.134418
-63.143791
-63.146912
-63.162537
-63.159412
-63.168789
-63.162537
-63.156288
-63.146912
-63.150036
-63.159412
-63.175037
-63.168789
-63.159412
-63.165661
-63.156288
-63.171913
-63.146912
-63.131294
-63.146912
-63.143791
-63.121918
-63.134418
-63.134418
-63.178162
-63.178162
-63.181286
-63.171913
-63.187538
-63.162537
-63.181286
-63.165661
-63.146912
-63.162537
-63.159412
-63.146912
-63.159412
-63.156288
-63.153164
-63.178162
-63.178162
-63.165661
-63.159412
-63.162537
-63.184414
-63.171913
-63.175037
-63.165661
-63.181286
-63.184414
-63.196911
-63.178162
-63.159412
-63.165661
-63.162537
-63.156288
-63.165661
-63.159412
-63.175037
-63.187538
-63.187538
-63.156288
-63.159412
-63.181286
-63.178162
-63.209412
-63.196911
-63.203163
-63.196911
-63.206287
-63.196911
-63.221912
-63.209412
-63.203163
-63.212536
-63.221912
-63.237537
-63.228161
-63.228161
-63.209412
-63.206287
-63.215664
-63.203163
-63.212536
-63.196911
-63.196911
-63.181286
-63.184414
-63.196911
-63.193787
-63.193787
-63.178162
-63.171913
-63.175037
-63.181286
-63.193787
-63.206287
-63.193787
-63.184414
-63.178162
-63.159412
-63.159412
-63.175037
-63.171913
-63.178162
-63.178162
-63.187538
-63.196911
-63.193787
-63.190662
-63.221912
-63.221912
-63.212536
-63.215664
-63.228161
-63.231289
-63.218788
-63.203163
-63.209412
-63.231289
-63.218788
-63.212536
-63.209412
-63.218788
-63.203163
-63.212536
-63.225037
-63.228161
-63.243786
-63.240662
-63.228161
-63.237537
-63.228161
-63.225037
-63.243786
-63.231289
-63.231289
-63.243786
-63.225037
-63.259407
-63.259407
-63.243786
-63.250034
-63.234413
-63.231289
-63.240662
-63.218788
-63.196911
-63.212536
-63.196911
-63.196911
-63.221912
-63.225037
-63.215664
-63.196911
-63.193787
-63.196911
-63.203163
-63.206287
-63.221912
-63.221912
-63.215664
-63.231289
-63.225037
-63.228161
-63.237537
-63.228161
-63.228161
-63.209412
-63.212536
-63.228161
-63.221912
-63.234413
-63.259407
-63.268784
-63.259407
-63.259407
-63.228161
-63.246914
-63.250034
-63.246914
-63.240662
-63.253159
-63.240662
-63.246914
-63.250034
-63.250034
-63.246914
-63.246914
-63.253159
-63.268784
-63.268784
-63.250034
-63.275032
-63.290657
-63.284409
-63.293781
-63.296909
-63.271908
-63.284409
-63.290657
-63.287533
-63.290657
-63.290657
-63.278156
-63.268784
-63.287533
-63.284409
-63.278156
-63.284409
-63.290657
-63.293781
-63.271908
-63.265659
-63.275032
-63.262531
-63.265659
-63.268784
-63.275032
-63.293781
-63.290657
-63.296909
-63.296909
-63.284409
-63.281284
-63.296909
-63.262531
-63.275032
-63.271908
-63.284409
-63.268784
-63.281284
-63.246914
-63.271908
-63.278156
-63.262531
-63.296909
-63.296909
-63.268784
-63.284409
-63.268784
-63.268784
-63.287533
-63.290657
-63.278156
-63.265659
-63.253159
-63.265659
-63.281284
-63.281284
-63.290657
-63.268784
-63.262531
-63.275032
-63.265659
-63.259407
-63.259407
-63.275032
-63.265659
-63.265659
-63.296909
-63.290657
-63.296909
-63.287533
-63.296909
-63.293781
-63.287533
-63.284409
-63.296909
-63.281284
-63.284409
-63.296909
-63.287533
-63.284409
-63.296909
-63.275032
-63.271908
-63.281284
-63.278156
-63.284409
-63.293781
-63.275032
-63.296909
-63.296909
-63.296909
-63.306282
-63.296909
-63.325031
-63.312534
-63.315659
-63.315659
-63.303158
-63.290657
-63.306282
-63.315659
-63.331284
-63.328159
-63.350029
-63.343784
-63.334408
-63.328159
-63.309406
-63.312534
-63.303158
-63.312534
-63.325031
-63.315659
-63.328159
-63.328159
-63.318783
-63.331284
-63.328159
-63.325031
-63.325031
-63.334408
-63.306282
-63.328159
-63.346905
-63.346905
-63.337532
-63.340656
-63.312534
-63.334408
-63.306282
-63.318783
-63.334408
-63.309406
-63.331284
-63.325031
-63.334408
-63.353153
-63.331284
-63.331284
-63.340656
-63.334408
-63.306282
-63.306282
-63.300034
-63.325031
-63.328159
-63.337532
-63.321907
-63.321907
-63.337532
-63.334408
-63.331284
-63.328159
-63.334408
-63.315659
-63.343784
-63.365654
-63.378155
-63.375027
-63.359402
-63.36253
-63.346905
-63.350029
-63.346905
-63.340656
-63.346905
-63.346905
-63.331284
-63.340656
-63.343784
-63.331284
-63.312534
-63.309406
-63.306282
-63.331284
-63.303158
-63.325031
-63.309406
-63.321907
-63.312534
-63.321907
-63.309406
-63.346905
-63.334408
-63.334408
-63.343784
-63.328159
-63.340656
-63.346905
-63.321907
-63.331284
-63.328159
-63.321907
-63.309406
-63.346905
-63.343784
-63.337532
-63.346905
-63.321907
-63.331284
-63.331284
-63.346905
-63.325031
-63.346905
-63.334408
-63.343784
-63.353153
-63.350029
-63.359402
-63.343784
-63.343784
-63.340656
-63.309406
-63.315659
-63.296909
-63.300034
-63.315659
-63.337532
-63.312534
-63.321907
-63.343784
-63.334408
-63.36253
-63.346905
-63.353153
-63.346905
-63.346905
-63.337532
-63.331284
-63.321907
-63.331284
-63.350029
-63.353153
-63.334408
-63.318783
-63.309406
-63.340656
-63.340656
-63.315659
-63.328159
-63.334408
-63.321907
-63.325031
-63.318783
-63.318783
-63.353153
-63.346905
-63.337532
-63.334408
-63.346905
-63.315659
-63.318783
-63.337532
-63.334408
-63.346905
-63.328159
-63.346905
-63.346905
-63.350029
-63.359402
-63.365654
-63.343784
-63.346905
-63.346905
-63.328159
-63.346905
-63.334408
-63.340656
-63.353153
-63.36253
-63.346905
-63.346905
-63.328159
-63.350029
-63.337532
-63.337532
-63.346905
-63.353153
-63.334408
-63.346905
-63.36253
-63.359402
-63.371902
-63.390652
-63.384403
-63.356277
-63.359402
-63.346905
-63.356277
-63.346905
-63.346905
-63.346905
-63.340656
-63.337532
-63.346905
-63.325031
-63.331284
-63.340656
-63.309406
-63.328159
-63.334408
-63.331284
-63.331284
-63.343784
-63.321907
-63.331284
-63.337532
-63.346905
-63.331284
-63.346905
-63.346905
-63.350029
-63.36253
-63.356277
-63.340656
-63.331284
-63.343784
-63.343784
-63.334408
-63.346905
-63.365654
-63.365654
-63.365654
-63.36253
-63.353153
-63.359402
-63.346905
-63.334408
-63.321907
-63.346905
-63.353153
-63.346905
-63.340656
-63.356277
-63.353153
-63.343784
-63.343784
-63.337532
-63.334408
-63.331284
-63.337532
-63.331284
-63.340656
-63.337532
-63.331284
-63.346905
-63.346905
-63.346905
-63.359402
-63.346905
-63.350029
-63.356277
-63.346905
-63.359402
-63.365654
-63.346905
-63.331284
-63.346905
-63.334408
-63.346905
-63.353153
-63.350029
-63.375027
-63.359402
-63.365654
-63.36253
-63.378155
-63.39378
-63.403152
-63.387527
-63.359402
-63.368778
-63.368778
-63.353153
-63.36253
-63.359402
-63.36253
-63.36253
-63.356277
-63.365654
-63.368778
-63.381279
-63.365654
-63.359402
-63.353153
-63.356277
-63.359402
-63.346905
-63.346905
-63.343784
-63.343784
-63.346905
-63.340656
-63.353153
-63.365654
-63.359402
-63.365654
-63.371902
-63.359402
-63.375027
-63.371902
-63.353153
-63.365654
-63.346905
-63.353153
-63.378155
-63.371902
-63.353153
-63.368778
-63.356277
-63.356277
-63.356277
-63.371902
-63.375027
-63.368778
-63.346905
-63.353153
-63.346905
-63.343784
-63.359402
-63.353153
-63.346905
-63.365654
-63.381279
-63.346905
-63.343784
-63.337532
-63.328159
-63.328159
-63.300034
-63.321907
-63.331284
-63.346905
-63.368778
-63.353153
-63.350029
-63.350029
-63.340656
-63.346905
-63.343784
-63.328159
-63.315659
-63.321907
-63.328159
-63.321907
-63.315659
-63.318783
-63.337532
-63.340656
-63.315659
-63.303158
-63.300034
-63.300034
-63.296909
-63.296909
-63.296909
-63.287533
-63.312534
-63.309406
-63.315659
-63.334408
-63.309406
-63.334408
-63.334408
-63.321907
-63.321907
-63.318783
-63.306282
-63.312534
-63.318783
-63.334408
-63.334408
-63.337532
-63.331284
-63.318783
-63.290657
-63.312534
-63.318783
-63.321907
-63.303158
-63.312534
-63.300034
-63.296909
-63.287533
-63.262531
-63.296909
-63.309406
-63.303158
-63.325031
-63.309406
-63.315659
-63.296909
-63.306282
-63.318783
-63.328159
-63.315659
-63.325031
-63.346905
-63.331284
-63.343784
-63.325031
-63.303158
-63.296909
-63.312534
-63.309406
-63.309406
-63.306282
-63.300034
-63.309406
-63.312534
-63.309406
-63.318783
-63.325031
-63.331284
-63.343784
-63.300034
-63.321907
-63.325031
-63.328159
-63.321907
-63.328159
-63.321907
-63.318783
-63.331284
-63.318783
-63.318783
-63.328159
-63.306282
-63.331284
-63.321907
-63.296909
-63.312534
-63.321907
-63.300034
-63.296909
-63.296909
-63.271908
-63.290657
-63.290657
-63.318783
-63.306282
-63.284409
-63.281284
-63.265659
-63.250034
-63.262531
-63.262531
-63.253159
-63.278156
-63.281284
-63.303158
-63.321907
-63.337532
-63.315659
-63.321907
-63.309406
-63.334408
-63.331284
-63.315659
-63.306282
-63.306282
-63.300034
-63.290657
-63.296909
-63.290657
-63.287533
-63.275032
-63.290657
-63.281284
-63.271908
-63.262531
-63.268784
-63.281284
-63.287533
-63.265659
-63.243786
-63.243786
-63.246914
-63.256283
-63.281284
-63.290657
-63.281284
-63.284409
-63.278156
-63.256283
-63.271908
-63.278156
-63.268784
-63.253159
-63.246914
-63.262531
-63.250034
-63.250034
-63.281284
-63.256283
-63.250034
-63.278156
-63.278156
-63.281284
-63.284409
-63.284409
-63.300034
-63.284409
-63.281284
-63.250034
-63.265659
-63.271908
-63.271908
-63.275032
-63.271908
-63.262531
-63.287533
-63.290657
-63.271908
-63.281284
-63.265659
-63.278156
-63.275032
-63.262531
-63.293781
-63.300034
-63.293781
-63.275032
-63.284409
-63.296909
-63.290657
-63.293781
-63.293781
-63.275032
-63.281284
-63.278156
-63.287533
-63.287533
-63.284409
-63.293781
-63.296909
-63.303158
-63.303158
-63.284409
-63.287533
-63.293781
-63.296909
-63.321907
-63.303158
-63.309406
-63.296909
-63.309406
-63.290657
-63.296909
-63.309406
-63.318783
-63.328159
-63.321907
-63.340656
-63.340656
-63.321907
-63.293781
-63.296909
-63.271908
-63.287533
-63.296909
-63.303158
-63.300034
-63.296909
-63.296909
-63.306282
-63.293781
-63.300034
-63.309406
-63.321907
-63.343784
-63.331284
-63.337532
-63.328159
-63.325031
-63.328159
-63.340656
-63.325031
-63.309406
-63.312534
-63.315659
-63.309406
-63.318783
-63.331284
-63.312534
-63.340656
-63.303158
-63.331284
-63.315659
-63.303158
-63.315659
-63.312534
-63.315659
-63.296909
-63.315659
-63.309406
-63.309406
-63.312534
-63.306282
-63.331284
-63.325031
-63.321907
-63.343784
-63.340656
-63.337532
-63.350029
-63.350029
-63.337532
-63.346905
-63.340656
-63.346905
-63.337532
-63.343784
-63.359402
-63.356277
-63.350029
-63.350029
-63.350029
-63.346905
-63.356277
-63.356277
-63.368778
-63.356277
-63.346905
-63.346905
-63.359402
-63.340656
-63.328159
-63.343784
-63.331284
-63.337532
-63.315659
-63.309406
-63.303158
-63.309406
-63.337532
-63.325031
-63.337532
-63.334408
-63.334408
-63.340656
-63.346905
-63.337532
-63.36253
-63.346905
-63.346905
-63.340656
-63.346905
-63.328159
-63.303158
-63.296909
-63.306282
-63.309406
-63.303158
-63.309406
-63.287533
-63.293781
-63.300034
-63.296909
-63.312534
-63.343784
-63.328159
-63.321907
-63.334408
-63.296909
-63.284409
-63.293781
-63.303158
-63.321907
-63.337532
-63.337532
-63.306282
-63.306282
-63.325031
-63.340656
-63.337532
-63.325031
-63.312534
-63.303158
-63.296909
-63.290657
-63.296909
-63.281284
-63.296909
-63.303158
-63.321907
-63.321907
-63.312534
-63.306282
-63.328159
-63.325031
-63.337532
-63.296909
-63.309406
-63.309406
-63.312534
-63.334408
-63.334408
-63.331284
-63.340656
-63.318783
-63.328159
-63.334408
-63.325031
-63.325031
-63.334408
-63.325031
-63.334408
-63.321907
-63.303158
-63.296909
-63.300034
-63.309406
-63.296909
-63.303158
-63.309406
-63.318783
-63.296909
-63.293781
-63.296909
-63.287533
-63.278156
-63.287533
-63.268784
-63.262531
-63.268784
-63.271908
-63.275032
-63.265659
-63.290657
-63.284409
-63.293781
-63.296909
-63.340656
-63.309406
-63.309406
-63.306282
-63.303158
-63.293781
-63.303158
-63.296909
-63.275032
-63.281284
-63.268784
-63.287533
-63.309406
-63.296909
-63.275032
-63.284409
-63.262531
-63.287533
-63.278156
-63.287533
-63.284409
-63.284409
-63.281284
-63.265659
-63.259407
-63.262531
-63.278156
-63.250034
-63.265659
-63.262531
-63.250034
-63.265659
-63.253159
-63.268784
-63.253159
-63.265659
-63.265659
-63.240662
-63.281284
-63.268784
-63.259407
-63.275032
-63.284409
-63.271908
-63.287533
-63.275032
-63.271908
-63.265659
-63.259407
-63.281284
-63.259407
-63.268784
-63.293781
-63.293781
-63.278156
-63.293781
-63.287533
-63.287533
-63.303158
-63.315659
-63.306282
-63.315659
-63.293781
-63.284409
-63.290657
-63.278156
-63.281284
-63.278156
-63.271908
-63.296909
-63.284409
-63.278156
-63.275032
-63.296909
-63.284409
-63.290657
-63.287533
-63.278156
-63.278156
-63.265659
-63.271908
-63.259407
-63.256283
-63.275032
-63.284409
-63.246914
-63.253159
-63.253159
-63.253159
-63.240662
-63.246914
-63.237537
-63.246914
-63.246914
-63.268784
-63.253159
-63.265659
-63.256283
-63.259407
-63.262531
-63.271908
-63.265659
-63.253159
-63.256283
-63.250034
-63.231289
-63.221912
-63.237537
-63.240662
-63.240662
-63.246914
-63.256283
-63.296909
-63.284409
-63.278156
-63.284409
-63.296909
-63.296909
-63.315659
-63.296909
-63.284409
-63.312534
-63.315659
-63.315659
-63.321907
-63.296909
-63.306282
-63.287533
-63.290657
-63.296909
-63.315659
-63.300034
-63.315659
-63.318783
-63.321907
-63.334408
-63.346905
-63.346905
-63.331284
-63.331284
-63.328159
-63.325031
-63.340656
-63.328159
-63.340656
-63.325031
-63.315659
-63.315659
-63.303158
-63.284409
-63.287533
-63.290657
-63.312534
-63.303158
-63.268784
-63.287533
-63.284409
-63.296909
-63.293781
-63.271908
-63.253159
-63.256283
-63.278156
-63.278156
-63.287533
-63.278156
-63.284409
-63.268784
-63.253159
-63.271908
-63.293781
-63.262531
-63.290657
-63.290657
-63.293781
-63.296909
-63.284409
-63.296909
-63.296909
-63.278156
-63.293781
-63.296909
-63.296909
-63.303158
-63.312534
-63.296909
-63.290657
-63.303158
-63.296909
-63.290657
-63.303158
-63.296909
-63.296909
-63.287533
-63.303158
-63.287533
-63.281284
-63.278156
-63.278156
-63.296909
-63.309406
-63.303158
-63.296909
-63.309406
-63.296909
-63.300034
-63.293781
-63.293781
-63.287533
-63.284409
-63.315659
-63.306282
-63.315659
-63.296909
-63.306282
-63.334408
-63.334408
-63.309406
-63.303158
-63.293781
-63.303158
-63.312534
-63.293781
-63.303158
-63.318783
-63.321907
-63.337532
-63.350029
-63.325031
-63.337532
-63.334408
-63.353153
-63.346905
-63.346905
-63.356277
-63.353153
-63.331284
-63.343784
-63.343784
-63.328159
-63.315659
-63.300034
-63.306282
-63.334408
-63.337532
-63.321907
-63.315659
-63.328159
-63.331284
-63.334408
-63.346905
-63.331284
-63.331284
-63.337532
-63.312534
-63.325031
-63.331284
-63.346905
-63.321907
-63.328159
-63.334408
-63.368778
-63.368778
-63.353153
-63.353153
-63.334408
-63.356277
-63.346905
-63.356277
-63.346905
-63.359402
-63.359402
-63.387527
-63.375027
-63.365654
-63.375027
-63.371902
-63.365654
-63.365654
-63.337532
-63.328159
-63.346905
-63.340656
-63.334408
-63.340656
-63.334408
-63.346905
-63.337532
-63.353153
-63.340656
-63.346905
-63.346905
-63.346905
-63.315659
-63.318783
-63.321907
-63.318783
-63.309406
-63.321907
-63.303158
-63.306282
-63.296909
-63.318783
-63.325031
-63.325031
-63.318783
-63.315659
-63.303158
-63.300034
-63.300034
-63.312534
-63.318783
-63.325031
-63.315659
-63.331284
-63.350029
-63.340656
-63.346905
-63.346905
-63.340656
-63.346905
-63.340656
-63.346905
-63.343784
-63.346905
-63.337532
-63.337532
-63.312534
-63.321907
-63.334408
-63.325031
-63.331284
-63.328159
-63.300034
-63.303158
-63.309406
-63.306282
-63.315659
-63.318783
-63.321907
-63.318783
-63.315659
-63.306282
-63.309406
-63.340656
-63.296909
-63.325031
-63.334408
-63.328159
-63.328159
-63.328159
-63.306282
-63.315659
-63.315659
-63.306282
-63.331284
-63.334408
-63.343784
-63.318783
-63.309406
-63.290657
-63.290657
-63.262531
-63.287533
-63.281284
-63.278156
-63.293781
-63.296909
-63.312534
-63.315659
-63.312534
-63.296909
-63.300034
-63.318783
-63.306282
-63.312534
-63.303158
-63.296909
-63.287533
-63.296909
-63.296909
-63.309406
-63.296909
-63.287533
-63.284409
-63.268784
-63.290657
-63.278156
-63.278156
-63.281284
-63.278156
-63.275032
-63.281284
-63.268784
-63.246914
-63.284409
-63.275032
-63.284409
-63.296909
-63.284409
-63.268784
-63.281284
-63.268784
-63.268784
-63.271908
-63.253159
-63.250034
-63.256283
-63.259407
-63.265659
-63.246914
-63.284409
-63.306282
-63.300034
-63.306282
-63.296909
-63.296909
-63.306282
-63.312534
-63.315659
-63.325031
-63.300034
-63.271908
-63.290657
-63.290657
-63.275032
-63.275032
-63.265659
-63.253159
-63.265659
-63.281284
-63.268784
-63.268784
-63.246914
-63.262531
-63.262531
-63.265659
-63.243786
-63.265659
-63.246914
-63.234413
-63.265659
-63.259407
-63.253159
-63.287533
-63.287533
-63.268784
-63.265659
-63.275032
-63.290657
-63.284409
-63.275032
-63.259407
-63.265659
-63.246914
-63.259407
-63.250034
-63.246914
-63.256283
-63.246914
-63.275032
-63.262531
-63.250034
-63.259407
-63.271908
-63.259407
-63.256283
-63.268784
-63.268784
-63.253159
-63.262531
-63.268784
-63.271908
-63.271908
-63.278156
-63.290657
-63.290657
-63.287533
-63.262531
-63.246914
-63.221912
-63.221912
-63.221912
-63.221912
-63.231289
-63.215664
-63.243786
-63.228161
-63.228161
-63.243786
-63.225037
-63.234413
-63.240662
-63.246914
-63.240662
-63.250034
-63.246914
-63.256283
-63.246914
-63.237537
-63.243786
-63.234413
-63.231289
-63.221912
-63.221912
-63.209412
-63.234413
-63.221912
-63.228161
-63.234413
-63.240662
-63.231289
-63.231289
-63.228161
-63.246914
-63.228161
-63.228161
-63.225037
-63.228161
-63.234413
-63.218788
-63.246914
-63.246914
-63.253159
-63.253159
-63.246914
-63.228161
-63.234413
-63.246914
-63.265659
-63.243786
-63.243786
-63.265659
-63.246914
-63.234413
-63.228161
-63.228161
-63.228161
-63.234413
-63.228161
-63.225037
-63.196911
-63.190662
-63.212536
-63.212536
-63.221912
-63.221912
-63.221912
-63.196911
-63.196911
-63.196911
-63.209412
-63.196911
-63.187538
-63.196911
-63.196911
-63.196911
-63.206287
-63.215664
-63.206287
-63.215664
-63.212536
-63.209412
-63.196911
-63.234413
-63.215664
-63.225037
-63.234413
-63.234413
-63.246914
-63.231289
-63.246914
-63.221912
-63.218788
-63.218788
-63.225037
-63.196911
-63.212536
-63.225037
-63.206287
-63.228161
-63.243786
-63.240662
-63.246914
-63.243786
-63.237537
-63.243786
-63.225037
-63.215664
-63.190662
-63.196911
-63.225037
-63.212536
-63.196911
-63.196911
-63.196911
-63.196911
-63.196911
-63.196911
-63.196911
-63.196911
-63.212536
-63.196911
-63.193787
-63.196911
-63.209412
-63.196911
-63.196911
-63.209412
-63.215664
-63.218788
-63.203163
-63.225037
-63.209412
-63.196911
-63.209412
-63.212536
-63.221912
-63.221912
-63.206287
-63.196911
-63.196911
-63.190662
-63.196911
-63.196911
-63.206287
-63.193787
-63.196911
-63.215664
-63.209412
-63.209412
-63.196911
-63.206287
-63.209412
-63.196911
-63.196911
-63.178162
-63.196911
-63.212536
-63.209412
-63.209412
-63.218788
-63.190662
-63.218788
-63.196911
-63.193787
-63.184414
-63.196911
-63.190662
-63.200039
-63.212536
-63.209412
-63.240662
-63.246914
-63.228161
-63.253159
-63.246914
-63.256283
-63.253159
-63.228161
-63.243786
-63.237537
-63.225037
-63.231289
-63.231289
-63.225037
-63.221912
-63.240662
-63.212536
-63.215664
-63.234413
-63.243786
-63.221912
-63.193787
-63.196911
-63.203163
-63.196911
-63.209412
-63.218788
-63.206287
-63.190662
-63.196911
-63.212536
-63.228161
-63.218788
-63.215664
-63.234413
-63.228161
-63.250034
-63.234413
-63.246914
-63.237537
-63.228161
-63.231289
-63.234413
-63.221912
-63.215664
-63.215664
-63.231289
-63.221912
-63.225037
-63.200039
-63.196911
-63.196911
-63.206287
-63.196911
-63.228161
-63.231289
-63.196911
-63.190662
-63.218788
-63.209412
-63.221912
-63.218788
-63.218788
-63.225037
-63.240662
-63.240662
-63.231289
-63.221912
-63.209412
-63.196911
-63.203163
-63.215664
-63.196911
-63.196911
-63.209412
-63.206287
-63.196911
-63.246914
-63.240662
-63.240662
-63.246914
-63.253159
-63.218788
-63.212536
-63.212536
-63.196911
-63.215664
-63.221912
-63.218788
-63.215664
-63.209412
-63.193787
-63.190662
-63.175037
-63.196911
-63.190662
-63.206287
-63.196911
-63.178162
-63.181286
-63.196911
-63.206287
-63.196911
-63.212536
-63.218788
-63.212536
-63.221912
-63.209412
-63.196911
-63.190662
-63.190662
-63.203163
-63.196911
-63.206287
-63.212536
-63.221912
-63.218788
-63.209412
-63.212536
-63.200039
-63.190662
-63.206287
-63.184414
-63.196911
-63.196911
-63.215664
-63.209412
-63.196911
-63.215664
-63.237537
-63.209412
-63.228161
-63.240662
-63.221912
-63.196911
-63.187538
-63.184414
-63.196911
-63.215664
-63.196911
-63.212536
-63.196911
-63.190662
-63.206287
-63.215664
-63.234413
-63.221912
-63.200039
-63.225037
-63.218788
-63.209412
-63.209412
-63.237537
-63.212536
-63.203163
-63.212536
-63.196911
-63.196911
-63.206287
-63.190662
-63.196911
-63.187538
-63.168789
-63.181286
-63.181286
-63.178162
-63.196911
-63.187538
-63.196911
-63.193787
-63.196911
-63.196911
-63.184414
-63.190662
-63.209412
-63.212536
-63.221912
-63.212536
-63.212536
-63.209412
-63.196911
-63.196911
-63.196911
-63.209412
-63.196911
-63.196911
-63.196911
-63.196911
-63.187538
-63.203163
-63.196911
-63.196911
-63.215664
-63.206287
-63.221912
-63.218788
-63.218788
-63.228161
-63.228161
-63.218788
-63.206287
-63.215664
-63.221912
-63.215664
-63.209412
-63.196911
-63.209412
-63.221912
-63.215664
-63.228161
-63.221912
-63.206287
-63.218788
-63.212536
-63.212536
-63.221912
-63.225037
-63.234413
-63.237537
-63.218788
-63.234413
-63.253159
-63.253159
-63.262531
-63.243786
-63.240662
-63.246914
-63.243786
-63.246914
-63.231289
-63.228161
-63.215664
-63.228161
-63.196911
-63.221912
-63.206287
-63.196911
-63.215664
-63.218788
-63.215664
-63.196911
-63.196911
-63.190662
-63.190662
-63.178162
-63.168789
-63.196911
-63.193787
-63.193787
-63.178162
-63.184414
-63.181286
-63.184414
-63.181286
-63.184414
-63.181286
-63.178162
-63.184414
-63.156288
-63.140667
-63.162537
-63.146912
-63.146912
-63.165661
-63.171913
-63.178162
-63.196911
-63.228161
-63.253159
-63.268784
-63.243786
-63.253159
-63.262531
-63.256283
-63.237537
-63.231289
-63.231289
-63.246914
-63.234413
-63.225037
-63.246914
-63.231289
-63.234413
-63.256283
-63.240662
-63.271908
-63.253159
-63.246914
-63.271908
-63.271908
-63.243786
-63.246914
-63.240662
-63.234413
-63.228161
-63.228161
-63.196911
-63.206287
-63.206287
-63.196911
-63.225037
-63.218788
-63.206287
-63.203163
-63.209412
-63.212536
-63.225037
-63.196911
-63.228161
-63.209412
-63.228161
-63.212536
-63.196911
-63.196911
-63.212536
-63.218788
-63.221912
-63.246914
-63.221912
-63.240662
-63.215664
-63.206287
-63.196911
-63.193787
-63.196911
-63.209412
-63.225037
-63.221912
-63.234413
-63.246914
-63.246914
-63.259407
-63.253159
-63.250034
-63.265659
-63.240662
-63.250034
-63.265659
-63.281284
-63.271908
-63.259407
-63.275032
-63.275032
-63.275032
-63.262531
-63.268784
-63.271908
-63.278156
-63.253159
-63.284409
-63.265659
-63.287533
-63.259407
-63.268784
-63.265659
-63.268784
-63.259407
-63.246914
-63.265659
-63.271908
-63.271908
-63.262531
-63.246914
-63.234413
-63.228161
-63.237537
-63.243786
-63.221912
-63.243786
-63.250034
-63.234413
-63.240662
-63.237537
-63.231289
-63.234413
-63.231289
-63.246914
-63.240662
-63.234413
-63.246914
-63.246914
-63.243786
-63.246914
-63.253159
-63.250034
-63.237537
-63.228161
-63.228161
-63.228161
-63.234413
-63.228161
-63.231289
-63.237537
-63.221912
-63.234413
-63.240662
-63.250034
-63.246914
-63.250034
-63.243786
-63.246914
-63.246914
-63.253159
-63.268784
-63.265659
-63.262531
-63.265659
-63.240662
-63.253159
-63.240662
-63.228161
-63.218788
-63.206287
-63.209412
-63.206287
-63.209412
-63.225037
-63.240662
-63.215664
-63.196911
-63.196911
-63.196911
-63.215664
-63.212536
-63.212536
-63.212536
-63.196911
-63.181286
-63.184414
-63.193787
-63.181286
-63.196911
-63.209412
-63.196911
-63.206287
-63.190662
-63.203163
-63.215664
-63.196911
-63.171913
-63.193787
-63.187538
-63.181286
-63.187538
-63.159412
-63.146912
-63.171913
-63.162537
-63.171913
-63.159412
-63.143791
-63.137543
-63.146912
-63.128166
-63.125042
-63.134418
-63.128166
-63.146912
-63.153164
-63.159412
-63.168789
-63.165661
-63.162537
-63.159412
-63.165661
-63.181286
-63.168789
-63.153164
-63.165661
-63.175037
-63.175037
-63.165661
-63.159412
-63.153164
-63.137543
-63.150036
-63.146912
-63.140667
-63.146912
-63.146912
-63.168789
-63.162537
-63.153164
-63.171913
-63.153164
-63.150036
-63.171913
-63.156288
-63.187538
-63.184414
-63.146912
-63.146912
-63.146912
-63.146912
-63.143791
-63.150036
-63.137543
-63.134418
-63.140667
-63.134418
-63.146912
-63.150036
-63.146912
-63.137543
-63.134418
-63.121918
-63.121918
-63.125042
-63.109417
-63.112541
-63.112541
-63.128166
-63.134418
-63.125042
-63.125042
-63.134418
-63.143791
-63.159412
-63.143791
-63.162537
-63.171913
-63.175037
-63.168789
-63.171913
-63.146912
-63.140667
-63.165661
-63.159412
-63.143791
-63.146912
-63.134418
-63.146912
-63.131294
-63.146912
-63.134418
-63.131294
-63.134418
-63.131294
-63.128166
-63.121918
-63.137543
-63.146912
-63.134418
-63.140667
-63.146912
-63.159412
-63.156288
-63.165661
-63.162537
-63.181286
-63.184414
-63.168789
-63.171913
-63.171913
-63.181286
-63.168789
-63.159412
-63.150036
-63.146912
-63.165661
-63.143791
-63.165661
-63.168789
-63.184414
-63.168789
-63.178162
-63.162537
-63.168789
-63.159412
-63.178162
-63.156288
-63.162537
-63.162537
-63.165661
-63.162537
-63.171913
-63.175037
-63.187538
-63.162537
-63.156288
-63.175037
-63.162537
-63.178162
-63.175037
-63.171913
-63.175037
-63.178162
-63.175037
-63.184414
-63.178162
-63.184414
-63.196911
-63.184414
-63.162537
-63.159412
-63.165661
-63.146912
-63.156288
-63.146912
-63.153164
-63.162537
-63.150036
-63.134418
-63.125042
-63.131294
-63.150036
-63.159412
-63.156288
-63.153164
-63.156288
-63.131294
-63.153164
-63.159412
-63.143791
-63.143791
-63.153164
-63.171913
-63.190662
-63.196911
-63.187538
-63.196911
-63.193787
-63.190662
-63.196911
-63.196911
-63.196911
-63.184414
-63.181286
-63.171913
-63.162537
-63.150036
-63.146912
-63.175037
-63.184414
-63.190662
-63.203163
-63.190662
-63.196911
-63.209412
-63.193787
-63.187538
-63.171913
-63.187538
-63.178162
-63.193787
-63.165661
-63.187538
-63.203163
-63.196911
-63.187538
-63.181286
-63.190662
-63.175037
-63.184414
-63.212536
-63.215664
-63.190662
-63.196911
-63.181286
-63.178162
-63.187538
-63.184414
-63.184414
-63.196911
-63.196911
-63.196911
-63.184414
-63.171913
-63.184414
-63.190662
-63.175037
-63.196911
-63.181286
-63.171913
-63.181286
-63.184414
-63.193787
-63.196911
-63.184414
-63.175037
-63.181286
-63.165661
-63.162537
-63.184414
-63.168789
-63.168789
-63.187538
-63.165661
-63.181286
-63.184414
-63.190662
-63.190662
-63.178162
-63.171913
-63.184414
-63.178162
-63.187538
-63.209412
-63.196911
-63.165661
-63.165661
-63.178162
-63.184414
-63.165661
-63.171913
-63.175037
-63.168789
-63.153164
-63.159412
-63.181286
-63.168789
-63.168789
-63.165661
-63.153164
-63.162537
-63.165661
-63.181286
-63.175037
-63.171913
-63.178162
-63.187538
-63.181286
-63.159412
-63.165661
-63.178162
-63.196911
-63.212536
-63.196911
-63.187538
-63.218788
-63.218788
-63.190662
-63.159412
-63.159412
-63.146912
-63.159412
-63.171913
-63.181286
-63.171913
-63.187538
-63.187538
-63.193787
-63.209412
-63.190662
-63.190662
-63.190662
-63.209412
-63.184414
-63.175037
-63.196911
-63.165661
-63.178162
-63.168789
-63.171913
-63.171913
-63.153164
-63.178162
-63.190662
-63.184414
-63.159412
-63.209412
-63.212536
-63.228161
-63.215664
-63.231289
-63.209412
-63.225037
-63.234413
-63.215664
-63.215664
-63.215664
-63.221912
-63.209412
-63.225037
-63.221912
-63.221912
-63.196911
-63.215664
-63.196911
-63.190662
-63.215664
-63.206287
-63.196911
-63.196911
-63.190662
-63.193787
-63.181286
-63.196911
-63.187538
-63.193787
-63.196911
-63.206287
-63.196911
-63.196911
-63.203163
-63.196911
-63.184414
-63.190662
-63.190662
-63.196911
-63.203163
-63.193787
-63.187538
-63.206287
-63.212536
-63.203163
-63.218788
-63.209412
-63.212536
-63.209412
-63.196911
-63.196911
-63.206287
-63.190662
-63.196911
-63.196911
-63.212536
-63.221912
-63.196911
-63.234413
-63.215664
-63.212536
-63.196911
-63.196911
-63.196911
-63.196911
-63.193787
-63.193787
-63.184414
-63.196911
-63.196911
-63.181286
-63.187538
-63.184414
-63.196911
-63.187538
-63.206287
-63.212536
-63.209412
-63.209412
-63.196911
-63.196911
-63.196911
-63.221912
-63.218788
-63.218788
-63.243786
-63.237537
-63.215664
-63.234413
-63.209412
-63.246914
-63.240662
-63.237537
-63.250034
-63.246914
-63.231289
-63.240662
-63.234413
-63.228161
-63.240662
-63.231289
-63.218788
-63.243786
-63.234413
-63.237537
-63.225037
-63.206287
-63.218788
-63.212536
-63.231289
-63.221912
-63.206287
-63.209412
-63.221912
-63.218788
-63.228161
-63.228161
-63.240662
-63.234413
-63.253159
-63.246914
-63.253159
-63.253159
-63.240662
-63.218788
-63.237537
-63.218788
-63.221912
-63.215664
-63.212536
-63.231289
-63.237537
-63.250034
-63.246914
-63.250034
-63.234413
-63.256283
-63.262531
-63.250034
-63.246914
-63.246914
-63.265659
-63.278156
-63.259407
-63.253159
-63.237537
-63.234413
-63.218788
-63.218788
-63.225037
-63.221912
-63.265659
-63.250034
-63.256283
-63.265659
-63.262531
-63.262531
-63.256283
-63.265659
-63.250034
-63.253159
-63.256283
-63.281284
-63.278156
-63.278156
-63.290657
-63.293781
-63.284409
-63.287533
-63.268784
-63.271908
-63.296909
-63.278156
-63.271908
-63.287533
-63.281284
-63.293781
-63.296909
-63.290657
-63.296909
-63.278156
-63.256283
-63.281284
-63.284409
-63.296909
-63.296909
-63.271908
-63.271908
-63.262531
-63.271908
-63.253159
-63.275032
-63.278156
-63.284409
-63.278156
-63.293781
-63.271908
-63.265659
-63.265659
-63.268784
-63.265659
-63.265659
-63.271908
-63.284409
-63.284409
-63.268784
-63.281284
-63.281284
-63.278156
-63.300034
-63.296909
-63.303158
-63.268784
-63.281284
-63.271908
-63.275032
-63.271908
-63.259407
-63.250034
-63.278156
-63.256283
-63.268784
-63.296909
-63.284409
-63.296909
-63.306282
-63.290657
-63.296909
-63.300034
-63.309406
-63.325031
-63.318783
-63.306282
-63.315659
-63.315659
-63.296909
-63.321907
-63.321907
-63.300034
-63.315659
-63.337532
-63.328159
-63.325031
-63.309406
-63.328159
-63.312534
-63.309406
-63.296909
-63.312534
-63.309406
-63.296909
-63.296909
-63.293781
-63.293781
-63.300034
-63.284409
-63.287533
-63.296909
-63.300034
-63.331284
-63.337532
-63.321907
-63.334408
-63.334408
-63.340656
-63.337532
-63.328159
-63.334408
-63.321907
-63.328159
-63.328159
-63.334408
-63.346905
-63.328159
-63.306282
-63.315659
-63.318783
-63.318783
-63.325031
-63.350029
-63.334408
-63.340656
-63.334408
-63.334408
-63.337532
-63.325031
-63.315659
-63.312534
-63.321907
-63.315659
-63.293781
-63.300034
-63.296909
-63.312534
-63.318783
-63.321907
-63.356277
-63.328159
-63.315659
-63.306282
-63.303158
-63.293781
-63.296909
-63.303158
-63.334408
-63.321907
-63.340656
-63.343784
-63.359402
-63.343784
-63.36253
-63.321907
-63.315659
-63.331284
-63.318783
-63.309406
-63.328159
-63.321907
-63.321907
-63.340656
-63.337532
-63.337532
-63.353153
-63.340656
-63.340656
-63.321907
-63.321907
-63.303158
-63.296909
-63.296909
-63.309406
-63.309406
-63.300034
-63.312534
-63.334408
-63.303158
-63.325031
-63.331284
-63.318783
-63.331284
-63.312534
-63.328159
-63.334408
-63.337532
-63.328159
-63.331284
-63.331284
-63.346905
-63.337532
-63.340656
-63.337532
-63.346905
-63.331284
-63.340656
-63.350029
-63.343784
-63.343784
-63.346905
-63.346905
-63.346905
-63.346905
-63.346905
-63.365654
-63.353153
-63.346905
-63.334408
-63.340656
-63.343784
-63.368778
-63.346905
-63.359402
-63.346905
-63.340656
-63.340656
-63.325031
-63.328159
-63.315659
-63.334408
-63.334408
-63.346905
-63.340656
-63.340656
-63.346905
-63.325031
-63.334408
-63.346905
-63.346905
-63.334408
-63.334408
-63.346905
-63.359402
-63.365654
-63.343784
-63.368778
-63.353153
-63.353153
-63.350029
-63.334408
-63.337532
-63.340656
-63.334408
-63.346905
-63.346905
-63.346905
-63.356277
-63.346905
-63.325031
-63.346905
-63.356277
-63.340656
-63.331284
-63.328159
-63.321907
-63.328159
-63.346905
-63.343784
-63.353153
-63.36253
-63.365654
-63.396904
-63.387527
-63.381279
-63.387527
-63.36253
-63.371902
-63.359402
-63.353153
-63.36253
-63.378155
-63.371902
-63.381279
-63.384403
-63.356277
-63.359402
-63.371902
-63.368778
-63.365654
-63.346905
-63.350029
-63.359402
-63.353153
-63.371902
-63.368778
-63.368778
-63.390652
-63.368778
-63.371902
-63.378155
-63.378155
-63.384403
-63.384403
-63.387527
-63.378155
-63.390652
-63.39378
-63.396904
-63.384403
-63.378155
-63.375027
-63.387527
-63.378155
-63.375027
-63.384403
-63.396904
-63.384403
-63.381279
-63.359402
-63.359402
-63.365654
-63.359402
-63.381279
-63.375027
-63.359402
-63.371902
-63.384403
-63.36253
-63.387527
-63.387527
-63.396904
-63.39378
-63.384403
-63.390652
-63.390652
-63.396904
-63.390652
-63.378155
-63.384403
-63.371902
-63.381279
-63.384403
-63.39378
-63.381279
-63.396904
-63.409405
-63.381279
-63.387527
-63.406277
-63.431278
-63.418777
-63.434402
-63.421902
-63.412529
-63.409405
-63.412529
-63.415653
-63.409405
-63.371902
-63.375027
-63.384403
-63.396904
-63.415653
-63.418777
-63.396904
-63.396904
-63.384403
-63.387527
-63.406277
-63.39378
-63.381279
-63.396904
-63.381279
-63.365654
-63.371902
-63.371902
-63.381279
-63.396904
-63.403152
-63.403152
-63.381279
-63.375027
-63.378155
-63.378155
-63.346905
-63.350029
-63.371902
-63.350029
-63.343784
-63.346905
-63.340656
-63.356277
-63.359402
-63.353153
-63.356277
-63.359402
-63.371902
-63.384403
-63.371902
-63.359402
-63.371902
-63.340656
-63.318783
-63.356277
-63.359402
-63.368778
-63.371902
-63.378155
-63.368778
-63.365654
-63.371902
-63.365654
-63.356277
-63.365654
-63.381279
-63.390652
-63.39378
-63.390652
-63.371902
-63.356277
-63.371902
-63.36253
-63.356277
-63.365654
-63.36253
-63.375027
-63.340656
-63.343784
-63.340656
-63.334408
-63.337532
-63.350029
-63.346905
-63.36253
-63.356277
-63.353153
-63.328159
-63.321907
-63.315659
-63.303158
-63.312534
-63.296909
-63.296909
-63.296909
-63.300034
-63.309406
-63.318783
-63.315659
-63.312534
-63.300034
-63.340656
-63.340656
-63.334408
-63.321907
-63.334408
-63.350029
-63.346905
-63.346905
-63.337532
-63.337532
-63.318783
-63.290657
-63.290657
-63.300034
-63.296909
-63.309406
-63.287533
-63.293781
-63.321907
-63.318783
-63.325031
-63.334408
-63.328159
-63.337532
-63.346905
-63.331284
-63.331284
-63.321907
-63.321907
-63.334408
-63.340656
-63.334408
-63.328159
-63.334408
-63.318783
-63.293781
-63.278156
-63.284409
-63.293781
-63.287533
-63.287533
-63.325031
-63.328159
-63.318783
-63.343784
-63.334408
-63.315659
-63.321907
-63.312534
-63.328159
-63.312534
-63.315659
-63.328159
-63.309406
-63.303158
-63.300034
-63.296909
-63.287533
-63.300034
-63.293781
-63.278156
-63.281284
-63.321907
-63.293781
-63.303158
-63.296909
-63.290657
-63.290657
-63.287533
-63.293781
-63.296909
-63.303158
-63.296909
-63.315659
-63.309406
-63.296909
-63.312534
-63.293781
-63.296909
-63.281284
-63.296909
-63.300034
-63.293781
-63.293781
-63.303158
-63.312534
-63.303158
-63.290657
-63.296909
-63.296909
-63.284409
-63.271908
-63.271908
-63.262531
-63.259407
-63.271908
-63.265659
-63.259407
-63.268784
-63.262531
-63.259407
-63.278156
-63.268784
-63.259407
-63.284409
-63.281284
-63.271908
-63.290657
-63.300034
-63.287533
-63.268784
-63.275032
-63.268784
-63.253159
-63.259407
-63.281284
-63.259407
-63.256283
-63.278156
-63.293781
-63.290657
-63.290657
-63.296909
-63.256283
-63.259407
-63.262531
-63.253159
-63.265659
-63.253159
-63.268784
-63.262531
-63.265659
-63.275032
-63.262531
-63.256283
-63.265659
-63.271908
-63.259407
-63.275032
-63.281284
-63.275032
-63.275032
-63.275032
-63.290657
-63.281284
-63.296909
-63.296909
-63.328159
-63.306282
-63.300034
-63.290657
-63.287533
-63.284409
-63.275032
-63.259407
-63.278156
-63.290657
-63.275032
-63.284409
-63.268784
-63.278156
-63.268784
-63.275032
-63.278156
-63.278156
-63.256283
-63.268784
-63.284409
-63.265659
-63.253159
-63.265659
-63.271908
-63.278156
-63.281284
-63.253159
-63.253159
-63.268784
-63.265659
-63.287533
-63.287533
-63.281284
-63.265659
-63.265659
-63.259407
-63.271908
-63.246914
-63.259407
-63.262531
-63.278156
-63.265659
-63.268784
-63.246914
-63.271908
-63.287533
-63.262531
-63.259407
-63.253159
-63.246914
-63.259407
-63.231289
-63.246914
-63.246914
-63.231289
-63.212536
-63.187538
-63.168789
-63.146912
-63.137543
-63.103168
-63.096916
-63.071918
-63.068794
-63.071918
-63.053169
-63.056293
-63.059418
-63.050041
-63.021923
-63.028172
-63.021923
-63.015671
-63.021923
-63.021923
-62.996922
-63.012547
-63.012547
-63.009422
-62.996922
-62.971924
-62.965672
-62.968796
-62.959423
-62.959423
-62.959423
-62.959423
-62.981297
-62.971924
-62.968796
-62.987549
-62.993797
-62.996922
-62.984421
-62.990673
-63.006298
-63.018799
-63.006298
-62.996922
-63.015671
-63.006298
-63.009422
-63.025047
-63.031296
-63.034424
-63.028172
-63.037548
-63.025047
-63.021923
-63.021923
-63.021923
-63.021923
-63.012547
-63.018799
-63.021923
-63.009422
-63.021923
-63.034424
-63.046921
-63.046921
-63.040672
-63.043797
-63.046921
-63.046921
-63.062542
-63.050041
-63.062542
-63.059418
-63.046921
-63.037548
-63.043797
-63.028172
-63.018799
-63.025047
-63.021923
-63.034424
-63.025047
-63.009422
-63.012547
-63.015671
-62.990673
-63.012547
-63.028172
-63.012547
-63.006298
-63.028172
-63.031296
-63.046921
-63.046921
-63.046921
-63.059418
-63.053169
-63.068794
-63.071918
-63.081291
-63.084419
-63.078167
-63.090668
-63.096916
-63.096916
-63.118793
-63.096916
-63.109417
-63.096916
-63.071918
-63.078167
-63.068794
-63.081291
-63.071918
-63.065666
-63.078167
-63.081291
-63.059418
-63.068794
-63.059418
-63.065666
-63.050041
-63.043797
-63.043797
-63.065666
-63.065666
-63.059418
-63.046921
-63.068794
-63.046921
-63.068794
-63.053169
-63.059418
-63.071918
-63.056293
-63.068794
-63.059418
-63.053169
-63.056293
-63.053169
-63.043797
-63.046921
-63.046921
-63.040672
-63.043797
-63.046921
-63.046921
-63.068794
-63.046921
-63.050041
-63.050041
-63.025047
-63.046921
-63.059418
-63.031296
-63.059418
-63.046921
-63.046921
-63.065666
-63.068794
-63.056293
-63.071918
-63.043797
-63.046921
-63.043797
-63.031296
-63.025047
-63.040672
-63.031296
-63.046921
-63.046921
-63.046921
-63.050041
-63.053169
-63.031296
-63.028172
-63.040672
-63.028172
-63.046921
-63.062542
-63.046921
-63.065666
-63.059418
-63.059418
-63.050041
-63.053169
-63.037548
-63.062542
-63.062542
-63.065666
-63.084419
-63.075043
-63.071918
-63.062542
-63.071918
-63.093792
-63.059418
-63.043797
-63.050041
-63.034424
-63.025047
-63.040672
-63.065666
-63.053169
-63.078167
-63.078167
-63.075043
-63.087543
-63.087543
-63.106293
-63.090668
-63.096916
-63.090668
-63.084419
-63.078167
-63.065666
-63.046921
-63.056293
-63.050041
-63.056293
-63.053169
-63.053169
-63.046921
-63.040672
-63.068794
-63.084419
-63.065666
-63.078167
-63.056293
-63.053169
-63.059418
-63.071918
-63.065666
-63.075043
-63.059418
-63.053169
-63.068794
-63.056293
-63.081291
-63.075043
-63.068794
-63.071918
-63.050041
-63.028172
-63.021923
-63.025047
-63.046921
-63.056293
-63.046921
-63.040672
-63.056293
-63.050041
-63.078167
-63.084419
-63.068794
-63.065666
-63.078167
-63.071918
-63.096916
-63.090668
-63.081291
-63.065666
-63.078167
-63.084419
-63.071918
-63.078167
-63.103168
-63.109417
-63.096916
-63.087543
-63.093792
-63.100044
-63.106293
-63.096916
-63.087543
-63.103168
-63.096916
-63.078167
-63.071918
-63.059418
-63.046921
-63.062542
-63.056293
-63.053169
-63.046921
-63.043797
-63.037548
-63.043797
-63.040672
-63.068794
-63.046921
-63.046921
-63.056293
-63.050041
-63.053169
-63.059418
-63.056293
-63.081291
-63.100044
-63.087543
-63.096916
-63.084419
-63.106293
-63.081291
-63.075043
-63.056293
-63.084419
-63.096916
-63.100044
-63.084419
-63.078167
-63.065666
-63.090668
-63.075043
-63.087543
-63.053169
-63.075043
-63.059418
-63.046921
-63.034424
-63.046921
-63.075043
-63.078167
-63.084419
-63.093792
-63.084419
-63.090668
-63.071918
-63.071918
-63.096916
-63.096916
-63.093792
-63.084419
-63.096916
-63.093792
-63.090668
-63.071918
-63.090668
-63.093792
-63.078167
-63.078167
-63.078167
-63.078167
-63.062542
-63.068794
-63.056293
-63.065666
-63.093792
-63.084419
-63.093792
-63.093792
-63.090668
-63.096916
-63.115669
-63.103168
-63.106293
-63.103168
-63.096916
-63.103168
-63.100044
-63.096916
-63.109417
-63.090668
-63.084419
-63.096916
-63.096916
-63.121918
-63.100044
-63.071918
-63.090668
-63.090668
-63.084419
-63.087543
-63.096916
-63.065666
-63.090668
-63.078167
-63.065666
-63.056293
-63.059418
-63.040672
-63.053169
-63.046921
-63.065666
-63.059418
-63.090668
-63.081291
-63.096916
-63.071918
-63.081291
-63.078167
-63.059418
-63.065666
-63.084419
-63.062542
-63.087543
-63.062542
-63.046921
-63.078167
-63.056293
-63.053169
-63.046921
-63.053169
-63.046921
-63.050041
-63.068794
-63.053169
-63.059418
-63.053169
-63.050041
-63.078167
-63.056293
-63.075043
-63.071918
-63.071918
-63.065666
-63.059418
-63.046921
-63.046921
-63.040672
-63.040672
-63.043797
-63.025047
-63.037548
-63.056293
-63.050041
-63.053169
-63.071918
-63.065666
-63.062542
-63.068794
-63.056293
-63.081291
-63.075043
-63.065666
-63.046921
-63.046921
-63.040672
-63.028172
-63.025047
-63.021923
-63.043797
-63.028172
-63.046921
-63.046921
-63.075043
-63.056293
-63.056293
-63.053169
-63.065666
-63.059418
-63.046921
-63.040672
-63.071918
-63.068794
-63.078167
-63.081291
-63.065666
-63.065666
-63.065666
-63.065666
-63.096916
-63.081291
-63.096916
-63.084419
-63.071918
-63.084419
-63.078167
-63.087543
-63.081291
-63.096916
-63.090668
-63.096916
-63.096916
-63.084419
-63.096916
-63.075043
-63.078167
-63.078167
-63.087543
-63.087543
-63.090668
-63.053169
-63.046921
-63.046921
-63.053169
-63.053169
-63.050041
-63.053169
-63.043797
-63.046921
-63.050041
-63.046921
-63.068794
-63.062542
-63.071918
-63.081291
-63.096916
-63.093792
-63.081291
-63.071918
-63.084419
-63.090668
-63.084419
-63.081291
-63.075043
-63.071918
-63.075043
-63.084419
-63.100044
-63.109417
-63.112541
-63.121918
-63.096916
-63.096916
-63.103168
-63.106293
-63.096916
-63.112541
-63.118793
-63.112541
-63.125042
-63.112541
-63.100044
-63.143791
-63.118793
-63.112541
-63.106293
-63.096916
-63.096916
-63.096916
-63.087543
-63.068794
-63.084419
-63.084419
-63.078167
-62.940678
-63.353153
-63.640644
-63.696888
-63.650013
-63.496899
-63.296909
-63.071918
-62.843807
-62.596943
-62.362576
-62.159462
-61.91885
-61.703236
-61.496994
-61.29388
-61.090767
-60.903275
-60.715786
-60.547039
-60.365799
-60.206432
-60.037693
-59.878323
-59.709583
-59.575214
-59.447098
-59.303352
-59.159607
-59.012741
-58.881496
-58.722134
-58.572136
-58.440899
-58.30965
-58.178406
-58.047165
-57.919048
-57.797176
-57.681557
-57.559685
-57.428448
-57.297199
-57.18158
-57.06596
-56.947216
-56.844101
-56.697231
-56.615986
-56.497238
-56.356621
-56.241005
-56.122261
-56.034763
-55.912895
-55.772274
-55.656654
-55.56916
-55.43792
-55.3223
-55.241055
-55.119183
-55.003563
-54.89732
-54.775448
-54.659828
-54.512962
-54.378593
-54.253597
-54.122356
-54.016113
-53.897366
-53.772373
-53.650501
-53.544262
-53.441143
-53.309895
-53.222401
-53.097404
-52.963036
-52.81617
-52.666176
-52.522434
-52.363064
-52.184952
-52.022461
-51.878716
-51.694351
-51.53186
-51.341244
-51.063129
-49.828815
-44.357204
-33.948341
-16.530443
1.3624334
15.16176
24.648796
30.420389
33.151505
33.576485
32.304672
29.779795
26.298716
22.217665
17.655388
12.799375
7.7777452
2.7373662
-2.3655095
-7.5465064
-12.849372
-18.192862
-23.392607
-28.348616
-32.842144
-36.838825
-40.28553
-43.210388
-45.691517
-47.719543
-49.381962
-50.706898
-51.74435
-52.547432
-53.172401
-53.644257
-54.009861
-54.284847
-54.481712
-54.597332
-54.65358
-54.687954
-54.662952
-54.622334
-54.531712
-54.469212
-54.369217
-54.281723
-54.181728
-54.069233
-53.941116
-53.822372
-53.656754
-53.497387
-53.366142
-53.225525
-53.113029
-52.994286
-52.859917
-52.709927
-52.60368
-52.478683
-52.356815
-52.266193
-52.163074
-52.097454
-51.994335
-51.88184
-51.819344
-51.725601
-51.61623
-51.547478
-51.45686
-51.378738
-51.278744
-51.197498
-51.097504
-51.028759
-50.910015
-50.82877
-50.747517
-50.660023
-50.566277
-50.503784
-50.43504
-50.347538
-50.278793
-50.191299
-50.106926
-50.038181
-49.935062
-49.850689
-49.769444
-49.697571
-49.610077
-49.519459
-49.447586
-49.363213
-49.297592
-49.203846
-49.14135
-49.060101
-48.96323
-48.853863
-48.747616
-48.610126
-48.497631
-48.241394
-47.100822
-42.632294
-34.954544
-22.998877
-7.5683799
6.3215661
16.817928
23.923832
28.148624
30.09853
30.28602
29.217323
27.348663
25.017529
22.402031
19.730286
17.080416
14.474293
11.949416
9.4995356
7.0996532
4.7810163
2.5373759
0.24998778
-2.0498998
-4.399785
-6.8652897
-9.4714117
-12.205654
-15.108638
-18.158489
-21.277084
-24.405058
-27.44241
-30.314144
-32.995262
-35.420147
-37.604412
-39.504322
-41.166737
-42.61042
-43.822861
-44.904057
-45.819637
-46.569599
-47.225819
-47.788288
-48.244522
-48.647625
-49.010105
-49.316341
-49.56945
-49.785069
-49.953808
-50.113178
-50.238174
-50.316292
-50.422539
-50.491283
-50.525658
-50.581902
-50.619404
-50.641277
-50.675648
-50.706898
-50.735023
-50.747517
-50.747517
-50.756893
-50.778767
-50.791267
-50.785019
-50.778767
-50.763142
-50.750645
-50.722523
-50.706898
-50.728775
-50.700649
-50.706898
-50.697525
-50.685024
-50.672523
-50.666275
-50.65065
-50.64753
-50.635029
-50.58503
-50.578777
-50.578777
-50.594402
-50.58503
-50.575653
-50.541283
-50.541283
-50.525658
-50.497532
-50.485035
-50.488159
-50.497532
-50.485035
-50.466282
-50.447536
-50.431911
-50.431911
-50.406914
-50.366287
-50.347538
-50.328793
-50.313168
-50.275669
-50.250668
-50.228798
-50.191299
-50.172546
-50.169422
-50.131927
-50.103802
-50.097553
-50.078804
-50.053802
-50.047558
-50.047558
-50.056927
-50.056927
-50.041309
-50.010059
-49.997559
-49.985058
-49.947559
-49.931938
-49.897564
-49.888187
-49.872562
-49.891312
-49.856937
-49.835068
-49.831944
-49.81319
-49.785069
-49.766315
-49.756943
-49.719448
-49.691322
-49.666321
-49.638203
-49.628826
-49.581951
-49.547577
-49.513206
-49.460083
-49.410088
-49.385086
-49.328842
-49.306965
-49.263218
-49.213223
-49.191345
-49.135101
-49.097603
-49.035107
-48.978855
-48.931988
-48.888237
-48.841366
-48.797615
-48.735123
-48.688248
-48.650745
-48.582001
-48.522633
-48.469505
-48.403885
-48.278889
-48.138275
-47.622673
-44.657192
-38.398125
-28.754845
-14.455544
0.42497924
12.465015
21.145842
26.770569
29.842291
30.973486
30.6735
29.382938
27.498657
25.226892
22.767639
20.28026
17.796005
15.408623
13.052487
10.799473
8.6870756
6.6528001
4.6560225
2.7092426
0.76558763
-1.2186905
-3.2185926
-5.302866
-7.4027634
-9.5495338
-11.761926
-14.099311
-16.577314
-19.136564
-21.733313
-24.295689
-26.739319
-29.061081
-31.226599
-33.264
-35.10141
-36.766956
-38.257507
-39.563694
-40.751133
-41.794834
-42.719788
-43.547871
-44.313461
-44.941555
-45.557148
-46.085247
-46.522728
-46.957081
-47.310188
-47.672668
-47.99453
-48.266392
-48.51638
-48.741371
-48.947605
-49.116352
-49.275715
-49.406963
-49.513206
-49.616325
-49.744446
-49.853813
-49.963184
-50.060051
-50.128803
-50.185047
-50.247547
-50.347538
-50.422539
-50.460033
-50.50066
-50.547527
-50.606903
-50.653774
-50.691273
-50.703773
-50.756893
-50.794392
-50.831894
-50.872513
-50.897514
-50.922512
-50.963135
-50.97876
-51.019382
-51.056877
-51.091255
-51.100628
-51.122505
-51.13813
-51.147499
-51.125629
-51.147499
-51.178749
-51.188126
-51.197498
-51.197498
-51.197498
-51.197498
-51.247498
-51.241249
-51.263119
-51.259995
-51.272495
-51.278744
-51.266243
-51.253742
-51.266243
-51.269367
-51.25687
-51.281868
-51.28812
-51.281868
-51.281868
-51.27562
-51.291245
-51.30687
-51.316242
-51.325619
-51.316242
-51.313118
-51.331867
-51.309994
-51.313118
-51.334995
-51.300617
-51.297493
-51.300617
-51.300617
-51.278744
-51.278744
-51.27562
-51.272495
-51.27562
-51.259995
-51.25687
-51.225624
-51.197498
-51.169373
-51.153748
-51.150623
-51.16
-51.156876
-51.147499
-51.163124
-51.172501
-51.156876
-51.147499
-51.110004
-51.097504
-51.069378
-51.053753
-51.044384
-51.013134
-50.960011
-50.953758
-50.94751
-50.94751
-50.941265
-50.922512
-50.928764
-50.903763
-50.897514
-50.872513
-50.881889
-50.856888
-50.860012
-50.847519
-50.816269
-50.806892
-50.794392
-50.772518
-50.756893
-50.760017
-50.760017
-50.769394
-50.772518
-50.760017
-50.753769
-50.741272
-50.728775
-50.722523
-50.685024
-50.672523
-50.64753
-50.638153
-50.578777
-50.560028
-50.528782
-50.513157
-50.472534
-50.438164
-50.43504
-50.425663
-50.406914
-50.391289
-50.347538
-50.297543
-50.263168
-50.244423
-50.210049
-50.172546
-50.122551
-50.075676
-50.035057
-49.991306
-49.966309
-49.950684
-49.938187
-49.922562
-49.897564
-49.903812
-49.885063
-49.906937
-49.897564
-49.938187
-49.941311
-49.928814
-49.956932
-49.966309
-49.950684
-49.960056
-49.947559
-49.906937
-49.878811
-49.835068
-49.772568
-49.763191
-49.731949
-49.672573
-49.660072
-49.644451
-49.581951
-49.578827
-49.547577
-49.519459
-49.488209
-49.435085
-49.397587
-49.360088
-49.338215
-49.319466
-49.29134
-49.247597
-49.247597
-49.216347
-49.197598
-49.197598
-49.169472
-49.172596
-49.156971
-49.163223
-49.144478
-49.144478
-49.116352
-49.122601
-49.072601
-49.035107
-49.022606
-48.988232
-48.947605
-48.947605
-48.913235
-48.872612
-48.847614
-48.803867
-48.735123
-48.694496
-48.638252
-48.563251
-48.497631
-48.435135
-48.369511
-48.291389
-48.178894
-47.997654
-47.507053
-44.575947
-38.313755
-28.342365
-13.421219
1.6249206
13.630585
22.195791
27.676771
30.732872
31.898441
31.66408
30.454763
28.548605
26.30184
23.851959
21.283335
18.71471
16.217957
13.836823
11.515062
9.2839212
7.102778
4.993506
2.9217322
0.84995848
-1.2186905
-3.356086
-5.5903521
-7.9558616
-10.493237
-13.114984
-15.836726
-18.64909
-21.461452
-24.236315
-26.91431
-29.445436
-31.798447
-33.948341
-35.885746
-37.595039
-39.101215
-40.419903
-41.554218
-42.566669
-43.426006
-44.182217
-44.860306
-45.447781
-45.925884
-46.397732
-46.807087
-47.147694
-47.447685
-47.738297
-47.99453
-48.216396
-48.422634
-48.622627
-48.78199
-48.919487
-49.038231
-49.116352
-49.210098
-49.338215
-49.431961
-49.497581
-49.613201
-49.694447
-49.747566
-49.822567
-49.894436
-49.925686
-49.978809
-50.047558
-50.066303
-50.110054
-50.160049
-50.197548
-50.275669
-50.297543
-50.325668
-50.356915
-50.410038
-50.460033
-50.478783
-50.503784
-50.547527
-50.55378
-50.591278
-50.666275
-50.672523
-50.716274
-50.756893
-50.76627
-50.806892
-50.82877
-50.831894
-50.847519
-50.872513
-50.89439
-50.922512
-50.94751
-50.92564
-50.94751
-50.960011
-50.975636
-50.985008
-50.975636
-50.972507
-50.988132
-51.006886
-51.019382
-51.072502
-51.078754
-51.103752
-51.097504
-51.113129
-51.113129
-51.119377
-51.119377
-51.147499
-51.135002
-51.135002
-51.135002
-51.156876
-51.172501
-51.175625
-51.169373
-51.166248
-51.166248
-51.150623
-51.147499
-51.13813
-51.135002
-51.13813
-51.147499
-51.147499
-51.16
-51.178749
-51.166248
-51.163124
-51.169373
-51.156876
-51.156876
-51.166248
-51.178749
-51.16
-51.169373
-51.172501
-51.188126
-51.156876
-51.172501
-51.178749
-51.178749
-51.147499
-51.153748
-51.156876
-51.166248
-51.166248
-51.175625
-51.147499
-51.144379
-51.125629
-51.131878
-51.13813
-51.141254
-51.135002
-51.13813
-51.119377
-51.10688
-51.085003
-51.063129
-51.047508
-51.01001
-50.994385
-50.972507
-50.981884
-50.997509
-50.997509
-50.972507
-50.972507
-50.966259
-50.960011
-50.941265
-50.910015
-50.89439
-50.888138
-50.853764
-50.847519
-50.869389
-50.856888
-50.844395
-50.878765
-50.860012
-50.853764
-50.847519
-50.813145
-50.813145
-50.79752
-50.819393
-50.806892
-50.844395
-50.810017
-50.79752
-50.760017
-50.7444
-50.722523
-50.703773
-50.685024
-50.669399
-50.64753
-50.625652
-50.610027
-50.563152
-50.547527
-50.528782
-50.488159
-50.485035
-50.497532
-50.478783
-50.431911
-50.422539
-50.397537
-50.410038
-50.37254
-50.338169
-50.272541
-50.238174
-50.213173
-50.191299
-50.160049
-50.128803
-50.097553
-50.060051
-50.038181
-50.053802
-50.016308
-50.013184
-50.010059
-49.978809
-49.953808
-49.947559
-49.931938
-49.935062
-49.910061
-49.888187
-49.869438
-49.878811
-49.881939
-49.869438
-49.866314
-49.869438
-49.853813
-49.84444
-49.822567
-49.841316
-49.828815
-49.853813
-49.869438
-49.863186
-49.860062
-49.847569
-49.810066
-49.797565
-49.797565
-49.791317
-49.760067
-49.741322
-49.697571
-49.685074
-49.647575
-49.591328
-49.572578
-49.531956
-49.510082
-49.497581
-49.450706
-49.416336
-49.378838
-49.316341
-49.297592
-49.247597
-49.17572
-49.147598
-49.081978
-49.02573
-48.981983
-48.931988
-48.860111
-48.828865
-48.778866
-48.71637
-48.69762
-48.669495
-48.622627
-48.563251
-48.469505
-48.391384
-48.275764
-48.138275
-47.857037
-46.266487
-41.457348
-33.735851
-21.633318
-6.3809385
7.1090274
17.299154
24.326935
28.623604
30.804745
31.298471
30.623505
29.098577
27.051804
24.701918
22.205166
19.658415
17.114788
14.643034
12.271276
9.9776373
7.7839947
5.6247253
3.4998291
1.3499341
-0.80621064
-3.0092278
-5.2622428
-7.6527514
-10.180753
-12.855622
-15.636736
-18.502222
-21.411455
-24.298813
-27.073677
-29.642302
-32.029686
-34.16708
-36.054489
-37.729404
-39.204334
-40.49802
-41.594841
-42.54792
-43.397881
-44.116596
-44.769688
-45.316536
-45.775887
-46.194618
-46.557098
-46.894585
-47.166443
-47.407059
-47.616425
-47.816414
-47.997654
-48.125774
-48.263264
-48.366386
-48.48513
-48.585125
-48.66637
-48.747616
-48.847614
-48.913235
-48.975731
-49.047607
-49.100727
-49.17572
-49.250717
-49.294468
-49.360088
-49.435085
-49.481956
-49.525707
-49.547577
-49.578827
-49.606953
-49.660072
-49.694447
-49.741322
-49.747566
-49.797565
-49.831944
-49.875687
-49.897564
-49.947559
-49.981934
-49.997559
-50.072552
-50.103802
-50.122551
-50.160049
-50.172546
-50.194424
-50.197548
-50.197548
-50.219421
-50.219421
-50.228798
-50.238174
-50.250668
-50.263168
-50.260044
-50.297543
-50.275669
-50.297543
-50.303791
-50.310043
-50.325668
-50.328793
-50.328793
-50.341293
-50.331917
-50.353786
-50.328793
-50.341293
-50.363163
-50.363163
-50.360039
-50.375664
-50.369411
-50.397537
-50.391289
-50.397537
-50.397537
-50.400661
-50.43504
-50.416286
-50.438164
-50.444412
-50.453785
-50.463158
-50.46941
-50.472534
-50.481907
-50.485035
-50.497532
-50.506908
-50.53191
-50.503784
-50.478783
-50.466282
-50.46941
-50.472534
-50.472534
-50.491283
-50.478783
-50.466282
-50.494408
-50.478783
-50.497532
-50.516285
-50.513157
-50.535034
-50.525658
-50.510033
-50.516285
-50.516285
-50.497532
-50.478783
-50.46941
-50.463158
-50.456909
-50.472534
-50.453785
-50.444412
-50.447536
-50.450657
-50.444412
-50.453785
-50.447536
-50.481907
-50.460033
-50.488159
-50.491283
-50.485035
-50.478783
-50.478783
-50.485035
-50.510033
-50.513157
-50.503784
-50.510033
-50.513157
-50.506908
-50.497532
-50.513157
-50.516285
-50.525658
-50.516285
-50.513157
-50.494408
-50.46941
-50.463158
-50.447536
-50.406914
-50.375664
-50.360039
-50.350662
-50.347538
-50.344418
-50.322544
-50.341293
-50.350662
-50.347538
-50.310043
-50.291294
-50.281918
-50.275669
-50.278793
-50.269417
-50.278793
-50.235046
-50.210049
-50.172546
-50.153797
-50.172546
-50.169422
-50.150673
-50.135052
-50.097553
-50.075676
-50.066303
-50.060051
-50.050678
-49.997559
-49.997559
-49.997559
-49.988182
-49.972557
-49.963184
-49.947559
-49.891312
-49.885063
-49.831944
-49.81319
-49.775692
-49.756943
-49.738197
-49.735073
-49.716324
-49.713196
-49.694447
-49.697571
-49.672573
-49.656948
-49.635078
-49.647575
-49.641327
-49.63195
-49.597576
-49.619453
-49.581951
-49.550701
-49.535084
-49.513206
-49.497581
-49.478832
-49.460083
-49.460083
-49.435085
-49.422588
-49.410088
-49.375713
-49.347588
-49.338215
-49.306965
-49.310093
-49.297592
-49.281967
-49.247597
-49.231972
-49.228848
-49.219471
-49.213223
-49.197598
-49.197598
-49.203846
-49.169472
-49.197598
-49.197598
-49.20697
-49.225723
-49.222595
-49.228848
-49.253841
-49.23822
-49.247597
-49.241348
-49.228848
-49.222595
-49.222595
-49.17572
-49.156971
-49.125725
-49.072601
-49.035107
-48.99448
-48.96323
-48.947605
-48.953857
-48.96323
-48.953857
-48.947605
-48.922611
-48.916363
-48.89761
-48.860111
-48.853863
-48.847614
-48.863235
-48.838242
-48.810116
-48.822617
-48.819492
-48.797615
-48.794491
-48.760117
-48.744495
-48.747616
-48.710121
-48.660122
-48.647625
-48.628876
-48.607002
-48.566376
-48.528881
-48.482006
-48.469505
-48.45388
-48.447636
-48.413261
-48.391384
-48.385136
-48.369511
-48.347637
-48.338264
-48.313267
-48.294514
-48.275764
-48.263264
-48.241394
-48.213272
-48.178894
-48.141399
-48.132027
-48.072651
-48.069527
-48.063274
-48.022655
-47.988281
-47.935162
-47.872662
-47.838291
-47.753914
-47.69767
-47.672668
-47.616425
-47.507053
-47.422684
-47.341438
-47.232071
-47.066448
-46.69772
-44.847813
-39.835552
-31.920317
-19.561544
-4.6903958
8.2370977
17.964746
24.576923
28.614227
30.62038
31.051609
30.339142
28.851715
26.845564
24.55505
22.11767
19.64904
17.133539
14.668033
12.26815
9.9651384
7.7746201
5.687222
3.5779505
1.4405546
-0.74371368
-3.0154779
-5.3591132
-7.8308678
-10.433866
-13.133734
-15.930472
-18.833456
-21.742687
-24.617548
-27.373661
-29.932913
-32.289047
-34.41082
-36.276352
-37.932522
-39.391827
-40.629265
-41.685463
-42.597919
-43.38538
-44.085346
-44.685318
-45.169666
-45.629021
-46.019627
-46.360233
-46.69772
-46.960205
-47.163319
-47.397686
-47.597675
-47.766415
-47.907036
-48.047657
-48.163269
-48.278889
-48.378887
-48.469505
-48.544506
-48.644501
-48.710121
-48.778866
-48.847614
-48.894485
-48.969482
-49.022606
-49.07885
-49.14135
-49.194473
-49.256966
-49.297592
-49.335091
-49.394463
-49.435085
-49.478832
-49.513206
-49.528831
-49.581951
-49.635078
-49.685074
-49.719448
-49.753819
-49.778816
-49.806942
-49.838192
-49.847569
-49.894436
-49.900688
-49.947559
-49.975681
-49.985058
-49.994434
-50.022556
-50.041309
-50.044434
-50.060051
-50.063179
-50.072552
-50.075676
-50.088177
-50.106926
-50.131927
-50.153797
-50.169422
-50.178799
-50.166298
-50.153797
-50.169422
-50.172546
-50.210049
-50.219421
-50.206924
-50.219421
-50.213173
-50.197548
-50.213173
-50.197548
-50.216297
-50.250668
-50.244423
-50.231922
-50.247547
-50.256916
-50.241299
-50.263168
-50.253792
-50.256916
-50.253792
-50.238174
-50.235046
-50.244423
-50.253792
-50.253792
-50.253792
-50.278793
-50.319416
-50.316292
-50.297543
-50.313168
-50.281918
-50.297543
-50.291294
-50.263168
-50.256916
-50.266293
-50.253792
-50.222549
-50.222549
-50.203796
-50.216297
-50.235046
-50.244423
-50.244423
-50.241299
-50.244423
-50.241299
-50.225674
-50.203796
-50.228798
-50.197548
-50.181923
-50.188171
-50.175674
-50.163174
-50.138176
-50.103802
-50.091301
-50.050678
-50.035057
-50.013184
-49.997559
-49.969433
-49.997559
-49.985058
-49.994434
-49.991306
-50.006931
-49.975681
-49.988182
-49.969433
-49.960056
-49.960056
-49.944439
-49.944439
-49.931938
-49.922562
-49.900688
-49.894436
-49.881939
-49.872562
-49.872562
-49.841316
-49.819443
-49.831944
-49.778816
-49.744446
-49.697571
-49.672573
-49.641327
-49.622578
-49.613201
-49.619453
-49.597576
-49.591328
-49.578827
-49.547577
-49.538208
-49.538208
-49.538208
-49.528831
-49.516331
-49.481956
-49.447586
-49.413212
-49.410088
-49.394463
-49.381962
-49.369461
-49.360088
-49.347588
-49.360088
-49.385086
-49.360088
-49.341343
-49.328842
-49.303841
-49.313217
-49.306965
-49.285091
-49.275715
-49.247597
-49.253841
-49.26009
-49.244473
-49.235096
-49.231972
-49.20697
-49.172596
-49.17572
-49.160095
-49.150723
-49.14135
-49.113228
-49.097603
-49.125725
-49.116352
-49.1101
-49.081978
-49.035107
-48.997608
-48.969482
-48.947605
-48.922611
-48.900738
-48.89761
-48.888237
-48.863235
-48.860111
-48.885113
-48.856987
-48.822617
-48.785114
-48.760117
-48.725746
-48.703873
-48.68512
-48.65387
-48.635124
-48.591377
-48.547626
-48.525757
-48.491383
-48.45388
-48.422634
-48.378887
-48.353886
-48.282017
-48.247646
-48.213272
-48.188271
-48.172646
-48.178894
-48.182022
-48.160145
-48.147644
-48.12265
-48.094524
-48.088276
-48.066399
-48.050774
-48.035156
-47.997654
-47.99453
-47.985157
-47.953907
-47.953907
-47.925785
-47.916409
-47.903912
-47.860161
-47.832039
-47.78204
-47.722672
-47.691422
-47.66642
-47.638298
-47.588299
-47.553925
-47.500805
-47.45393
-47.447685
-47.419559
-47.416435
-47.366436
-47.332066
-47.297688
-47.244568
-47.160194
-47.088326
-46.97583
-46.813339
-46.419609
-44.41658
-39.426197
-31.7547
-20.108393
-5.8184652
6.9277868
16.680435
23.420732
27.651773
29.832916
30.49851
30.039158
28.748596
26.948683
24.848785
22.545773
20.180264
17.761633
15.389873
13.096235
10.927591
8.7933197
6.6965475
4.6278992
2.6092474
0.56872219
-1.4999267
-3.6560714
-5.8622136
-8.2402229
-10.730726
-13.343098
-16.074215
-18.899076
-21.72394
-24.498804
-27.201796
-29.720425
-32.035934
-34.110836
-35.966995
-37.620037
-39.079338
-40.34803
-41.426102
-42.357304
-43.169765
-43.872856
-44.472828
-45.010303
-45.500904
-45.897758
-46.247742
-46.5821
-46.847713
-47.09145
-47.322689
-47.519554
-47.703918
-47.885159
-48.019531
-48.138275
-48.23827
-48.332016
-48.416386
-48.491383
-48.547626
-48.638252
-48.713245
-48.778866
-48.860111
-48.919487
-48.99448
-49.069477
-49.144478
-49.210098
-49.250717
-49.269466
-49.32259
-49.372585
-49.397587
-49.441338
-49.481956
-49.528831
-49.566326
-49.619453
-49.647575
-49.681946
-49.722572
-49.760067
-49.806942
-49.847569
-49.853813
-49.860062
-49.869438
-49.878811
-49.910061
-49.916313
-49.897564
-49.919437
-49.922562
-49.953808
-49.972557
-49.960056
-49.994434
-49.981934
-49.991306
-50.019432
-50.019432
-50.022556
-50.066303
-50.085052
-50.085052
-50.106926
-50.097553
-50.141304
-50.178799
-50.178799
-50.203796
-50.194424
-50.216297
-50.216297
-50.244423
-50.222549
-50.216297
-50.206924
-50.197548
-50.203796
-50.210049
-50.216297
-50.253792
-50.260044
-50.260044
-50.281918
-50.272541
-50.285042
-50.294418
-50.269417
-50.294418
-50.297543
-50.291294
-50.303791
-50.313168
-50.291294
-50.281918
-50.297543
-50.269417
-50.285042
-50.266293
-50.247547
-50.266293
-50.263168
-50.241299
-50.216297
-50.197548
-50.194424
-50.172546
-50.141304
-50.147549
-50.147549
-50.113178
-50.116302
-50.116302
-50.097553
-50.106926
-50.069427
-50.053802
-50.060051
-50.053802
-50.053802
-50.063179
-50.063179
-50.069427
-50.085052
-50.100677
-50.106926
-50.078804
-50.069427
-50.050678
-50.047558
-50.028809
-50.035057
-49.994434
-49.997559
-50.022556
-50.041309
-50.031933
-50.003807
-49.997559
-50.010059
-49.997559
-49.960056
-49.950684
-49.947559
-49.910061
-49.885063
-49.897564
-49.894436
-49.931938
-49.941311
-49.953808
-49.947559
-49.969433
-49.966309
-49.981934
-49.966309
-49.944439
-49.916313
-49.919437
-49.935062
-49.910061
-49.860062
-49.84444
-49.847569
-49.841316
-49.847569
-49.872562
-49.860062
-49.860062
-49.850689
-49.847569
-49.841316
-49.822567
-49.806942
-49.797565
-49.78194
-49.766315
-49.760067
-49.738197
-49.728821
-49.694447
-49.710072
-49.697571
-49.722572
-49.700699
-49.710072
-49.672573
-49.644451
-49.641327
-49.613201
-49.591328
-49.578827
-49.566326
-49.547577
-49.531956
-49.510082
-49.497581
-49.481956
-49.485081
-49.466331
-49.475708
-49.447586
-49.406963
-49.369461
-49.328842
-49.331966
-49.316341
-49.247597
-49.047607
-48.775742
-48.497631
-48.328892
-48.297642
-48.297642
-48.347637
-48.428886
-48.519505
-48.547626
-48.575752
-48.588249
-48.60075
-48.5695
-48.547626
-48.50388
-48.466381
-48.457005
-48.491383
-48.510132
-48.532005
-48.553875
-48.556999
-48.525757
-48.507008
-48.494507
-48.47263
-48.441387
-48.410137
-48.378887
-48.360134
-48.344517
-48.307014
-48.297642
-48.291389
-48.297642
-48.288265
-48.260139
-48.247646
-48.235146
-48.228897
-48.222645
-48.172646
-48.144524
-48.128899
-48.103901
-48.072651
-48.057026
-48.010155
-47.997654
-47.966404
-47.928909
-47.91016
-47.872662
-47.84454
-47.828915
-47.785164
-47.747665
-47.713295
-47.64455
-47.597675
-47.575798
-47.51643
-47.497681
-47.450806
-47.388309
-47.366436
-47.33519
-47.285191
-47.260189
-47.210194
-47.166443
-47.166443
-47.116447
-47.085197
-47.085197
-47.078949
-47.053947
-47.03833
-46.978954
-46.925835
-46.844589
-46.747715
-46.641472
-46.43211
-45.691517
-42.622917
-36.826324
-28.314243
-15.655485
-1.8061618
9.8776426
18.530346
24.420683
27.992382
29.661051
29.98291
29.298569
27.886137
26.061228
23.942579
21.680189
19.349054
17.027294
14.736779
12.524388
10.371368
8.2433472
6.1278257
4.0310531
1.943655
-0.21561447
-2.3842585
-4.6466479
-7.0215321
-9.5151606
-12.099409
-14.76178
-17.50227
-20.283384
-23.095747
-25.848738
-28.420488
-30.78912
-32.948391
-34.898296
-36.666958
-38.191883
-39.538692
-40.71051
-41.722961
-42.591667
-43.347881
-43.969727
-44.560322
-45.038425
-45.422783
-45.785263
-46.110249
-46.385235
-46.607098
-46.86021
-47.053947
-47.247696
-47.447685
-47.610176
-47.747665
-47.875786
-47.978905
-48.0914
-48.185146
-48.285141
-48.366386
-48.45388
-48.497631
-48.550751
-48.591377
-48.647625
-48.722622
-48.747616
-48.803867
-48.869488
-48.916363
-48.944485
-49.010105
-49.047607
-49.091351
-49.097603
-49.125725
-49.147598
-49.185097
-49.197598
-49.241348
-49.269466
-49.275715
-49.341343
-49.363213
-49.385086
-49.416336
-49.428837
-49.469456
-49.503834
-49.531956
-49.553825
-49.588203
-49.610077
-49.63195
-49.622578
-49.653824
-49.647575
-49.669449
-49.666321
-49.681946
-49.697571
-49.706947
-49.75069
-49.747566
-49.756943
-49.772568
-49.797565
-49.810066
-49.822567
-49.822567
-49.828815
-49.869438
-49.869438
-49.869438
-49.881939
-49.863186
-49.894436
-49.894436
-49.897564
-49.906937
-49.900688
-49.903812
-49.906937
-49.916313
-49.910061
-49.947559
-49.953808
-49.956932
-49.988182
-49.988182
-49.988182
-49.985058
-49.978809
-49.994434
-49.972557
-49.953808
-49.960056
-49.985058
-49.972557
-49.981934
-49.969433
-49.972557
-49.978809
-49.969433
-49.960056
-49.956932
-49.947559
-49.963184
-49.953808
-49.928814
-49.925686
-49.947559
-49.944439
-49.928814
-49.913189
-49.919437
-49.906937
-49.922562
-49.897564
-49.897564
-49.897564
-49.897564
-49.897564
-49.894436
-49.897564
-49.900688
-49.903812
-49.900688
-49.897564
-49.850689
-49.819443
-49.819443
-49.788193
-49.797565
-49.800694
-49.778816
-49.803818
-49.769444
-49.769444
-49.785069
-49.78194
-49.769444
-49.791317
-49.816319
-49.800694
-49.800694
-49.797565
-49.769444
-49.78194
-49.766315
-49.753819
-49.741322
-49.719448
-49.713196
-49.719448
-49.706947
-49.710072
-49.697571
-49.688198
-49.694447
-49.694447
-49.691322
-49.706947
-49.697571
-49.691322
-49.719448
-49.713196
-49.691322
-49.669449
-49.663197
-49.697571
-49.672573
-49.638203
-49.625702
-49.63195
-49.597576
-49.597576
-49.563202
-49.510082
-49.497581
-49.478832
-49.460083
-49.441338
-49.41946
-49.385086
-49.385086
-49.385086
-49.350712
-49.338215
-49.313217
-49.297592
-49.275715
-49.272591
-49.278843
-49.266342
-49.247597
-49.241348
-49.210098
-49.166348
-49.150723
-49.131977
-49.106976
-49.097603
-49.063225
-49.069477
-49.060101
-49.041355
-49.013233
-48.969482
-48.944485
-48.947605
-48.931988
-48.944485
-48.931988
-48.947605
-48.916363
-48.91011
-48.89761
-48.863235
-48.856987
-48.850735
-48.828865
-48.825741
-48.831989
-48.810116
-48.794491
-48.78199
-48.769489
-48.766365
-48.747616
-48.741371
-48.725746
-48.722622
-48.703873
-48.68512
-48.65387
-48.675747
-48.619499
-48.610126
-48.616375
-48.585125
-48.560127
-48.500755
-48.457005
-48.410137
-48.400761
-48.341389
-48.325764
-48.294514
-48.253891
-48.222645
-48.188271
-48.163269
-48.147644
-48.125774
-48.107025
-48.078899
-48.032032
-47.978905
-47.925785
-47.860161
-47.79454
-47.75079
-47.732044
-47.688293
-47.672668
-47.691422
-47.66642
-47.66642
-47.663296
-47.688293
-47.694546
-47.669544
-47.675797
-47.657043
-47.650795
-47.672668
-47.653919
-47.625801
-47.6133
-47.578926
-47.557049
-47.544556
-47.528931
-47.510181
-47.507053
-47.503929
-47.497681
-47.51643
-47.497681
-47.472679
-47.444561
-47.416435
-47.403934
-47.382061
-47.33519
-47.291439
-47.250813
-47.178944
-47.141449
-47.085197
-47.047703
-46.997704
-46.94146
-46.866459
-46.853958
-46.766464
-46.71022
-46.647724
-46.585224
-46.519604
-46.403984
-46.285236
-46.103996
-45.650894
-43.394756
-38.35125
-30.848494
-19.549046
-5.7715931
6.5496802
15.98047
22.598896
26.767443
29.036081
29.754797
29.398563
28.254869
26.623701
24.65192
22.498901
20.239635
17.945997
15.67736
13.489965
11.349445
9.249548
7.1746497
5.1403742
3.0498509
0.90308088
-1.2530638
-3.4498315
-5.6997213
-8.0464821
-10.496362
-13.046238
-15.699233
-18.383478
-21.102095
-23.786337
-26.383085
-28.873589
-31.157854
-33.226501
-35.076412
-36.729454
-38.185635
-39.460571
-40.557396
-41.538597
-42.391678
-43.138519
-43.775986
-44.335335
-44.825935
-45.225918
-45.591522
-45.922756
-46.194618
-46.460228
-46.691467
-46.888332
-47.066448
-47.228943
-47.375809
-47.51643
-47.66642
-47.769539
-47.882034
-47.972656
-48.069527
-48.147644
-48.232021
-48.294514
-48.338264
-48.391384
-48.447636
-48.510132
-48.541382
-48.575752
-48.619499
-48.647625
-48.68512
-48.700745
-48.725746
-48.747616
-48.778866
-48.822617
-48.860111
-48.872612
-48.903862
-48.935112
-48.953857
-48.978855
-49.022606
-49.053852
-49.069477
-49.097603
-49.119476
-49.116352
-49.14135
-49.181973
-49.222595
-49.263218
-49.285091
-49.32259
-49.350712
-49.363213
-49.391338
-49.403835
-49.441338
-49.447586
-49.450706
-49.466331
-49.472584
-49.497581
-49.513206
-49.525707
-49.513206
-49.513206
-49.528831
-49.510082
-49.522583
-49.547577
-49.544456
-49.547577
-49.560078
-49.560078
-49.597576
-49.597576
-49.585075
-49.591328
-49.581951
-49.578827
-49.597576
-49.594452
-49.597576
-49.610077
-49.635078
-49.63195
-49.63195
-49.638203
-49.653824
-49.647575
-49.660072
-49.660072
-49.669449
-49.675697
-49.685074
-49.681946
-49.697571
-49.697571
-49.713196
-49.694447
-49.697571
-49.685074
-49.710072
-49.703823
-49.697571
-49.697571
-49.688198
-49.697571
-49.694447
-49.666321
-49.647575
-49.656948
-49.666321
-49.663197
-49.675697
-49.660072
-49.660072
-49.672573
-49.666321
-49.647575
-49.647575
-49.653824
-49.644451
-49.63195
-49.610077
-49.597576
-49.597576
-49.572578
-49.544456
-49.500706
-49.481956
-49.497581
-49.488209
-49.456959
-49.444462
-49.431961
-49.428837
-49.422588
-49.397587
-49.378838
-49.385086
-49.381962
-49.38821
-49.394463
-49.38821
-49.372585
-49.347588
-49.303841
-49.285091
-49.272591
-49.26009
-49.253841
-49.256966
-49.247597
-49.244473
-49.228848
-49.213223
-49.222595
-49.20697
-49.203846
-49.197598
-49.160095
-49.138226
-49.113228
-49.085102
-49.081978
-49.072601
-49.047607
-49.016357
-48.969482
-48.953857
-48.94136
-48.92886
-48.913235
-48.906986
-48.869488
-48.835117
-48.828865
-48.822617
-48.797615
-48.791367
-48.78199
-48.760117
-48.763241
-48.760117
-48.772617
-48.794491
-48.822617
-48.810116
-48.778866
-48.766365
-48.772617
-48.763241
-48.719498
-48.71637
-48.675747
-48.663246
-48.663246
-48.644501
-48.628876
-48.597626
-48.553875
-48.522633
-48.497631
-48.45388
-48.447636
-48.422634
-48.397636
-48.369511
-48.344517
-48.316391
-48.310139
-48.285141
-48.257015
-48.247646
-48.216396
-48.200771
-48.166397
-48.147644
-48.119526
-48.125774
-48.078899
-48.053902
-48.050774
-48.032032
-47.997654
-47.972656
-47.932034
-47.916409
-47.925785
-47.922661
-47.932034
-47.932034
-47.91016
-47.928909
-47.903912
-47.866409
-47.832039
-47.788288
-47.76329
-47.769539
-47.744545
-47.710171
-47.682045
-47.663296
-47.647675
-47.628925
-47.63205
-47.616425
-47.588299
-47.578926
-47.563301
-47.553925
-47.525806
-47.513306
-47.497681
-47.469555
-47.475803
-47.441433
-47.397686
-47.378933
-47.347683
-47.30394
-47.269566
-47.241444
-47.203945
-47.197693
-47.169571
-47.138325
-47.085197
-47.047703
-47.044579
-47.000828
-46.97583
-46.978954
-46.947704
-46.913334
-46.897709
-46.87896
-46.863335
-46.872707
-46.866459
-46.847713
-46.82584
-46.797714
-46.769588
-46.71022
-46.650845
-46.625847
-46.603973
-46.616474
-46.591473
-46.563347
-46.547722
-46.544605
-46.507103
-46.494602
-46.49773
-46.494602
-46.463352
-46.428982
-46.357109
-46.319614
-46.272739
-46.200867
-46.163368
-46.072746
-45.985252
-45.894634
-45.788387
-45.557148
-44.838436
-41.885452
-36.31385
-28.232994
-16.430449
-3.1248474
8.3277187
17.005419
23.008251
26.698696
28.582977
29.086079
28.623604
27.454908
25.81749
23.876957
21.798935
19.64904
17.446022
15.286753
13.143107
11.040085
8.99331
6.9621601
4.9872565
3.0154779
0.99995112
-1.0561984
-3.1717198
-5.3809876
-7.6590009
-10.01826
-12.493139
-15.030516
-17.671011
-20.367754
-23.039499
-25.642496
-28.067379
-30.31727
-32.420292
-34.279575
-35.935745
-37.385674
-38.66061
-39.763683
-40.757385
-41.629219
-42.372929
-43.051018
-43.647869
-44.160339
-44.607197
-44.99155
-45.354031
-45.660267
-45.907131
-46.153992
-46.391483
-46.597725
-46.769588
-46.944584
-47.078949
-47.235195
-47.372684
-47.507053
-47.597675
-47.672668
-47.760166
-47.87891
-47.966404
-48.047657
-48.116402
-48.185146
-48.225769
-48.297642
-48.332016
-48.394512
-48.428886
-48.457005
-48.50388
-48.525757
-48.553875
-48.597626
-48.625751
-48.647625
-48.69762
-48.741371
-48.772617
-48.78199
-48.819492
-48.825741
-48.853863
-48.847614
-48.885113
-48.89761
-48.913235
-48.947605
-48.953857
-48.944485
-48.966358
-48.997608
-49.02573
-49.028858
-49.044483
-49.053852
-49.081978
-49.075726
-49.094475
-49.116352
-49.135101
-49.14135
-49.166348
-49.172596
-49.203846
-49.247597
-49.250717
-49.272591
-49.281967
-49.297592
-49.316341
-49.306965
-49.294468
-49.278843
-49.285091
-49.294468
-49.32259
-49.310093
-49.325718
-49.335091
-49.32259
-49.347588
-49.369461
-49.38821
-49.413212
-49.397587
-49.397587
-49.413212
-49.438213
-49.413212
-49.422588
-49.435085
-49.447586
-49.444462
-49.453831
-49.460083
-49.447586
-49.453831
-49.469456
-49.497581
-49.538208
-49.556953
-49.581951
-49.597576
-49.622578
-49.622578
-49.644451
-49.644451
-49.647575
-49.647575
-49.638203
-49.644451
-49.650696
-49.641327
-49.644451
-49.597576
-49.619453
-49.613201
-49.56945
-49.56945
-49.544456
-49.516331
-49.503834
-49.469456
-49.441338
-49.447586
-49.441338
-49.456959
-49.447586
-49.450706
-49.444462
-49.444462
-49.406963
-49.391338
-49.369461
-49.35696
-49.360088
-49.350712
-49.344467
-49.341343
-49.316341
-49.310093
-49.288216
-49.263218
-49.263218
-49.247597
-49.222595
-49.210098
-49.210098
-49.191345
-49.185097
-49.185097
-49.172596
-49.178848
-49.160095
-49.160095
-49.169472
-49.172596
-49.150723
-49.138226
-49.128853
-49.097603
-49.094475
-49.085102
-49.07885
-49.075726
-49.072601
-49.069477
-49.044483
-49.010105
-49.006981
-48.981983
-48.997608
-48.997608
-48.981983
-48.988232
-48.988232
-48.988232
-48.953857
-48.922611
-48.913235
-48.916363
-48.92886
-48.891361
-48.881985
-48.841366
-48.819492
-48.785114
-48.763241
-48.735123
-48.725746
-48.722622
-48.71637
-48.719498
-48.691372
-48.644501
-48.616375
-48.60075
-48.5695
-48.550751
-48.522633
-48.494507
-48.50388
-48.494507
-48.497631
-48.491383
-48.48513
-48.466381
-48.457005
-48.432011
-48.447636
-48.435135
-48.435135
-48.38826
-48.369511
-48.353886
-48.344517
-48.316391
-48.294514
-48.30389
-48.266392
-48.241394
-48.232021
-48.203896
-48.194519
-48.172646
-48.141399
-48.110149
-48.128899
-48.12265
-48.107025
-48.097649
-48.063274
-48.028904
-47.997654
-47.99453
-47.985157
-47.966404
-47.960155
-47.960155
-47.96328
-47.91016
-47.897659
-47.847664
-47.819538
-47.810165
-47.791416
-47.778915
-47.753914
-47.732044
-47.72892
-47.703918
-47.672668
-47.675797
-47.647675
-47.622673
-47.597675
-47.58205
-47.578926
-47.572674
-47.566425
-47.535179
-47.507053
-47.472679
-47.45393
-47.419559
-47.403934
-47.378933
-47.353935
-47.310188
-47.285191
-47.241444
-47.216446
-47.172695
-47.132072
-47.094574
-47.063324
-47.022705
-46.972706
-46.947704
-46.89146
-46.847713
-46.819588
-46.769588
-46.738342
-46.694595
-46.660217
-46.566475
-46.519604
-46.453979
-46.450855
-46.407108
-46.344612
-46.307114
-46.247742
-46.18837
-46.097748
-45.994629
-45.829014
-45.369656
-43.279137
-38.557491
-31.701576
-21.655193
-8.6714516
3.6310725
13.424344
20.392754
24.989405
27.611153
28.686098
28.601728
27.761145
26.358088
24.633171
22.705141
20.636492
18.539719
16.424198
14.336799
12.258777
10.174503
8.1746006
6.2246957
4.271666
2.312387
0.29998535
-1.7467897
-3.8373125
-6.0184555
-8.3027191
-10.690103
-13.186855
-15.739856
-18.330355
-20.920855
-23.511353
-26.008104
-28.364241
-30.58288
-32.592159
-34.44519
-36.079487
-37.504417
-38.791855
-39.910549
-40.876125
-41.713589
-42.441677
-43.082268
-43.647869
-44.122845
-44.557198
-44.938431
-45.260288
-45.535278
-45.794636
-46.029003
-46.225868
-46.407108
-46.566475
-46.71022
-46.866459
-47.013329
-47.1227
-47.250813
-47.353935
-47.447685
-47.541431
-47.610176
-47.678921
-47.753914
-47.828915
-47.885159
-47.960155
-47.978905
-48.044529
-48.082024
-48.138275
-48.203896
-48.247646
-48.291389
-48.332016
-48.347637
-48.397636
-48.428886
-48.475758
-48.513256
-48.556999
-48.597626
-48.628876
-48.675747
-48.694496
-48.741371
-48.763241
-48.778866
-48.828865
-48.847614
-48.87886
-48.89761
-48.89761
-48.938236
-48.960106
-48.960106
-48.997608
-48.981983
-48.991356
-49.010105
-49.041355
-49.047607
-49.060101
-49.094475
-49.081978
-49.091351
-49.097603
-49.097603
-49.106976
-49.091351
-49.103851
-49.125725
-49.147598
-49.181973
-49.163223
-49.181973
-49.191345
-49.20697
-49.197598
-49.194473
-49.20697
-49.194473
-49.228848
-49.225723
-49.23822
-49.222595
-49.194473
-49.216347
-49.235096
-49.228848
-49.210098
-49.20697
-49.210098
-49.222595
-49.244473
-49.253841
-49.231972
-49.23822
-49.197598
-49.181973
-49.185097
-49.166348
-49.160095
-49.147598
-49.116352
-49.103851
-49.097603
-49.100727
-49.106976
-49.091351
-49.097603
-49.097603
-49.091351
-49.069477
-49.056976
-49.041355
-49.038231
-49.016357
-48.997608
-49.003857
-49.019482
-49.022606
-48.997608
-48.972607
-48.966358
-48.997608
-49.022606
-49.028858
-49.047607
-49.041355
-49.047607
-49.056976
-49.031982
-49.038231
-49.035107
-49.010105
-49.003857
-49.010105
-48.972607
-48.969482
-48.972607
-48.944485
-48.916363
-48.903862
-48.89761
-48.906986
-48.906986
-48.885113
-48.885113
-48.863235
-48.869488
-48.86636
-48.847614
-48.831989
-48.847614
-48.84449
-48.853863
-48.856987
-48.856987
-48.853863
-48.835117
-48.803867
-48.797615
-48.828865
-48.81324
-48.847614
-48.847614
-48.84449
-48.856987
-48.835117
-48.838242
-48.847614
-48.825741
-48.800739
-48.797615
-48.753864
-48.756992
-48.753864
-48.731995
-48.741371
-48.731995
-48.703873
-48.703873
-48.669495
-48.644501
-48.647625
-48.656998
-48.641376
-48.65387
-48.638252
-48.647625
-48.660122
-48.638252
-48.628876
-48.632
-48.619499
-48.613251
-48.60075
-48.566376
-48.544506
-48.522633
-48.525757
-48.497631
-48.478882
-48.438259
-48.41951
-48.391384
-48.347637
-48.328892
-48.297642
-48.282017
-48.275764
-48.247646
-48.247646
-48.263264
-48.263264
-48.244522
-48.247646
-48.216396
-48.185146
-48.166397
-48.132027
-48.097649
-48.097649
-48.057026
-48.032032
-48.028904
-48.044529
-48.032032
-48.02578
-48.013279
-47.997654
-48.044529
-48.041405
-48.047657
-48.047657
-48.041405
-48.03828
-48.041405
-48.047657
-48.03828
-47.997654
-48.022655
-47.997654
-48.00703
-47.978905
-47.972656
-47.972656
-47.96328
-47.928909
-47.913284
-47.897659
-47.891411
-47.888287
-47.891411
-47.885159
-47.882034
-47.847664
-47.828915
-47.816414
-47.810165
-47.769539
-47.766415
-47.744545
-47.69767
-47.691422
-47.66642
-47.647675
-47.641426
-47.616425
-47.616425
-47.6133
-47.597675
-47.597675
-47.594551
-47.578926
-47.588299
-47.619549
-47.603924
-47.597675
-47.597675
-47.597675
-47.566425
-47.553925
-47.507053
-47.507053
-47.491428
-47.478931
-47.466431
-47.463306
-47.435184
-47.425808
-47.422684
-47.410183
-47.403934
-47.397686
-47.385185
-47.388309
-47.403934
-47.397686
-47.385185
-47.382061
-47.366436
-47.347683
-47.347683
-47.33519
-47.319565
-47.291439
-47.275814
-47.269566
-47.257065
-47.244568
-47.241444
-47.266438
-47.275814
-47.266438
-47.253941
-47.228943
-47.197693
-47.185196
-47.147694
-47.125824
-47.1227
-47.097698
-47.041454
-47.019581
-46.985203
-46.960205
-46.913334
-46.897709
-46.86021
-46.857082
-46.857082
-46.835213
-46.791462
-46.778965
-46.722717
-46.707092
-46.682095
-46.660217
-46.628975
-46.5821
-46.519604
-46.447735
-46.394608
-46.341488
-46.291489
-46.216492
-46.15712
-46.063374
-45.932133
-45.829014
-45.672768
-45.419659
-44.535328
-41.382351
-35.788876
-27.798641
-16.242956
-3.2467163
8.0246077
16.580441
22.483276
26.208096
28.129875
28.670475
28.204872
27.098677
25.52063
23.730089
21.736437
19.674038
17.59914
15.499243
13.452468
11.368195
9.3120451
7.2371464
5.1934958
3.1498461
1.1061959
-0.90308088
-2.990479
-5.1278749
-7.321517
-9.6589031
-12.102534
-14.655535
-17.292906
-19.942776
-22.589521
-25.201895
-27.658024
-29.97666
-32.095306
-33.970215
-35.673256
-37.163811
-38.469997
-39.604317
-40.610516
-41.479221
-42.25106
-42.916653
-43.516624
-44.013477
-44.44783
-44.822811
-45.216541
-45.519653
-45.807137
-46.035252
-46.247742
-46.450855
-46.647724
-46.785213
-46.935207
-47.0602
-47.185196
-47.316441
-47.407059
-47.503929
-47.56955
-47.678921
-47.716419
-47.797665
-47.850784
-47.935162
-48.013279
-48.063274
-48.107025
-48.150772
-48.225769
-48.278889
-48.328892
-48.385136
-48.432011
-48.482006
-48.510132
-48.556999
-48.578876
-48.597626
-48.625751
-48.635124
-48.656998
-48.694496
-48.725746
-48.75074
-48.791367
-48.838242
-48.86636
-48.881985
-48.935112
-48.960106
-48.972607
-48.978855
-49.003857
-49.013233
-49.019482
-49.047607
-49.072601
-49.116352
-49.1101
-49.131977
-49.122601
-49.1101
-49.125725
-49.135101
-49.160095
-49.160095
-49.163223
-49.169472
-49.17572
-49.194473
-49.210098
-49.20697
-49.216347
-49.203846
-49.216347
-49.247597
-49.256966
-49.247597
-49.294468
-49.306965
-49.32259
-49.341343
-49.363213
-49.381962
-49.391338
-49.385086
-49.366337
-49.35696
-49.397587
-49.397587
-49.397587
-49.410088
-49.444462
-49.450706
-49.463207
-49.466331
-49.463207
-49.447586
-49.435085
-49.428837
-49.41946
-49.400711
-49.369461
-49.363213
-49.341343
-49.335091
-49.338215
-49.303841
-49.313217
-49.310093
-49.310093
-49.297592
-49.313217
-49.32259
-49.32259
-49.316341
-49.297592
-49.281967
-49.281967
-49.281967
-49.288216
-49.272591
-49.29134
-49.272591
-49.26009
-49.26009
-49.216347
-49.244473
-49.241348
-49.235096
-49.222595
-49.228848
-49.216347
-49.216347
-49.222595
-49.23822
-49.228848
-49.219471
-49.222595
-49.225723
-49.216347
-49.235096
-49.222595
-49.191345
-49.17572
-49.166348
-49.169472
-49.181973
-49.172596
-49.131977
-49.135101
-49.100727
-49.097603
-49.100727
-49.094475
-49.069477
-49.069477
-49.019482
-49.035107
-49.006981
-48.975731
-48.966358
-48.947605
-48.91011
-48.916363
-48.89761
-48.89761
-48.89761
-48.89761
-48.87886
-48.863235
-48.835117
-48.803867
-48.785114
-48.78199
-48.766365
-48.747616
-48.741371
-48.719498
-48.69762
-48.663246
-48.656998
-48.625751
-48.585125
-48.591377
-48.5695
-48.566376
-48.522633
-48.519505
-48.510132
-48.528881
-48.544506
-48.544506
-48.547626
-48.532005
-48.53513
-48.560127
-48.547626
-48.528881
-48.538258
-48.510132
-48.482006
-48.469505
-48.460133
-48.422634
-48.407009
-48.363262
-48.347637
-48.319515
-48.294514
-48.278889
-48.241394
-48.20702
-48.178894
-48.141399
-48.141399
-48.119526
-48.097649
-48.0914
-48.082024
-48.069527
-48.088276
-48.097649
-48.078899
-48.085152
-48.100777
-48.088276
-48.082024
-48.066399
-48.035156
-48.022655
-47.969532
-47.947655
-47.938286
-47.900784
-47.894535
-47.847664
-47.816414
-47.81329
-47.772663
-47.744545
-47.766415
-47.766415
-47.760166
-47.753914
-47.719543
-47.710171
-47.685169
-47.669544
-47.672668
-47.66642
-47.647675
-47.653919
-47.647675
-47.650795
-47.647675
-47.635174
-47.635174
-47.63205
-47.6133
-47.591423
-47.575798
-47.557049
-47.538303
-47.507053
-47.48518
-47.457054
-47.45393
-47.413311
-47.391434
-47.391434
-47.366436
-47.363308
-47.347683
-47.328938
-47.322689
-47.297688
-47.278938
-47.269566
-47.275814
-47.257065
-47.232071
-47.225819
-47.222694
-47.216446
-47.213318
-47.194569
-47.163319
-47.144573
-47.144573
-47.119576
-47.097698
-47.097698
-47.09145
-47.082073
-47.069572
-47.066448
-47.003956
-46.994579
-46.963329
-46.957081
-46.928959
-46.87896
-46.847713
-46.835213
-46.797714
-46.788338
-46.76334
-46.747715
-46.747715
-46.744595
-46.719593
-46.719593
-46.719593
-46.713345
-46.738342
-46.703968
-46.66647
-46.66647
-46.647724
-46.653969
-46.657093
-46.647724
-46.616474
-46.603973
-46.600849
-46.597725
-46.566475
-46.535229
-46.513355
-46.488354
-46.447735
-46.43211
-46.438358
-46.438358
-46.425858
-46.413357
-46.422733
-46.394608
-46.353985
-46.332111
-46.294613
-46.235245
-46.197742
-46.163368
-46.132122
-46.103996
-46.100872
-46.082123
-46.044628
-45.997753
-45.941509
-45.897758
-45.844639
-45.744644
-45.685268
-45.622772
-45.516529
-45.388409
-45.207169
-44.838436
-43.23539
-39.082466
-32.845272
-23.895708
-11.652555
0.79058635
11.002587
18.564718
23.65197
26.676821
28.114252
28.35799
27.717398
26.498705
24.851912
22.961378
20.952101
18.883453
16.752306
14.680533
12.57126
10.471363
8.3589668
6.2496948
4.1997948
2.128021
0.015624236
-2.1248963
-4.3216639
-6.5653043
-8.9120646
-11.349445
-13.852448
-16.449196
-19.105316
-21.764563
-24.34881
-26.842438
-29.161076
-31.282846
-33.220253
-34.948292
-36.473217
-37.832527
-39.01997
-40.06992
-41.013622
-41.797958
-42.485424
-43.097893
-43.616619
-44.091595
-44.529076
-44.879055
-45.194668
-45.479027
-45.707142
-45.935257
-46.116497
-46.285236
-46.438358
-46.594597
-46.707092
-46.822712
-46.916458
-46.994579
-47.085197
-47.160194
-47.238319
-47.307064
-47.391434
-47.447685
-47.519554
-47.58205
-47.663296
-47.707047
-47.769539
-47.816414
-47.891411
-47.935162
-47.985157
-47.997654
-48.019531
-48.047657
-48.085152
-48.110149
-48.138275
-48.172646
-48.216396
-48.247646
-48.285141
-48.297642
-48.325764
-48.325764
-48.338264
-48.366386
-48.397636
-48.438259
-48.444511
-48.457005
-48.47263
-48.497631
-48.507008
-48.51638
-48.525757
-48.560127
-48.585125
-48.594501
-48.622627
-48.641376
-48.647625
-48.66637
-48.68512
-48.694496
-48.700745
-48.710121
-48.722622
-48.744495
-48.747616
-48.760117
-48.766365
-48.791367
-48.816364
-48.847614
-48.875736
-48.863235
-48.891361
-48.87886
-48.87886
-48.888237
-48.869488
-48.89761
-48.919487
-48.89761
-48.894485
-48.89761
-48.89761
-48.916363
-48.922611
-48.925735
-48.916363
-48.922611
-48.913235
-48.913235
-48.89761
-48.885113
-48.888237
-48.913235
-48.89761
-48.89761
-48.89761
-48.913235
-48.91011
-48.89761
-48.900738
-48.919487
-48.913235
-48.913235
-48.903862
-48.91011
-48.94136
-48.92886
-48.91011
-48.91011
-48.919487
-48.91011
-48.922611
-48.913235
-48.885113
-48.888237
-48.863235
-48.853863
-48.853863
-48.853863
-48.847614
-48.881985
-48.863235
-48.891361
-48.894485
-48.86636
-48.863235
-48.860111
-48.863235
-48.881985
-48.84449
-48.816364
-48.810116
-48.791367
-48.766365
-48.772617
-48.763241
-48.753864
-48.760117
-48.763241
-48.741371
-48.71637
-48.738247
-48.735123
-48.738247
-48.71637
-48.69762
-48.68512
-48.672623
-48.69762
-48.694496
-48.69762
-48.691372
-48.675747
-48.678871
-48.656998
-48.663246
-48.681995
-48.691372
-48.68512
-48.663246
-48.647625
-48.647625
-48.632
-48.622627
-48.607002
-48.603874
-48.566376
-48.556999
-48.525757
-48.497631
-48.48513
-48.447636
-48.407009
-48.397636
-48.397636
-48.413261
-48.413261
-48.407009
-48.413261
-48.391384
-48.378887
-48.35701
-48.372635
-48.347637
-48.319515
-48.322639
-48.30389
-48.297642
-48.30389
-48.27264
-48.247646
-48.250767
-48.247646
-48.244522
-48.244522
-48.225769
-48.20702
-48.197647
-48.169521
-48.160145
-48.17577
-48.185146
-48.169521
-48.153896
-48.125774
-48.103901
-48.075775
-48.06015
-48.044529
-48.032032
-48.00703
-47.97578
-47.94141
-47.913284
-47.897659
-47.885159
-47.866409
-47.860161
-47.847664
-47.847664
-47.847664
-47.819538
-47.79454
-47.769539
-47.76329
-47.741421
-47.719543
-47.678921
-47.663296
-47.647675
-47.622673
-47.572674
-47.535179
-47.510181
-47.466431
-47.441433
-47.447685
-47.438309
-47.419559
-47.397686
-47.407059
-47.385185
-47.353935
-47.328938
-47.300816
-47.300816
-47.294563
-47.269566
-47.247696
-47.213318
-47.150818
-47.097698
-47.069572
-47.044579
-47.016453
-46.972706
-46.947704
-46.900833
-46.87896
-46.857082
-46.847713
-46.822712
-46.813339
-46.807087
-46.828964
-46.844589
-46.850834
-46.850834
-46.847713
-46.850834
-46.838337
-46.832088
-46.822712
-46.835213
-46.816463
-46.816463
-46.775837
-46.785213
-46.757088
-46.757088
-46.747715
-46.719593
-46.725845
-46.719593
-46.725845
-46.735218
-46.722717
-46.716469
-46.707092
-46.69772
-46.688343
-46.657093
-46.647724
-46.610222
-46.610222
-46.622723
-46.6446
-46.632099
-46.647724
-46.641472
-46.622723
-46.603973
-46.594597
-46.553974
-46.522728
-46.516479
-46.472729
-46.457104
-46.43211
-46.413357
-46.378983
-46.375858
-46.382107
-46.36961
-46.378983
-46.366482
-46.350857
-46.341488
-46.278988
-46.213367
-46.182117
-46.135246
-46.094624
-46.063374
-46.022755
-46.010254
-45.954002
-45.941509
-45.929008
-45.897758
-45.847763
-45.822762
-45.797764
-45.775887
-45.763386
-45.754013
-45.732143
-45.707142
-45.663391
-45.638397
-45.610271
-45.579021
-45.544651
-45.497776
-45.454029
-45.397781
-45.344662
-45.279037
-45.213417
-45.132172
-45.10717
-45.050922
-44.982178
-44.913433
-44.857182
-44.729065
-44.569695
-44.304085
-43.244766
-39.963673
-34.47644
-26.642448
-15.399248
-2.8467357
8.0714808
16.374201
22.139544
25.758118
27.6549
28.248619
27.904886
26.88306
25.464382
23.76759
21.864557
19.86153
17.849129
15.836726
13.858699
11.877545
9.8870173
7.9433618
5.9403348
3.9654315
1.9936526
-0.015624236
-2.0124016
-4.1310482
-6.3403153
-8.6214533
-11.005713
-13.49934
-16.092964
-18.699087
-21.342707
-23.898832
-26.358088
-28.711098
-30.848494
-32.807774
-34.588936
-36.138859
-37.532539
-38.732483
-39.782433
-40.691761
-41.466724
-42.129192
-42.72604
-43.263512
-43.738491
-44.154091
-44.525951
-44.86343
-45.166542
-45.441532
-45.682144
-45.872757
-46.032127
-46.185242
-46.338364
-46.447735
-46.591473
-46.703968
-46.816463
-46.94146
-47.035206
-47.119576
-47.210194
-47.300816
-47.382061
-47.463306
-47.519554
-47.566425
-47.657043
-47.69767
-47.741421
-47.79454
-47.816414
-47.875786
-47.922661
-47.960155
-47.997654
-48.047657
-48.075775
-48.132027
-48.160145
-48.222645
-48.266392
-48.278889
-48.322639
-48.35701
-48.375759
-48.382011
-48.410137
-48.403885
-48.425762
-48.463257
-48.482006
-48.478882
-48.488255
-48.497631
-48.528881
-48.541382
-48.556999
-48.597626
-48.607002
-48.625751
-48.638252
-48.669495
-48.660122
-48.647625
-48.65387
-48.650745
-48.641376
-48.647625
-48.66637
-48.672623
-48.681995
-48.678871
-48.719498
-48.71637
-48.69762
-48.710121
-48.719498
-48.738247
-48.747616
-48.760117
-48.756992
-48.78199
-48.766365
-48.766365
-48.772617
-48.778866
-48.797615
-48.816364
-48.841366
-48.828865
-48.806992
-48.819492
-48.81324
-48.800739
-48.797615
-48.78199
-48.78199
-48.791367
-48.791367
-48.772617
-48.772617
-48.769489
-48.760117
-48.788242
-48.788242
-48.785114
-48.766365
-48.766365
-48.756992
-48.741371
-48.69762
-48.713245
-48.672623
-48.675747
-48.691372
-48.69762
-48.672623
-48.688248
-48.688248
-48.703873
-48.706997
-48.706997
-48.719498
-48.72887
-48.744495
-48.747616
-48.744495
-48.722622
-48.731995
-48.722622
-48.69762
-48.672623
-48.678871
-48.650745
-48.641376
-48.616375
-48.597626
-48.619499
-48.619499
-48.647625
-48.641376
-48.597626
-48.60075
-48.597626
-48.585125
-48.572624
-48.556999
-48.560127
-48.556999
-48.547626
-48.519505
-48.522633
-48.500755
-48.497631
-48.494507
-48.497631
-48.478882
-48.478882
-48.48513
-48.45388
-48.494507
-48.494507
-48.497631
-48.497631
-48.475758
-48.463257
-48.460133
-48.447636
-48.413261
-48.444511
-48.422634
-48.416386
-48.422634
-48.41951
-48.413261
-48.410137
-48.410137
-48.410137
-48.416386
-48.428886
-48.400761
-48.410137
-48.391384
-48.372635
-48.353886
-48.338264
-48.360134
-48.322639
-48.313267
-48.313267
-48.297642
-48.282017
-48.263264
-48.247646
-48.260139
-48.235146
-48.241394
-48.266392
-48.269516
-48.241394
-48.232021
-48.23827
-48.225769
-48.203896
-48.210144
-48.188271
-48.169521
-48.132027
-48.097649
-48.085152
-48.069527
-48.057026
-48.057026
-48.063274
-48.053902
-48.022655
-47.985157
-47.97578
-47.96328
-47.94141
-47.919537
-47.888287
-47.885159
-47.907036
-47.897659
-47.891411
-47.885159
-47.872662
-47.872662
-47.866409
-47.863285
-47.872662
-47.857037
-47.84454
-47.822666
-47.797665
-47.785164
-47.772663
-47.775791
-47.741421
-47.72892
-47.719543
-47.69767
-47.685169
-47.669544
-47.647675
-47.647675
-47.625801
-47.597675
-47.591423
-47.572674
-47.547676
-47.541431
-47.51643
-47.503929
-47.48518
-47.463306
-47.444561
-47.410183
-47.403934
-47.385185
-47.385185
-47.347683
-47.360184
-47.33519
-47.297688
-47.291439
-47.257065
-47.260189
-47.253941
-47.241444
-47.228943
-47.18832
-47.191444
-47.185196
-47.166443
-47.163319
-47.138325
-47.1227
-47.09145
-47.063324
-47.019581
-46.982079
-46.935207
-46.894585
-46.869583
-46.835213
-46.797714
-46.757088
-46.747715
-46.71022
-46.725845
-46.72897
-46.735218
-46.747715
-46.766464
-46.782089
-46.791462
-46.79459
-46.791462
-46.79459
-46.74147
-46.757088
-46.757088
-46.735218
-46.72897
-46.707092
-46.657093
-46.650845
-46.641472
-46.603973
-46.569599
-46.535229
-46.513355
-46.482105
-46.472729
-46.435234
-46.444607
-46.425858
-46.36961
-46.353985
-46.297737
-46.282112
-46.275864
-46.247742
-46.257114
-46.241493
-46.207119
-46.203995
-46.216492
-46.191494
-46.153992
-46.141499
-46.107124
-46.085247
-46.078999
-46.047752
-46.016502
-45.982128
-45.922756
-45.879009
-45.804012
-45.697769
-45.582146
-45.347782
-44.813435
-42.61042
-37.976269
-31.392216
-22.045797
-9.8120203
2.1186464
11.796299
18.870953
23.605097
26.383085
27.733019
27.917387
27.286167
26.123726
24.536301
22.72389
20.733362
18.702211
16.699184
14.658659
12.627508
10.608857
8.6245785
6.6371756
4.6841459
2.7467406
0.78746152
-1.1780674
-3.2060933
-5.3091154
-7.540257
-9.8588934
-12.243152
-14.693032
-17.221033
-19.774035
-22.333282
-24.817539
-27.179922
-29.392313
-31.457838
-33.304623
-34.957668
-36.445095
-37.732533
-38.885601
-39.885551
-40.760509
-41.519848
-42.182312
-42.738541
-43.244766
-43.697865
-44.091595
-44.444706
-44.760311
-45.035301
-45.285286
-45.513401
-45.697769
-45.885258
-46.029003
-46.18837
-46.335239
-46.469604
-46.578972
-46.703968
-46.769588
-46.853958
-46.935207
-47.016453
-47.047703
-47.103951
-47.172695
-47.263313
-47.316441
-47.397686
-47.444561
-47.488304
-47.522678
-47.575798
-47.610176
-47.64455
-47.69767
-47.738297
-47.778915
-47.822666
-47.84454
-47.87891
-47.919537
-47.935162
-47.957031
-47.997654
-48.022655
-48.044529
-48.085152
-48.110149
-48.135151
-48.160145
-48.191395
-48.228897
-48.260139
-48.266392
-48.288265
-48.297642
-48.325764
-48.341389
-48.33514
-48.366386
-48.385136
-48.407009
-48.422634
-48.435135
-48.447636
-48.47263
-48.45388
-48.450756
-48.466381
-48.447636
-48.447636
-48.450756
-48.457005
-48.447636
-48.45388
-48.460133
-48.438259
-48.469505
-48.435135
-48.441387
-48.447636
-48.450756
-48.45388
-48.466381
-48.488255
-48.510132
-48.507008
-48.519505
-48.532005
-48.541382
-48.566376
-48.575752
-48.547626
-48.528881
-48.53513
-48.547626
-48.547626
-48.556999
-48.547626
-48.547626
-48.560127
-48.541382
-48.544506
-48.538258
-48.547626
-48.572624
-48.572624
-48.591377
-48.594501
-48.591377
-48.585125
-48.603874
-48.575752
-48.585125
-48.578876
-48.597626
-48.607002
-48.597626
-48.597626
-48.619499
-48.616375
-48.619499
-48.619499
-48.638252
-48.635124
-48.647625
-48.650745
-48.635124
-48.647625
-48.660122
-48.65387
-48.625751
-48.644501
-48.647625
-48.660122
-48.65387
-48.66637
-48.663246
-48.647625
-48.635124
-48.613251
-48.607002
-48.610126
-48.597626
-48.60075
-48.594501
-48.591377
-48.594501
-48.591377
-48.582001
-48.556999
-48.528881
-48.48513
-48.466381
-48.482006
-48.466381
-48.482006
-48.478882
-48.466381
-48.460133
-48.450756
-48.422634
-48.438259
-48.432011
-48.425762
-48.441387
-48.403885
-48.397636
-48.403885
-48.385136
-48.403885
-48.413261
-48.407009
-48.416386
-48.41951
-48.403885
-48.38826
-48.375759
-48.347637
-48.350761
-48.347637
-48.353886
-48.382011
-48.372635
-48.369511
-48.360134
-48.341389
-48.325764
-48.297642
-48.266392
-48.241394
-48.228897
-48.232021
-48.241394
-48.247646
-48.241394
-48.250767
-48.257015
-48.247646
-48.260139
-48.253891
-48.244522
-48.222645
-48.197647
-48.197647
-48.172646
-48.150772
-48.132027
-48.147644
-48.157021
-48.144524
-48.110149
-48.094524
-48.085152
-48.085152
-48.069527
-48.0914
-48.097649
-48.075775
-48.047657
-48.00703
-47.978905
-47.997654
-47.972656
-47.960155
-47.969532
-47.957031
-47.94141
-47.932034
-47.925785
-47.903912
-47.888287
-47.847664
-47.803913
-47.766415
-47.766415
-47.747665
-47.775791
-47.747665
-47.747665
-47.741421
-47.735168
-47.703918
-47.685169
-47.672668
-47.641426
-47.63205
-47.603924
-47.603924
-47.578926
-47.547676
-47.532055
-47.535179
-47.528931
-47.532055
-47.503929
-47.497681
-47.460178
-47.441433
-47.397686
-47.394558
-47.385185
-47.347683
-47.325813
-47.307064
-47.282063
-47.27269
-47.241444
-47.241444
-47.207069
-47.197693
-47.166443
-47.160194
-47.150818
-47.138325
-47.1227
-47.097698
-47.094574
-47.0602
-47.032078
-47.010204
-46.985203
-46.966454
-46.953953
-46.938335
-46.925835
-46.919582
-46.928959
-46.913334
-46.897709
-46.89146
-46.847713
-46.835213
-46.807087
-46.766464
-46.732094
-46.694595
-46.653969
-46.603973
-46.572723
-46.560223
-46.541477
-46.532104
-46.522728
-46.522728
-46.510227
-46.516479
-46.503979
-46.503979
-46.500854
-46.49773
-46.507103
-46.49773
-46.491478
-46.49773
-46.488354
-46.49773
-46.488354
-46.450855
-46.43211
-46.410233
-46.385235
-46.382107
-46.382107
-46.338364
-46.332111
-46.338364
-46.300861
-46.332111
-46.316486
-46.316486
-46.341488
-46.316486
-46.332111
-46.325863
-46.335239
-46.332111
-46.319614
-46.297737
-46.297737
-46.297737
-46.272739
-46.244617
-46.247742
-46.222744
-46.207119
-46.175869
-46.128998
-46.107124
-46.069622
-46.057121
-46.053997
-46.060249
-46.053997
-46.060249
-46.041504
-46.019627
-45.997753
-46.010254
-45.997753
-45.991505
-45.97588
-45.954002
-45.916508
-45.891506
-45.869633
-45.850883
-45.810261
-45.797764
-45.757137
-45.716518
-45.647774
-45.597771
-45.563396
-45.497776
-45.444656
-45.391533
-45.325912
-45.254036
-45.200916
-45.172791
-45.122795
-45.088421
-45.0228
-44.963428
-44.913433
-44.897808
-44.847813
-44.822811
-44.79781
-44.763435
-44.735317
-44.697815
-44.663441
-44.622822
-44.56657
-44.516575
-44.432205
-44.341587
-44.197842
-43.994724
-43.488499
-41.432354
-36.973194
-30.479759
-21.111469
-8.9870605
2.7717395
12.240026
19.177189
23.808212
26.52058
27.786142
27.945509
27.254919
26.045603
24.43943
22.573896
20.548996
18.495972
16.436697
14.399297
12.405644
10.411992
8.4870853
6.5340557
4.6060252
2.66237
0.67496705
-1.3655583
-3.5060787
-5.7215953
-8.0214834
-10.45574
-13.021238
-15.674234
-18.358479
-21.055222
-23.65197
-26.151848
-28.511108
-30.692251
-32.63903
-34.41082
-35.948242
-37.29818
-38.488743
-39.548069
-40.482395
-41.294857
-41.979198
-42.566669
-43.107269
-43.550995
-43.96035
-44.332211
-44.660316
-44.935307
-45.200916
-45.413406
-45.607147
-45.772762
-45.932133
-46.072746
-46.200867
-46.313362
-46.419609
-46.507103
-46.61335
-46.682095
-46.775837
-46.86021
-46.947704
-46.997704
-47.069572
-47.138325
-47.225819
-47.282063
-47.341438
-47.372684
-47.435184
-47.491428
-47.510181
-47.547676
-47.56955
-47.625801
-47.647675
-47.669544
-47.747665
-47.785164
-47.797665
-47.822666
-47.82579
-47.869534
-47.897659
-47.932034
-47.950779
-47.997654
-47.997654
-48.044529
-48.063274
-48.078899
-48.097649
-48.107025
-48.113274
-48.113274
-48.132027
-48.144524
-48.147644
-48.163269
-48.17577
-48.172646
-48.210144
-48.232021
-48.247646
-48.263264
-48.288265
-48.282017
-48.285141
-48.313267
-48.332016
-48.347637
-48.378887
-48.375759
-48.375759
-48.391384
-48.378887
-48.369511
-48.366386
-48.394512
-48.372635
-48.363262
-48.372635
-48.372635
-48.369511
-48.391384
-48.41951
-48.432011
-48.422634
-48.425762
-48.413261
-48.378887
-48.360134
-48.35701
-48.369511
-48.369511
-48.366386
-48.35701
-48.35701
-48.344517
-48.328892
-48.338264
-48.322639
-48.325764
-48.300766
-48.328892
-48.316391
-48.307014
-48.285141
-48.282017
-48.278889
-48.285141
-48.288265
-48.282017
-48.285141
-48.285141
-48.291389
-48.278889
-48.285141
-48.291389
-48.27264
-48.297642
-48.313267
-48.275764
-48.269516
-48.269516
-48.250767
-48.257015
-48.266392
-48.263264
-48.285141
-48.247646
-48.244522
-48.216396
-48.197647
-48.216396
-48.213272
-48.241394
-48.219521
-48.232021
-48.216396
-48.213272
-48.20702
-48.182022
-48.194519
-48.178894
-48.185146
-48.191395
-48.169521
-48.172646
-48.200771
-48.197647
-48.203896
-48.219521
-48.20702
-48.210144
-48.191395
-48.185146
-48.178894
-48.197647
-48.17577
-48.17577
-48.153896
-48.132027
-48.125774
-48.116402
-48.103901
-48.110149
-48.072651
-48.097649
-48.100777
-48.085152
-48.082024
-48.069527
-48.053902
-48.06015
-48.035156
-48.022655
-48.047657
-48.057026
-48.050774
-48.047657
-48.041405
-48.022655
-48.019531
-47.997654
-47.997654
-47.997654
-47.997654
-47.972656
-47.966404
-47.957031
-47.947655
-47.94141
-47.928909
-47.91016
-47.903912
-47.875786
-47.847664
-47.832039
-47.807041
-47.797665
-47.760166
-47.757038
-47.76329
-47.744545
-47.744545
-47.747665
-47.713295
-47.69767
-47.694546
-47.682045
-47.694546
-47.669544
-47.641426
-47.63205
-47.622673
-47.607048
-47.594551
-47.58205
-47.563301
-47.541431
-47.510181
-47.475803
-47.450806
-47.407059
-47.357059
-47.328938
-47.297688
-47.300816
-47.307064
-47.27269
-47.285191
-47.294563
-47.291439
-47.288315
-47.278938
-47.250813
-47.269566
-47.263313
-47.247696
-47.241444
-47.213318
-47.18832
-47.182068
-47.147694
-47.132072
-47.110199
-47.09145
-47.082073
-47.085197
-47.063324
-47.032078
-47.032078
-47.010204
-47.000828
-46.988331
-46.991455
-47.00708
-46.97583
-46.963329
-46.957081
-46.953953
-46.944584
-46.925835
-46.897709
-46.875835
-46.847713
-46.822712
-46.819588
-46.797714
-46.753963
-46.707092
-46.672718
-46.650845
-46.619598
-46.575848
-46.535229
-46.491478
-46.478977
-46.46648
-46.438358
-46.40086
-46.366482
-46.372734
-46.347733
-46.341488
-46.303989
-46.278988
-46.253986
-46.260239
-46.244617
-46.266487
-46.278988
-46.247742
-46.225868
-46.235245
-46.207119
-46.213367
-46.175869
-46.169617
-46.147743
-46.091499
-46.085247
-46.069622
-46.035252
-46.03838
-46.016502
-45.994629
-45.969627
-45.941509
-45.897758
-45.847763
-45.804012
-45.750889
-45.710266
-45.672768
-45.647774
-45.597771
-45.585274
-45.597771
-45.600899
-45.585274
-45.575897
-45.554024
-45.519653
-45.491528
-45.447781
-45.388409
-45.350906
-45.313412
-45.282162
-45.250912
-45.222794
-45.200916
-45.163418
-45.144672
-45.132172
-45.097797
-45.047802
-45.013428
-44.979053
-44.932182
-44.891556
-44.838436
-44.79781
-44.79781
-44.757187
-44.71344
-44.675941
-44.635323
-44.591572
-44.582195
-44.58532
-44.547821
-44.525951
-44.516575
-44.482201
-44.441582
-44.347832
-44.294712
-44.191589
-44.063469
-43.897854
-43.691616
-43.24789
-41.688587
-37.823154
-31.989061
-23.689466
-12.299399
-0.38748106
9.6901522
17.305405
22.564524
25.867487
27.583027
28.098627
27.686148
26.676821
25.255016
23.520727
21.689566
19.717787
17.727259
15.727357
13.749329
11.802548
9.9088907
8.015234
6.093452
4.1966701
2.2436404
0.24686293
-1.7655387
-3.8560617
-6.0059571
-8.2245979
-10.511987
-12.880621
-15.289878
-17.777256
-20.24901
-22.708265
-25.089399
-27.35804
-29.470436
-31.423466
-33.195251
-34.810799
-36.238853
-37.51067
-38.666862
-39.648064
-40.491772
-41.232361
-41.891705
-42.472923
-42.994774
-43.451
-43.84161
-44.160339
-44.466576
-44.74781
-45.007175
-45.216541
-45.404034
-45.569649
-45.707142
-45.847763
-45.979004
-46.069622
-46.172745
-46.269611
-46.322739
-46.410233
-46.46648
-46.538353
-46.622723
-46.691467
-46.772713
-46.828964
-46.866459
-46.92271
-46.982079
-47.003956
-47.03833
-47.09145
-47.103951
-47.144573
-47.175819
-47.213318
-47.269566
-47.300816
-47.319565
-47.366436
-47.422684
-47.466431
-47.497681
-47.544556
-47.597675
-47.635174
-47.638298
-47.653919
-47.682045
-47.69767
-47.719543
-47.744545
-47.735168
-47.744545
-47.76329
-47.766415
-47.772663
-47.803913
-47.819538
-47.863285
-47.891411
-47.897659
-47.957031
-47.972656
-47.991405
-48.016407
-48.019531
-48.003906
-47.997654
-48.02578
-48.022655
-48.044529
-48.063274
-48.072651
-48.072651
-48.06015
-48.075775
-48.063274
-48.085152
-48.100777
-48.088276
-48.085152
-48.088276
-48.0914
-48.097649
-48.113274
-48.12265
-48.153896
-48.147644
-48.147644
-48.147644
-48.166397
-48.147644
-48.169521
-48.169521
-48.135151
-48.147644
-48.138275
-48.103901
-48.12265
-48.12265
-48.125774
-48.125774
-48.132027
-48.144524
-48.147644
-48.125774
-48.132027
-48.125774
-48.128899
-48.138275
-48.132027
-48.135151
-48.147644
-48.169521
-48.150772
-48.160145
-48.153896
-48.160145
-48.197647
-48.197647
-48.197647
-48.203896
-48.197647
-48.188271
-48.197647
-48.166397
-48.169521
-48.163269
-48.147644
-48.147644
-48.147644
-48.147644
-48.147644
-48.132027
-48.110149
-48.097649
-48.078899
-48.047657
-48.044529
-48.028904
-48.016407
-48.010155
-47.972656
-47.966404
-47.947655
-47.957031
-47.94141
-47.96328
-47.922661
-47.935162
-47.91016
-47.925785
-47.894535
-47.885159
-47.872662
-47.869534
-47.87891
-47.853909
-47.841415
-47.835163
-47.816414
-47.822666
-47.81329
-47.819538
-47.819538
-47.819538
-47.810165
-47.810165
-47.79454
-47.788288
-47.78204
-47.753914
-47.753914
-47.766415
-47.735168
-47.72892
-47.741421
-47.722672
-47.707047
-47.694546
-47.672668
-47.669544
-47.669544
-47.663296
-47.650795
-47.63205
-47.610176
-47.610176
-47.603924
-47.572674
-47.557049
-47.535179
-47.522678
-47.51643
-47.475803
-47.478931
-47.48518
-47.460178
-47.441433
-47.425808
-47.394558
-47.413311
-47.403934
-47.40081
-47.407059
-47.407059
-47.403934
-47.407059
-47.382061
-47.360184
-47.347683
-47.316441
-47.294563
-47.285191
-47.27269
-47.297688
-47.27269
-47.269566
-47.253941
-47.250813
-47.228943
-47.222694
-47.207069
-47.191444
-47.160194
-47.132072
-47.107075
-47.085197
-47.066448
-47.044579
-47.028954
-46.994579
-46.966454
-46.957081
-46.94146
-46.92271
-46.894585
-46.853958
-46.847713
-46.810215
-46.822712
-46.791462
-46.772713
-46.753963
-46.775837
-46.760212
-46.747715
-46.744595
-46.738342
-46.719593
-46.71022
-46.69772
-46.688343
-46.682095
-46.647724
-46.663345
-46.660217
-46.632099
-46.619598
-46.591473
-46.572723
-46.547722
-46.522728
-46.503979
-46.491478
-46.488354
-46.478977
-46.444607
-46.435234
-46.413357
-46.388359
-46.347733
-46.366482
-46.375858
-46.357109
-46.347733
-46.357109
-46.332111
-46.303989
-46.263363
-46.235245
-46.222744
-46.235245
-46.194618
-46.153992
-46.122749
-46.078999
-46.072746
-46.057121
-46.041504
-46.060249
-46.035252
-45.991505
-45.997753
-45.991505
-46.016502
-46.035252
-46.03838
-46.053997
-46.057121
-46.035252
-46.035252
-46.035252
-46.029003
-46.00713
-45.991505
-45.969627
-45.919632
-45.885258
-45.875881
-45.879009
-45.860256
-45.847763
-45.816513
-45.797764
-45.775887
-45.747761
-45.679016
-45.682144
-45.647774
-45.644646
-45.622772
-45.579021
-45.554024
-45.529026
-45.522778
-45.513401
-45.547771
-45.535278
-45.516529
-45.494652
-45.469654
-45.460278
-45.447781
-45.457153
-45.444656
-45.432156
-45.438408
-45.444656
-45.432156
-45.438408
-45.432156
-45.419659
-45.360283
-45.335285
-45.310287
-45.300911
-45.291538
-45.291538
-45.272785
-45.28841
-45.254036
-45.197792
-45.188416
-45.132172
-45.079048
-45.041553
-45.000927
-44.954052
-44.910305
-44.844685
-44.782185
-44.716568
-44.663441
-44.622822
-44.625946
-44.619698
-44.604073
-44.588448
-44.58532
-44.572823
-44.504078
-44.44783
-44.407207
-44.313461
-44.247841
-44.160339
-44.035351
-43.86348
-43.554119
-42.554169
-39.551193
-34.454567
-27.320541
-17.233534
-5.2528687
5.6059766
14.136808
20.302134
24.326935
26.473705
27.948635
28.411112
28.023632
27.058054
25.667498
24.001953
22.161419
20.25526
18.283482
16.311705
14.333675
12.399394
10.527611
8.6402035
6.74967
4.8591375
2.9186075
0.92182994
-1.1343195
-3.2654657
-5.5184803
-7.8464913
-10.35887
-12.980617
-15.649236
-18.361603
-20.99585
-23.551975
-25.945608
-28.151751
-30.170403
-31.964064
-33.613983
-35.076412
-36.348225
-37.470047
-38.494995
-39.401199
-40.198036
-40.919876
-41.576092
-42.147938
-42.682289
-43.132271
-43.538502
-43.922855
-44.285336
-44.635323
-44.92593
-45.194668
-45.450901
-45.669643
-45.879009
-46.085247
-46.278988
-46.435234
-46.619598
-46.766464
-46.907085
-47.088326
-47.235195
-47.385185
-47.522678
-47.669544
-47.819538
-47.944534
-48.044529
-48.17577
-48.300766
-48.407009
-48.507008
-48.625751
-48.747616
-48.847614
-48.96323
-49.060101
-49.191345
-49.250717
-49.35696
-49.472584
-49.566326
-49.653824
-49.753819
-49.856937
-49.947559
-50.072552
-50.150673
-50.231922
-50.328793
-50.397537
-50.535034
-50.622528
-50.703773
-50.791267
-50.878765
-50.938137
-51.035007
-51.10688
-51.181873
-51.269367
-51.309994
-51.397488
-51.459984
-51.53186
-51.619354
-51.678726
-51.750595
-51.82872
-51.897465
-51.972458
-52.034958
-52.103706
-52.181824
-52.247452
-52.30682
-52.384941
-52.447441
-52.51931
-52.600555
-52.672424
-52.734924
-52.788044
-52.856792
-52.900539
-52.959911
-53.034912
-53.097404
-53.150528
-53.2099
-53.250523
-53.297398
-53.375515
-53.447392
-53.497387
-53.547382
-53.619255
-53.666126
-53.694252
-53.759872
-53.822372
-53.856743
-53.909866
-53.991112
-54.053608
-54.109856
-54.184853
-54.234852
-54.291096
-54.328598
-54.378593
-54.409843
-54.484837
-54.556709
-54.612957
-54.647331
-54.697327
-54.741077
-54.794197
-54.844196
-54.922318
-54.972313
-55.041061
-55.075432
-55.103558
-55.147305
-55.200428
-55.244179
-55.287922
-55.347294
-55.378544
-55.462914
-55.50354
-55.53479
-55.566032
-55.628532
-55.678528
-55.722279
-55.775398
-55.828526
-55.89727
-55.919144
-55.944145
-56.000389
-56.04414
-56.084759
-56.144135
-56.175381
-56.234756
-56.250374
-56.287876
-56.337875
-56.390995
-56.434746
-56.47224
-56.528488
-56.572235
-56.622234
-56.647236
-56.684731
-56.715981
-56.740982
-56.765976
-56.812851
-56.837849
-56.887844
-56.919094
-56.947216
-56.997215
-57.022217
-57.06596
-57.112835
-57.137836
-57.172207
-57.228455
-57.265949
-57.290951
-57.328449
-57.353447
-57.372196
-57.400322
-57.447197
-57.484692
-57.519066
-57.547188
-57.584686
-57.615936
-57.640938
-57.659683
-57.706558
-57.737808
-57.765926
-57.781551
-57.809677
-57.847176
-57.869045
-57.897171
-57.947166
-57.965916
-57.990917
-58.053413
-58.087788
-58.125286
-58.169033
-58.203407
-58.250278
-58.265903
-58.275276
-58.322151
-58.359646
-58.390896
-58.447147
-58.494019
-58.509644
-58.547138
-58.584637
-58.603386
-58.647137
-58.697132
-58.731506
-58.747128
-58.759628
-58.778378
-58.831501
-58.847126
-58.878372
-58.922123
-58.922123
-58.962742
-58.997116
-59.028366
-59.075237
-59.097115
-59.109612
-59.118988
-59.159607
-59.181484
-59.200233
-59.234608
-59.268978
-59.315853
-59.347099
-59.378349
-59.418972
-59.447098
-59.490845
-59.497093
-59.547089
-59.581463
-59.606464
-59.612713
-59.622089
-59.640839
-59.68771
-59.709583
-59.747078
-59.775204
-59.822079
-59.84708
-59.859573
-59.903324
-59.934574
-59.95332
-60.006443
-60.012695
-60.059563
-60.097065
-60.122063
-60.137688
-60.175182
-60.190807
-60.215809
-60.253304
-60.284554
-60.322056
-60.331429
-60.356426
-60.397049
-60.425175
-60.437675
-60.47517
-60.497044
-60.531418
-60.547039
-60.547039
-60.575165
-60.618916
-60.615791
-60.647041
-60.675159
-60.709534
-60.740784
-60.747028
-60.775154
-60.793903
-60.828281
-60.831406
-60.853275
-60.890774
-60.915775
-60.950146
-60.98452
-61.012646
-61.053265
-61.065765
-61.097015
-61.11264
-61.128265
-61.147011
-61.178261
-61.19701
-61.200134
-61.212635
-61.237637
-61.243885
-61.284504
-61.309505
-61.315754
-61.315754
-61.331379
-61.340755
-61.359501
-61.396999
-61.428249
-61.453247
-61.471996
-61.484497
-61.496994
-61.528244
-61.540745
-61.565742
-61.596992
-61.634491
-61.646992
-61.646992
-61.678234
-61.709484
-61.734486
-61.746983
-61.781357
-61.79073
-61.837605
-61.850101
-61.871975
-61.890728
-61.928226
-61.937603
-61.97197
-61.996971
-62.028221
-62.050091
-62.081341
-62.096966
-62.128216
-62.156338
-62.146961
-62.162586
-62.19696
-62.206337
-62.218838
-62.24696
-62.240711
-62.24696
-62.271957
-62.296955
-62.328205
-62.340706
-62.362576
-62.409451
-62.434452
-62.453197
-62.475071
-62.490696
-62.509445
-62.537571
-62.537571
-62.562569
-62.618816
-62.603191
-62.634441
-62.656311
-62.67506
-62.693813
-62.709438
-62.715687
-62.709438
-62.73756
-62.750057
-62.790684
-62.828182
-62.818806
-62.837559
-62.846931
-62.856304
-62.871929
-62.896927
-62.909428
-62.959423
-62.959423
-62.975048
-63.006298
-63.028172
-63.037548
-63.046921
-63.046921
-63.090668
-63.096916
-63.125042
-63.146912
-63.156288
-63.184414
-63.196911
-63.206287
-63.221912
-63.253159
-63.271908
-63.293781
-63.300034
-63.303158
-63.328159
-63.346905
-63.340656
-63.375027
-63.390652
-63.415653
-63.443779
-63.481274
-63.496899
-63.496899
-63.521896
-63.531273
-63.546894
-63.556267
-63.565643
-63.568768
-63.57502
-63.584393
-63.593769
-63.618767
-63.640644
-63.668762
-63.662514
-63.684387
-63.731262
-63.746883
-63.762508
-63.790634
-63.821884
-63.821884
-63.825008
-63.834385
-63.862503
-63.868755
-63.87188
-63.896877
-63.900005
-63.906254
-63.93438
-63.949997
-63.971874
-63.984375
-63.987499
-64.021873
-64.03437
-64.03437
-64.059372
-64.06562
-64.084366
-64.112495
-64.118744
-64.106247
-64.140617
-64.149986
-64.165611
-64.193741
-64.203117
-64.196861
-64.243736
-64.249985
-64.274986
-64.259361
-64.249985
-64.271858
-64.290611
-64.29686
-64.29686
-64.312485
-64.306236
-64.337486
-64.346855
-64.374977
-64.384354
-64.381226
-64.399979
-64.39373
-64.431229
-64.434357
-64.465599
-64.474976
-64.474976
-64.496849
-64.506226
-64.521851
-64.543724
-64.559341
-64.581223
-64.590591
-64.590591
-64.593719
-64.606216
-64.628098
-64.643723
-64.646843
-64.649963
-64.681213
-64.678093
-64.69059
-64.712463
-64.72184
-64.728088
-64.743713
-64.753082
-64.75621
-64.778084
-64.771835
-64.784332
-64.796837
-64.799957
-64.815582
-64.828087
-64.824959
-64.846832
-64.862457
-64.859329
-64.868706
-64.874954
-64.868706
-64.899956
-64.912453
-64.915581
-64.946823
-64.931206
-64.940582
-64.946823
-64.937454
-64.928078
-64.946823
-64.981201
-64.999947
-65.028076
-65.006203
-65.015572
-65.046822
-65.065567
-65.08432
-65.078072
-65.081192
-65.096817
-65.096817
-65.106194
-65.109322
-65.11557
-65.131195
-65.140572
-65.159317
-65.162437
-65.171814
-65.187439
-65.196815
-65.221817
-65.228065
-65.240562
-65.246819
-65.259308
-65.268684
-65.296806
-65.296806
-65.312431
-65.315559
-65.324936
-65.346802
-65.353058
-65.362427
-65.368683
-65.34993
-65.390556
-65.403053
-65.409302
-65.421806
-65.428055
-65.428055
-65.446808
-65.449928
-65.462425
-65.471802
-65.481178
-65.474922
-65.493675
-65.506172
-65.490547
-65.503052
-65.499924
-65.490547
-65.503052
-65.528053
-65.534302
-65.565544
-65.559296
-65.590546
-65.624924
-65.634293
-65.615547
-65.628044
-65.640549
-65.640549
-65.643669
-65.646797
-65.643669
-65.656166
-65.668663
-65.681168
-65.67804
-65.687416
-65.693665
-65.690544
-65.696793
-65.696793
-65.693665
-65.721794
-65.728043
-65.731163
-65.765533
-65.762413
-65.778038
-65.784286
-65.781158
-65.781158
-65.799911
-65.799911
-65.796783
-65.834282
-65.824913
-65.853027
-65.878029
-65.881157
-65.893654
-65.899902
-65.868652
-65.87178
-65.87178
-65.893654
-65.906158
-65.896782
-65.896782
-65.912407
-65.896782
-65.884277
-65.906158
-65.906158
-65.928032
-65.946777
-65.956154
-65.990524
-65.999901
-65.993652
-65.987404
-65.996773
-65.993652
-66.003029
-65.999901
-66.006149
-66.006149
-66.006149
-66.021774
-66.037399
-66.059273
-66.059273
-66.074898
-66.062393
-66.081146
-66.084274
-66.081146
-66.112396
-66.118645
-66.115524
-66.143646
-66.146767
-66.146767
-66.146767
-66.159264
-66.171768
-66.187393
-66.209267
-66.19989
-66.212395
-66.218643
-66.19677
-66.187393
-66.178017
-66.178017
-66.203018
-66.184265
-66.206139
-66.218643
-66.224892
-66.22802
-66.243645
-66.224892
-66.246765
-66.234268
-66.262383
-66.253014
-66.259262
-66.271759
-66.281136
-66.296761
-66.271759
-66.284264
-66.296761
-66.268639
-66.274887
-66.281136
-66.284264
-66.303009
-66.299889
-66.296761
-66.309258
-66.287384
-66.315514
-66.337387
-66.337387
-66.331139
-66.328011
-66.346756
-66.356133
-66.346756
-66.346756
-66.378006
-66.387383
-66.381134
-66.396759
-66.415504
-66.409256
-66.421753
-66.428009
-66.409256
-66.406128
-66.418633
-66.424881
-66.446754
-66.440506
-66.431129
-66.396759
-66.403008
-66.428009
-66.440506
-66.434258
-66.453003
-66.453003
-66.440506
-66.446754
-66.446754
-66.471748
-66.468628
-66.481125
-66.487373
-66.499878
-66.515503
-66.534248
-66.521751
-66.528
-66.518623
-66.534248
-66.540504
-66.556122
-66.556122
-66.571747
-66.587372
-66.571747
-66.56237
-66.574875
-66.568619
-66.571747
-66.602997
-66.596748
-66.59362
-66.5905
-66.584244
-66.609245
-66.627998
-66.62487
-66.62175
-66.62175
-66.627998
-66.596748
-66.62175
-66.602997
-66.602997
-66.612373
-66.612373
-66.627998
-66.646744
-66.649864
-66.668617
-66.690491
-66.696739
-66.709244
-66.724869
-66.696739
-66.696739
-66.696739
-66.71862
-66.71862
-66.724869
-66.71862
-66.724869
-66.749863
-66.752983
-66.756111
-66.746735
-66.774864
-66.756111
-66.749863
-66.759239
-66.737366
-66.727989
-66.740494
-66.743614
-66.740494
-66.752983
-66.746735
-66.746735
-66.734245
-66.746735
-66.777985
-66.765488
-66.771736
-66.784233
-66.774864
-66.79361
-66.79361
-66.796738
-66.809235
-66.82486
-66.821739
-66.818611
-66.82486
-66.802986
-66.818611
-66.812363
-66.815483
-66.818611
-66.85611
-66.846733
-66.877983
-66.874855
-66.871735
-66.884232
-66.862358
-66.85611
-66.865479
-66.852982
-66.865479
-66.852982
-66.846733
-66.843613
-66.862358
-66.846733
-66.85611
-66.85611
-66.852982
-66.877983
-66.893608
-66.877983
-66.884232
-66.896729
-66.909233
-66.912354
-66.896729
-66.881104
-66.896729
-66.896729
-66.899857
-66.915482
-66.909233
-66.91861
-66.931107
-66.91861
-66.934235
-66.937355
-66.949852
-66.937355
-66.934235
-66.931107
-66.927979
-66.934235
-66.946724
-66.9561
-66.940483
-66.943604
-66.962349
-66.9561
-66.971725
-66.968605
-66.965477
-66.946724
-66.98735
-66.971725
-66.981102
-66.971725
-66.9561
-66.9561
-66.965477
-66.95298
-66.959229
-66.95298
-66.949852
-66.999855
-66.98423
-66.996727
-66.996727
-66.977974
-66.981102
-66.959229
-66.959229
-66.95298
-66.949852
-66.943604
-66.937355
-66.940483
-66.946724
-66.959229
-66.959229
-66.9561
-66.977974
-66.98735
-66.974854
-66.981102
-66.971725
-66.959229
-66.98735
-66.98735
-66.981102
-66.993599
-66.959229
-66.962349
-66.959229
-66.981102
-66.996727
-66.996727
-66.990479
-67.01548
-67.043602
-67.031105
-67.024849
-67.006104
-67.027977
-67.009224
-66.999855
-66.996727
-66.993599
-66.996727
-67.012352
-67.043602
-67.031105
-67.027977
-67.040474
-67.031105
-67.034225
-67.04673
-67.040474
-67.034225
-67.031105
-67.040474
-67.021729
-67.012352
-67.031105
-67.01548
-67.021729
-67.04673
-67.04673
-67.059219
-67.04673
-67.065475
-67.062347
-67.04673
-67.04673
-67.027977
-67.034225
-67.040474
-67.037354
-67.027977
-67.034225
-67.034225
-67.027977
-67.024849
-67.037354
-67.043602
-67.027977
-67.037354
-67.034225
-67.027977
-67.024849
-67.040474
-67.01548
-67.009224
-67.031105
-67.0186
-67.040474
-67.043602
-67.056099
-67.04985
-67.04985
-67.04673
-67.043602
-67.037354
-67.043602
-67.037354
-67.027977
-66.996727
-66.996727
-67.009224
-67.006104
-67.0186
-67.0186
-67.0186
-67.027977
-67.006104
-66.996727
-66.993599
-67.002975
-67.027977
-67.027977
-67.034225
-67.024849
-67.012352
-66.999855
-67.024849
-66.993599
-67.009224
-67.01548
-67.002975
-67.002975
-67.0186
-67.006104
-66.98735
-66.965477
-66.990479
-66.981102
-66.990479
-66.98735
-66.996727
-66.971725
-66.971725
-66.977974
-66.977974
-66.95298
-66.974854
-66.946724
-66.946724
-66.937355
-66.940483
-66.912354
-66.931107
-66.912354
-66.92173
-66.912354
-66.912354
-66.92173
-66.937355
-66.931107
-66.909233
-66.88736
-66.865479
-66.868607
-66.85923
-66.852982
-66.846733
-66.843613
-66.852982
-66.840485
-66.846733
-66.849854
-66.837364
-66.834236
-66.827988
-66.818611
-66.802986
-66.796738
-66.787361
-66.771736
-66.790489
-66.802986
-66.784233
-66.796738
-66.784233
-66.752983
-66.76236
-66.752983
-66.774864
-66.784233
-66.799858
-66.771736
-66.777985
-66.765488
-66.749863
-66.724869
-66.721741
-66.731117
-66.721741
-66.734245
-66.71862
-66.727989
-66.71862
-66.712364
-66.693619
-66.674866
-66.665489
-66.65612
-66.634247
-66.631119
-66.640495
-66.643623
-66.646744
-66.643623
-66.646744
-66.652992
-66.646744
-66.646744
-66.640495
-66.62487
-66.62175
-66.618622
-66.615494
-66.62175
-66.62175
-66.615494
-66.634247
-66.637375
-66.627998
-66.631119
-66.618622
-66.615494
-66.609245
-66.612373
-66.606125
-66.62487
-66.609245
-66.609245
-66.599869
-66.596748
-66.62175
-66.62175
-66.615494
-66.62175
-66.59362
-66.596748
-66.609245
-66.612373
-66.62175
-66.615494
-66.606125
-66.596748
-66.602997
-66.615494
-66.568619
-66.584244
-66.565498
-66.571747
-66.599869
-66.581123
-66.55925
-66.556122
-66.549873
-66.556122
-66.552994
-66.571747
-66.552994
-66.546745
-66.540504
-66.546745
-66.531128
-66.521751
-66.518623
-66.502998
-66.509254
-66.512375
-66.540504
-66.537376
-66.512375
-66.499878
-66.509254
-66.506126
-66.509254
-66.543625
-66.521751
-66.521751
-66.524879
-66.537376
-66.531128
-66.518623
-66.509254
-66.506126
-66.528
-66.528
-66.546745
-66.534248
-66.512375
-66.49675
-66.509254
-66.518623
-66.537376
-66.537376
-66.534248
-66.543625
-66.540504
-66.515503
-66.521751
-66.528
-66.528
-66.534248
-66.546745
-66.521751
-66.540504
-66.521751
-66.512375
-66.521751
-66.512375
-66.512375
-66.512375
-66.487373
-66.490501
-66.49675
-66.493629
-66.499878
-66.499878
-66.484253
-66.493629
-66.49675
-66.49675
-66.512375
-66.502998
-66.481125
-66.487373
-66.493629
-66.49675
-66.487373
-66.471748
-66.49675
-66.478004
-66.484253
-66.493629
-66.481125
-66.446754
-66.459251
-66.471748
-66.478004
-66.49675
-66.509254
-66.49675
-66.499878
-66.499878
-66.502998
-66.512375
-66.484253
-66.49675
-66.490501
-66.490501
-66.502998
-66.518623
-66.518623
-66.509254
-66.499878
-66.459251
-66.490501
-66.474876
-66.462379
-66.474876
-66.49675
-66.481125
-66.487373
-66.49675
-66.49675
-66.490501
-66.499878
-66.487373
-66.468628
-66.453003
-66.4655
-66.471748
-66.462379
-66.4655
-66.456123
-66.434258
-66.446754
-66.456123
-66.453003
-66.4655
-66.459251
-66.453003
-66.4655
-66.468628
-66.459251
-66.456123
-66.437378
-66.4655
-66.484253
-66.478004
-66.49675
-66.49675
-66.49675
-66.478004
-66.484253
-66.481125
-66.49675
-66.484253
-66.471748
-66.468628
-66.4655
-66.4655
-66.484253
-66.468628
-66.4655
-66.4655
-66.453003
-66.4655
-66.456123
-66.443634
-66.440506
-66.443634
-66.434258
-66.440506
-66.446754
-66.449875
-66.437378
-66.440506
-66.449875
-66.434258
-66.449875
-66.459251
-66.456123
-66.462379
-66.468628
-66.487373
-66.484253
-66.49675
-66.502998
-66.484253
-66.471748
-66.493629
-66.4655
-66.471748
-66.456123
-66.453003
-66.434258
-66.446754
-66.440506
-66.456123
-66.456123
-66.468628
-66.4655
-66.4655
-66.453003
-66.462379
-66.446754
-66.446754
-66.446754
-66.434258
-66.440506
-66.468628
-66.468628
-66.456123
-66.453003
-66.446754
-66.446754
-66.462379
-66.449875
-66.462379
-66.449875
-66.459251
-66.478004
-66.478004
-66.468628
-66.478004
-66.490501
-66.49675
-66.493629
-66.453003
-66.4655
-66.443634
-66.446754
-66.468628
-66.462379
-66.4655
-66.471748
-66.471748
-66.462379
-66.459251
-66.456123
-66.453003
-66.453003
-66.459251
-66.468628
-66.468628
-66.456123
-66.462379
-66.484253
-66.481125
-66.471748
-66.49675
-66.502998
-66.528
-66.524879
-66.518623
-66.521751
-66.515503
-66.49675
-66.487373
-66.478004
-66.468628
-66.49675
-66.502998
-66.493629
-66.484253
-66.474876
-66.471748
-66.487373
-66.484253
-66.493629
-66.509254
-66.493629
-66.484253
-66.490501
-66.471748
-66.481125
-66.481125
-66.474876
-66.474876
-66.481125
-66.487373
-66.474876
-66.459251
-66.453003
-66.443634
-66.462379
-66.453003
-66.471748
-66.484253
-66.4655
-66.481125
-66.481125
-66.478004
-66.459251
-66.456123
-66.459251
-66.453003
-66.446754
-66.440506
-66.446754
-66.443634
-66.440506
-66.431129
-66.437378
-66.459251
-66.421753
-66.428009
-66.443634
-66.437378
-66.446754
-66.446754
-66.440506
-66.456123
-66.440506
-66.434258
-66.434258
-66.421753
-66.393631
-66.393631
-66.378006
-66.396759
-66.393631
-66.396759
-66.390503
-66.418633
-66.406128
-66.396759
-66.396759
-66.396759
-66.403008
-66.403008
-66.381134
-66.378006
-66.371758
-66.374878
-66.384254
-66.378006
-66.371758
-66.378006
-66.381134
-66.362381
-66.381134
-66.384254
-66.365509
-66.371758
-66.356133
-66.346756
-66.346756
-66.334259
-66.337387
-66.331139
-66.346756
-66.343636
-66.346756
-66.337387
-66.346756
-66.368629
-66.356133
-66.349884
-66.353004
-66.349884
-66.365509
-66.346756
-66.346756
-66.359253
-66.359253
-66.321762
-66.321762
-66.337387
-66.343636
-66.346756
-66.346756
-66.346756
-66.331139
-66.346756
-66.334259
-66.312386
-66.312386
-66.296761
-66.309258
-66.306137
-66.315514
-66.315514
-66.318634
-66.321762
-66.309258
-66.331139
-66.321762
-66.318634
-66.334259
-66.331139
-66.340508
-66.337387
-66.324883
-66.321762
-66.312386
-66.303009
-66.303009
-66.303009
-66.296761
-66.296761
-66.303009
-66.284264
-66.290512
-66.296761
-66.290512
-66.268639
-66.274887
-66.262383
-66.287384
-66.296761
-66.296761
-66.315514
-66.318634
-66.309258
-66.290512
-66.303009
-66.278008
-66.274887
-66.246765
-66.249886
-66.246765
-66.240517
-66.256134
-66.265511
-66.271759
-66.284264
-66.296761
-66.296761
-66.281136
-66.265511
-66.253014
-66.246765
-66.256134
-66.22802
-66.221764
-66.243645
-66.221764
-66.224892
-66.23114
-66.221764
-66.240517
-66.249886
-66.259262
-66.287384
-66.293633
-66.281136
-66.284264
-66.253014
-66.243645
-66.281136
-66.271759
-66.281136
-66.284264
-66.274887
-66.274887
-66.265511
-66.249886
-66.249886
-66.262383
-66.253014
-66.262383
-66.246765
-66.246765
-66.249886
-66.240517
-66.22802
-66.237389
-66.246765
-66.240517
-66.246765
-66.240517
-66.221764
-66.224892
-66.246765
-66.253014
-66.265511
-66.265511
-66.259262
-66.246765
-66.259262
-66.240517
-66.256134
-66.259262
-66.271759
-66.265511
-66.262383
-66.262383
-66.256134
-66.259262
-66.265511
-66.249886
-66.253014
-66.234268
-66.212395
-66.237389
-66.23114
-66.212395
-66.22802
-66.22802
-66.22802
-66.22802
-66.218643
-66.22802
-66.234268
-66.221764
-66.218643
-66.234268
-66.234268
-66.240517
-66.237389
-66.22802
-66.22802
-66.237389
-66.221764
-66.224892
-66.234268
-66.19677
-66.209267
-66.209267
-66.19989
-66.203018
-66.203018
-66.203018
-66.209267
-66.203018
-66.215515
-66.190514
-66.193642
-66.206139
-66.187393
-66.19677
-66.218643
-66.224892
-66.215515
-66.193642
-66.193642
-66.190514
-66.187393
-66.181145
-66.19677
-66.19677
-66.193642
-66.19677
-66.209267
-66.209267
-66.203018
-66.224892
-66.19989
-66.203018
-66.181145
-66.190514
-66.212395
-66.206139
-66.193642
-66.181145
-66.159264
-66.162392
-66.162392
-66.156143
-66.171768
-66.16864
-66.171768
-66.140518
-66.146767
-66.146767
-66.153015
-66.159264
-66.178017
-66.16864
-66.162392
-66.159264
-66.153015
-66.16552
-66.162392
-66.153015
-66.118645
-66.109268
-66.128021
-66.140518
-66.137398
-66.146767
-66.13427
-66.143646
-66.146767
-66.131149
-66.140518
-66.156143
-66.140518
-66.146767
-66.146767
-66.124893
-66.112396
-66.109268
-66.121773
-66.115524
-66.106148
-66.096771
-66.096771
-66.090523
-66.096771
-66.096771
-66.087395
-66.068649
-66.081146
-66.093643
-66.07177
-66.093643
-66.090523
-66.084274
-66.10302
-66.096771
-66.109268
-66.106148
-66.096771
-66.065521
-66.059273
-66.056145
-66.07177
-66.078018
-66.07177
-66.084274
-66.07177
-66.068649
-66.078018
-66.065521
-66.046776
-66.062393
-66.056145
-66.065521
-66.07177
-66.07177
-66.049896
-66.049896
-66.053024
-66.043648
-66.028023
-66.024902
-66.046776
-66.053024
-66.031151
-66.024902
-66.024902
-66.028023
-66.031151
-66.006149
-66.009277
-66.021774
-66.021774
-66.031151
-66.046776
-66.015526
-66.012398
-66.009277
-66.006149
-66.015526
-66.015526
-66.031151
-66.037399
-66.021774
-66.003029
-66.018654
-66.012398
-66.006149
-66.015526
-65.999901
-66.006149
-65.984276
-65.990524
-65.984276
-65.996773
-65.981148
-65.968651
-65.974899
-65.946777
-65.968651
-65.949898
-65.946777
-65.968651
-65.953026
-65.965523
-65.956154
-65.949898
-65.946777
-65.949898
-65.962402
-65.937408
-65.962402
-65.946777
-65.953026
-65.943657
-65.956154
-65.946777
-65.956154
-65.956154
-65.981148
-65.990524
-65.971779
-65.981148
-65.971779
-65.959274
-65.974899
-65.956154
-65.949898
-65.949898
-65.940529
-65.937408
-65.940529
-65.909279
-65.918655
-65.921783
-65.909279
-65.893654
-65.906158
-65.912407
-65.906158
-65.896782
-65.874908
-65.890533
-65.896782
-65.899902
-65.899902
-65.90303
-65.896782
-65.912407
-65.924904
-65.912407
-65.924904
-65.928032
-65.918655
-65.912407
-65.906158
-65.90303
-65.896782
-65.890533
-65.878029
-65.893654
-65.884277
-65.881157
-65.881157
-65.868652
-65.87178
-65.87178
-65.859283
-65.874908
-65.868652
-65.884277
-65.881157
-65.865532
-65.874908
-65.874908
-65.868652
-65.849907
-65.859283
-65.843658
-65.840538
-65.821785
-65.828033
-65.843658
-65.834282
-65.821785
-65.828033
-65.834282
-65.834282
-65.846786
-65.862404
-65.853027
-65.853027
-65.834282
-65.831161
-65.840538
-65.831161
-65.815536
-65.799911
-65.790535
-65.784286
-65.793663
-65.787407
-65.796783
-65.803032
-65.787407
-65.787407
-65.765533
-65.762413
-65.759285
-65.765533
-65.753036
-65.746788
-65.74054
-65.749908
-65.753036
-65.746788
-65.762413
-65.737419
-65.724915
-65.731163
-65.746788
-65.74054
-65.746788
-65.746788
-65.762413
-65.781158
-65.784286
-65.768661
-65.784286
-65.765533
-65.759285
-65.781158
-65.77491
-65.77491
-65.753036
-65.759285
-65.793663
-65.781158
-65.77491
-65.749908
-65.749908
-65.759285
-65.771782
-65.756157
-65.749908
-65.771782
-65.746788
-65.746788
-65.762413
-65.753036
-65.746788
-65.737419
-65.734291
-65.728043
-65.718666
-65.734291
-65.731163
-65.721794
-65.70929
-65.715538
-65.746788
-65.737419
-65.74054
-65.743668
-65.74054
-65.737419
-65.724915
-65.721794
-65.74054
-65.718666
-65.737419
-65.737419
-65.728043
-65.728043
-65.721794
-65.731163
-65.706169
-65.696793
-65.690544
-65.690544
-65.70929
-65.687416
-65.681168
-65.681168
-65.687416
-65.690544
-65.684288
-65.674919
-65.684288
-65.684288
-65.684288
-65.67804
-65.662415
-65.646797
-65.659294
-65.687416
-65.665543
-65.674919
-65.656166
-65.634293
-65.631172
-65.634293
-65.646797
-65.631172
-65.631172
-65.649918
-65.646797
-65.643669
-65.624924
-65.637421
-65.640549
-65.643669
-65.637421
-65.640549
-65.631172
-65.624924
-65.631172
-65.634293
-65.643669
-65.649918
-65.665543
-65.656166
-65.653038
-65.624924
-65.624924
-65.634293
-65.631172
-65.634293
-65.631172
-65.593674
-65.612419
-65.634293
-65.640549
-65.649918
-65.634293
-65.637421
-65.631172
-65.643669
-65.634293
-65.618668
-65.621796
-65.615547
-65.637421
-65.631172
-65.649918
-65.662415
-65.646797
-65.646797
-65.662415
-65.656166
-65.640549
-65.631172
-65.640549
-65.643669
-65.634293
-65.631172
-65.628044
-65.634293
-65.612419
-65.609299
-65.621796
-65.621796
-65.624924
-65.631172
-65.618668
-65.615547
-65.612419
-65.621796
-65.612419
-65.612419
-65.618668
-65.631172
-65.631172
-65.637421
-65.634293
-65.637421
-65.656166
-65.653038
-65.659294
-65.674919
-65.646797
-65.637421
-65.631172
-65.621796
-65.612419
-65.609299
-65.615547
-65.584297
-65.603043
-65.574921
-65.546799
-65.562424
-65.553047
-65.537422
-65.543678
-65.559296
-65.565544
-65.559296
-65.556168
-65.574921
-65.584297
-65.581169
-65.571793
-65.571793
-65.568672
-65.546799
-65.565544
-65.546799
-65.571793
-65.571793
-65.546799
-65.556168
-65.581169
-65.568672
-65.603043
-65.587418
-65.559296
-65.574921
-65.546799
-65.559296
-65.553047
-65.546799
-65.546799
-65.556168
-65.562424
-65.559296
-65.54055
-65.553047
-65.553047
-65.565544
-65.543678
-65.534302
-65.546799
-65.549919
-65.559296
-65.537422
-65.543678
-65.543678
-65.506172
-65.537422
-65.521797
-65.5093
-65.518677
-65.496803
-65.512428
-65.5093
-65.515549
-65.506172
-65.512428
-65.521797
-65.528053
-65.534302
-65.518677
-65.515549
-65.534302
-65.515549
-65.518677
-65.503052
-65.506172
-65.5093
-65.518677
-65.506172
-65.521797
-65.503052
-65.496803
-65.515549
-65.496803
-65.506172
-65.515549
-65.503052
-65.490547
-65.503052
-65.524925
-65.528053
-65.54055
-65.534302
-65.521797
-65.521797
-65.5093
-65.521797
-65.496803
-65.490547
-65.487427
-65.496803
-65.484299
-65.499924
-65.496803
-65.490547
-65.496803
-65.506172
-65.487427
-65.484299
-65.481178
-65.496803
-65.481178
-65.459297
-65.468674
-65.474922
-65.462425
-65.468674
-65.484299
-65.459297
-65.453049
-65.462425
-65.468674
-65.456177
-65.471802
-65.474922
-65.490547
-65.493675
-65.487427
-65.493675
-65.484299
-65.468674
-65.459297
-65.446808
-65.459297
-65.446808
-65.449928
-65.446808
-65.468674
-65.474922
-65.487427
-65.47805
-65.47805
-65.471802
-65.47805
-65.453049
-65.446808
-65.434303
-65.453049
-65.456177
-65.449928
-65.446808
-65.456177
-65.431183
-65.446808
-65.44368
-65.459297
-65.462425
-65.453049
-65.449928
-65.459297
-65.446808
-65.440552
-65.456177
-65.446808
-65.437431
-65.446808
-65.424927
-65.431183
-65.399933
-65.403053
-65.393677
-65.406181
-65.403053
-65.378052
-65.399933
-65.393677
-65.409302
-65.387428
-65.387428
-65.384308
-65.409302
-65.396805
-65.403053
-65.396805
-65.396805
-65.393677
-65.371803
-65.359306
-65.368683
-65.374931
-65.384308
-65.393677
-65.371803
-65.384308
-65.371803
-65.368683
-65.390556
-65.387428
-65.38118
-65.374931
-65.374931
-65.371803
-65.396805
-65.409302
-65.406181
-65.415558
-65.41243
-65.415558
-65.396805
-65.374931
-65.390556
-65.390556
-65.387428
-65.378052
-65.399933
-65.396805
-65.396805
-65.399933
-65.396805
-65.431183
-65.396805
-65.403053
-65.403053
-65.409302
-65.424927
-65.41243
-65.406181
-65.396805
-65.409302
-65.41243
-65.415558
-65.431183
-65.428055
-65.459297
-65.465553
-65.437431
-65.440552
-65.428055
-65.428055
-65.415558
-65.418678
-65.424927
-65.446808
-65.446808
-65.406181
-65.396805
-65.415558
-65.418678
-65.437431
-65.424927
-65.403053
-65.406181
-65.384308
-65.403053
-65.403053
-65.406181
-65.421806
-65.406181
-65.403053
-65.415558
-65.409302
-65.384308
-65.41243
-65.393677
-65.396805
-65.415558
-65.396805
-65.396805
-65.415558
-65.393677
-65.387428
-65.387428
-65.387428
-65.387428
-65.390556
-65.38118
-65.393677
-65.406181
-65.403053
-65.409302
-65.403053
-65.393677
-65.393677
-65.399933
-65.409302
-65.409302
-65.406181
-65.409302
-65.403053
-65.418678
-65.41243
-65.415558
-65.396805
-65.409302
-65.409302
-65.424927
-65.431183
-65.428055
-65.431183
-65.415558
-65.41243
-65.387428
-65.396805
-65.384308
-65.365555
-65.396805
-65.378052
-65.406181
-65.390556
-65.41243
-65.428055
-65.437431
-65.415558
-65.399933
-65.418678
-65.403053
-65.418678
-65.415558
-65.396805
-65.396805
-65.378052
-65.365555
-65.368683
-65.396805
-65.384308
-65.393677
-65.390556
-65.396805
-65.415558
-65.403053
-65.396805
-65.393677
-65.387428
-65.390556
-65.396805
-65.384308
-65.415558
-65.415558
-65.428055
-65.434303
-65.431183
-65.428055
-65.440552
-65.415558
-65.424927
-65.415558
-65.421806
-65.399933
-65.396805
-65.396805
-65.38118
-65.371803
-65.384308
-65.399933
-65.418678
-65.434303
-65.424927
-65.434303
-65.418678
-65.437431
-65.437431
-65.424927
-65.421806
-65.387428
-65.378052
-65.396805
-65.409302
-65.406181
-65.41243
-65.415558
-65.406181
-65.418678
-65.396805
-65.41243
-65.421806
-65.431183
-65.418678
-65.409302
-65.396805
-65.409302
-65.38118
-65.399933
-65.387428
-65.387428
-65.396805
-65.403053
-65.396805
-65.424927
-65.431183
-65.424927
-65.431183
-65.424927
-65.418678
-65.409302
-65.418678
-65.431183
-65.434303
-65.440552
-65.421806
-65.396805
-65.393677
-65.396805
-65.418678
-65.399933
-65.406181
-65.41243
-65.415558
-65.418678
-65.424927
-65.421806
-65.415558
-65.434303
-65.403053
-65.424927
-65.41243
-65.418678
-65.424927
-65.418678
-65.403053
-65.403053
-65.406181
-65.393677
-65.409302
-65.393677
-65.378052
-65.384308
-65.396805
-65.365555
-65.365555
-65.374931
-65.356178
-65.368683
-65.334312
-65.346802
-65.356178
-65.346802
-65.356178
-65.359306
-65.346802
-65.343681
-65.368683
-65.34993
-65.371803
-65.359306
-65.340561
-65.331184
-65.359306
-65.346802
-65.356178
-65.356178
-65.346802
-65.34993
-65.331184
-65.340561
-65.346802
-65.340561
-65.346802
-65.331184
-65.315559
-65.331184
-65.334312
-65.328056
-65.328056
-65.324936
-65.318687
-65.324936
-65.331184
-65.324936
-65.346802
-65.328056
-65.334312
-65.356178
-65.356178
-65.359306
-65.343681
-65.337433
-65.315559
-65.315559
-65.315559
-65.328056
-65.34993
-65.328056
-65.343681
-65.328056
-65.318687
-65.318687
-65.309311
-65.328056
-65.321808
-65.318687
-65.346802
-65.343681
-65.324936
-65.318687
-65.334312
-65.315559
-65.318687
-65.303062
-65.287437
-65.284309
-65.274933
-65.265556
-65.293686
-65.293686
-65.287437
-65.296806
-65.312431
-65.299934
-65.309311
-65.290558
-65.290558
-65.281181
-65.278061
-65.287437
-65.303062
-65.296806
-65.309311
-65.312431
-65.306183
-65.309311
-65.299934
-65.312431
-65.315559
-65.296806
-65.296806
-65.309311
-65.296806
-65.290558
-65.306183
-65.296806
-65.296806
-65.293686
-65.281181
-65.278061
-65.284309
-65.274933
-65.281181
-65.296806
-65.296806
-65.278061
-65.271812
-65.296806
-65.290558
-65.293686
-65.274933
-65.274933
-65.278061
-65.268684
-65.296806
-65.303062
-65.299934
-65.296806
-65.271812
-65.281181
-65.296806
-65.274933
-65.293686
-65.284309
-65.287437
-65.293686
-65.306183
-65.296806
-65.312431
-65.306183
-65.303062
-65.318687
-65.315559
-65.296806
-65.312431
-65.306183
-65.296806
-65.296806
-65.278061
-65.278061
-65.287437
-65.262436
-65.271812
-65.265556
-65.234314
-65.234314
-65.256187
-65.240562
-65.271812
-65.265556
-65.249931
-65.246819
-65.206192
-65.203064
-65.218689
-65.224937
-65.234314
-65.221817
-65.228065
-65.224937
-65.246819
-65.253059
-65.24369
-65.265556
-65.249931
-65.246819
-65.237442
-65.265556
-65.253059
-65.240562
-65.228065
-65.253059
-65.246819
-65.234314
-65.265556
-65.262436
-65.234314
-65.256187
-65.249931
-65.237442
-65.221817
-65.218689
-65.209312
-65.218689
-65.199944
-65.21244
-65.224937
-65.215569
-65.203064
-65.209312
-65.206192
-65.224937
-65.209312
-65.203064
-65.231194
-65.240562
-65.237442
-65.246819
-65.256187
-65.246819
-65.256187
-65.240562
-65.228065
-65.237442
-65.218689
-65.256187
-65.237442
-65.237442
-65.224937
-65.228065
-65.209312
-65.224937
-65.237442
-65.24369
-65.246819
-65.249931
-65.246819
-65.268684
-65.246819
-65.259308
-65.278061
-65.259308
-65.262436
-65.262436
-65.246819
-65.249931
-65.271812
-65.256187
-65.274933
-65.271812
-65.253059
-65.274933
-65.278061
-65.290558
-65.287437
-65.274933
-65.262436
-65.271812
-65.274933
-65.256187
-65.268684
-65.262436
-65.259308
-65.24369
-65.246819
-65.253059
-65.265556
-65.253059
-65.268684
-65.271812
-65.274933
-65.268684
-65.246819
-65.246819
-65.265556
-65.246819
-65.259308
-65.262436
-65.246819
-65.215569
-65.228065
-65.228065
-65.246819
-65.256187
-65.262436
-65.253059
-65.262436
-65.256187
-65.259308
-65.253059
-65.259308
-65.259308
-65.246819
-65.246819
-65.234314
-65.228065
-65.193687
-65.203064
-65.218689
-65.21244
-65.237442
-65.224937
-65.228065
-65.224937
-65.218689
-65.240562
-65.228065
-65.224937
-65.21244
-65.21244
-65.21244
-65.228065
-65.206192
-65.224937
-65.231194
-65.215569
-65.196815
-65.203064
-65.196815
-65.224937
-65.215569
-65.228065
-65.221817
-65.218689
-65.199944
-65.193687
-65.187439
-65.203064
-65.187439
-65.196815
-65.206192
-65.21244
-65.215569
-65.215569
-65.253059
-65.231194
-65.21244
-65.237442
-65.234314
-65.240562
-65.231194
-65.203064
-65.215569
-65.196815
-65.218689
-65.221817
-65.203064
-65.206192
-65.206192
-65.21244
-65.203064
-65.206192
-65.234314
-65.228065
-65.234314
-65.218689
-65.215569
-65.228065
-65.215569
-65.231194
-65.237442
-65.206192
-65.203064
-65.196815
-65.193687
-65.187439
-65.178062
-65.18119
-65.196815
-65.196815
-65.193687
-65.209312
-65.203064
-65.199944
-65.209312
-65.209312
-65.196815
-65.196815
-65.18119
-65.159317
-65.187439
-65.178062
-65.178062
-65.206192
-65.203064
-65.196815
-65.196815
-65.18119
-65.203064
-65.196815
-65.18119
-65.178062
-65.196815
-65.187439
-65.209312
-65.196815
-65.159317
-65.153069
-65.14994
-65.146812
-65.156189
-65.146812
-65.14994
-65.156189
-65.171814
-65.159317
-65.165565
-65.146812
-65.153069
-65.143692
-65.124947
-65.124947
-65.099945
-65.096817
-65.106194
-65.121819
-65.128067
-65.134323
-65.137444
-65.128067
-65.140572
-65.143692
-65.14994
-65.168694
-65.156189
-65.162437
-65.14994
-65.146812
-65.146812
-65.156189
-65.153069
-65.156189
-65.153069
-65.143692
-65.165565
-65.178062
-65.168694
-65.187439
-65.206192
-65.199944
-65.218689
-65.193687
-65.203064
-65.196815
-65.184319
-65.159317
-65.178062
-65.156189
-65.165565
-65.162437
-65.146812
-65.146812
-65.146812
-65.143692
-65.134323
-65.121819
-65.118698
-65.118698
-65.112442
-65.121819
-65.143692
-65.156189
-65.146812
-65.146812
-65.143692
-65.14994
-65.146812
-65.134323
-65.140572
-65.124947
-65.121819
-65.134323
-65.137444
-65.143692
-65.140572
-65.14994
-65.159317
-65.156189
-65.128067
-65.140572
-65.140572
-65.153069
-65.137444
-65.134323
-65.131195
-65.143692
-65.146812
-65.146812
-65.146812
-65.168694
-65.159317
-65.156189
-65.156189
-65.174942
-65.156189
-65.159317
-65.153069
-65.146812
-65.146812
-65.143692
-65.146812
-65.134323
-65.128067
-65.146812
-65.121819
-65.146812
-65.159317
-65.143692
-65.128067
-65.156189
-65.146812
-65.134323
-65.14994
-65.134323
-65.146812
-65.146812
-65.131195
-65.14994
-65.146812
-65.131195
-65.131195
-65.131195
-65.128067
-65.146812
-65.137444
-65.140572
-65.118698
-65.106194
-65.096817
-65.121819
-65.103073
-65.128067
-65.137444
-65.143692
-65.146812
-65.153069
-65.14994
-65.14994
-65.140572
-65.099945
-65.143692
-65.134323
-65.146812
-65.153069
-65.140572
-65.134323
-65.146812
-65.140572
-65.146812
-65.146812
-65.11557
-65.134323
-65.131195
-65.128067
-65.146812
-65.134323
-65.11557
-65.11557
-65.112442
-65.121819
-65.11557
-65.118698
-65.112442
-65.118698
-65.112442
-65.112442
-65.128067
-65.118698
-65.106194
-65.08432
-65.074944
-65.093697
-65.096817
-65.087448
-65.11557
-65.106194
-65.087448
-65.08432
-65.078072
-65.08432
-65.096817
-65.099945
-65.106194
-65.124947
-65.11557
-65.131195
-65.140572
-65.11557
-65.106194
-65.096817
-65.096817
-65.11557
-65.118698
-65.093697
-65.096817
-65.08432
-65.074944
-65.103073
-65.081192
-65.08432
-65.096817
-65.087448
-65.078072
-65.08432
-65.068695
-65.068695
-65.065567
-65.05307
-65.049942
-65.043701
-65.034325
-65.059319
-65.0187
-65.0187
-65.021828
-65.003075
-64.993698
-65.015572
-64.996826
-64.993698
-64.981201
-64.984322
-64.999947
-65.003075
-64.993698
-64.984322
-64.996826
-64.98745
-65.003075
-64.990578
-64.984322
-64.98745
-64.981201
-64.990578
-65.003075
-64.981201
-64.968697
-64.971825
-64.9562
-64.940582
-64.978073
-64.9562
-64.946823
-64.946823
-64.946823
-64.940582
-64.940582
-64.928078
-64.931206
-64.946823
-64.915581
-64.928078
-64.946823
-64.940582
-64.953072
-64.971825
-64.946823
-64.946823
-64.943703
-64.937454
-64.937454
-64.940582
-64.928078
-64.937454
-64.940582
-64.949951
-64.928078
-64.915581
-64.912453
-64.924957
-64.915581
-64.937454
-64.921829
-64.909332
-64.940582
-64.946823
-64.934326
-64.953072
-64.946823
-64.946823
-64.965576
-64.943703
-64.937454
-64.924957
-64.896828
-64.928078
-64.937454
-64.946823
-64.943703
-64.937454
-64.937454
-64.953072
-64.943703
-64.931206
-64.937454
-64.943703
-64.928078
-64.931206
-64.912453
-64.912453
-64.912453
-64.906204
-64.918701
-64.928078
-64.906204
-64.912453
-64.899956
-64.896828
-64.915581
-64.896828
-64.887451
-64.896828
-64.915581
-64.906204
-64.915581
-64.893707
-64.896828
-64.918701
-64.924957
-64.931206
-64.940582
-64.924957
-64.918701
-64.912453
-64.912453
-64.918701
-64.909332
-64.896828
-64.921829
-64.912453
-64.903076
-64.903076
-64.912453
-64.915581
-64.903076
-64.906204
-64.896828
-64.887451
-64.890579
-64.874954
-64.896828
-64.887451
-64.896828
-64.909332
-64.893707
-64.893707
-64.899956
-64.912453
-64.896828
-64.915581
-64.921829
-64.931206
-64.931206
-64.906204
-64.909332
-64.934326
-64.943703
-64.915581
-64.906204
-64.906204
-64.909332
-64.909332
-64.940582
-64.921829
-64.915581
-64.934326
-64.928078
-64.940582
-64.934326
-64.940582
-64.940582
-64.946823
-64.934326
-64.921829
-64.928078
-64.903076
-64.903076
-64.909332
-64.912453
-64.906204
-64.934326
-64.906204
-64.940582
-64.946823
-64.924957
-64.924957
-64.903076
-64.887451
-64.893707
-64.899956
-64.918701
-64.915581
-64.909332
-64.918701
-64.912453
-64.921829
-64.931206
-64.946823
-64.946823
-64.946823
-64.9562
-64.9562
-64.9562
-64.953072
-64.937454
-64.946823
-64.962448
-64.946823
-64.946823
-64.949951
-64.937454
-64.940582
-64.940582
-64.928078
-64.946823
-64.921829
-64.946823
-64.946823
-64.912453
-64.918701
-64.946823
-64.940582
-64.940582
-64.946823
-64.940582
-64.928078
-64.949951
-64.946823
-64.9562
-64.946823
-64.946823
-64.934326
-64.946823
-64.934326
-64.943703
-64.931206
-64.946823
-64.946823
-64.962448
-64.940582
-64.9562
-64.9562
-64.946823
-64.959328
-64.959328
-64.974953
-64.984322
-64.962448
-64.946823
-64.946823
-64.946823
-64.946823
-64.924957
-64.909332
-64.921829
-64.924957
-64.924957
-64.940582
-64.937454
-64.937454
-64.949951
-64.965576
-64.974953
-64.959328
-64.943703
-64.934326
-64.940582
-64.931206
-64.940582
-64.937454
-64.931206
-64.915581
-64.921829
-64.906204
-64.931206
-64.931206
-64.921829
-64.928078
-64.918701
-64.906204
-64.896828
-64.906204
-64.903076
-64.909332
-64.896828
-64.903076
-64.934326
-64.924957
-64.928078
-64.924957
-64.921829
-64.937454
-64.946823
-64.946823
-64.937454
-64.909332
-64.909332
-64.912453
-64.918701
-64.924957
-64.921829
-64.928078
-64.934326
-64.934326
-64.928078
-64.934326
-64.921829
-64.921829
-64.915581
-64.915581
-64.915581
-64.928078
-64.946823
-64.946823
-64.934326
-64.937454
-64.946823
-64.949951
-64.928078
-64.946823
-64.949951
-64.971825
-64.962448
-64.965576
-64.974953
-64.971825
-64.971825
-64.949951
-64.946823
-64.949951
-64.928078
-64.937454
-64.943703
-64.962448
-64.965576
-64.937454
-64.928078
-64.940582
-64.946823
-64.943703
-64.953072
-64.931206
-64.959328
-64.946823
-64.934326
-64.946823
-64.949951
-64.928078
-64.921829
-64.918701
-64.896828
-64.928078
-64.921829
-64.931206
-64.946823
-64.953072
-64.934326
-64.928078
-64.931206
-64.943703
-64.940582
-64.937454
-64.912453
-64.912453
-64.903076
-64.918701
-64.906204
-64.899956
-64.915581
-64.921829
-64.918701
-64.934326
-64.937454
-64.937454
-64.940582
-64.937454
-64.909332
-64.924957
-64.915581
-64.906204
-64.934326
-64.937454
-64.946823
-64.949951
-64.928078
-64.918701
-64.906204
-64.909332
-64.906204
-64.912453
-64.893707
-64.890579
-64.893707
-64.890579
-64.896828
-64.896828
-64.903076
-64.896828
-64.918701
-64.928078
-64.921829
-64.921829
-64.928078
-64.937454
-64.940582
-64.903076
-64.893707
-64.903076
-64.896828
-64.899956
-64.909332
-64.903076
-64.893707
-64.868706
-64.887451
-64.871826
-64.887451
-64.878082
-64.881203
-64.853081
-64.862457
-64.834335
-64.837456
-64.859329
-64.846832
-64.874954
-64.881203
-64.862457
-64.878082
-64.881203
-64.849953
-64.874954
-64.865578
-64.859329
-64.890579
-64.862457
-64.853081
-64.862457
-64.849953
-64.849953
-64.859329
-64.834335
-64.809334
-64.824959
-64.828087
-64.843712
-64.856201
-64.846832
-64.846832
-64.846832
-64.834335
-64.824959
-64.821831
-64.828087
-64.846832
-64.849953
-64.846832
-64.846832
-64.853081
-64.846832
-64.840584
-64.831207
-64.828087
-64.846832
-64.846832
-64.846832
-64.846832
-64.837456
-64.824959
-64.828087
-64.824959
-64.821831
-64.828087
-64.849953
-64.840584
-64.828087
-64.796837
-64.815582
-64.809334
-64.812462
-64.815582
-64.806206
-64.81871
-64.815582
-64.824959
-64.834335
-64.840584
-64.846832
-64.856201
-64.874954
-64.859329
-64.871826
-64.862457
-64.846832
-64.868706
-64.871826
-64.856201
-64.846832
-64.846832
-64.853081
-64.865578
-64.881203
-64.868706
-64.874954
-64.853081
-64.868706
-64.868706
-64.890579
-64.884331
-64.884331
-64.849953
-64.871826
-64.881203
-64.881203
-64.896828
-64.893707
-64.881203
-64.878082
-64.874954
-64.881203
-64.874954
-64.856201
-64.859329
-64.868706
-64.853081
-64.878082
-64.887451
-64.859329
-64.871826
-64.881203
-64.881203
-64.874954
-64.868706
-64.871826
-64.887451
-64.881203
-64.893707
-64.884331
-64.884331
-64.896828
-64.893707
-64.884331
-64.896828
-64.890579
-64.890579
-64.906204
-64.896828
-64.884331
-64.896828
-64.903076
-64.899956
-64.906204
-64.915581
-64.899956
-64.896828
-64.893707
-64.915581
-64.924957
-64.921829
-64.928078
-64.921829
-64.915581
-64.931206
-64.931206
-64.928078
-64.934326
-64.931206
-64.943703
-64.946823
-64.943703
-64.937454
-64.934326
-64.928078
-64.915581
-64.934326
-64.937454
-64.931206
-64.953072
-64.946823
-64.953072
-64.959328
-64.949951
-64.946823
-64.946823
-64.940582
-64.946823
-64.934326
-64.918701
-64.943703
-64.9562
-64.9562
-64.946823
-64.965576
-64.940582
-64.953072
-64.949951
-64.931206
-64.946823
-64.946823
-64.928078
-64.9562
-64.949951
-64.965576
-64.959328
-64.943703
-64.953072
-64.953072
-64.940582
-64.959328
-64.924957
-64.940582
-64.946823
-64.949951
-64.959328
-64.953072
-64.953072
-64.940582
-64.940582
-64.931206
-64.943703
-64.959328
-64.946823
-64.971825
-64.990578
-64.965576
-64.98745
-64.959328
-64.924957
-64.946823
-64.959328
-64.965576
-64.981201
-64.974953
-64.968697
-64.946823
-64.934326
-64.921829
-64.940582
-64.949951
-64.946823
-64.928078
-64.928078
-64.937454
-64.940582
-64.934326
-64.934326
-64.940582
-64.953072
-64.968697
-64.968697
-64.946823
-64.921829
-64.940582
-64.937454
-64.953072
-64.9562
-64.949951
-64.974953
-64.965576
-64.974953
-64.934326
-64.943703
-64.943703
-64.943703
-64.946823
-64.9562
-64.940582
-64.928078
-64.946823
-64.934326
-64.909332
-64.946823
-64.940582
-64.940582
-64.9562
-64.959328
-64.965576
-64.965576
-64.984322
-64.974953
-64.971825
-64.978073
-64.974953
-64.959328
-64.953072
-64.965576
-64.984322
-64.974953
-64.98745
-64.993698
-64.984322
-64.984322
-64.996826
-64.996826
-64.999947
-64.996826
-65.003075
-65.012451
-64.981201
-64.974953
-64.949951
-64.946823
-64.921829
-64.912453
-64.921829
-64.928078
-64.937454
-64.928078
-64.949951
-64.934326
-64.943703
-64.937454
-64.953072
-64.965576
-64.965576
-64.959328
-64.949951
-64.962448
-64.974953
-64.968697
-64.965576
-64.953072
-64.978073
-65.003075
-64.981201
-64.996826
-64.996826
-64.98745
-64.978073
-64.984322
-64.990578
-65.015572
-65.015572
-65.0187
-65.015572
-64.999947
-64.984322
-64.990578
-64.962448
-64.968697
-64.965576
-64.984322
-64.978073
-64.968697
-64.990578
-65.006203
-64.990578
-64.9562
-64.946823
-64.940582
-64.949951
-64.946823
-64.946823
-64.934326
-64.924957
-64.946823
-64.943703
-64.921829
-64.903076
-64.921829
-64.924957
-64.943703
-64.924957
-64.9562
-64.9562
-64.959328
-64.971825
-64.946823
-64.953072
-64.959328
-64.968697
-64.971825
-64.9562
-64.946823
-64.946823
-64.949951
-64.9562
-64.9562
-64.959328
-64.962448
-64.9562
-64.974953
-64.978073
-64.959328
-64.968697
-64.965576
-64.974953
-64.949951
-64.953072
-64.9562
-64.965576
-64.971825
-64.996826
-64.984322
-64.993698
-64.999947
-64.996826
-64.993698
-64.981201
-64.990578
-64.990578
-64.962448
-64.9562
-64.962448
-64.9562
-64.981201
-64.98745
-64.98745
-64.984322
-64.981201
-64.971825
-64.968697
-64.98745
-64.978073
-64.974953
-64.968697
-64.968697
-64.993698
-64.974953
-64.968697
-64.971825
-64.981201
-64.98745
-64.98745
-64.98745
-64.971825
-64.984322
-64.996826
-64.993698
-64.993698
-64.974953
-64.981201
-64.984322
-64.974953
-64.996826
-64.974953
-64.990578
-64.990578
-64.978073
-64.968697
-64.974953
-64.974953
-64.965576
-64.959328
-64.974953
-64.990578
-64.98745
-64.984322
-64.990578
-65.021828
-65.024948
-65.006203
-64.990578
-64.984322
-64.981201
-65.006203
-65.012451
-65.003075
-65.021828
-65.028076
-64.999947
-65.006203
-64.984322
-65.012451
-65.003075
-65.0187
-65.012451
-65.006203
-65.031197
-65.046822
-65.034325
-65.040573
-65.024948
-65.037453
-65.031197
-65.012451
-65.012451
-65.009323
-65.009323
-65.0187
-65.037453
-65.031197
-65.037453
-65.046822
-65.021828
-65.037453
-65.021828
-65.021828
-65.028076
-65.034325
-65.0187
-65.024948
-65.009323
-65.031197
-65.021828
-65.024948
-65.009323
-65.009323
-65.040573
-65.046822
-65.043701
-65.049942
-65.040573
-65.037453
-65.031197
-65.05307
-65.046822
-65.021828
-65.037453
-65.021828
-65.021828
-65.021828
-65.009323
-65.015572
-65.021828
-65.015572
-64.996826
-64.996826
-65.012451
-65.003075
-64.996826
-64.996826
-64.993698
-65.003075
-64.993698
-64.978073
-64.990578
-64.981201
-64.990578
-64.984322
-64.981201
-64.984322
-64.965576
-64.959328
-64.981201
-64.996826
-64.996826
-65.012451
-65.012451
-64.993698
-65.015572
-65.003075
-64.978073
-65.0187
-65.015572
-64.999947
-64.990578
-64.974953
-64.971825
-64.993698
-64.968697
-64.968697
-64.968697
-64.965576
-64.971825
-64.974953
-64.949951
-64.953072
-64.962448
-64.962448
-64.965576
-64.962448
-64.978073
-64.981201
-64.968697
-64.996826
-64.999947
-64.968697
-64.98745
-64.98745
-64.990578
-64.98745
-64.971825
-64.965576
-64.996826
-64.981201
-64.968697
-64.974953
-64.9562
-64.968697
-64.965576
-64.931206
-64.953072
-64.971825
-64.946823
-64.959328
-64.959328
-64.946823
-64.968697
-64.949951
-64.953072
-64.949951
-64.978073
-64.990578
-65.003075
-64.999947
-65.009323
-65.009323
-65.0187
-64.999947
-65.0187
-64.996826
-64.999947
-64.996826
-64.990578
-64.984322
-64.965576
-64.9562
-64.965576
-64.984322
-64.965576
-64.959328
-64.978073
-64.968697
-64.962448
-64.959328
-64.981201
-64.974953
-64.974953
-64.959328
-64.965576
-64.946823
-64.949951
-64.949951
-64.943703
-64.934326
-64.943703
-64.940582
-64.940582
-64.946823
-64.943703
-64.953072
-64.946823
-64.934326
-64.946823
-64.946823
-64.931206
-64.934326
-64.953072
-64.946823
-64.968697
-64.946823
-64.937454
-64.962448
-64.974953
-64.990578
-64.984322
-64.962448
-64.981201
-64.993698
-64.971825
-64.984322
-64.993698
-64.971825
-64.962448
-64.984322
-64.974953
-64.968697
-64.971825
-64.9562
-64.965576
-64.9562
-64.946823
-64.946823
-64.946823
-64.943703
-64.965576
-64.962448
-64.971825
-64.971825
-64.98745
-64.98745
-64.981201
-64.990578
-64.993698
-64.996826
-64.981201
-64.98745
-64.990578
-64.981201
-65.009323
-65.028076
-64.996826
-65.009323
-64.993698
-65.003075
-65.006203
-64.98745
-64.98745
-64.990578
-64.981201
-64.981201
-64.974953
-64.971825
-64.968697
-64.981201
-64.968697
-64.978073
-64.968697
-64.962448
-64.978073
-64.981201
-64.98745
-65.003075
-64.999947
-64.98745
-64.993698
-64.959328
-64.959328
-64.98745
-64.965576
-64.965576
-64.953072
-64.962448
-64.993698
-64.996826
-64.971825
-64.993698
-64.999947
-64.996826
-65.006203
-64.996826
-64.999947
-65.0187
-65.015572
-65.003075
-64.999947
-65.003075
-64.993698
-64.978073
-64.965576
-64.962448
-64.974953
-64.949951
-64.962448
-64.946823
-64.921829
-64.959328
-64.968697
-64.968697
-64.965576
-64.965576
-64.978073
-64.965576
-64.968697
-64.971825
-64.984322
-64.981201
-64.978073
-64.965576
-64.962448
-64.98745
-64.978073
-64.971825
-64.968697
-64.965576
-64.968697
-64.978073
-64.984322
-64.978073
-64.999947
-65.003075
-64.996826
-64.984322
-64.984322
-64.974953
-64.968697
-64.946823
-64.949951
-64.962448
-64.946823
-64.959328
-64.959328
-64.940582
-64.946823
-64.959328
-64.962448
-64.971825
-64.971825
-64.959328
-64.946823
-64.9562
-64.940582
-64.946823
-64.946823
-64.949951
-64.934326
-64.946823
-64.953072
-64.9562
-64.968697
-64.962448
-64.9562
-64.946823
-64.943703
-64.943703
-64.946823
-64.959328
-64.959328
-64.953072
-64.968697
-64.946823
-64.946823
-64.946823
-64.921829
-64.921829
-64.934326
-64.903076
-64.903076
-64.921829
-64.899956
-64.937454
-64.928078
-64.931206
-64.915581
-64.924957
-64.909332
-64.928078
-64.912453
-64.909332
-64.906204
-64.906204
-64.918701
-64.924957
-64.943703
-64.949951
-64.946823
-64.934326
-64.946823
-64.931206
-64.943703
-64.940582
-64.931206
-64.912453
-64.931206
-64.934326
-64.909332
-64.918701
-64.921829
-64.918701
-64.918701
-64.906204
-64.884331
-64.899956
-64.890579
-64.878082
-64.881203
-64.893707
-64.896828
-64.896828
-64.899956
-64.896828
-64.893707
-64.874954
-64.878082
-64.865578
-64.840584
-64.853081
-64.837456
-64.840584
-64.837456
-64.846832
-64.865578
-64.859329
-64.849953
-64.837456
-64.843712
-64.843712
-64.846832
-64.846832
-64.81871
-64.846832
-64.865578
-64.871826
-64.878082
-64.878082
-64.849953
-64.878082
-64.868706
-64.868706
-64.884331
-64.884331
-64.853081
-64.856201
-64.837456
-64.840584
-64.849953
-64.837456
-64.846832
-64.859329
-64.868706
-64.878082
-64.874954
-64.868706
-64.868706
-64.846832
-64.865578
-64.856201
-64.840584
-64.831207
-64.81871
-64.796837
-64.812462
-64.824959
-64.824959
-64.846832
-64.837456
-64.821831
-64.815582
-64.824959
-64.828087
-64.831207
-64.846832
-64.824959
-64.837456
-64.828087
-64.837456
-64.856201
-64.846832
-64.843712
-64.831207
-64.799957
-64.803085
-64.837456
-64.824959
-64.831207
-64.831207
-64.806206
-64.815582
-64.837456
-64.806206
-64.828087
-64.828087
-64.796837
-64.824959
-64.81871
-64.821831
-64.828087
-64.824959
-64.824959
-64.821831
-64.834335
-64.831207
-64.834335
-64.812462
-64.809334
-64.793709
-64.806206
-64.809334
-64.81871
-64.812462
-64.809334
-64.821831
-64.815582
-64.812462
-64.834335
-64.846832
-64.843712
-64.846832
-64.853081
-64.865578
-64.865578
-64.868706
-64.878082
-64.853081
-64.821831
-64.828087
-64.815582
-64.812462
-64.812462
-64.81871
-64.831207
-64.821831
-64.824959
-64.834335
-64.837456
-64.831207
-64.821831
-64.824959
-64.824959
-64.831207
-64.806206
-64.81871
-64.796837
-64.784332
-64.78746
-64.78746
-64.799957
-64.799957
-64.803085
-64.812462
-64.806206
-64.815582
-64.796837
-64.793709
-64.790581
-64.768707
-64.793709
-64.778084
-64.784332
-64.78746
-64.78746
-64.784332
-64.812462
-64.815582
-64.831207
-64.840584
-64.821831
-64.843712
-64.824959
-64.812462
-64.809334
-64.793709
-64.78746
-64.809334
-64.812462
-64.824959
-64.809334
-64.81871
-64.812462
-64.834335
-64.828087
-64.824959
-64.849953
-64.840584
-64.846832
-64.837456
-64.846832
-64.843712
-64.843712
-64.834335
-64.828087
-64.806206
-64.806206
-64.821831
-64.809334
-64.796837
-64.796837
-64.790581
-64.799957
-64.790581
-64.778084
-64.778084
-64.78746
-64.778084
-64.75621
-64.765587
-64.771835
-64.784332
-64.781212
-64.771835
-64.781212
-64.796837
-64.778084
-64.803085
-64.815582
-64.796837
-64.781212
-64.774956
-64.768707
-64.759331
-64.768707
-64.778084
-64.771835
-64.778084
-64.762459
-64.75621
-64.771835
-64.778084
-64.778084
-64.803085
-64.781212
-64.771835
-64.75621
-64.753082
-64.740593
-64.746834
-64.749962
-64.746834
-64.753082
-64.765587
-64.768707
-64.759331
-64.753082
-64.746834
-64.746834
-64.737465
-64.72184
-64.718712
-64.72184
-64.715591
-64.72184
-64.709343
-64.696838
-64.687462
-64.693718
-64.703087
-64.696838
-64.693718
-64.668716
-64.687462
-64.696838
-64.706215
-64.699966
-64.687462
-64.696838
-64.712463
-64.718712
-64.715591
-64.712463
-64.706215
-64.684341
-64.696838
-64.693718
-64.687462
-64.72184
-64.703087
-64.696838
-64.687462
-64.696838
-64.699966
-64.699966
-64.709343
-64.715591
-64.703087
-64.712463
-64.72184
-64.699966
-64.706215
-64.706215
-64.706215
-64.709343
-64.712463
-64.703087
-64.699966
-64.696838
-64.69059
-64.693718
-64.684341
-64.671837
-64.671837
-64.684341
-64.684341
-64.687462
-64.681213
-64.671837
-64.678093
-64.674965
-64.684341
-64.687462
-64.703087
-64.696838
-64.709343
-64.671837
-64.681213
-64.696838
-64.681213
-64.684341
-64.699966
-64.718712
-64.706215
-64.709343
-64.715591
-64.715591
-64.712463
-64.706215
-64.734337
-64.718712
-64.728088
-64.746834
-64.743713
-64.728088
-64.728088
-64.743713
-64.746834
-64.746834
-64.731216
-64.737465
-64.699966
-64.678093
-64.69059
-64.687462
-64.696838
-64.693718
-64.69059
-64.696838
-64.696838
-64.684341
-64.715591
-64.703087
-64.712463
-64.718712
-64.703087
-64.696838
-64.696838
-64.696838
-64.678093
-64.696838
-64.718712
-64.718712
-64.715591
-64.715591
-64.696838
-64.724968
-64.699966
-64.69059
-64.69059
-64.696838
-64.69059
-64.712463
-64.712463
-64.696838
-64.699966
-64.709343
-64.724968
-64.728088
-64.712463
-64.715591
-64.696838
-64.712463
-64.693718
-64.674965
-64.684341
-64.706215
-64.715591
-64.687462
-64.678093
-64.687462
-64.693718
-64.699966
-64.69059
-64.69059
-64.678093
-64.656212
-64.668716
-64.665588
-64.681213
-64.668716
-64.665588
-64.656212
-64.684341
-64.665588
-64.65934
-64.65934
-64.646843
-64.65934
-64.646843
-64.646843
-64.643723
-64.65934
-64.646843
-64.662468
-64.671837
-64.649963
-64.65934
-64.653091
-64.646843
-64.646843
-64.674965
-64.668716
-64.662468
-64.671837
-64.665588
-64.665588
-64.656212
-64.693718
-64.687462
-64.671837
-64.671837
-64.678093
-64.681213
-64.696838
-64.684341
-64.69059
-64.696838
-64.699966
-64.696838
-64.706215
-64.715591
-64.693718
-64.684341
-64.674965
-64.687462
-64.696838
-64.703087
-64.693718
-64.715591
-64.696838
-64.706215
-64.734337
-64.728088
-64.749962
-64.737465
-64.712463
-64.728088
-64.709343
-64.703087
-64.715591
-64.693718
-64.678093
-64.693718
-64.687462
-64.703087
-64.696838
-64.696838
-64.696838
-64.684341
-64.709343
-64.709343
-64.724968
-64.718712
-64.724968
-64.724968
-64.699966
-64.712463
-64.715591
-64.706215
-64.693718
-64.706215
-64.69059
-64.684341
-64.696838
-64.684341
-64.703087
-64.706215
-64.696838
-64.718712
-64.696838
-64.693718
-64.706215
-64.696838
-64.703087
-64.731216
-64.728088
-64.724968
-64.734337
-64.728088
-64.734337
-64.743713
-64.72184
-64.728088
-64.737465
-64.734337
-64.740593
-64.712463
-64.709343
-64.728088
-64.696838
-64.728088
-64.706215
-64.696838
-64.69059
-64.693718
-64.687462
-64.696838
-64.696838
-64.706215
-64.718712
-64.718712
-64.734337
-64.734337
-64.734337
-64.712463
-64.709343
-64.696838
-64.678093
-64.696838
-64.69059
-64.706215
-64.696838
-64.696838
-64.699966
-64.709343
-64.681213
-64.69059
-64.678093
-64.649963
-64.65934
-64.646843
-64.646843
-64.653091
-64.649963
-64.649963
-64.656212
-64.656212
-64.649963
-64.668716
-64.662468
-64.668716
-64.674965
-64.681213
-64.693718
-64.674965
-64.665588
-64.668716
-64.662468
-64.674965
-64.668716
-64.678093
-64.65934
-64.665588
-64.678093
-64.646843
-64.665588
-64.65934
-64.674965
-64.65934
-64.65934
-64.662468
-64.656212
-64.653091
-64.662468
-64.656212
-64.643723
-64.65934
-64.678093
-64.668716
-64.653091
-64.649963
-64.646843
-64.656212
-64.646843
-64.634346
-64.646843
-64.640594
-64.643723
-64.665588
-64.665588
-64.678093
-64.696838
-64.684341
-64.696838
-64.706215
-64.687462
-64.693718
-64.696838
-64.684341
-64.665588
-64.684341
-64.668716
-64.696838
-64.671837
-64.665588
-64.671837
-64.684341
-64.662468
-64.668716
-64.693718
-64.69059
-64.696838
-64.696838
-64.693718
-64.668716
-64.693718
-64.703087
-64.696838
-64.703087
-64.72184
-64.724968
-64.715591
-64.718712
-64.712463
-64.706215
-64.718712
-64.706215
-64.699966
-64.715591
-64.724968
-64.724968
-64.743713
-64.740593
-64.746834
-64.740593
-64.746834
-64.734337
-64.746834
-64.734337
-64.740593
-64.759331
-64.746834
-64.743713
-64.728088
-64.712463
-64.72184
-64.724968
-64.724968
-64.72184
-64.728088
-64.728088
-64.746834
-64.743713
-64.746834
-64.75621
-64.749962
-64.778084
-64.749962
-64.746834
-64.759331
-64.75621
-64.768707
-64.765587
-64.746834
-64.768707
-64.774956
-64.762459
-64.768707
-64.771835
-64.746834
-64.746834
-64.740593
-64.746834
-64.75621
-64.759331
-64.762459
-64.778084
-64.784332
-64.781212
-64.812462
-64.799957
-64.806206
-64.806206
-64.799957
-64.803085
-64.809334
-64.815582
-64.799957
-64.803085
-64.796837
-64.793709
-64.803085
-64.809334
-64.809334
-64.809334
-64.821831
-64.815582
-64.840584
-64.815582
-64.803085
-64.793709
-64.796837
-64.796837
-64.824959
-64.846832
-64.837456
-64.821831
-64.834335
-64.846832
-64.853081
-64.846832
-64.865578
-64.846832
-64.856201
-64.856201
-64.837456
-64.840584
-64.824959
-64.803085
-64.821831
-64.824959
-64.837456
-64.837456
-64.846832
-64.846832
-64.846832
-64.846832
-64.834335
-64.834335
-64.824959
-64.846832
-64.853081
-64.828087
-64.849953
-64.853081
-64.849953
-64.856201
-64.868706
-64.853081
-64.859329
-64.859329
-64.859329
-64.859329
-64.859329
-64.865578
-64.859329
-64.853081
-64.846832
-64.846832
-64.837456
-64.806206
-64.828087
-64.824959
-64.824959
-64.846832
-64.837456
-64.846832
-64.834335
-64.837456
-64.846832
-64.859329
-64.853081
-64.846832
-64.859329
-64.859329
-64.874954
-64.859329
-64.862457
-64.884331
-64.874954
-64.862457
-64.862457
-64.865578
-64.859329
-64.856201
-64.849953
-64.874954
-64.865578
-64.846832
-64.859329
-64.871826
-64.846832
-64.862457
-64.865578
-64.856201
-64.871826
-64.887451
-64.871826
-64.896828
-64.903076
-64.890579
-64.899956
-64.874954
-64.896828
-64.862457
-64.846832
-64.856201
-64.862457
-64.831207
-64.837456
-64.837456
-64.821831
-64.831207
-64.824959
-64.837456
-64.834335
-64.843712
-64.856201
-64.859329
-64.849953
-64.828087
-64.837456
-64.821831
-64.846832
-64.846832
-64.849953
-64.871826
-64.868706
-64.865578
-64.853081
-64.828087
-64.834335
-64.809334
-64.821831
-64.793709
-64.803085
-64.793709
-64.793709
-64.796837
-64.790581
-64.759331
-64.774956
-64.790581
-64.796837
-64.796837
-64.796837
-64.793709
-64.799957
-64.784332
-64.759331
-64.762459
-64.749962
-64.771835
-64.774956
-64.793709
-64.803085
-64.809334
-64.796837
-64.784332
-64.778084
-64.774956
-64.781212
-64.781212
-64.768707
-64.799957
-64.796837
-64.803085
-64.799957
-64.778084
-64.790581
-64.771835
-64.778084
-64.784332
-64.774956
-64.778084
-64.778084
-64.790581
-64.781212
-64.796837
-64.793709
-64.790581
-64.803085
-64.774956
-64.771835
-64.790581
-64.78746
-64.803085
-64.821831
-64.796837
-64.790581
-64.806206
-64.784332
-64.799957
-64.799957
-64.831207
-64.821831
-64.803085
-64.828087
-64.837456
-64.834335
-64.837456
-64.843712
-64.831207
-64.831207
-64.831207
-64.837456
-64.846832
-64.840584
-64.824959
-64.846832
-64.853081
-64.840584
-64.843712
-64.840584
-64.859329
-64.868706
-64.843712
-64.846832
-64.865578
-64.856201
-64.856201
-64.846832
-64.840584
-64.821831
-64.81871
-64.834335
-64.846832
-64.846832
-64.824959
-64.834335
-64.81871
-64.803085
-64.824959
-64.81871
-64.824959
-64.831207
-64.812462
-64.81871
-64.837456
-64.834335
-64.81871
-64.834335
-64.821831
-64.793709
-64.793709
-64.812462
-64.803085
-64.81871
-64.821831
-64.821831
-64.831207
-64.843712
-64.843712
-64.831207
-64.849953
-64.853081
-64.846832
-64.896828
-64.893707
-64.893707
-64.871826
-64.909332
-64.890579
-64.865578
-64.878082
-64.868706
-64.878082
-64.874954
-64.881203
-64.884331
-64.887451
-64.871826
-64.862457
-64.862457
-64.846832
-64.846832
-64.853081
-64.840584
-64.840584
-64.828087
-64.821831
-64.824959
-64.799957
-64.799957
-64.828087
-64.809334
-64.821831
-64.824959
-64.828087
-64.837456
-64.803085
-64.812462
-64.81871
-64.824959
-64.81871
-64.846832
-64.843712
-64.840584
-64.831207
-64.821831
-64.828087
-64.812462
-64.828087
-64.81871
-64.828087
-64.837456
-64.809334
-64.828087
-64.824959
-64.806206
-64.812462
-64.796837
-64.796837
-64.796837
-64.793709
-64.821831
-64.803085
-64.812462
-64.815582
-64.806206
-64.796837
-64.803085
-64.793709
-64.793709
-64.806206
-64.815582
-64.806206
-64.824959
-64.824959
-64.856201
-64.81871
-64.834335
-64.846832
-64.837456
-64.853081
-64.862457
-64.821831
-64.812462
-64.81871
-64.840584
-64.846832
-64.859329
-64.840584
-64.846832
-64.846832
-64.840584
-64.846832
-64.846832
-64.843712
-64.846832
-64.849953
-64.846832
-64.849953
-64.853081
-64.846832
-64.849953
-64.840584
-64.843712
-64.846832
-64.840584
-64.828087
-64.821831
-64.81871
-64.834335
-64.81871
-64.806206
-64.812462
-64.824959
-64.815582
-64.81871
-64.821831
-64.799957
-64.809334
-64.796837
-64.806206
-64.803085
-64.78746
-64.774956
-64.799957
-64.78746
-64.796837
-64.793709
-64.778084
-64.781212
-64.768707
-64.778084
-64.784332
-64.771835
-64.784332
-64.771835
-64.762459
-64.762459
-64.765587
-64.771835
-64.778084
-64.784332
-64.771835
-64.784332
-64.790581
-64.78746
-64.803085
-64.793709
-64.796837
-64.812462
-64.796837
-64.793709
-64.796837
-64.834335
-64.840584
-64.828087
-64.821831
-64.815582
-64.821831
-64.81871
-64.796837
-64.812462
-64.809334
-64.81871
-64.824959
-64.81871
-64.81871
-64.843712
-64.809334
-64.806206
-64.796837
-64.790581
-64.796837
-64.809334
-64.812462
-64.828087
-64.806206
-64.78746
-64.771835
-64.790581
-64.806206
-64.824959
-64.821831
-64.824959
-64.840584
-64.81871
-64.824959
-64.81871
-64.81871
-64.846832
-64.846832
-64.846832
-64.846832
-64.856201
-64.837456
-64.843712
-64.840584
-64.840584
-64.843712
-64.840584
-64.846832
-64.831207
-64.834335
-64.834335
-64.849953
-64.809334
-64.821831
-64.843712
-64.828087
-64.831207
-64.821831
-64.812462
-64.809334
-64.803085
-64.809334
-64.812462
-64.799957
-64.809334
-64.81871
-64.824959
-64.828087
-64.815582
-64.821831
-64.809334
-64.846832
-64.849953
-64.856201
-64.837456
-64.828087
-64.828087
-64.828087
-64.821831
-64.815582
-64.843712
-64.840584
-64.840584
-64.831207
-64.824959
-64.809334
-64.812462
-64.821831
-64.81871
-64.806206
-64.803085
-64.828087
-64.831207
-64.81871
-64.859329
-64.849953
-64.856201
-64.846832
-64.849953
-64.849953
-64.849953
-64.824959
-64.815582
-64.81871
-64.812462
-64.815582
-64.799957
-64.806206
-64.809334
-64.78746
-64.806206
-64.81871
-64.821831
-64.821831
-64.846832
-64.840584
-64.846832
-64.831207
-64.828087
-64.828087
-64.846832
-64.853081
-64.840584
-64.840584
-64.831207
-64.859329
-64.837456
-64.828087
-64.846832
-64.856201
-64.846832
-64.859329
-64.874954
-64.862457
-64.871826
-64.862457
-64.865578
-64.853081
-64.846832
-64.846832
-64.843712
-64.849953
-64.859329
-64.871826
-64.853081
-64.862457
-64.846832
-64.846832
-64.865578
-64.856201
-64.856201
-64.874954
-64.859329
-64.853081
-64.856201
-64.846832
-64.837456
-64.862457
-64.846832
-64.868706
-64.853081
-64.846832
-64.865578
-64.859329
-64.834335
-64.834335
-64.81871
-64.806206
-64.799957
-64.803085
-64.796837
-64.809334
-64.81871
-64.812462
-64.812462
-64.821831
-64.840584
-64.846832
-64.840584
-64.856201
-64.853081
-64.846832
-64.856201
-64.868706
-64.846832
-64.843712
-64.856201
-64.868706
-64.859329
-64.853081
-64.840584
-64.846832
-64.828087
-64.868706
-64.878082
-64.871826
-64.862457
-64.874954
-64.862457
-64.881203
-64.868706
-64.846832
-64.862457
-64.865578
-64.846832
-64.884331
-64.890579
-64.868706
-64.890579
-64.868706
-64.871826
-64.862457
-64.871826
-64.856201
-64.862457
-64.849953
-64.849953
-64.856201
-64.846832
-64.862457
-64.849953
-64.843712
-64.853081
-64.849953
-64.862457
-64.862457
-64.859329
-64.881203
-64.890579
-64.878082
-64.865578
-64.896828
-64.884331
-64.903076
-64.899956
-64.906204
-64.881203
-64.893707
-64.881203
-64.890579
-64.890579
-64.871826
-64.859329
-64.884331
-64.884331
-64.878082
-64.878082
-64.881203
-64.856201
-64.853081
-64.849953
-64.853081
-64.853081
-64.856201
-64.896828
-64.893707
-64.893707
-64.899956
-64.878082
-64.884331
-64.856201
-64.846832
-64.856201
-64.853081
-64.846832
-64.840584
-64.796837
-64.809334
-64.815582
-64.821831
-64.815582
-64.834335
-64.821831
-64.831207
-64.809334
-64.81871
-64.809334
-64.821831
-64.815582
-64.840584
-64.853081
-64.834335
-64.824959
-64.824959
-64.821831
-64.815582
-64.831207
-64.846832
-64.849953
-64.856201
-64.846832
-64.843712
-64.849953
-64.840584
-64.859329
-64.846832
-64.849953
-64.865578
-64.859329
-64.865578
-64.846832
-64.834335
-64.853081
-64.868706
-64.853081
-64.849953
-64.837456
-64.831207
-64.834335
-64.853081
-64.840584
-64.828087
-64.821831
-64.828087
-64.843712
-64.846832
-64.821831
-64.843712
-64.837456
-64.849953
-64.862457
-64.840584
-64.837456
-64.843712
-64.834335
-64.846832
-64.846832
-64.846832
-64.871826
-64.868706
-64.865578
-64.878082
-64.868706
-64.846832
-64.849953
-64.846832
-64.837456
-64.837456
-64.837456
-64.837456
-64.837456
-64.812462
-64.81871
-64.815582
-64.824959
-64.846832
-64.846832
-64.840584
-64.840584
-64.834335
-64.815582
-64.821831
-64.831207
-64.821831
-64.837456
-64.821831
-64.812462
-64.821831
-64.796837
-64.790581
-64.778084
-64.778084
-64.78746
-64.796837
-64.812462
-64.809334
-64.831207
-64.828087
-64.831207
-64.843712
-64.846832
-64.843712
-64.846832
-64.846832
-64.840584
-64.834335
-64.824959
-64.828087
-64.821831
-64.809334
-64.824959
-64.834335
-64.796837
-64.793709
-64.796837
-64.784332
-64.793709
-64.799957
-64.828087
-64.831207
-64.849953
-64.843712
-64.840584
-64.849953
-64.837456
-64.834335
-64.834335
-64.831207
-64.834335
-64.846832
-64.821831
-64.831207
-64.821831
-64.831207
-64.815582
-64.856201
-64.846832
-64.828087
-64.828087
-64.834335
-64.821831
-64.846832
-64.837456
-64.846832
-64.846832
-64.831207
-64.840584
-64.840584
-64.837456
-64.828087
-64.821831
-64.809334
-64.793709
-64.796837
-64.793709
-64.796837
-64.796837
-64.803085
-64.796837
-64.78746
-64.771835
-64.784332
-64.790581
-64.78746
-64.803085
-64.781212
-64.796837
-64.812462
-64.796837
-64.799957
-64.799957
-64.796837
-64.803085
-64.784332
-64.784332
-64.799957
-64.796837
-64.771835
-64.781212
-64.781212
-64.778084
-64.759331
-64.753082
-64.759331
-64.778084
-64.746834
-64.765587
-64.765587
-64.765587
-64.768707
-64.765587
-64.753082
-64.753082
-64.759331
-64.75621
-64.762459
-64.753082
-64.746834
-64.759331
-64.75621
-64.771835
-64.781212
-64.78746
-64.784332
-64.781212
-64.768707
-64.753082
-64.781212
-64.790581
-64.778084
-64.778084
-64.771835
-64.765587
-64.796837
-64.784332
-64.781212
-64.796837
-64.784332
-64.774956
-64.768707
-64.759331
-64.781212
-64.774956
-64.768707
-64.781212
-64.774956
-64.762459
-64.740593
-64.746834
-64.746834
-64.737465
-64.746834
-64.746834
-64.746834
-64.740593
-64.734337
-64.746834
-64.746834
-64.765587
-64.762459
-64.759331
-64.753082
-64.796837
-64.784332
-64.784332
-64.784332
-64.812462
-64.821831
-64.806206
-64.81871
-64.81871
-64.809334
-64.812462
-64.831207
-64.815582
-64.799957
-64.796837
-64.796837
-64.812462
-64.821831
-64.796837
-64.834335
-64.821831
-64.793709
-64.799957
-64.796837
-64.799957
-64.806206
-64.806206
-64.809334
-64.815582
-64.815582
-64.809334
-64.834335
-64.828087
-64.831207
-64.837456
-64.809334
-64.796837
-64.796837
-64.781212
-64.790581
-64.793709
-64.803085
-64.806206
-64.828087
-64.843712
-64.849953
-64.846832
-64.821831
-64.837456
-64.821831
-64.806206
-64.806206
-64.796837
-64.815582
-64.796837
-64.799957
-64.812462
-64.828087
-64.812462
-64.81871
-64.828087
-64.790581
-64.806206
-64.793709
-64.806206
-64.824959
-64.837456
-64.828087
-64.809334
-64.784332
-64.790581
-64.796837
-64.78746
-64.778084
-64.778084
-64.803085
-64.793709
-64.793709
-64.796837
-64.803085
-64.806206
-64.821831
-64.828087
-64.806206
-64.806206
-64.824959
-64.821831
-64.831207
-64.840584
-64.834335
-64.840584
-64.834335
-64.815582
-64.828087
-64.837456
-64.837456
-64.828087
-64.828087
-64.803085
-64.806206
-64.828087
-64.821831
-64.840584
-64.821831
-64.831207
-64.840584
-64.828087
-64.834335
-64.831207
-64.81871
-64.812462
-64.837456
-64.831207
-64.831207
-64.806206
-64.803085
-64.812462
-64.806206
-64.809334
-64.806206
-64.784332
-64.784332
-64.78746
-64.774956
-64.762459
-64.762459
-64.768707
-64.774956
-64.784332
-64.768707
-64.78746
-64.799957
-64.771835
-64.790581
-64.778084
-64.778084
-64.78746
-64.799957
-64.828087
-64.831207
-64.834335
-64.834335
-64.834335
-64.840584
-64.846832
-64.834335
-64.821831
-64.81871
-64.834335
-64.806206
-64.821831
-64.831207
-64.828087
-64.834335
-64.837456
-64.837456
-64.849953
-64.837456
-64.837456
-64.846832
-64.846832
-64.837456
-64.834335
-64.81871
-64.815582
-64.821831
-64.803085
-64.793709
-64.821831
-64.815582
-64.831207
-64.81871
-64.840584
-64.812462
-64.809334
-64.81871
-64.828087
-64.81871
-64.815582
-64.828087
-64.812462
-64.815582
-64.831207
-64.840584
-64.821831
-64.840584
-64.812462
-64.812462
-64.803085
-64.784332
-64.78746
-64.784332
-64.771835
-64.784332
-64.796837
-64.796837
-64.796837
-64.803085
-64.778084
-64.790581
-64.781212
-64.793709
-64.793709
-64.784332
-64.771835
-64.796837
-64.768707
-64.781212
-64.796837
-64.784332
-64.796837
-64.796837
-64.809334
-64.803085
-64.828087
-64.834335
-64.821831
-64.81871
-64.809334
-64.793709
-64.803085
-64.781212
-64.781212
-64.781212
-64.78746
-64.796837
-64.778084
-64.765587
-64.784332
-64.771835
-64.774956
-64.749962
-64.75621
-64.765587
-64.778084
-64.765587
-64.781212
-64.784332
-64.765587
-64.771835
-64.806206
-64.78746
-64.803085
-64.812462
-64.796837
-64.809334
-64.824959
-64.81871
-64.81871
-64.790581
-64.793709
-64.790581
-64.790581
-64.781212
-64.796837
-64.778084
-64.790581
-64.790581
-64.799957
-64.799957
-64.781212
-64.771835
-64.759331
-64.753082
-64.778084
-64.78746
-64.781212
-64.778084
-64.771835
-64.753082
-64.765587
-64.759331
-64.759331
-64.762459
-64.759331
-64.768707
-64.759331
-64.778084
-64.774956
-64.796837
-64.784332
-64.799957
-64.784332
-64.771835
-64.781212
-64.799957
-64.778084
-64.765587
-64.759331
-64.759331
-64.771835
-64.784332
-64.790581
-64.796837
-64.809334
-64.815582
-64.815582
-64.809334
-64.809334
-64.840584
-64.828087
-64.821831
-64.81871
-64.809334
-64.809334
-64.809334
-64.840584
-64.846832
-64.846832
-64.846832
-64.843712
-64.837456
-64.815582
-64.815582
-64.812462
-64.793709
-64.815582
-64.806206
-64.815582
-64.815582
-64.796837
-64.828087
-64.809334
-64.803085
-64.821831
-64.81871
-64.793709
-64.799957
-64.796837
-64.771835
-64.781212
-64.799957
-64.799957
-64.799957
-64.806206
-64.815582
-64.803085
-64.799957
-64.803085
-64.821831
-64.796837
-64.806206
-64.806206
-64.781212
-64.796837
-64.803085
-64.781212
-64.812462
-64.806206
-64.81871
-64.821831
-64.840584
-64.821831
-64.837456
-64.849953
-64.846832
-64.843712
-64.831207
-64.828087
-64.840584
-64.815582
-64.812462
-64.812462
-64.821831
-64.812462
-64.828087
-64.840584
-64.834335
-64.840584
-64.81871
-64.796837
-64.81871
-64.809334
-64.78746
-64.784332
-64.784332
-64.78746
-64.803085
-64.806206
-64.812462
-64.821831
-64.840584
-64.834335
-64.837456
-64.828087
-64.837456
-64.821831
-64.834335
-64.846832
-64.837456
-64.846832
-64.831207
-64.831207
-64.834335
-64.837456
-64.831207
-64.859329
-64.853081
-64.846832
-64.856201
-64.834335
-64.828087
-64.831207
-64.828087
-64.831207
-64.834335
-64.821831
-64.81871
-64.837456
-64.81871
-64.828087
-64.837456
-64.812462
-64.843712
-64.856201
-64.840584
-64.837456
-64.843712
-64.846832
-64.846832
-64.853081
-64.846832
-64.849953
-64.868706
-64.856201
-64.865578
-64.853081
-64.856201
-64.846832
-64.843712
-64.862457
-64.871826
-64.856201
-64.868706
-64.862457
-64.856201
-64.859329
-64.868706
-64.856201
-64.859329
-64.846832
-64.846832
-64.846832
-64.843712
-64.846832
-64.834335
-64.849953
-64.840584
-64.843712
-64.837456
-64.846832
-64.843712
-64.846832
-64.846832
-64.840584
-64.821831
-64.809334
-64.81871
-64.815582
-64.843712
-64.821831
-64.834335
-64.831207
-64.815582
-64.809334
-64.828087
-64.828087
-64.837456
-64.846832
-64.846832
-64.81871
-64.828087
-64.81871
-64.849953
-64.871826
-64.859329
-64.846832
-64.840584
-64.812462
-64.81871
-64.809334
-64.796837
-64.809334
-64.790581
-64.793709
-64.771835
-64.771835
-64.771835
-64.781212
-64.749962
-64.771835
-64.771835
-64.765587
-64.774956
-64.774956
-64.784332
-64.778084
-64.784332
-64.796837
-64.806206
-64.812462
-64.812462
-64.831207
-64.831207
-64.815582
-64.831207
-64.824959
-64.821831
-64.812462
-64.815582
-64.812462
-64.824959
-64.806206
-64.81871
-64.821831
-64.831207
-64.846832
-64.834335
-64.837456
-64.840584
-64.81871
-64.796837
-64.81871
-64.809334
-64.834335
-64.834335
-64.843712
-64.821831
-64.824959
-64.803085
-64.803085
-64.828087
-64.843712
-64.837456
-64.815582
-64.796837
-64.799957
-64.796837
-64.796837
-64.803085
-64.803085
-64.799957
-64.803085
-64.796837
-64.803085
-64.803085
-64.78746
-64.812462
-64.821831
-64.806206
-64.824959
-64.824959
-64.803085
-64.812462
-64.803085
-64.803085
-64.806206
-64.803085
-64.812462
-64.815582
-64.799957
-64.790581
-64.781212
-64.784332
-64.831207
-64.821831
-64.821831
-64.806206
-64.821831
-64.821831
-64.81871
-64.796837
-64.765587
-64.759331
-64.765587
-64.762459
-64.793709
-64.796837
-64.771835
-64.799957
-64.799957
-64.803085
-64.81871
-64.812462
-64.809334
-64.799957
-64.796837
-64.790581
-64.803085
-64.768707
-64.778084
-64.778084
-64.784332
-64.771835
-64.749962
-64.753082
-64.774956
-64.781212
-64.803085
-64.812462
-64.815582
-64.809334
-64.799957
-64.796837
-64.806206
-64.834335
-64.828087
-64.812462
-64.824959
-64.815582
-64.831207
-64.849953
-64.846832
-64.828087
-64.81871
-64.796837
-64.778084
-64.781212
-64.75621
-64.771835
-64.784332
-64.790581
-64.815582
-64.790581
-64.812462
-64.796837
-64.815582
-64.821831
-64.812462
-64.837456
-64.815582
-64.834335
-64.837456
-64.846832
-64.846832
-64.834335
-64.856201
-64.843712
-64.831207
-64.815582
-64.81871
-64.815582
-64.834335
-64.803085
-64.806206
-64.803085
-64.81871
-64.809334
-64.815582
-64.806206
-64.824959
-64.799957
-64.790581
-64.793709
-64.809334
-64.796837
-64.796837
-64.778084
-64.796837
-64.806206
-64.831207
-64.831207
-64.812462
-64.815582
-64.809334
-64.806206
-64.812462
-64.790581
-64.815582
-64.815582
-64.812462
-64.81871
-64.793709
-64.81871
-64.828087
-64.834335
-64.846832
-64.846832
-64.821831
-64.824959
-64.799957
-64.796837
-64.812462
-64.806206
-64.799957
-64.821831
-64.828087
-64.837456
-64.840584
-64.834335
-64.840584
-64.828087
-64.799957
-64.815582
-64.824959
-64.809334
-64.81871
-64.834335
-64.843712
-64.81871
-64.834335
-64.81871
-64.843712
-64.828087
-64.824959
-64.840584
-64.831207
-64.828087
-64.837456
-64.790581
-64.796837
-64.821831
-64.803085
-64.812462
-64.815582
-64.81871
-64.803085
-64.815582
-64.831207
-64.846832
-64.846832
-64.856201
-64.859329
-64.856201
-64.849953
-64.856201
-64.859329
-64.849953
-64.862457
-64.846832
-64.846832
-64.840584
-64.828087
-64.843712
-64.859329
-64.859329
-64.865578
-64.893707
-64.865578
-64.878082
-64.871826
-64.871826
-64.887451
-64.896828
-64.874954
-64.884331
-64.856201
-64.865578
-64.871826
-64.881203
-64.884331
-64.906204
-64.868706
-64.878082
-64.878082
-64.884331
-64.878082
-64.874954
-64.878082
-64.884331
-64.868706
-64.868706
-64.878082
-64.881203
-64.890579
-64.899956
-64.896828
-64.884331
-64.896828
-64.871826
-64.874954
-64.859329
-64.853081
-64.853081
-64.859329
-64.849953
-64.853081
-64.859329
-64.859329
-64.846832
-64.846832
-64.846832
-64.878082
-64.884331
-64.874954
-64.849953
-64.878082
-64.862457
-64.871826
-64.853081
-64.874954
-64.859329
-64.856201
-64.853081
-64.862457
-64.871826
-64.862457
-64.890579
-64.884331
-64.896828
-64.884331
-64.887451
-64.893707
-64.868706
-64.859329
-64.859329
-64.853081
-64.871826
-64.856201
-64.846832
-64.831207
-64.821831
-64.81871
-64.821831
-64.837456
-64.828087
-64.853081
-64.843712
-64.840584
-64.840584
-64.837456
-64.812462
-64.803085
-64.81871
-64.834335
-64.821831
-64.828087
-64.834335
-64.846832
-64.81871
-64.81871
-64.843712
-64.846832
-64.837456
-64.853081
-64.849953
-64.843712
-64.806206
-64.815582
-64.803085
-64.812462
-64.821831
-64.812462
-64.824959
-64.81871
-64.81871
-64.815582
-64.831207
-64.831207
-64.824959
-64.831207
-64.843712
-64.834335
-64.831207
-64.837456
-64.828087
-64.837456
-64.831207
-64.834335
-64.821831
-64.831207
-64.81871
-64.834335
-64.821831
-64.821831
-64.831207
-64.834335
-64.837456
-64.840584
-64.831207
-64.846832
-64.828087
-64.821831
-64.812462
-64.821831
-64.796837
-64.812462
-64.809334
-64.812462
-64.796837
-64.809334
-64.796837
-64.806206
-64.781212
-64.81871
-64.803085
-64.806206
-64.796837
-64.796837
-64.799957
-64.809334
-64.815582
-64.809334
-64.843712
-64.834335
-64.843712
-64.843712
-64.837456
-64.828087
-64.81871
-64.846832
-64.837456
-64.846832
-64.837456
-64.856201
-64.865578
-64.837456
-64.846832
-64.856201
-64.843712
-64.834335
-64.831207
-64.821831
-64.846832
-64.849953
-64.840584
-64.843712
-64.846832
-64.846832
-64.821831
-64.837456
-64.815582
-64.81871
-64.821831
-64.81871
-64.812462
-64.812462
-64.806206
-64.803085
-64.815582
-64.828087
-64.828087
-64.834335
-64.799957
-64.799957
-64.806206
-64.799957
-64.803085
-64.784332
-64.806206
-64.796837
-64.809334
-64.812462
-64.806206
-64.821831
-64.806206
-64.793709
-64.784332
-64.78746
-64.784332
-64.790581
-64.809334
-64.796837
-64.803085
-64.784332
-64.784332
-64.796837
-64.781212
-64.803085
-64.803085
-64.796837
-64.78746
-64.796837
-64.806206
-64.790581
-64.806206
-64.781212
-64.803085
-64.803085
-64.799957
-64.809334
-64.815582
-64.828087
-64.81871
-64.809334
-64.806206
-64.799957
-64.803085
-64.815582
-64.809334
-64.809334
-64.812462
-64.828087
-64.831207
-64.806206
-64.812462
-64.815582
-64.828087
-64.834335
-64.824959
-64.812462
-64.840584
-64.821831
-64.824959
-64.815582
-64.821831
-64.821831
-64.840584
-64.843712
-64.846832
-64.821831
-64.837456
-64.831207
-64.831207
-64.834335
-64.843712
-64.824959
-64.815582
-64.821831
-64.793709
-64.806206
-64.793709
-64.781212
-64.78746
-64.781212
-64.78746
-64.78746
-64.806206
-64.809334
-64.821831
-64.809334
-64.806206
-64.809334
-64.812462
-64.784332
-64.803085
-64.799957
-64.812462
-64.81871
-64.784332
-64.771835
-64.796837
-64.784332
-64.78746
-64.784332
-64.784332
-64.784332
-64.78746
-64.781212
-64.774956
-64.765587
-64.768707
-64.799957
-64.796837
-64.793709
-64.799957
-64.815582
-64.824959
-64.865578
-64.831207
-64.828087
-64.828087
-64.824959
-64.831207
-64.834335
-64.834335
-64.840584
-64.837456
-64.834335
-64.853081
-64.843712
-64.837456
-64.881203
-64.853081
-64.846832
-64.846832
-64.837456
-64.824959
-64.837456
-64.815582
-64.806206
-64.803085
-64.796837
-64.796837
-64.799957
-64.796837
-64.803085
-64.803085
-64.793709
-64.809334
-64.803085
-64.796837
-64.784332
-64.781212
-64.796837
-64.837456
-64.815582
-64.828087
-64.834335
-64.824959
-64.834335
-64.815582
-64.809334
-64.809334
-64.834335
-64.849953
-64.865578
-64.868706
-64.856201
-64.862457
-64.853081
-64.871826
-64.878082
-64.862457
-64.874954
-64.903076
-64.887451
-64.890579
-64.903076
-64.896828
-64.899956
-64.924957
-64.912453
-64.915581
-64.896828
-64.906204
-64.896828
-64.893707
-64.884331
-64.874954
-64.878082
-64.878082
-64.868706
-64.887451
-64.893707
-64.896828
-64.896828
-64.884331
-64.921829
-64.881203
-64.896828
-64.896828
-64.871826
-64.887451
-64.884331
-64.878082
-64.893707
-64.893707
-64.890579
-64.896828
-64.896828
-64.899956
-64.896828
-64.887451
-64.918701
-64.915581
-64.921829
-64.915581
-64.940582
-64.928078
-64.928078
-64.909332
-64.893707
-64.890579
-64.896828
-64.884331
-64.893707
-64.899956
-64.906204
-64.912453
-64.915581
-64.924957
-64.934326
-64.934326
-64.937454
-64.934326
-64.915581
-64.915581
-64.940582
-64.918701
-64.931206
-64.928078
-64.918701
-64.918701
-64.918701
-64.915581
-64.928078
-64.915581
-64.896828
-64.887451
-64.896828
-64.884331
-64.893707
-64.890579
-64.884331
-64.896828
-64.890579
-64.896828
-64.896828
-64.887451
-64.874954
-64.878082
-64.884331
-64.899956
-64.906204
-64.924957
-64.931206
-64.915581
-64.896828
-64.896828
-64.896828
-64.874954
-64.887451
-64.865578
-64.878082
-64.881203
-64.878082
-64.874954
-64.890579
-64.890579
-64.881203
-64.887451
-64.884331
-64.887451
-64.871826
-64.859329
-64.874954
-64.868706
-64.868706
-64.874954
-64.881203
-64.874954
-64.884331
-64.881203
-64.881203
-64.878082
-64.868706
-64.871826
-64.878082
-64.874954
-64.890579
-64.893707
-64.896828
-64.878082
-64.881203
-64.884331
-64.884331
-64.887451
-64.881203
-64.909332
-64.918701
-64.896828
-64.915581
-64.903076
-64.912453
-64.896828
-64.896828
-64.909332
-64.921829
-64.918701
-64.906204
-64.899956
-64.890579
-64.887451
-64.896828
-64.890579
-64.884331
-64.890579
-64.881203
-64.884331
-64.884331
-64.871826
-64.868706
-64.859329
-64.871826
-64.868706
-64.884331
-64.890579
-64.881203
-64.871826
-64.878082
-64.865578
-64.862457
-64.856201
-64.853081
-64.834335
-64.846832
-64.846832
-64.865578
-64.874954
-64.874954
-64.865578
-64.878082
-64.878082
-64.859329
-64.878082
-64.865578
-64.871826
-64.871826
-64.846832
-64.859329
-64.828087
-64.834335
-64.853081
-64.853081
-64.849953
-64.859329
-64.846832
-64.828087
-64.843712
-64.821831
-64.809334
-64.824959
-64.809334
-64.821831
-64.843712
-64.831207
-64.831207
-64.843712
-64.821831
-64.81871
-64.812462
-64.824959
-64.821831
-64.846832
-64.821831
-64.824959
-64.821831
-64.821831
-64.837456
-64.81871
-64.812462
-64.824959
-64.828087
-64.812462
-64.824959
-64.843712
-64.837456
-64.843712
-64.846832
-64.856201
-64.871826
-64.840584
-64.856201
-64.856201
-64.828087
-64.828087
-64.840584
-64.834335
-64.846832
-64.846832
-64.846832
-64.840584
-64.849953
-64.859329
-64.865578
-64.853081
-64.871826
-64.878082
-64.878082
-64.874954
-64.890579
-64.903076
-64.921829
-64.931206
-64.912453
-64.899956
-64.874954
-64.868706
-64.874954
-64.881203
-64.874954
-64.896828
-64.884331
-64.906204
-64.909332
-64.896828
-64.884331
-64.896828
-64.903076
-64.909332
-64.912453
-64.903076
-64.896828
-64.912453
-64.912453
-64.928078
-64.937454
-64.928078
-64.946823
-64.9562
-64.971825
-64.974953
-64.974953
-64.946823
-64.946823
-64.940582
-64.928078
-64.946823
-64.928078
-64.940582
-64.946823
-64.918701
-64.918701
-64.915581
-64.896828
-64.903076
-64.921829
-64.909332
-64.928078
-64.915581
-64.896828
-64.912453
-64.918701
-64.912453
-64.912453
-64.931206
-64.946823
-64.962448
-64.971825
-64.971825
-64.962448
-64.946823
-64.971825
-64.962448
-64.949951
-64.946823
-64.949951
-64.953072
-64.965576
-64.965576
-64.971825
-64.974953
-64.9562
-64.940582
-64.946823
-64.940582
-64.953072
-64.943703
-64.965576
-64.946823
-64.934326
-64.937454
-64.918701
-64.918701
-64.906204
-64.921829
-64.906204
-64.915581
-64.931206
-64.940582
-64.912453
-64.915581
-64.931206
-64.928078
-64.943703
-64.934326
-64.943703
-64.940582
-64.909332
-64.896828
-64.912453
-64.899956
-64.921829
-64.924957
-64.903076
-64.903076
-64.896828
-64.887451
-64.893707
-64.896828
-64.906204
-64.915581
-64.890579
-64.903076
-64.903076
-64.871826
-64.871826
-64.899956
-64.896828
-64.881203
-64.890579
-64.859329
-64.887451
-64.893707
-64.871826
-64.868706
-64.874954
-64.884331
-64.887451
-64.903076
-64.887451
-64.903076
-64.896828
-64.903076
-64.884331
-64.881203
-64.896828
-64.909332
-64.871826
-64.890579
-64.887451
-64.887451
-64.884331
-64.896828
-64.887451
-64.890579
-64.884331
-64.871826
-64.868706
-64.884331
-64.871826
-64.878082
-64.881203
-64.890579
-64.890579
-64.881203
-64.887451
-64.893707
-64.896828
-64.896828
-64.896828
-64.896828
-64.884331
-64.884331
-64.887451
-64.871826
-64.884331
-64.890579
-64.896828
-64.893707
-64.881203
-64.896828
-64.893707
-64.893707
-64.896828
-64.893707
-64.887451
-64.899956
-64.881203
-64.896828
-64.896828
-64.856201
-64.881203
-64.890579
-64.865578
-64.859329
-64.862457
-64.843712
-64.834335
-64.846832
-64.846832
-64.853081
-64.853081
-64.865578
-64.846832
-64.843712
-64.859329
-64.887451
-64.874954
-64.878082
-64.881203
-64.878082
-64.868706
-64.853081
-64.859329
-64.859329
-64.874954
-64.843712
-64.837456
-64.837456
-64.856201
-64.849953
-64.856201
-64.868706
-64.843712
-64.831207
-64.821831
-64.828087
-64.828087
-64.846832
-64.862457
-64.837456
-64.821831
-64.828087
-64.809334
-64.815582
-64.81871
-64.809334
-64.821831
-64.824959
-64.809334
-64.815582
-64.815582
-64.815582
-64.837456
-64.828087
-64.824959
-64.834335
-64.815582
-64.796837
-64.81871
-64.812462
-64.809334
-64.796837
-64.774956
-64.793709
-64.78746
-64.799957
-64.790581
-64.78746
-64.796837
-64.803085
-64.793709
-64.784332
-64.81871
-64.81871
-64.806206
-64.803085
-64.796837
-64.796837
-64.790581
-64.793709
-64.799957
-64.815582
-64.821831
-64.809334
-64.796837
-64.784332
-64.778084
-64.781212
-64.771835
-64.771835
-64.781212
-64.796837
-64.81871
-64.803085
-64.831207
-64.803085
-64.796837
-64.78746
-64.784332
-64.799957
-64.796837
-64.809334
-64.799957
-64.793709
-64.781212
-64.781212
-64.778084
-64.778084
-64.774956
-64.78746
-64.793709
-64.803085
-64.815582
-64.803085
-64.803085
-64.815582
-64.812462
-64.812462
-64.806206
-64.793709
-64.809334
-64.812462
-64.781212
-64.790581
-64.790581
-64.768707
-64.790581
-64.796837
-64.774956
-64.784332
-64.771835
-64.771835
-64.78746
-64.784332
-64.781212
-64.765587
-64.759331
-64.762459
-64.759331
-64.746834
-64.762459
-64.746834
-64.737465
-64.759331
-64.75621
-64.746834
-64.762459
-64.749962
-64.743713
-64.762459
-64.740593
-64.737465
-64.746834
-64.731216
-64.746834
-64.762459
-64.743713
-64.749962
-64.759331
-64.724968
-64.746834
-64.743713
-64.746834
-64.746834
-64.75621
-64.737465
-64.774956
-64.753082
-64.765587
-64.778084
-64.759331
-64.774956
-64.774956
-64.765587
-64.746834
-64.737465
-64.746834
-64.734337
-64.740593
-64.746834
-64.749962
-64.771835
-64.768707
-64.771835
-64.793709
-64.793709
-64.809334
-64.78746
-64.778084
-64.784332
-64.78746
-64.784332
-64.799957
-64.784332
-64.771835
-64.774956
-64.743713
-64.759331
-64.784332
-64.749962
-64.753082
-64.778084
-64.781212
-64.771835
-64.793709
-64.790581
-64.781212
-64.778084
-64.768707
-64.768707
-64.759331
-64.759331
-64.778084
-64.759331
-64.768707
-64.784332
-64.790581
-64.765587
-64.784332
-64.78746
-64.78746
-64.790581
-64.796837
-64.824959
-64.846832
-64.837456
-64.846832
-64.834335
-64.837456
-64.846832
-64.831207
-64.821831
-64.834335
-64.828087
-64.853081
-64.846832
-64.840584
-64.840584
-64.846832
-64.834335
-64.815582
-64.809334
-64.834335
-64.843712
-64.856201
-64.846832
-64.871826
-64.859329
-64.856201
-64.849953
-64.865578
-64.865578
-64.859329
-64.865578
-64.853081
-64.846832
-64.846832
-64.846832
-64.865578
-64.865578
-64.878082
-64.849953
-64.843712
-64.843712
-64.843712
-64.846832
-64.834335
-64.831207
-64.812462
-64.824959
-64.831207
-64.834335
-64.821831
-64.799957
-64.796837
-64.803085
-64.790581
-64.78746
-64.778084
-64.790581
-64.784332
-64.790581
-64.762459
-64.812462
-64.809334
-64.799957
-64.803085
-64.821831
-64.793709
-64.824959
-64.821831
-64.834335
-64.834335
-64.81871
-64.828087
-64.828087
-64.806206
-64.803085
-64.790581
-64.778084
-64.774956
-64.778084
-64.796837
-64.824959
-64.815582
-64.796837
-64.806206
-64.796837
-64.803085
-64.828087
-64.815582
-64.81871
-64.81871
-64.803085
-64.796837
-64.803085
-64.815582
-64.834335
-64.843712
-64.81871
-64.815582
-64.824959
-64.799957
-64.812462
-64.799957
-64.796837
-64.796837
-64.806206
-64.803085
-64.806206
-64.812462
-64.809334
-64.778084
-64.78746
-64.803085
-64.815582
-64.799957
-64.809334
-64.81871
-64.806206
-64.834335
-64.824959
-64.834335
-64.840584
-64.837456
-64.831207
-64.843712
-64.824959
-64.806206
-64.834335
-64.837456
-64.821831
-64.846832
-64.81871
-64.821831
-64.834335
-64.849953
-64.856201
-64.843712
-64.815582
-64.824959
-64.846832
-64.837456
-64.843712
-64.846832
-64.846832
-64.840584
-64.849953
-64.846832
-64.846832
-64.868706
-64.856201
-64.853081
-64.843712
-64.834335
-64.840584
-64.824959
-64.824959
-64.809334
-64.799957
-64.821831
-64.809334
-64.81871
-64.821831
-64.828087
-64.824959
-64.828087
-64.824959
-64.824959
-64.803085
-64.809334
-64.796837
-64.803085
-64.803085
-64.828087
-64.812462
-64.806206
-64.796837
-64.790581
-64.793709
-64.784332
-64.796837
-64.790581
-64.815582
-64.812462
-64.803085
-64.812462
-64.81871
-64.803085
-64.806206
-64.806206
-64.790581
-64.799957
-64.790581
-64.790581
-64.796837
-64.784332
-64.784332
-64.774956
-64.768707
-64.774956
-64.784332
-64.75621
-64.796837
-64.78746
-64.793709
-64.821831
-64.821831
-64.815582
-64.840584
-64.821831
-64.812462
-64.809334
-64.78746
-64.803085
-64.806206
-64.796837
-64.803085
-64.821831
-64.821831
-64.812462
-64.806206
-64.809334
-64.784332
-64.771835
-64.768707
-64.771835
-64.765587
-64.768707
-64.78746
-64.796837
-64.790581
-64.806206
-64.796837
-64.824959
-64.834335
-64.837456
-64.824959
-64.837456
-64.824959
-64.81871
-64.834335
-64.831207
-64.824959
-64.843712
-64.843712
-64.834335
-64.828087
-64.815582
-64.81871
-64.824959
-64.828087
-64.856201
-64.846832
-64.837456
-64.856201
-64.840584
-64.834335
-64.856201
-64.846832
-64.865578
-64.868706
-64.846832
-64.856201
-64.846832
-64.843712
-64.846832
-64.853081
-64.862457
-64.868706
-64.862457
-64.862457
-64.859329
-64.871826
-64.853081
-64.871826
-64.865578
-64.859329
-64.849953
-64.865578
-64.846832
-64.856201
-64.840584
-64.834335
-64.846832
-64.828087
-64.821831
-64.828087
-64.824959
-64.828087
-64.831207
-64.828087
-64.837456
-64.834335
-64.846832
-64.846832
-64.846832
-64.868706
-64.856201
-64.843712
-64.843712
-64.846832
-64.856201
-64.874954
-64.862457
-64.868706
-64.865578
-64.856201
-64.843712
-64.843712
-64.837456
-64.831207
-64.843712
-64.812462
-64.81871
-64.806206
-64.796837
-64.803085
-64.812462
-64.809334
-64.824959
-64.828087
-64.812462
-64.806206
-64.799957
-64.806206
-64.793709
-64.796837
-64.799957
-64.796837
-64.815582
-64.821831
-64.806206
-64.806206
-64.793709
-64.803085
-64.796837
-64.790581
-64.78746
-64.781212
-64.796837
-64.793709
-64.796837
-64.812462
-64.796837
-64.781212
-64.781212
-64.78746
-64.78746
-64.78746
-64.78746
-64.796837
-64.803085
-64.812462
-64.821831
-64.834335
-64.806206
-64.790581
-64.790581
-64.778084
-64.781212
-64.774956
-64.771835
-64.774956
-64.793709
-64.774956
-64.790581
-64.815582
-64.796837
-64.793709
-64.78746
-64.793709
-64.809334
-64.784332
-64.784332
-64.796837
-64.809334
-64.799957
-64.837456
-64.837456
-64.837456
-64.846832
-64.821831
-64.831207
-64.824959
-64.846832
-64.806206
-64.824959
-64.806206
-64.828087
-64.803085
-64.796837
-64.821831
-64.812462
-64.803085
-64.803085
-64.803085
-64.815582
-64.834335
-64.846832
-64.849953
-64.884331
-64.878082
-64.868706
-64.862457
-64.853081
-64.846832
-64.81871
-64.815582
-64.831207
-64.821831
-64.81871
-64.806206
-64.796837
-64.831207
-64.821831
-64.815582
-64.81871
-64.815582
-64.799957
-64.803085
-64.809334
-64.790581
-64.799957
-64.806206
-64.778084
-64.784332
-64.796837
-64.793709
-64.771835
-64.771835
-64.771835
-64.796837
-64.796837
-64.793709
-64.806206
-64.803085
-64.803085
-64.806206
-64.806206
-64.815582
-64.815582
-64.790581
-64.793709
-64.803085
-64.828087
-64.837456
-64.824959
-64.796837
-64.806206
-64.812462
-64.821831
-64.821831
-64.799957
-64.812462
-64.828087
-64.803085
-64.784332
-64.809334
-64.806206
-64.796837
-64.824959
-64.81871
-64.824959
-64.809334
-64.821831
-64.809334
-64.806206
-64.821831
-64.831207
-64.840584
-64.81871
-64.824959
-64.812462
-64.806206
-64.812462
-64.806206
-64.796837
-64.771835
-64.771835
-64.793709
-64.784332
-64.778084
-64.781212
-64.774956
-64.774956
-64.778084
-64.778084
-64.799957
-64.799957
-64.796837
-64.784332
-64.778084
-64.793709
-64.793709
-64.781212
-64.781212
-64.78746
-64.796837
-64.768707
-64.790581
-64.793709
-64.793709
-64.793709
-64.781212
-64.778084
-64.812462
-64.793709
-64.809334
-64.815582
-64.790581
-64.793709
-64.821831
-64.81871
-64.815582
-64.803085
-64.796837
-64.812462
-64.790581
-64.771835
-64.778084
-64.796837
-64.796837
-64.784332
-64.809334
-64.796837
-64.834335
-64.809334
-64.790581
-64.796837
-64.793709
-64.790581
-64.796837
-64.796837
-64.796837
-64.796837
-64.796837
-64.790581
-64.809334
-64.793709
-64.821831
-64.828087
-64.815582
-64.828087
-64.828087
-64.806206
-64.806206
-64.837456
-64.828087
-64.840584
-64.831207
-64.803085
-64.821831
-64.812462
-64.812462
-64.831207
-64.834335
-64.859329
-64.859329
-64.837456
-64.843712
-64.856201
-64.859329
-64.871826
-64.881203
-64.859329
-64.856201
-64.846832
-64.849953
-64.862457
-64.853081
-64.859329
-64.862457
-64.874954
-64.856201
-64.856201
-64.853081
-64.837456
-64.856201
-64.853081
-64.868706
-64.893707
-64.881203
-64.878082
-64.884331
-64.878082
-64.878082
-64.887451
-64.874954
-64.871826
-64.871826
-64.865578
-64.868706
-64.878082
-64.881203
-64.881203
-64.878082
-64.896828
-64.896828
-64.890579
-64.878082
-64.868706
-64.859329
-64.865578
-64.868706
-64.843712
-64.840584
-64.843712
-64.843712
-64.849953
-64.846832
-64.874954
-64.868706
-64.843712
-64.859329
-64.874954
-64.868706
-64.871826
-64.868706
-64.874954
-64.878082
-64.890579
-64.878082
-64.846832
-64.881203
-64.868706
-64.887451
-64.865578
-64.862457
-64.878082
-64.862457
-64.881203
-64.884331
-64.853081
-64.859329
-64.856201
-64.859329
-64.849953
-64.828087
-64.815582
-64.815582
-64.843712
-64.824959
-64.828087
-64.837456
-64.828087
-64.824959
-64.81871
-64.812462
-64.834335
-64.824959
-64.828087
-64.853081
-64.884331
-64.874954
-64.890579
-64.884331
-64.887451
-64.884331
-64.874954
-64.856201
-64.846832
-64.843712
-64.828087
-64.846832
-64.828087
-64.824959
-64.81871
-64.831207
-64.81871
-64.846832
-64.865578
-64.871826
-64.853081
-64.859329
-64.849953
-64.837456
-64.856201
-64.878082
-64.862457
-64.881203
-64.881203
-64.881203
-64.893707
-64.896828
-64.906204
-64.921829
-64.906204
-64.896828
-64.890579
-64.896828
-64.906204
-64.890579
-64.890579
-64.887451
-64.903076
-64.887451
-64.890579
-64.893707
-64.906204
-64.903076
-64.903076
-64.903076
-64.890579
-64.878082
-64.849953
-64.846832
-64.846832
-64.856201
-64.834335
-64.803085
-64.806206
-64.824959
-64.821831
-64.806206
-64.824959
-64.803085
-64.806206
-64.815582
-64.815582
-64.837456
-64.828087
-64.831207
-64.828087
-64.815582
-64.781212
-64.796837
-64.806206
-64.803085
-64.806206
-64.803085
-64.793709
-64.803085
-64.796837
-64.809334
-64.815582
-64.774956
-64.78746
-64.759331
-64.762459
-64.746834
-64.746834
-64.75621
-64.765587
-64.784332
-64.778084
-64.759331
-64.762459
-64.762459
-64.749962
-64.749962
-64.753082
-64.753082
-64.749962
-64.762459
-64.765587
-64.746834
-64.746834
-64.771835
-64.765587
-64.749962
-64.762459
-64.753082
-64.784332
-64.753082
-64.765587
-64.768707
-64.781212
-64.759331
-64.746834
-64.753082
-64.762459
-64.774956
-64.768707
-64.781212
-64.784332
-64.768707
-64.778084
-64.753082
-64.759331
-64.778084
-64.765587
-64.75621
-64.75621
-64.759331
-64.734337
-64.746834
-64.728088
-64.731216
-64.753082
-64.746834
-64.759331
-64.749962
-64.740593
-64.762459
-64.771835
-64.768707
-64.753082
-64.743713
-64.718712
-64.709343
-64.731216
-64.72184
-64.734337
-64.737465
-64.740593
-64.746834
-64.749962
-64.718712
-64.731216
-64.746834
-64.746834
-64.75621
-64.774956
-64.75621
-64.765587
-64.765587
-64.759331
-64.771835
-64.774956
-64.781212
-64.784332
-64.774956
-64.799957
-64.790581
-64.796837
-64.796837
-64.796837
-64.778084
-64.784332
-64.799957
-64.799957
-64.796837
-64.78746
-64.778084
-64.793709
-64.762459
-64.765587
-64.765587
-64.753082
-64.753082
-64.749962
-64.749962
-64.746834
-64.734337
-64.724968
-64.724968
-64.740593
-64.731216
-64.734337
-64.749962
-64.746834
-64.749962
-64.728088
-64.706215
-64.728088
-64.728088
-64.746834
-64.740593
-64.762459
-64.746834
-64.765587
-64.75621
-64.753082
-64.749962
-64.737465
-64.740593
-64.728088
-64.728088
-64.746834
-64.753082
-64.746834
-64.737465
-64.740593
-64.709343
-64.743713
-64.728088
-64.746834
-64.746834
-64.728088
-64.72184
-64.731216
-64.737465
-64.740593
-64.731216
-64.715591
-64.728088
-64.709343
-64.715591
-64.728088
-64.718712
-64.734337
-64.746834
-64.740593
-64.731216
-64.734337
-64.731216
-64.746834
-64.734337
-64.696838
-64.706215
-64.699966
-64.696838
-64.703087
-64.706215
-64.706215
-64.718712
-64.696838
-64.706215
-64.706215
-64.712463
-64.709343
-64.706215
-64.696838
-64.709343
-64.684341
-64.687462
-64.678093
-64.696838
-64.69059
-64.696838
-64.709343
-64.699966
-64.674965
-64.674965
-64.687462
-64.69059
-64.696838
-64.696838
-64.681213
-64.684341
-64.665588
-64.696838
-64.684341
-64.665588
-64.693718
-64.687462
-64.662468
-64.653091
-64.653091
-64.656212
-64.665588
-64.665588
-64.671837
-64.646843
-64.665588
-64.649963
-64.671837
-64.665588
-64.687462
-64.69059
-64.684341
-64.709343
-64.72184
-64.72184
-64.731216
-64.728088
-64.712463
-64.72184
-64.703087
-64.715591
-64.696838
-64.712463
-64.72184
-64.72184
-64.709343
-64.706215
-64.737465
-64.734337
-64.724968
-64.740593
-64.740593
-64.724968
-64.718712
-64.703087
-64.706215
-64.715591
-64.696838
-64.724968
-64.731216
-64.715591
-64.718712
-64.72184
-64.737465
-64.718712
-64.706215
-64.718712
-64.718712
-64.706215
-64.728088
-64.731216
-64.703087
-64.734337
-64.728088
-64.759331
-64.749962
-64.765587
-64.746834
-64.728088
-64.728088
-64.728088
-64.734337
-64.740593
-64.731216
-64.734337
-64.728088
-64.743713
-64.746834
-64.746834
-64.746834
-64.746834
-64.746834
-64.743713
-64.740593
-64.734337
-64.728088
-64.703087
-64.712463
-64.703087
-64.696838
-64.712463
-64.724968
-64.712463
-64.734337
-64.759331
-64.728088
-64.72184
-64.706215
-64.69059
-64.712463
-64.718712
-64.712463
-64.728088
-64.734337
-64.728088
-64.749962
-64.746834
-64.715591
-64.734337
-64.737465
-64.709343
-64.709343
-64.718712
-64.740593
-64.724968
-64.72184
-64.734337
-64.715591
-64.699966
-64.72184
-64.728088
-64.715591
-64.696838
-64.69059
-64.668716
-64.684341
-64.684341
-64.696838
-64.696838
-64.681213
-64.684341
-64.671837
-64.674965
-64.69059
-64.693718
-64.696838
-64.703087
-64.715591
-64.724968
-64.72184
-64.731216
-64.728088
-64.737465
-64.72184
-64.72184
-64.746834
-64.746834
-64.740593
-64.746834
-64.734337
-64.709343
-64.703087
-64.712463
-64.703087
-64.734337
-64.72184
-64.737465
-64.746834
-64.746834
-64.746834
-64.728088
-64.724968
-64.728088
-64.731216
-64.72184
-64.712463
-64.709343
-64.706215
-64.731216
-64.712463
-64.709343
-64.718712
-64.696838
-64.69059
-64.687462
-64.696838
-64.718712
-64.706215
-64.69059
-64.696838
-64.693718
-64.696838
-64.696838
-64.684341
-64.69059
-64.703087
-64.718712
-64.696838
-64.681213
-64.671837
-64.693718
-64.668716
-64.678093
-64.712463
-64.696838
-64.712463
-64.699966
-64.696838
-64.69059
-64.696838
-64.687462
-64.696838
-64.69059
-64.674965
-64.662468
-64.65934
-64.646843
-64.662468
-64.687462
-64.678093
-64.671837
-64.668716
-64.678093
-64.662468
-64.665588
-64.681213
-64.693718
-64.681213
-64.681213
-64.696838
-64.696838
-64.696838
-64.681213
-64.69059
-64.684341
-64.696838
-64.678093
-64.696838
-64.715591
-64.696838
-64.693718
-64.681213
-64.668716
-64.662468
-64.693718
-64.693718
-64.696838
-64.696838
-64.687462
-64.706215
-64.706215
-64.69059
-64.69059
-64.696838
-64.709343
-64.72184
-64.699966
-64.69059
-64.696838
-64.696838
-64.712463
-64.731216
-64.712463
-64.706215
-64.746834
-64.746834
-64.743713
-64.759331
-64.72184
-64.728088
-64.712463
-64.696838
-64.681213
-64.693718
-64.678093
-64.684341
-64.65934
-64.668716
-64.668716
-64.649963
-64.687462
-64.671837
-64.681213
-64.668716
-64.671837
-64.674965
-64.674965
-64.671837
-64.653091
-64.668716
-64.674965
-64.681213
-64.681213
-64.674965
-64.687462
-64.684341
-64.696838
-64.712463
-64.684341
-64.696838
-64.684341
-64.715591
-64.693718
-64.684341
-64.684341
-64.696838
-64.687462
-64.696838
-64.696838
-64.703087
-64.72184
-64.696838
-64.706215
-64.699966
-64.696838
-64.696838
-64.696838
-64.696838
-64.706215
-64.718712
-64.709343
-64.731216
-64.706215
-64.703087
-64.696838
-64.693718
-64.696838
-64.693718
-64.674965
-64.69059
-64.671837
-64.69059
-64.69059
-64.696838
-64.665588
-64.712463
-64.696838
-64.693718
-64.696838
-64.696838
-64.724968
-64.706215
-64.72184
-64.696838
-64.712463
-64.693718
-64.681213
-64.718712
-64.709343
-64.715591
-64.72184
-64.706215
-64.715591
-64.72184
-64.712463
-64.743713
-64.728088
-64.740593
-64.746834
-64.743713
-64.737465
-64.759331
-64.728088
-64.734337
-64.737465
-64.746834
-64.746834
-64.746834
-64.75621
-64.746834
-64.759331
-64.75621
-64.759331
-64.746834
-64.737465
-64.728088
-64.734337
-64.749962
-64.75621
-64.759331
-64.762459
-64.768707
-64.765587
-64.762459
-64.774956
-64.762459
-64.790581
-64.790581
-64.803085
-64.796837
-64.796837
-64.790581
-64.793709
-64.793709
-64.768707
-64.762459
-64.746834
-64.740593
-64.768707
-64.749962
-64.762459
-64.78746
-64.790581
-64.796837
-64.796837
-64.784332
-64.784332
-64.78746
-64.781212
-64.774956
-64.781212
-64.793709
-64.806206
-64.799957
-64.781212
-64.806206
-64.809334
-64.796837
-64.803085
-64.809334
-64.803085
-64.821831
-64.812462
-64.796837
-64.831207
-64.806206
-64.840584
-64.831207
-64.849953
-64.849953
-64.843712
-64.840584
-64.831207
-64.831207
-64.824959
-64.81871
-64.796837
-64.793709
-64.796837
-64.796837
-64.803085
-64.821831
-64.815582
-64.834335
-64.843712
-64.828087
-64.821831
-64.821831
-64.815582
-64.796837
-64.790581
-64.778084
-64.771835
-64.796837
-64.796837
-64.796837
-64.803085
-64.784332
-64.799957
-64.799957
-64.815582
-64.815582
-64.809334
-64.809334
-64.828087
-64.809334
-64.81871
-64.828087
-64.81871
-64.821831
-64.81871
-64.824959
-64.828087
-64.806206
-64.828087
-64.821831
-64.796837
-64.809334
-64.796837
-64.784332
-64.781212
-64.774956
-64.796837
-64.759331
-64.781212
-64.762459
-64.768707
-64.784332
-64.803085
-64.809334
-64.828087
-64.824959
-64.834335
-64.834335
-64.834335
-64.828087
-64.812462
-64.824959
-64.81871
-64.81871
-64.803085
-64.815582
-64.821831
-64.846832
-64.853081
-64.846832
-64.828087
-64.821831
-64.803085
-64.81871
-64.803085
-64.796837
-64.803085
-64.81871
-64.824959
-64.809334
-64.815582
-64.821831
-64.812462
-64.806206
-64.806206
-64.828087
-64.840584
-64.824959
-64.834335
-64.824959
-64.849953
-64.843712
-64.840584
-64.846832
-64.856201
-64.831207
-64.862457
-64.849953
-64.862457
-64.871826
-64.893707
-64.890579
-64.868706
-64.856201
-64.859329
-64.843712
-64.843712
-64.837456
-64.843712
-64.837456
-64.843712
-64.846832
-64.840584
-64.824959
-64.824959
-64.821831
-64.828087
-64.824959
-64.809334
-64.821831
-64.840584
-64.849953
-64.881203
-64.846832
-64.868706
-64.884331
-64.871826
-64.871826
-64.859329
-64.849953
-64.846832
-64.846832
-64.843712
-64.849953
-64.843712
-64.828087
-64.846832
-64.834335
-64.856201
-64.896828
-64.878082
-64.865578
-64.865578
-64.890579
-64.890579
-64.890579
-64.887451
-64.878082
-64.874954
-64.887451
-64.887451
-64.903076
-64.896828
-64.893707
-64.893707
-64.887451
-64.887451
-64.871826
-64.840584
-64.849953
-64.837456
-64.846832
-64.840584
-64.856201
-64.828087
-64.840584
-64.846832
-64.853081
-64.856201
-64.846832
-64.862457
-64.853081
-64.843712
-64.859329
-64.846832
-64.837456
-64.846832
-64.859329
-64.856201
-64.849953
-64.834335
-64.837456
-64.834335
-64.834335
-64.837456
-64.849953
-64.834335
-64.846832
-64.831207
-64.831207
-64.837456
-64.846832
-64.834335
-64.856201
-64.824959
-64.831207
-64.843712
-64.853081
-64.856201
-64.856201
-64.837456
-64.846832
-64.828087
-64.840584
-64.840584
-64.862457
-64.846832
-64.831207
-64.831207
-64.828087
-64.831207
-64.846832
-64.828087
-64.843712
-64.831207
-64.837456
-64.824959
-64.824959
-64.828087
-64.809334
-64.81871
-64.824959
-64.812462
-64.815582
-64.803085
-64.834335
-64.821831
-64.837456
-64.843712
-64.846832
-64.846832
-64.843712
-64.837456
-64.868706
-64.868706
-64.856201
-64.859329
-64.859329
-64.874954
-64.874954
-64.878082
-64.881203
-64.862457
-64.856201
-64.843712
-64.859329
-64.846832
-64.846832
-64.868706
-64.859329
-64.834335
-64.831207
-64.831207
-64.824959
-64.837456
-64.837456
-64.846832
-64.849953
-64.846832
-64.853081
-64.849953
-64.846832
-64.865578
-64.859329
-64.874954
-64.881203
-64.871826
-64.881203
-64.887451
-64.865578
-64.868706
-64.865578
-64.871826
-64.853081
-64.859329
-64.878082
-64.896828
-64.906204
-64.893707
-64.896828
-64.884331
-64.887451
-64.874954
-64.853081
-64.871826
-64.890579
-64.896828
-64.890579
-64.899956
-64.896828
-64.909332
-64.928078
-64.918701
-64.924957
-64.896828
-64.903076
-64.906204
-64.871826
-64.893707
-64.906204
-64.887451
-64.896828
-64.887451
-64.896828
-64.890579
-64.899956
-64.896828
-64.890579
-64.893707
-64.890579
-64.909332
-64.903076
-64.899956
-64.909332
-64.896828
-64.884331
-64.890579
-64.878082
-64.893707
-64.878082
-64.853081
-64.871826
-64.890579
-64.890579
-64.890579
-64.893707
-64.903076
-64.918701
-64.912453
-64.881203
-64.887451
-64.884331
-64.874954
-64.859329
-64.853081
-64.853081
-64.896828
-64.899956
-64.881203
-64.896828
-64.896828
-64.909332
-64.921829
-64.915581
-64.915581
-64.934326
-64.918701
-64.921829
-64.924957
-64.915581
-64.915581
-64.903076
-64.896828
-64.893707
-64.896828
-64.896828
-64.899956
-64.896828
-64.893707
-64.893707
-64.909332
-64.890579
-64.899956
-64.896828
-64.924957
-64.918701
-64.909332
-64.896828
-64.918701
-64.903076
-64.909332
-64.887451
-64.881203
-64.878082
-64.881203
-64.899956
-64.906204
-64.906204
-64.928078
-64.937454
-64.940582
-64.915581
-64.924957
-64.915581
-64.906204
-64.906204
-64.921829
-64.915581
-64.912453
-64.915581
-64.890579
-64.859329
-64.859329
-64.874954
-64.865578
-64.871826
-64.862457
-64.859329
-64.881203
-64.887451
-64.890579
-64.887451
-64.896828
-64.878082
-64.881203
-64.890579
-64.874954
-64.884331
-64.909332
-64.906204
-64.871826
-64.874954
-64.853081
-64.874954
-64.881203
-64.868706
-64.871826
-64.856201
-64.856201
-64.856201
-64.874954
-64.865578
-64.862457
-64.846832
-64.865578
-64.849953
-64.843712
-64.849953
-64.856201
-64.846832
-64.853081
-64.837456
-64.846832
-64.846832
-64.853081
-64.859329
-64.874954
-64.878082
-64.868706
-64.893707
-64.871826
-64.884331
-64.884331
-64.884331
-64.871826
-64.868706
-64.853081
-64.862457
-64.881203
-64.865578
-64.856201
-64.865578
-64.871826
-64.878082
-64.881203
-64.884331
-64.896828
-64.871826
-64.890579
-64.887451
-64.874954
-64.878082
-64.874954
-64.856201
-64.865578
-64.862457
-64.849953
-64.853081
-64.840584
-64.846832
-64.824959
-64.815582
-64.828087
-64.837456
-64.834335
-64.840584
-64.821831
-64.806206
-64.796837
-64.784332
-64.781212
-64.796837
-64.821831
-64.824959
-64.81871
-64.81871
-64.821831
-64.834335
-64.837456
-64.849953
-64.828087
-64.846832
-64.846832
-64.846832
-64.846832
-64.843712
-64.853081
-64.831207
-64.812462
-64.837456
-64.840584
-64.834335
-64.821831
-64.796837
-64.806206
-64.81871
-64.81871
-64.806206
-64.796837
-64.796837
-64.812462
-64.840584
-64.821831
-64.821831
-64.834335
-64.846832
-64.846832
-64.846832
-64.834335
-64.846832
-64.837456
-64.846832
-64.846832
-64.846832
-64.853081
-64.849953
-64.824959
-64.81871
-64.812462
-64.831207
-64.834335
-64.849953
-64.828087
-64.846832
-64.871826
-64.853081
-64.862457
-64.849953
-64.840584
-64.834335
-64.828087
-64.81871
-64.837456
-64.834335
-64.821831
-64.828087
-64.796837
-64.824959
-64.840584
-64.828087
-64.806206
-64.831207
-64.821831
-64.821831
-64.81871
-64.796837
-64.834335
-64.815582
-64.796837
-64.78746
-64.784332
-64.796837
-64.799957
-64.781212
-64.81871
-64.806206
-64.793709
-64.790581
-64.809334
-64.815582
-64.803085
-64.806206
-64.790581
-64.806206
-64.793709
-64.790581
-64.796837
-64.796837
-64.806206
-64.803085
-64.81871
-64.81871
-64.828087
-64.796837
-64.799957
-64.796837
-64.790581
-64.784332
-64.796837
-64.778084
-64.796837
-64.793709
-64.796837
-64.806206
-64.778084
-64.784332
-64.790581
-64.799957
-64.796837
-64.803085
-64.781212
-64.784332
-64.778084
-64.78746
-64.771835
-64.778084
-64.759331
-64.774956
-64.796837
-64.790581
-64.796837
-64.809334
-64.790581
-64.796837
-64.809334
-64.796837
-64.81871
-64.806206
-64.78746
-64.790581
-64.793709
-64.78746
-64.793709
-64.784332
-64.790581
-64.796837
-64.790581
-64.771835
-64.806206
-64.799957
-64.821831
-64.809334
-64.799957
-64.799957
-64.809334
-64.809334
-64.796837
-64.762459
-64.778084
-64.774956
-64.765587
-64.75621
-64.746834
-64.746834
-64.765587
-64.771835
-64.778084
-64.778084
-64.765587
-64.759331
-64.75621
-64.784332
-64.771835
-64.771835
-64.765587
-64.768707
-64.771835
-64.781212
-64.790581
-64.796837
-64.806206
-64.809334
-64.806206
-64.796837
-64.790581
-64.765587
-64.759331
-64.759331
-64.765587
-64.759331
-64.771835
-64.78746
-64.790581
-64.784332
-64.784332
-64.796837
-64.796837
-64.774956
-64.768707
-64.771835
-64.749962
-64.75621
-64.765587
-64.771835
-64.778084
-64.793709
-64.78746
-64.768707
-64.778084
-64.781212
-64.771835
-64.759331
-64.765587
-64.784332
-64.790581
-64.796837
-64.778084
-64.774956
-64.768707
-64.784332
-64.790581
-64.774956
-64.796837
-64.790581
-64.781212
-64.799957
-64.771835
-64.778084
-64.768707
-64.781212
-64.799957
-64.796837
-64.78746
-64.809334
-64.821831
-64.812462
-64.821831
-64.809334
-64.803085
-64.796837
-64.843712
-64.837456
-64.840584
-64.81871
-64.834335
-64.824959
-64.831207
-64.840584
-64.840584
-64.821831
-64.843712
-64.824959
-64.824959
-64.821831
-64.81871
-64.796837
-64.815582
-64.812462
-64.796837
-64.799957
-64.803085
-64.796837
-64.796837
-64.771835
-64.778084
-64.790581
-64.793709
-64.762459
-64.762459
-64.765587
-64.778084
-64.78746
-64.778084
-64.78746
-64.803085
-64.806206
-64.799957
-64.781212
-64.793709
-64.793709
-64.784332
-64.762459
-64.753082
-64.771835
-64.746834
-64.753082
-64.762459
-64.746834
-64.746834
-64.734337
-64.746834
-64.740593
-64.743713
-64.746834
-64.768707
-64.75621
-64.753082
-64.753082
-64.762459
-64.746834
-64.740593
-64.737465
-64.743713
-64.743713
-64.746834
-64.759331
-64.753082
-64.75621
-64.746834
-64.728088
-64.743713
-64.746834
-64.759331
-64.765587
-64.749962
-64.753082
-64.765587
-64.778084
-64.762459
-64.75621
-64.749962
-64.740593
-64.762459
-64.771835
-64.771835
-64.781212
-64.796837
-64.781212
-64.796837
-64.790581
-64.784332
-64.774956
-64.774956
-64.784332
-64.771835
-64.762459
-64.762459
-64.778084
-64.768707
-64.759331
-64.749962
-64.759331
-64.765587
-64.740593
-64.746834
-64.724968
-64.740593
-64.75621
-64.746834
-64.746834
-64.728088
-64.743713
-64.728088
-64.72184
-64.72184
-64.709343
-64.728088
-64.734337
-64.72184
-64.718712
-64.703087
-64.696838
-64.715591
-64.731216
-64.724968
-64.737465
-64.728088
-64.728088
-64.72184
-64.734337
-64.724968
-64.709343
-64.696838
-64.709343
-64.69059
-64.696838
-64.715591
-64.734337
-64.72184
-64.746834
-64.753082
-64.762459
-64.768707
-64.753082
-64.762459
-64.759331
-64.740593
-64.731216
-64.737465
-64.746834
-64.712463
-64.746834
-64.728088
-64.709343
-64.724968
-64.709343
-64.737465
-64.724968
-64.743713
-64.743713
-64.765587
-64.728088
-64.737465
-64.746834
-64.728088
-64.746834
-64.75621
-64.768707
-64.796837
-64.75621
-64.768707
-64.768707
-64.765587
-64.759331
-64.768707
-64.753082
-64.749962
-64.759331
-64.774956
-64.765587
-64.749962
-64.753082
-64.746834
-64.749962
-64.746834
-64.75621
-64.740593
-64.759331
-64.75621
-64.75621
-64.759331
-64.746834
-64.737465
-64.731216
-64.724968
-64.728088
-64.731216
-64.724968
-64.718712
-64.703087
-64.72184
-64.737465
-64.743713
-64.718712
-64.724968
-64.753082
-64.771835
-64.762459
-64.796837
-64.790581
-64.774956
-64.790581
-64.771835
-64.778084
-64.778084
-64.759331
-64.781212
-64.781212
-64.790581
-64.771835
-64.759331
-64.753082
-64.781212
-64.778084
-64.781212
-64.762459
-64.746834
-64.753082
-64.759331
-64.759331
-64.781212
-64.759331
-64.75621
-64.762459
-64.768707
-64.778084
-64.768707
-64.762459
-64.746834
-64.75621
-64.762459
-64.759331
-64.771835
-64.768707
-64.749962
-64.753082
-64.768707
-64.759331
-64.778084
-64.784332
-64.765587
-64.790581
-64.793709
-64.768707
-64.793709
-64.778084
-64.784332
-64.784332
-64.778084
-64.765587
-64.753082
-64.753082
-64.768707
-64.753082
-64.771835
-64.778084
-64.765587
-64.759331
-64.781212
-64.771835
-64.796837
-64.793709
-64.774956
-64.765587
-64.778084
-64.778084
-64.812462
-64.812462
-64.806206
-64.809334
-64.81871
-64.81871
-64.796837
-64.806206
-64.806206
-64.81871
-64.815582
-64.815582
-64.790581
-64.793709
-64.765587
-64.778084
-64.768707
-64.781212
-64.781212
-64.762459
-64.75621
-64.762459
-64.799957
-64.774956
-64.765587
-64.771835
-64.771835
-64.753082
-64.743713
-64.765587
-64.737465
-64.759331
-64.762459
-64.765587
-64.762459
-64.762459
-64.746834
-64.768707
-64.746834
-64.743713
-64.774956
-64.75621
-64.749962
-64.737465
-64.746834
-64.746834
-64.743713
-64.72184
-64.718712
-64.753082
-64.731216
-64.746834
-64.724968
-64.728088
-64.753082
-64.746834
-64.759331
-64.746834
-64.768707
-64.762459
-64.778084
-64.731216
-64.706215
-64.743713
-64.743713
-64.753082
-64.781212
-64.759331
-64.768707
-64.781212
-64.746834
-64.765587
-64.768707
-64.781212
-64.778084
-64.784332
-64.759331
-64.774956
-64.771835
-64.75621
-64.753082
-64.743713
-64.746834
-64.749962
-64.746834
-64.740593
-64.746834
-64.749962
-64.746834
-64.746834
-64.746834
-64.746834
-64.75621
-64.75621
-64.759331
-64.778084
-64.784332
-64.790581
-64.796837
-64.765587
-64.768707
-64.765587
-64.778084
-64.759331
-64.75621
-64.753082
-64.753082
-64.746834
-64.771835
-64.774956
-64.790581
-64.749962
-64.753082
-64.749962
-64.762459
-64.753082
-64.746834
-64.765587
-64.75621
-64.734337
-64.759331
-64.743713
-64.753082
-64.771835
-64.753082
-64.731216
-64.743713
-64.743713
-64.746834
-64.746834
-64.737465
-64.759331
-64.740593
-64.743713
-64.746834
-64.75621
-64.743713
-64.759331
-64.749962
-64.731216
-64.740593
-64.762459
-64.749962
-64.765587
-64.75621
-64.75621
-64.749962
-64.746834
-64.762459
-64.774956
-64.778084
-64.774956
-64.790581
-64.784332
-64.778084
-64.796837
-64.799957
-64.803085
-64.790581
-64.799957
-64.809334
-64.799957
-64.774956
-64.765587
-64.771835
-64.759331
-64.781212
-64.759331
-64.771835
-64.768707
-64.75621
-64.774956
-64.765587
-64.765587
-64.778084
-64.759331
-64.774956
-64.778084
-64.796837
-64.759331
-64.778084
-64.762459
-64.759331
-64.768707
-64.75621
-64.759331
-64.753082
-64.765587
-64.765587
-64.784332
-64.765587
-64.765587
-64.781212
-64.784332
-64.771835
-64.781212
-64.753082
-64.746834
-64.740593
-64.743713
-64.737465
-64.75621
-64.743713
-64.781212
-64.771835
-64.759331
-64.774956
-64.762459
-64.771835
-64.774956
-64.746834
-64.749962
-64.753082
-64.740593
-64.743713
-64.746834
-64.743713
-64.753082
-64.734337
-64.743713
-64.746834
-64.746834
-64.734337
-64.724968
-64.724968
-64.743713
-64.740593
-64.72184
-64.712463
-64.737465
-64.734337
-64.737465
-64.746834
-64.759331
-64.743713
-64.759331
-64.743713
-64.75621
-64.746834
-64.72184
-64.731216
-64.731216
-64.731216
-64.759331
-64.75621
-64.759331
-64.753082
-64.743713
-64.746834
-64.746834
-64.734337
-64.746834
-64.740593
-64.718712
-64.715591
-64.728088
-64.743713
-64.749962
-64.743713
-64.734337
-64.762459
-64.759331
-64.746834
-64.771835
-64.759331
-64.749962
-64.774956
-64.753082
-64.746834
-64.728088
-64.724968
-64.746834
-64.746834
-64.72184
-64.740593
-64.728088
-64.734337
-64.731216
-64.746834
-64.724968
-64.743713
-64.728088
-64.724968
-64.746834
-64.731216
-64.743713
-64.737465
-64.718712
-64.715591
-64.734337
-64.709343
-64.703087
-64.737465
-64.734337
-64.737465
-64.740593
-64.740593
-64.749962
-64.753082
-64.743713
-64.746834
-64.75621
-64.749962
-64.746834
-64.746834
-64.746834
-64.728088
-64.699966
-64.715591
-64.715591
-64.718712
-64.718712
-64.724968
-64.746834
-64.749962
-64.749962
-64.753082
-64.774956
-64.790581
-64.809334
-64.799957
-64.778084
-64.75621
-64.784332
-64.78746
-64.75621
-64.759331
-64.778084
-64.762459
-64.768707
-64.75621
-64.765587
-64.790581
-64.809334
-64.812462
-64.796837
-64.768707
-64.771835
-64.771835
-64.768707
-64.765587
-64.784332
-64.790581
-64.803085
-64.790581
-64.784332
-64.784332
-64.781212
-64.75621
-64.778084
-64.771835
-64.796837
-64.784332
-64.768707
-64.75621
-64.78746
-64.778084
-64.781212
-64.784332
-64.778084
-64.778084
-64.778084
-64.762459
-64.771835
-64.78746
-64.774956
-64.771835
-64.796837
-64.784332
-64.799957
-64.78746
-64.759331
-64.759331
-64.75621
-64.759331
-64.771835
-64.762459
-64.75621
-64.759331
-64.762459
-64.768707
-64.771835
-64.768707
-64.771835
-64.771835
-64.778084
-64.809334
-64.812462
-64.815582
-64.806206
-64.790581
-64.790581
-64.78746
-64.771835
-64.778084
-64.768707
-64.75621
-64.75621
-64.778084
-64.778084
-64.803085
-64.799957
-64.790581
-64.771835
-64.759331
-64.740593
-64.737465
-64.746834
-64.743713
-64.746834
-64.743713
-64.749962
-64.753082
-64.746834
-64.75621
-64.743713
-64.743713
-64.743713
-64.753082
-64.759331
-64.759331
-64.759331
-64.734337
-64.734337
-64.743713
-64.753082
-64.746834
-64.734337
-64.715591
-64.743713
-64.740593
-64.743713
-64.746834
-64.753082
-64.768707
-64.759331
-64.765587
-64.759331
-64.749962
-64.746834
-64.759331
-64.771835
-64.762459
-64.743713
-64.731216
-64.709343
-64.718712
-64.706215
-64.703087
-64.715591
-64.706215
-64.724968
-64.734337
-64.718712
-64.703087
-64.731216
-64.715591
-64.728088
-64.72184
-64.718712
-64.72184
-64.72184
-64.706215
-64.696838
-64.712463
-64.712463
-64.72184
-64.724968
-64.712463
-64.724968
-64.718712
-64.743713
-64.753082
-64.771835
-64.75621
-64.740593
-64.746834
-64.749962
-64.762459
-64.765587
-64.790581
-64.806206
-64.806206
-64.809334
-64.815582
-64.790581
-64.796837
-64.762459
-64.765587
-64.778084
-64.762459
-64.768707
-64.784332
-64.781212
-64.774956
-64.778084
-64.75621
-64.771835
-64.784332
-64.759331
-64.762459
-64.762459
-64.774956
-64.774956
-64.771835
-64.790581
-64.784332
-64.793709
-64.784332
-64.793709
-64.78746
-64.793709
-64.812462
-64.799957
-64.809334
-64.812462
-64.796837
-64.806206
-64.812462
-64.799957
-64.834335
-64.831207
-64.815582
-64.821831
-64.812462
-64.806206
-64.828087
-64.846832
-64.828087
-64.834335
-64.806206
-64.799957
-64.784332
-64.806206
-64.806206
-64.831207
-64.821831
-64.834335
-64.821831
-64.806206
-64.796837
-64.809334
-64.809334
-64.821831
-64.815582
-64.821831
-64.81871
-64.81871
-64.815582
-64.812462
-64.809334
-64.809334
-64.803085
-64.799957
-64.78746
-64.799957
-64.793709
-64.771835
-64.781212
-64.78746
-64.781212
-64.771835
-64.746834
-64.771835
-64.768707
-64.778084
-64.774956
-64.762459
-64.778084
-64.790581
-64.784332
-64.762459
-64.778084
-64.774956
-64.774956
-64.774956
-64.771835
-64.778084
-64.762459
-64.774956
-64.778084
-64.784332
-64.768707
-64.78746
-64.771835
-64.771835
-64.749962
-64.740593
-64.740593
-64.759331
-64.753082
-64.768707
-64.762459
-64.75621
-64.728088
-64.746834
-64.743713
-64.746834
-64.746834
-64.740593
-64.762459
-64.749962
-64.715591
-64.734337
-64.740593
-64.753082
-64.740593
-64.724968
-64.712463
-64.715591
-64.737465
-64.72184
-64.724968
-64.718712
-64.72184
-64.715591
-64.728088
-64.72184
-64.737465
-64.72184
-64.746834
-64.737465
-64.743713
-64.737465
-64.712463
-64.699966
-64.72184
-64.728088
-64.718712
-64.737465
-64.718712
-64.724968
-64.728088
-64.718712
-64.715591
-64.737465
-64.749962
-64.743713
-64.75621
-64.740593
-64.762459
-64.759331
-64.749962
-64.749962
-64.72184
-64.712463
-64.728088
-64.715591
-64.709343
-64.709343
-64.69059
-64.703087
-64.709343
-64.696838
-64.724968
-64.72184
-64.734337
-64.731216
-64.746834
-64.746834
-64.759331
-64.75621
-64.765587
-64.765587
-64.759331
-64.743713
-64.746834
-64.737465
-64.743713
-64.771835
-64.768707
-64.768707
-64.749962
-64.746834
-64.740593
-64.759331
-64.746834
-64.753082
-64.746834
-64.746834
-64.753082
-64.75621
-64.731216
-64.743713
-64.75621
-64.75621
-64.778084
-64.765587
-64.765587
-64.790581
-64.771835
-64.765587
-64.78746
-64.793709
-64.781212
-64.784332
-64.78746
-64.765587
-64.790581
-64.774956
-64.75621
-64.771835
-64.765587
-64.78746
-64.793709
-64.778084
-64.765587
-64.753082
-64.737465
-64.737465
-64.734337
-64.740593
-64.743713
-64.740593
-64.743713
-64.746834
-64.759331
-64.753082
-64.746834
-64.762459
-64.746834
-64.771835
-64.778084
-64.790581
-64.790581
-64.790581
-64.799957
-64.790581
-64.809334
-64.81871
-64.793709
-64.796837
-64.793709
-64.793709
-64.778084
-64.784332
-64.78746
-64.796837
-64.781212
-64.793709
-64.790581
-64.790581
-64.778084
-64.790581
-64.781212
-64.778084
-64.778084
-64.771835
-64.778084
-64.762459
-64.790581
-64.768707
-64.784332
-64.78746
-64.771835
-64.759331
-64.771835
-64.765587
-64.774956
-64.759331
-64.765587
-64.765587
-64.759331
-64.753082
-64.753082
-64.743713
-64.746834
-64.734337
-64.740593
-64.743713
-64.746834
-64.731216
-64.753082
-64.712463
-64.72184
-64.712463
-64.696838
-64.706215
-64.709343
-64.728088
-64.712463
-64.712463
-64.724968
-64.718712
-64.724968
-64.72184
-64.746834
-64.740593
-64.737465
-64.746834
-64.731216
-64.746834
-64.740593
-64.728088
-64.731216
-64.737465
-64.712463
-64.72184
-64.724968
-64.715591
-64.743713
-64.734337
-64.737465
-64.746834
-64.749962
-64.731216
-64.765587
-64.753082
-64.737465
-64.762459
-64.743713
-64.728088
-64.743713
-64.740593
-64.72184
-64.740593
-64.724968
-64.740593
-64.728088
-64.718712
-64.743713
-64.740593
-64.724968
-64.746834
-64.749962
-64.731216
-64.746834
-64.728088
-64.72184
-64.728088
-64.699966
-64.706215
-64.718712
-64.696838
-64.718712
-64.72184
-64.699966
-64.699966
-64.709343
-64.706215
-64.718712
-64.740593
-64.734337
-64.737465
-64.712463
-64.718712
-64.740593
-64.746834
-64.734337
-64.753082
-64.749962
-64.746834
-64.771835
-64.762459
-64.762459
-64.774956
-64.749962
-64.749962
-64.749962
-64.749962
-64.734337
-64.749962
-64.746834
-64.72184
-64.709343
-64.718712
-64.706215
-64.712463
-64.706215
-64.709343
-64.731216
-64.715591
-64.731216
-64.724968
-64.740593
-64.731216
-64.740593
-64.737465
-64.762459
-64.749962
-64.771835
-64.753082
-64.75621
-64.753082
-64.718712
-64.734337
-64.743713
-64.746834
-64.715591
-64.712463
-64.715591
-64.709343
-64.703087
-64.728088
-64.740593
-64.75621
-64.731216
-64.740593
-64.743713
-64.746834
-64.768707
-64.749962
-64.746834
-64.762459
-64.749962
-64.737465
-64.740593
-64.740593
-64.734337
-64.746834
-64.746834
-64.737465
-64.746834
-64.731216
-64.746834
-64.743713
-64.724968
-64.740593
-64.737465
-64.734337
-64.734337
-64.731216
-64.703087
-64.724968
-64.72184
-64.737465
-64.740593
-64.731216
-64.734337
-64.75621
-64.765587
-64.759331
-64.771835
-64.746834
-64.746834
-64.759331
-64.737465
-64.740593
-64.746834
-64.749962
-64.759331
-64.753082
-64.75621
-64.765587
-64.765587
-64.743713
-64.746834
-64.778084
-64.765587
-64.778084
-64.781212
-64.768707
-64.781212
-64.762459
-64.759331
-64.765587
-64.753082
-64.740593
-64.737465
-64.740593
-64.75621
-64.762459
-64.746834
-64.746834
-64.753082
-64.762459
-64.749962
-64.762459
-64.762459
-64.759331
-64.771835
-64.765587
-64.774956
-64.781212
-64.75621
-64.75621
-64.737465
-64.737465
-64.731216
-64.746834
-64.746834
-64.765587
-64.749962
-64.768707
-64.753082
-64.731216
-64.746834
-64.746834
-64.72184
-64.740593
-64.740593
-64.737465
-64.746834
-64.743713
-64.746834
-64.743713
-64.753082
-64.768707
-64.771835
-64.75621
-64.78746
-64.765587
-64.749962
-64.734337
-64.740593
-64.72184
-64.753082
-64.724968
-64.718712
-64.715591
-64.734337
-64.731216
-64.734337
-64.728088
-64.718712
-64.746834
-64.715591
-64.731216
-64.728088
-64.740593
-64.746834
-64.740593
-64.72184
-64.724968
-64.712463
-64.703087
-64.72184
-64.709343
-64.696838
-64.696838
-64.687462
-64.69059
-64.693718
-64.693718
-64.693718
-64.709343
-64.709343
-64.706215
-64.728088
-64.72184
-64.75621
-64.737465
-64.728088
-64.746834
-64.753082
-64.746834
-64.728088
-64.72184
-64.72184
-64.724968
-64.737465
-64.728088
-64.753082
-64.762459
-64.762459
-64.753082
-64.746834
-64.75621
-64.759331
-64.734337
-64.703087
-64.712463
-64.715591
-64.740593
-64.737465
-64.718712
-64.734337
-64.728088
-64.718712
-64.731216
-64.746834
-64.72184
-64.746834
-64.746834
-64.743713
-64.740593
-64.737465
-64.737465
-64.72184
-64.737465
-64.737465
-64.746834
-64.743713
-64.746834
-64.746834
-64.706215
-64.718712
-64.731216
-64.734337
-64.746834
-64.743713
-64.759331
-64.749962
-64.746834
-64.746834
-64.749962
-64.728088
-64.737465
-64.709343
-64.731216
-64.746834
-64.746834
-64.746834
-64.737465
-64.743713
-64.724968
-64.728088
-64.728088
-64.734337
-64.734337
-64.731216
-64.718712
-64.728088
-64.715591
-64.715591
-64.69059
-64.699966
-64.724968
-64.699966
-64.696838
-64.668716
-64.674965
-64.684341
-64.687462
-64.687462
-64.696838
-64.718712
-64.699966
-64.693718
-64.696838
-64.69059
-64.678093
-64.69059
-64.69059
-64.665588
-64.681213
-64.668716
-64.671837
-64.668716
-64.668716
-64.65934
-64.643723
-64.674965
-64.687462
-64.684341
-64.671837
-64.671837
-64.631218
-64.628098
-64.643723
-64.624969
-64.634346
-64.634346
-64.618721
-64.634346
-64.628098
-64.634346
-64.634346
-64.662468
-64.65934
-64.656212
-64.671837
-64.69059
-64.674965
-64.693718
-64.69059
-64.665588
-64.671837
-64.646843
-64.643723
-64.646843
-64.671837
-64.653091
-64.643723
-64.628098
-64.621841
-64.628098
-64.631218
-64.646843
-64.646843
-64.656212
-64.668716
-64.665588
-64.684341
-64.681213
-64.649963
-64.656212
-64.662468
-64.668716
-64.674965
-64.668716
-64.681213
-64.69059
-64.674965
-64.687462
-64.687462
-64.678093
-64.681213
-64.69059
-64.674965
-64.684341
-64.681213
-64.678093
-64.674965
-64.665588
-64.668716
-64.665588
-64.665588
-64.662468
-64.668716
-64.643723
-64.65934
-64.65934
-64.646843
-64.649963
-64.668716
-64.665588
-64.653091
-64.646843
-64.653091
-64.646843
-64.65934
-64.646843
-64.662468
-64.653091
-64.65934
-64.674965
-64.65934
-64.668716
-64.668716
-64.662468
-64.65934
-64.653091
-64.649963
-64.621841
-64.634346
-64.621841
-64.637466
-64.621841
-64.624969
-64.634346
-64.637466
-64.621841
-64.653091
-64.656212
-64.646843
-64.656212
-64.665588
-64.662468
-64.653091
-64.65934
-64.65934
-64.665588
-64.671837
-64.674965
-64.65934
-64.656212
-64.649963
-64.646843
-64.646843
-64.65934
-64.643723
-64.646843
-64.662468
-64.662468
-64.646843
-64.662468
-64.671837
-64.656212
-64.668716
-64.65934
-64.69059
-64.674965
-64.678093
-64.69059
-64.696838
-64.696838
-64.693718
-64.687462
-64.709343
-64.712463
-64.724968
-64.703087
-64.696838
-64.696838
-64.678093
-64.687462
-64.696838
-64.693718
-64.703087
-64.709343
-64.696838
-64.696838
-64.687462
-64.678093
-64.681213
-64.653091
-64.649963
-64.653091
-64.640594
-64.646843
-64.668716
-64.668716
-64.649963
-64.69059
-64.65934
-64.665588
-64.646843
-64.674965
-64.674965
-64.696838
-64.699966
-64.709343
-64.706215
-64.724968
-64.724968
-64.703087
-64.69059
-64.684341
-64.703087
-64.709343
-64.703087
-64.696838
-64.699966
-64.718712
-64.709343
-64.693718
-64.703087
-64.696838
-64.703087
-64.709343
-64.696838
-64.709343
-64.712463
-64.715591
-64.724968
-64.72184
-64.715591
-64.699966
-64.709343
-64.706215
-64.706215
-64.699966
-64.674965
-64.687462
-64.696838
-64.703087
-64.687462
-64.696838
-64.696838
-64.706215
-64.706215
-64.715591
-64.706215
-64.712463
-64.706215
-64.693718
-64.703087
-64.709343
-64.703087
-64.703087
-64.715591
-64.715591
-64.743713
-64.718712
-64.718712
-64.731216
-64.712463
-64.687462
-64.703087
-64.696838
-64.696838
-64.696838
-64.693718
-64.703087
-64.687462
-64.684341
-64.696838
-64.684341
-64.687462
-64.696838
-64.696838
-64.696838
-64.696838
-64.709343
-64.72184
-64.740593
-64.746834
-64.731216
-64.740593
-64.743713
-64.762459
-64.743713
-64.724968
-64.746834
-64.765587
-64.765587
-64.765587
-64.759331
-64.746834
-64.75621
-64.771835
-64.762459
-64.75621
-64.762459
-64.753082
-64.75621
-64.734337
-64.734337
-64.746834
-64.718712
-64.718712
-64.718712
-64.728088
-64.703087
-64.709343
-64.674965
-64.656212
-64.684341
-64.693718
-64.684341
-64.69059
-64.69059
-64.703087
-64.693718
-64.687462
-64.681213
-64.681213
-64.656212
-64.662468
-64.665588
-64.687462
-64.696838
-64.693718
-64.696838
-64.699966
-64.678093
-64.671837
-64.656212
-64.640594
-64.646843
-64.646843
-64.646843
-64.671837
-64.649963
-64.653091
-64.65934
-64.684341
-64.699966
-64.678093
-64.69059
-64.681213
-64.665588
-64.646843
-64.646843
-64.649963
-64.637466
-64.634346
-64.649963
-64.640594
-64.653091
-64.65934
-64.656212
-64.662468
-64.65934
-64.662468
-64.665588
-64.681213
-64.674965
-64.687462
-64.671837
-64.65934
-64.662468
-64.65934
-64.653091
-64.646843
-64.624969
-64.646843
-64.671837
-64.65934
-64.671837
-64.656212
-64.646843
-64.671837
-64.646843
-64.621841
-64.624969
-64.612473
-64.640594
-64.643723
-64.637466
-64.643723
-64.646843
-64.646843
-64.649963
-64.662468
-64.646843
-64.634346
-64.643723
-64.656212
-64.646843
-64.643723
-64.612473
-64.618721
-64.606216
-64.603096
-64.631218
-64.621841
-64.637466
-64.640594
-64.646843
-64.637466
-64.646843
-64.628098
-64.640594
-64.643723
-64.628098
-64.612473
-64.584343
-64.603096
-64.615593
-64.618721
-64.615593
-64.615593
-64.603096
-64.621841
-64.637466
-64.618721
-64.612473
-64.621841
-64.624969
-64.621841
-64.637466
-64.631218
-64.631218
-64.631218
-64.637466
-64.628098
-64.640594
-64.643723
-64.656212
-64.656212
-64.628098
-64.634346
-64.646843
-64.621841
-64.624969
-64.628098
-64.631218
-64.640594
-64.637466
-64.646843
-64.621841
-64.590591
-64.587471
-64.593719
-64.593719
-64.612473
-64.612473
-64.634346
-64.606216
-64.618721
-64.615593
-64.612473
-64.615593
-64.621841
-64.596848
-64.581223
-64.587471
-64.596848
-64.596848
-64.565598
-64.599968
-64.578094
-64.571846
-64.596848
-64.587471
-64.593719
-64.606216
-64.612473
-64.618721
-64.631218
-64.618721
-64.640594
-64.665588
-64.646843
-64.678093
-64.65934
-64.653091
-64.65934
-64.684341
-64.662468
-64.678093
-64.649963
-64.646843
-64.656212
-64.643723
-64.665588
-64.646843
-64.646843
-64.668716
-64.671837
-64.65934
-64.668716
-64.65934
-64.662468
-64.665588
-64.678093
-64.643723
-64.678093
-64.681213
-64.671837
-64.678093
-64.671837
-64.671837
-64.674965
-64.687462
-64.671837
-64.681213
-64.662468
-64.65934
-64.653091
-64.653091
-64.65934
-64.65934
-64.646843
-64.646843
-64.640594
-64.653091
-64.649963
-64.65934
-64.653091
-64.662468
-64.656212
-64.681213
-64.65934
-64.653091
-64.646843
-64.649963
-64.621841
-64.634346
-64.624969
-64.637466
-64.646843
-64.640594
-64.634346
-64.653091
-64.634346
-64.643723
-64.634346
-64.596848
-64.615593
-64.624969
-64.618721
-64.637466
-64.634346
-64.643723
-64.65934
-64.671837
-64.665588
-64.653091
-64.671837
-64.687462
-64.706215
-64.712463
-64.718712
-64.715591
-64.724968
-64.703087
-64.696838
-64.69059
-64.665588
-64.678093
-64.681213
-64.696838
-64.696838
-64.681213
-64.693718
-64.696838
-64.681213
-64.684341
-64.687462
-64.674965
-64.678093
-64.687462
-64.684341
-64.69059
-64.706215
-64.715591
-64.706215
-64.734337
-64.72184
-64.731216
-64.715591
-64.706215
-64.712463
-64.724968
-64.709343
-64.709343
-64.696838
-64.709343
-64.709343
-64.696838
-64.684341
-64.69059
-64.668716
-64.665588
-64.65934
-64.643723
-64.65934
-64.649963
-64.646843
-64.678093
-64.674965
-64.703087
-64.693718
-64.671837
-64.668716
-64.69059
-64.684341
-64.712463
-64.712463
-64.709343
-64.728088
-64.728088
-64.699966
-64.715591
-64.703087
-64.696838
-64.706215
-64.72184
-64.728088
-64.734337
-64.718712
-64.731216
-64.724968
-64.712463
-64.724968
-64.731216
-64.724968
-64.728088
-64.712463
-64.718712
-64.72184
-64.703087
-64.696838
-64.706215
-64.724968
-64.72184
-64.737465
-64.740593
-64.72184
-64.734337
-64.718712
-64.709343
-64.731216
-64.718712
-64.731216
-64.740593
-64.72184
-64.72184
-64.718712
-64.728088
-64.728088
-64.706215
-64.715591
-64.746834
-64.746834
-64.746834
-64.746834
-64.734337
-64.743713
-64.728088
-64.718712
-64.72184
-64.706215
-64.737465
-64.728088
-64.712463
-64.709343
-64.724968
-64.731216
-64.72184
-64.724968
-64.740593
-64.740593
-64.728088
-64.718712
-64.718712
-64.743713
-64.728088
-64.712463
-64.743713
-64.734337
-64.746834
-64.746834
-64.731216
-64.706215
-64.712463
-64.712463
-64.734337
-64.734337
-64.718712
-64.728088
-64.731216
-64.72184
-64.718712
-64.703087
-64.724968
-64.734337
-64.724968
-64.699966
-64.718712
-64.718712
-64.724968
-64.728088
-64.72184
-64.731216
-64.724968
-64.718712
-64.734337
-64.740593
-64.734337
-64.712463
-64.703087
-64.696838
-64.703087
-64.696838
-64.712463
-64.712463
-64.703087
-64.709343
-64.696838
-64.687462
-64.696838
-64.709343
-64.696838
-64.696838
-64.703087
-64.72184
-64.703087
-64.69059
-64.69059
-64.696838
-64.678093
-64.671837
-64.687462
-64.684341
-64.671837
-64.665588
-64.684341
-64.69059
-64.712463
-64.696838
-64.712463
-64.709343
-64.693718
-64.696838
-64.709343
-64.724968
-64.728088
-64.715591
-64.718712
-64.712463
-64.706215
-64.696838
-64.706215
-64.709343
-64.715591
-64.72184
-64.712463
-64.718712
-64.72184
-64.709343
-64.712463
-64.724968
-64.712463
-64.724968
-64.731216
-64.72184
-64.737465
-64.731216
-64.740593
-64.746834
-64.724968
-64.740593
-64.746834
-64.740593
-64.734337
-64.746834
-64.740593
-64.709343
-64.72184
-64.715591
-64.718712
-64.712463
-64.734337
-64.724968
-64.749962
-64.734337
-64.718712
-64.724968
-64.724968
-64.737465
-64.728088
-64.703087
-64.724968
-64.72184
-64.72184
-64.731216
-64.709343
-64.696838
-64.709343
-64.693718
-64.693718
-64.693718
-64.69059
-64.696838
-64.69059
-64.696838
-64.715591
-64.709343
-64.684341
-64.687462
-64.684341
-64.703087
-64.696838
-64.699966
-64.687462
-64.696838
-64.696838
-64.693718
-64.69059
-64.696838
-64.699966
-64.706215
-64.703087
-64.709343
-64.72184
-64.709343
-64.709343
-64.718712
-64.718712
-64.696838
-64.706215
-64.706215
-64.715591
-64.696838
-64.693718
-64.699966
-64.696838
-64.662468
-64.693718
-64.681213
-64.69059
-64.681213
-64.681213
-64.684341
-64.668716
-64.678093
-64.674965
-64.671837
-64.696838
-64.696838
-64.709343
-64.696838
-64.699966
-64.696838
-64.69059
-64.696838
-64.699966
-64.687462
-64.703087
-64.718712
-64.699966
-64.709343
-64.69059
-64.696838
-64.69059
-64.687462
-64.668716
-64.671837
-64.678093
-64.69059
-64.684341
-64.696838
-64.699966
-64.703087
-64.69059
-64.715591
-64.712463
-64.718712
-64.699966
-64.671837
-64.699966
-64.712463
-64.703087
-64.696838
-64.696838
-64.69059
-64.709343
-64.684341
-64.684341
-64.674965
-64.653091
-64.65934
-64.665588
-64.681213
-64.684341
-64.709343
-64.699966
-64.696838
-64.706215
-64.703087
-64.718712
-64.696838
-64.69059
-64.681213
-64.699966
-64.693718
-64.693718
-64.69059
-64.678093
-64.696838
-64.678093
-64.653091
-64.668716
-64.674965
-64.69059
-64.684341
-64.706215
-64.687462
-64.699966
-64.699966
-64.69059
-64.696838
-64.696838
-64.696838
-64.687462
-64.678093
-64.699966
-64.684341
-64.674965
-64.674965
-64.681213
-64.696838
-64.712463
-64.69059
-64.696838
-64.699966
-64.693718
-64.696838
-64.696838
-64.684341
-64.668716
-64.687462
-64.681213
-64.684341
-64.715591
-64.712463
-64.715591
-64.696838
-64.668716
-64.678093
-64.681213
-64.696838
-64.696838
-64.684341
-64.696838
-64.699966
-64.696838
-64.678093
-64.678093
-64.668716
-64.693718
-64.712463
-64.709343
-64.737465
-64.715591
-64.709343
-64.731216
-64.72184
-64.72184
-64.743713
-64.75621
-64.743713
-64.746834
-64.703087
-64.706215
-64.715591
-64.696838
-64.696838
-64.718712
-64.718712
-64.734337
-64.737465
-64.731216
-64.740593
-64.737465
-64.724968
-64.743713
-64.737465
-64.715591
-64.746834
-64.740593
-64.718712
-64.731216
-64.703087
-64.696838
-64.709343
-64.712463
-64.718712
-64.718712
-64.734337
-64.734337
-64.746834
-64.753082
-64.746834
-64.737465
-64.728088
-64.734337
-64.72184
-64.712463
-64.72184
-64.696838
-64.699966
-64.699966
-64.696838
-64.696838
-64.709343
-64.684341
-64.703087
-64.684341
-64.696838
-64.687462
-64.712463
-64.712463
-64.712463
-64.706215
-64.687462
-64.699966
-64.709343
-64.684341
-64.703087
-64.696838
-64.699966
-64.715591
-64.724968
-64.712463
-64.696838
-64.693718
-64.687462
-64.687462
-64.696838
-64.696838
-64.703087
-64.687462
-64.696838
-64.696838
-64.706215
-64.696838
-64.684341
-64.69059
-64.696838
-64.696838
-64.699966
-64.731216
-64.724968
-64.72184
-64.740593
-64.734337
-64.734337
-64.724968
-64.709343
-64.746834
-64.75621
-64.734337
-64.746834
-64.746834
-64.718712
-64.699966
-64.718712
-64.693718
-64.684341
-64.696838
-64.696838
-64.696838
-64.696838
-64.696838
-64.696838
-64.693718
-64.674965
-64.69059
-64.684341
-64.699966
-64.696838
-64.684341
-64.674965
-64.671837
-64.684341
-64.696838
-64.687462
-64.674965
-64.709343
-64.693718
-64.684341
-64.668716
-64.656212
-64.653091
-64.646843
-64.668716
-64.69059
-64.687462
-64.662468
-64.662468
-64.640594
-64.634346
-64.631218
-64.640594
-64.656212
-64.653091
-64.656212
-64.653091
-64.656212
-64.653091
-64.653091
-64.649963
-64.662468
-64.674965
-64.69059
-64.703087
-64.696838
-64.718712
-64.72184
-64.712463
-64.728088
-64.724968
-64.731216
-64.734337
-64.72184
-64.724968
-64.715591
-64.69059
-64.696838
-64.703087
-64.693718
-64.696838
-64.72184
-64.731216
-64.740593
-64.709343
-64.712463
-64.712463
-64.718712
-64.724968
-64.709343
-64.724968
-64.737465
-64.715591
-64.72184
-64.728088
-64.746834
-64.734337
-64.734337
-64.731216
-64.731216
-64.72184
-64.746834
-64.759331
-64.765587
-64.765587
-64.749962
-64.759331
-64.749962
-64.740593
-64.765587
-64.759331
-64.771835
-64.774956
-64.774956
-64.771835
-64.762459
-64.781212
-64.759331
-64.753082
-64.749962
-64.753082
-64.753082
-64.759331
-64.746834
-64.765587
-64.746834
-64.740593
-64.740593
-64.734337
-64.731216
-64.706215
-64.728088
-64.731216
-64.728088
-64.731216
-64.746834
-64.740593
-64.740593
-64.734337
-64.743713
-64.731216
-64.746834
-64.72184
-64.737465
-64.712463
-64.718712
-64.72184
-64.740593
-64.724968
-64.737465
-64.740593
-64.746834
-64.734337
-64.746834
-64.724968
-64.724968
-64.734337
-64.746834
-64.740593
-64.737465
-64.75621
-64.749962
-64.75621
-64.740593
-64.749962
-64.749962
-64.749962
-64.749962
-64.743713
-64.746834
-64.749962
-64.768707
-64.774956
-64.759331
-64.759331
-64.753082
-64.75621
-64.749962
-64.749962
-64.746834
-64.753082
-64.765587
-64.753082
-64.762459
-64.762459
-64.75621
-64.753082
-64.762459
-64.771835
-64.778084
-64.753082
-64.753082
-64.75621
-64.746834
-64.746834
-64.743713
-64.724968
-64.734337
-64.737465
-64.746834
-64.759331
-64.740593
-64.75621
-64.746834
-64.771835
-64.765587
-64.759331
-64.774956
-64.75621
-64.768707
-64.778084
-64.762459
-64.768707
-64.781212
-64.781212
-64.765587
-64.768707
-64.778084
-64.790581
-64.781212
-64.790581
-64.799957
-64.784332
-64.790581
-64.781212
-64.768707
-64.771835
-64.771835
-64.78746
-64.796837
-64.790581
-64.793709
-64.793709
-64.796837
-64.796837
-64.803085
-64.793709
-64.81871
-64.812462
-64.803085
-64.815582
-64.806206
-64.796837
-64.799957
-64.790581
-64.78746
-64.796837
-64.790581
-64.793709
-64.799957
-64.806206
-64.799957
-64.815582
-64.799957
-64.793709
-64.806206
-64.796837
-64.809334
-64.837456
-64.821831
-64.821831
-64.809334
-64.806206
-64.809334
-64.796837
-64.796837
-64.803085
-64.799957
-64.796837
-64.796837
-64.790581
-64.784332
-64.774956
-64.759331
-64.768707
-64.784332
-64.762459
-64.762459
-64.774956
-64.746834
-64.749962
-64.746834
-64.753082
-64.778084
-64.774956
-64.749962
-64.762459
-64.749962
-64.762459
-64.765587
-64.746834
-64.784332
-64.778084
-64.768707
-64.784332
-64.765587
-64.781212
-64.771835
-64.771835
-64.784332
-64.774956
-64.796837
-64.781212
-64.803085
-64.824959
-64.809334
-64.821831
-64.828087
-64.843712
-64.849953
-64.846832
-64.846832
-64.849953
-64.846832
-64.846832
-64.846832
-64.840584
-64.843712
-64.840584
-64.834335
-64.846832
-64.831207
-64.843712
-64.843712
-64.837456
-64.815582
-64.834335
-64.837456
-64.853081
-64.846832
-64.846832
-64.846832
-64.828087
-64.831207
-64.821831
-64.840584
-64.831207
-64.824959
-64.840584
-64.831207
-64.828087
-64.837456
-64.815582
-64.821831
-64.81871
-64.824959
-64.834335
-64.815582
-64.834335
-64.849953
-64.828087
-64.849953
-64.846832
-64.821831
-64.821831
-64.828087
-64.81871
-64.815582
-64.806206
-64.809334
-64.812462
-64.828087
-64.793709
-64.796837
-64.781212
-64.774956
-64.796837
-64.784332
-64.803085
-64.81871
-64.806206
-64.799957
-64.806206
-64.803085
-64.796837
-64.831207
-64.81871
-64.809334
-64.796837
-64.796837
-64.806206
-64.790581
-64.790581
-64.790581
-64.784332
-64.793709
-64.803085
-64.806206
-64.778084
-64.796837
-64.784332
-64.765587
-64.771835
-64.753082
-64.765587
-64.759331
-64.740593
-64.749962
-64.759331
-64.746834
-64.746834
-64.734337
-64.731216
-64.737465
-64.724968
-64.712463
-64.724968
-64.728088
-64.746834
-64.734337
-64.753082
-64.753082
-64.765587
-64.774956
-64.793709
-64.778084
-64.778084
-64.790581
-64.784332
-64.778084
-64.784332
-64.790581
-64.799957
-64.793709
-64.793709
-64.796837
-64.821831
-64.809334
-64.799957
-64.812462
-64.799957
-64.806206
-64.799957
-64.796837
-64.790581
-64.81871
-64.806206
-64.809334
-64.784332
-64.771835
-64.778084
-64.771835
-64.759331
-64.78746
-64.762459
-64.774956
-64.790581
-64.768707
-64.774956
-64.771835
-64.753082
-64.768707
-64.781212
-64.765587
-64.778084
-64.778084
-64.762459
-64.796837
-64.790581
-64.809334
-64.799957
-64.796837
-64.784332
-64.796837
-64.793709
-64.793709
-64.799957
-64.803085
-64.812462
-64.834335
-64.809334
-64.837456
-64.824959
-64.812462
-64.837456
-64.809334
-64.796837
-64.809334
-64.821831
-64.809334
-64.806206
-64.790581
-64.793709
-64.796837
-64.771835
-64.768707
-64.768707
-64.771835
-64.774956
-64.781212
-64.768707
-64.762459
-64.781212
-64.774956
-64.765587
-64.765587
-64.765587
-64.778084
-64.78746
-64.765587
-64.753082
-64.749962
-64.746834
-64.753082
-64.759331
-64.753082
-64.746834
-64.746834
-64.746834
-64.749962
-64.746834
-64.740593
-64.740593
-64.734337
-64.740593
-64.740593
-64.724968
-64.709343
-64.703087
-64.706215
-64.737465
-64.746834
-64.746834
-64.718712
-64.734337
-64.72184
-64.746834
-64.718712
-64.731216
-64.743713
-64.724968
-64.737465
-64.724968
-64.734337
-64.746834
-64.740593
-64.743713
-64.746834
-64.737465
-64.724968
-64.753082
-64.746834
-64.737465
-64.759331
-64.743713
-64.737465
-64.746834
-64.718712
-64.724968
-64.740593
-64.743713
-64.743713
-64.743713
-64.740593
-64.746834
-64.746834
-64.743713
-64.746834
-64.746834
-64.746834
-64.740593
-64.740593
-64.746834
-64.737465
-64.749962
-64.728088
-64.724968
-64.712463
-64.724968
-64.72184
-64.703087
-64.693718
-64.696838
-64.662468
-64.65934
-64.684341
-64.671837
-64.674965
-64.674965
-64.662468
-64.699966
-64.678093
-64.678093
-64.681213
-64.671837
-64.678093
-64.646843
-64.624969
-64.596848
-64.606216
-64.590591
-64.568718
-64.556221
-64.543724
-64.546844
-64.543724
-64.534348
-64.534348
-64.534348
-64.534348
-64.537476
-64.509346
-64.531227
-64.509346
-64.496849
-64.490601
-64.509346
-64.496849
-64.468727
-64.474976
-64.462471
-64.474976
-64.487473
-64.481224
-64.493721
-64.490601
-64.490601
-64.471848
-64.490601
-64.465599
-64.474976
-64.481224
-64.478096
-64.487473
-64.465599
-64.478096
-64.487473
-64.459351
-64.428101
-64.437477
-64.437477
-64.434357
-64.418732
-64.434357
-64.440605
-64.434357
-64.437477
-64.431229
-64.440605
-64.440605
-64.453102
-64.440605
-64.431229
-64.437477
-64.431229
-64.42498
-64.443726
-64.453102
-64.446854
-64.446854
-64.453102
-64.449974
-64.465599
-64.446854
-64.440605
-64.42498
-64.418732
-64.434357
-64.42498
-64.396851
-64.399979
-64.387482
-64.409355
-64.421852
-64.406227
-64.415604
-64.418732
-64.428101
-64.431229
-64.415604
-64.42498
-64.421852
-64.415604
-64.421852
-64.415604
-64.431229
-64.428101
-64.437477
-64.443726
-64.415604
-64.428101
-64.431229
-64.415604
-64.431229
-64.431229
-64.409355
-64.418732
-64.431229
-64.421852
-64.415604
-64.415604
-64.434357
-64.434357
-64.431229
-64.446854
-64.434357
-64.434357
-64.465599
-64.462471
-64.453102
-64.459351
-64.453102
-64.453102
-64.459351
-64.443726
-64.462471
-64.459351
-64.434357
-64.443726
-64.440605
-64.431229
-64.446854
-64.465599
-64.449974
-64.459351
-64.465599
-64.456223
-64.478096
-64.468727
-64.462471
-64.468727
-64.468727
-64.465599
-64.465599
-64.478096
-64.453102
-64.478096
-64.493721
-64.496849
-64.493721
-64.481224
-64.487473
-64.468727
-64.490601
-64.496849
-64.518723
-64.496849
-64.503098
-64.484352
-64.481224
-64.509346
-64.521851
-64.512474
-64.509346
-64.506226
-64.503098
-64.506226
-64.509346
-64.515602
-64.512474
-64.493721
-64.484352
-64.496849
-64.490601
-64.496849
-64.503098
-64.496849
-64.496849
-64.496849
-64.493721
-64.509346
-64.515602
-64.496849
-64.512474
-64.509346
-64.506226
-64.515602
-64.499977
-64.506226
-64.509346
-64.496849
-64.512474
-64.503098
-64.499977
-64.521851
-64.521851
-64.515602
-64.499977
-64.487473
-64.487473
-64.496849
-64.496849
-64.484352
-64.478096
-64.484352
-64.496849
-64.490601
-64.490601
-64.503098
-64.524971
-64.531227
-64.549973
-64.540596
-64.543724
-64.549973
-64.528099
-64.521851
-64.546844
-64.546844
-64.531227
-64.543724
-64.515602
-64.537476
-64.543724
-64.531227
-64.546844
-64.553093
-64.528099
-64.521851
-64.512474
-64.515602
-64.506226
-64.496849
-64.518723
-64.515602
-64.512474
-64.521851
-64.531227
-64.534348
-64.531227
-64.546844
-64.540596
-64.537476
-64.546844
-64.559341
-64.559341
-64.578094
-64.540596
-64.559341
-64.556221
-64.549973
-64.543724
-64.537476
-64.534348
-64.524971
-64.546844
-64.534348
-64.537476
-64.534348
-64.528099
-64.521851
-64.512474
-64.512474
-64.521851
-64.515602
-64.540596
-64.534348
-64.549973
-64.546844
-64.565598
-64.549973
-64.559341
-64.528099
-64.515602
-64.537476
-64.537476
-64.512474
-64.518723
-64.534348
-64.537476
-64.540596
-64.509346
-64.521851
-64.528099
-64.521851
-64.524971
-64.534348
-64.534348
-64.515602
-64.537476
-64.537476
-64.553093
-64.559341
-64.549973
-64.556221
-64.571846
-64.556221
-64.562469
-64.556221
-64.543724
-64.540596
-64.546844
-64.537476
-64.553093
-64.559341
-64.574966
-64.581223
-64.590591
-64.581223
-64.571846
-64.587471
-64.587471
-64.596848
-64.584343
-64.603096
-64.603096
-64.593719
-64.612473
-64.596848
-64.578094
-64.593719
-64.596848
-64.590591
-64.584343
-64.562469
-64.568718
-64.568718
-64.578094
-64.596848
-64.603096
-64.596848
-64.562469
-64.559341
-64.553093
-64.559341
-64.578094
-64.571846
-64.581223
-64.590591
-64.581223
-64.587471
-64.587471
-64.593719
-64.590591
-64.587471
-64.590591
-64.581223
-64.571846
-64.578094
-64.584343
-64.599968
-64.593719
-64.596848
-64.615593
-64.624969
-64.615593
-64.615593
-64.624969
-64.612473
-64.596848
-64.603096
-64.590591
-64.609344
-64.621841
-64.603096
-64.612473
-64.612473
-64.596848
-64.603096
-64.596848
-64.587471
-64.587471
-64.571846
-64.581223
-64.590591
-64.587471
-64.587471
-64.581223
-64.562469
-64.568718
-64.565598
-64.549973
-64.540596
-64.562469
-64.571846
-64.571846
-64.584343
-64.596848
-64.578094
-64.584343
-64.553093
-64.553093
-64.562469
-64.565598
-64.565598
-64.578094
-64.571846
-64.584343
-64.565598
-64.556221
-64.568718
-64.549973
-64.543724
-64.537476
-64.534348
-64.546844
-64.543724
-64.524971
-64.521851
-64.521851
-64.512474
-64.531227
-64.534348
-64.531227
-64.518723
-64.515602
-64.503098
-64.528099
-64.518723
-64.537476
-64.540596
-64.543724
-64.524971
-64.521851
-64.537476
-64.506226
-64.546844
-64.537476
-64.546844
-64.546844
-64.543724
-64.543724
-64.515602
-64.515602
-64.512474
-64.518723
-64.490601
-64.490601
-64.474976
-64.462471
-64.474976
-64.465599
-64.471848
-64.496849
-64.468727
-64.481224
-64.490601
-64.471848
-64.487473
-64.453102
-64.428101
-64.446854
-64.453102
-64.487473
-64.496849
-64.468727
-64.490601
-64.474976
-64.487473
-64.478096
-64.496849
-64.499977
-64.490601
-64.496849
-64.496849
-64.493721
-64.481224
-64.468727
-64.465599
-64.474976
-64.493721
-64.487473
-64.528099
-64.496849
-64.503098
-64.493721
-64.487473
-64.499977
-64.503098
-64.496849
-64.496849
-64.521851
-64.503098
-64.506226
-64.503098
-64.528099
-64.503098
-64.481224
-64.493721
-64.512474
-64.496849
-64.499977
-64.531227
-64.509346
-64.524971
-64.496849
-64.506226
-64.493721
-64.496849
-64.487473
-64.496849
-64.487473
-64.484352
-64.496849
-64.496849
-64.496849
-64.496849
-64.503098
-64.521851
-64.521851
-64.512474
-64.509346
-64.499977
-64.499977
-64.499977
-64.515602
-64.521851
-64.518723
-64.534348
-64.518723
-64.537476
-64.512474
-64.499977
-64.496849
-64.512474
-64.521851
-64.518723
-64.512474
-64.515602
-64.515602
-64.518723
-64.506226
-64.515602
-64.506226
-64.503098
-64.521851
-64.509346
-64.518723
-64.512474
-64.518723
-64.515602
-64.509346
-64.499977
-64.515602
-64.515602
-64.518723
-64.543724
-64.543724
-64.546844
-64.565598
-64.565598
-64.568718
-64.574966
-64.562469
-64.537476
-64.546844
-64.546844
-64.543724
-64.524971
-64.528099
-64.524971
-64.518723
-64.528099
-64.518723
-64.537476
-64.534348
-64.537476
-64.521851
-64.509346
-64.512474
-64.512474
-64.506226
-64.506226
-64.506226
-64.515602
-64.518723
-64.512474
-64.521851
-64.515602
-64.506226
-64.512474
-64.506226
-64.496849
-64.506226
-64.506226
-64.506226
-64.503098
-64.521851
-64.512474
-64.518723
-64.496849
-64.478096
-64.496849
-64.459351
-64.481224
-64.496849
-64.496849
-64.515602
-64.499977
-64.490601
-64.493721
-64.512474
-64.521851
-64.528099
-64.499977
-64.493721
-64.493721
-64.478096
-64.474976
-64.471848
-64.474976
-64.449974
-64.471848
-64.456223
-64.484352
-64.462471
-64.465599
-64.481224
-64.478096
-64.459351
-64.474976
-64.468727
-64.484352
-64.481224
-64.487473
-64.506226
-64.496849
-64.474976
-64.481224
-64.462471
-64.459351
-64.440605
-64.437477
-64.459351
-64.465599
-64.496849
-64.471848
-64.499977
-64.487473
-64.484352
-64.478096
-64.459351
-64.446854
-64.465599
-64.474976
-64.493721
-64.484352
-64.496849
-64.490601
-64.521851
-64.503098
-64.518723
-64.496849
-64.484352
-64.496849
-64.496849
-64.499977
-64.481224
-64.471848
-64.471848
-64.478096
-64.481224
-64.471848
-64.478096
-64.478096
-64.481224
-64.484352
-64.468727
-64.471848
-64.474976
-64.471848
-64.474976
-64.465599
-64.449974
-64.453102
-64.471848
-64.484352
-64.499977
-64.515602
-64.543724
-64.553093
-64.556221
-64.546844
-64.549973
-64.546844
-64.543724
-64.546844
-64.531227
-64.540596
-64.512474
-64.537476
-64.524971
-64.553093
-64.546844
-64.559341
-64.546844
-64.540596
-64.528099
-64.503098
-64.515602
-64.515602
-64.521851
-64.534348
-64.553093
-64.553093
-64.546844
-64.559341
-64.546844
-64.565598
-64.562469
-64.556221
-64.546844
-64.543724
-64.534348
-64.559341
-64.546844
-64.543724
-64.546844
-64.540596
-64.528099
-64.531227
-64.512474
-64.506226
-64.509346
-64.496849
-64.509346
-64.524971
-64.531227
-64.515602
-64.509346
-64.506226
-64.512474
-64.496849
-64.496849
-64.496849
-64.509346
-64.512474
-64.496849
-64.496849
-64.493721
-64.509346
-64.496849
-64.496849
-64.481224
-64.471848
-64.474976
-64.493721
-64.496849
-64.471848
-64.496849
-64.506226
-64.487473
-64.496849
-64.499977
-64.496849
-64.493721
-64.490601
-64.484352
-64.487473
-64.487473
-64.487473
-64.487473
-64.496849
-64.503098
-64.493721
-64.490601
-64.506226
-64.496849
-64.496849
-64.518723
-64.515602
-64.509346
-64.509346
-64.493721
-64.490601
-64.496849
-64.499977
-64.487473
-64.512474
-64.515602
-64.528099
-64.521851
-64.509346
-64.531227
-64.537476
-64.518723
-64.515602
-64.509346
-64.509346
-64.515602
-64.506226
-64.521851
-64.531227
-64.515602
-64.528099
-64.524971
-64.490601
-64.503098
-64.490601
-64.471848
-64.496849
-64.493721
-64.493721
-64.481224
-64.493721
-64.496849
-64.506226
-64.496849
-64.496849
-64.515602
-64.528099
-64.528099
-64.546844
-64.515602
-64.512474
-64.515602
-64.512474
-64.503098
-64.506226
-64.490601
-64.515602
-64.503098
-64.506226
-64.512474
-64.528099
-64.537476
-64.537476
-64.509346
-64.537476
-64.546844
-64.521851
-64.534348
-64.534348
-64.537476
-64.521851
-64.509346
-64.499977
-64.496849
-64.484352
-64.487473
-64.496849
-64.499977
-64.515602
-64.537476
-64.537476
-64.553093
-64.549973
-64.546844
-64.540596
-64.534348
-64.524971
-64.553093
-64.546844
-64.543724
-64.534348
-64.515602
-64.528099
-64.512474
-64.515602
-64.515602
-64.521851
-64.493721
-64.499977
-64.512474
-64.496849
-64.496849
-64.515602
-64.512474
-64.499977
-64.515602
-64.512474
-64.499977
-64.528099
-64.512474
-64.515602
-64.534348
-64.512474
-64.537476
-64.534348
-64.521851
-64.515602
-64.515602
-64.499977
-64.496849
-64.503098
-64.496849
-64.512474
-64.509346
-64.509346
-64.524971
-64.512474
-64.528099
-64.496849
-64.512474
-64.499977
-64.509346
-64.493721
-64.490601
-64.487473
-64.484352
-64.490601
-64.471848
-64.478096
-64.484352
-64.506226
-64.512474
-64.503098
-64.496849
-64.521851
-64.534348
-64.528099
-64.534348
-64.543724
-64.546844
-64.556221
-64.546844
-64.546844
-64.568718
-64.559341
-64.559341
-64.562469
-64.534348
-64.543724
-64.546844
-64.559341
-64.553093
-64.546844
-64.543724
-64.543724
-64.543724
-64.549973
-64.540596
-64.540596
-64.540596
-64.546844
-64.531227
-64.524971
-64.537476
-64.546844
-64.521851
-64.543724
-64.534348
-64.499977
-64.515602
-64.528099
-64.518723
-64.509346
-64.531227
-64.546844
-64.562469
-64.565598
-64.562469
-64.549973
-64.543724
-64.534348
-64.546844
-64.521851
-64.546844
-64.553093
-64.531227
-64.531227
-64.521851
-64.543724
-64.543724
-64.543724
-64.562469
-64.546844
-64.534348
-64.540596
-64.546844
-64.549973
-64.568718
-64.587471
-64.578094
-64.571846
-64.568718
-64.562469
-64.590591
-64.596848
-64.574966
-64.590591
-64.603096
-64.574966
-64.587471
-64.556221
-64.549973
-64.546844
-64.543724
-64.559341
-64.590591
-64.581223
-64.584343
-64.578094
-64.553093
-64.574966
-64.587471
-64.571846
-64.587471
-64.574966
-64.574966
-64.571846
-64.578094
-64.556221
-64.568718
-64.553093
-64.546844
-64.578094
-64.556221
-64.562469
-64.571846
-64.590591
-64.596848
-64.596848
-64.581223
-64.584343
-64.581223
-64.590591
-64.590591
-64.596848
-64.603096
-64.578094
-64.603096
-64.578094
-64.584343
-64.584343
-64.568718
-64.568718
-64.590591
-64.578094
-64.596848
-64.612473
-64.596848
-64.603096
-64.565598
-64.559341
-64.565598
-64.559341
-64.553093
-64.571846
-64.549973
-64.578094
-64.559341
-64.549973
-64.543724
-64.540596
-64.553093
-64.553093
-64.534348
-64.503098
-64.528099
-64.515602
-64.524971
-64.515602
-64.537476
-64.546844
-64.546844
-64.543724
-64.556221
-64.562469
-64.556221
-64.534348
-64.553093
-64.571846
-64.571846
-64.584343
-64.574966
-64.571846
-64.549973
-64.565598
-64.587471
-64.578094
-64.568718
-64.556221
-64.546844
-64.540596
-64.553093
-64.562469
-64.568718
-64.568718
-64.562469
-64.584343
-64.584343
-64.587471
-64.574966
-64.571846
-64.596848
-64.603096
-64.590591
-64.578094
-64.593719
-64.581223
-64.578094
-64.565598
-64.568718
-64.593719
-64.568718
-64.553093
-64.546844
-64.546844
-64.546844
-64.546844
-64.546844
-64.546844
-64.528099
-64.524971
-64.528099
-64.534348
-64.515602
-64.512474
-64.540596
-64.546844
-64.546844
-64.556221
-64.553093
-64.574966
-64.553093
-64.565598
-64.559341
-64.574966
-64.584343
-64.565598
-64.546844
-64.546844
-64.559341
-64.549973
-64.546844
-64.568718
-64.549973
