-64.874954
-64.899956
-64.896828
-64.878082
-64.890579
-64.896828
-64.884331
-64.878082
-64.871826
-64.862457
-64.856201
-64.831207
-64.840584
-64.878082
-64.865578
-64.865578
-64.859329
-64.865578
-64.868706
-64.871826
-64.868706
-64.896828
-64.859329
-64.856201
-64.874954
-64.884331
-64.893707
-64.906204
-64.896828
-64.906204
-64.928078
-64.909332
-64.906204
-64.899956
-64.893707
-64.896828
-64.896828
-64.871826
-64.881203
-64.884331
-64.884331
-64.893707
-64.896828
-64.865578
-64.887451
-64.881203
-64.881203
-64.890579
-64.893707
-64.896828
-64.899956
-64.890579
-64.884331
-64.887451
-64.878082
-64.881203
-64.887451
-64.865578
-64.878082
-64.878082
-64.878082
-64.849953
-64.856201
-64.853081
-64.859329
-64.859329
-64.853081
-64.846832
-64.871826
-64.862457
-64.890579
-64.881203
-64.862457
-64.890579
-64.878082
-64.868706
-64.874954
-64.878082
-64.896828
-64.899956
-64.912453
-64.887451
-64.896828
-64.878082
-64.874954
-64.874954
-64.893707
-64.881203
-64.871826
-64.878082
-64.868706
-64.859329
-64.834335
-64.853081
-64.868706
-64.862457
-64.865578
-64.874954
-64.871826
-64.893707
-64.865578
-64.859329
-64.856201
-64.859329
-64.862457
-64.871826
-64.868706
-64.846832
-64.862457
-64.859329
-64.874954
-64.890579
-64.887451
-64.881203
-64.871826
-64.865578
-64.856201
-64.862457
-64.859329
-64.881203
-64.893707
-64.856201
-64.865578
-64.868706
-64.865578
-64.871826
-64.868706
-64.856201
-64.874954
-64.862457
-64.862457
-64.862457
-64.853081
-64.856201
-64.884331
-64.881203
-64.890579
-64.899956
-64.878082
-64.881203
-64.874954
-64.853081
-64.865578
-64.862457
-64.878082
-64.871826
-64.890579
-64.881203
-64.887451
-64.903076
-64.878082
-64.899956
-64.890579
-64.887451
-64.896828
-64.899956
-64.890579
-64.906204
-64.915581
-64.887451
-64.871826
-64.853081
-64.853081
-64.859329
-64.859329
-64.868706
-64.865578
-64.859329
-64.862457
-64.868706
-64.856201
-64.853081
-64.853081
-64.840584
-64.865578
-64.868706
-64.874954
-64.899956
-64.878082
-64.878082
-64.865578
-64.874954
-64.878082
-64.903076
-64.893707
-64.890579
-64.906204
-64.906204
-64.896828
-64.884331
-64.874954
-64.893707
-64.896828
-64.871826
-64.868706
-64.881203
-64.881203
-64.881203
-64.893707
-64.903076
-64.896828
-64.906204
-64.915581
-64.924957
-64.921829
-64.906204
-64.915581
-64.909332
-64.893707
-64.887451
-64.890579
-64.896828
-64.896828
-64.896828
-64.906204
-64.915581
-64.918701
-64.906204
-64.909332
-64.884331
-64.896828
-64.887451
-64.881203
-64.903076
-64.909332
-64.912453
-64.915581
-64.896828
-64.899956
-64.915581
-64.915581
-64.921829
-64.906204
-64.924957
-64.921829
-64.912453
-64.912453
-64.918701
-64.915581
-64.896828
-64.884331
-64.884331
-64.878082
-64.896828
-64.896828
-64.884331
-64.909332
-64.924957
-64.887451
-64.893707
-64.896828
-64.893707
-64.928078
-64.940582
-64.934326
-64.934326
-64.943703
-64.909332
-64.946823
-64.934326
-64.924957
-64.946823
-64.946823
-64.928078
-64.931206
-64.909332
-64.918701
-64.924957
-64.903076
-64.903076
-64.906204
-64.881203
-64.874954
-64.896828
-64.881203
-64.903076
-64.912453
-64.893707
-64.918701
-64.912453
-64.912453
-64.918701
-64.912453
-64.906204
-64.918701
-64.906204
-64.903076
-64.896828
-64.893707
-64.903076
-64.931206
-64.924957
-64.918701
-64.921829
-64.924957
-64.906204
-64.921829
-64.899956
-64.906204
-64.906204
-64.893707
-64.906204
-64.887451
-64.909332
-64.915581
-64.912453
-64.915581
-64.912453
-64.906204
-64.896828
-64.937454
-64.934326
-64.937454
-64.931206
-64.937454
-64.924957
-64.937454
-64.937454
-64.946823
-64.940582
-64.912453
-64.909332
-64.915581
-64.934326
-64.931206
-64.918701
-64.906204
-64.921829
-64.937454
-64.946823
-64.928078
-64.928078
-64.934326
-64.959328
-64.940582
-64.915581
-64.931206
-64.924957
-64.940582
-64.934326
-64.934326
-64.940582
-64.946823
-64.928078
-64.899956
-64.903076
-64.903076
-64.884331
-64.896828
-64.887451
-64.903076
-64.896828
-64.909332
-64.912453
-64.928078
-64.924957
-64.928078
-64.931206
-64.915581
-64.921829
-64.906204
-64.921829
-64.934326
-64.931206
-64.918701
-64.928078
-64.918701
-64.928078
-64.924957
-64.921829
-64.931206
-64.946823
-64.934326
-64.918701
-64.931206
-64.940582
-64.946823
-64.946823
-64.928078
-64.921829
-64.915581
-64.912453
-64.931206
-64.918701
-64.934326
-64.937454
-64.912453
-64.906204
-64.921829
-64.918701
-64.896828
-64.909332
-64.881203
-64.887451
-64.896828
-64.887451
-64.890579
-64.903076
-64.878082
-64.874954
-64.853081
-64.846832
-64.856201
-64.862457
-64.881203
-64.884331
-64.890579
-64.887451
-64.899956
-64.893707
-64.896828
-64.921829
-64.909332
-64.903076
-64.928078
-64.921829
-64.921829
-64.931206
-64.924957
-64.915581
-64.928078
-64.921829
-64.928078
-64.928078
-64.906204
-64.940582
-64.946823
-64.928078
-64.931206
-64.931206
-64.921829
-64.934326
-64.931206
-64.921829
-64.924957
-64.946823
-64.921829
-64.953072
-64.946823
-64.918701
-64.928078
-64.928078
-64.931206
-64.946823
-64.928078
-64.940582
-64.953072
-64.943703
-64.928078
-64.931206
-64.912453
-64.924957
-64.934326
-64.931206
-64.946823
-64.924957
-64.924957
-64.943703
-64.946823
-64.918701
-64.921829
-64.934326
-64.921829
-64.909332
-64.915581
-64.921829
-64.946823
-64.940582
-64.931206
-64.937454
-64.928078
-64.915581
-64.934326
-64.937454
-64.943703
-64.953072
-64.931206
-64.937454
-64.965576
-64.934326
-64.959328
-64.946823
-64.953072
-64.9562
-64.953072
-64.918701
-64.949951
-64.943703
-64.934326
-64.937454
-64.940582
-64.940582
-64.9562
-64.962448
-64.962448
-64.953072
-64.940582
-64.924957
-64.921829
-64.931206
-64.928078
-64.946823
-64.934326
-64.940582
-64.953072
-64.946823
-64.943703
-64.9562
-64.949951
-64.974953
-64.98745
-64.968697
-64.98745
-64.978073
-64.993698
-64.999947
-64.98745
-64.962448
-64.971825
-64.971825
-64.965576
-65.006203
-64.996826
-64.990578
-64.990578
-64.984322
-64.965576
-64.965576
-64.949951
-64.962448
-64.981201
-64.965576
-64.959328
-64.953072
-64.959328
-64.9562
-64.968697
-64.943703
-64.946823
-64.946823
-64.931206
-64.949951
-64.946823
-64.953072
-64.971825
-64.971825
-64.978073
-64.968697
-64.946823
-64.953072
-64.943703
-64.943703
-64.953072
-64.949951
-64.918701
-64.946823
-64.959328
-64.949951
-64.968697
-64.959328
-64.953072
-64.953072
-64.968697
-64.953072
-64.965576
-64.949951
-64.928078
-64.949951
-64.959328
-64.9562
-64.953072
-64.918701
-64.931206
-64.946823
-64.953072
-64.965576
-64.984322
-64.968697
-64.968697
-64.968697
-64.962448
-64.971825
-64.971825
-64.971825
-64.981201
-64.984322
-64.984322
-64.996826
-64.999947
-64.984322
-64.968697
-64.9562
-64.9562
-64.962448
-64.953072
-64.949951
-64.959328
-64.968697
-64.971825
-64.974953
-64.959328
-64.946823
-64.962448
-64.949951
-64.971825
-64.984322
-64.990578
-64.971825
-64.999947
-64.990578
-64.996826
-64.996826
-64.971825
-64.990578
-64.990578
-64.98745
-64.996826
-64.996826
-65.009323
-65.028076
-65.0187
-65.0187
-65.024948
-64.993698
-64.981201
-64.993698
-64.98745
-65.003075
-65.024948
-65.006203
-65.003075
-65.0187
-65.0187
-65.015572
-65.009323
-64.984322
-65.003075
-65.003075
-64.978073
-64.996826
-65.003075
-64.984322
-64.996826
-64.984322
-64.993698
-65.028076
-65.028076
-65.009323
-65.012451
-64.999947
-64.999947
-65.0187
-65.012451
-65.003075
-65.012451
-65.015572
-65.028076
-65.040573
-65.040573
-65.046822
-65.037453
-65.046822
-65.046822
-65.05307
-65.024948
-65.028076
-65.043701
-65.040573
-65.046822
-65.031197
-65.034325
-65.046822
-65.028076
-65.043701
-65.046822
-65.028076
-65.009323
-65.015572
-65.006203
-64.996826
-65.003075
-64.996826
-65.015572
-65.028076
-65.006203
-65.043701
-65.0187
-65.031197
-65.043701
-65.040573
-65.0187
-65.028076
-65.040573
-65.012451
-65.046822
-65.021828
-65.015572
-65.028076
-65.015572
-65.024948
-65.024948
-64.993698
-65.003075
-65.0187
-65.006203
-64.996826
-64.993698
-64.996826
-65.003075
-65.024948
-65.0187
-65.015572
-65.0187
-65.012451
-65.0187
-65.031197
-64.999947
-65.012451
-65.012451
-65.009323
-65.006203
-64.996826
-64.999947
-65.0187
-65.012451
-65.015572
-65.028076
-65.012451
-65.0187
-65.021828
-65.012451
-65.012451
-64.999947
-64.993698
-64.999947
-65.015572
-65.0187
-65.034325
-65.034325
-65.031197
-65.043701
-65.046822
-65.043701
-65.062447
-65.059319
-65.062447
-65.062447
-65.068695
-65.074944
-65.081192
-65.068695
-65.059319
-65.074944
-65.046822
-65.034325
-65.065567
-65.046822
-65.028076
-65.037453
-65.024948
-65.046822
-65.068695
-65.065567
-65.071823
-65.043701
-65.037453
-65.049942
-65.028076
-65.012451
-65.021828
-65.034325
-65.024948
-65.028076
-65.012451
-65.012451
-65.024948
-65.0187
-65.028076
-65.028076
-65.0187
-65.021828
-65.028076
-65.034325
-65.043701
-65.059319
-65.046822
-65.037453
-65.034325
-65.046822
-65.059319
-65.074944
-65.068695
-65.062447
-65.068695
-65.059319
-65.071823
-65.068695
-65.05307
-65.078072
-65.071823
-65.065567
-65.090569
-65.078072
-65.059319
-65.056198
-65.05307
-65.05307
-65.071823
-65.071823
-65.078072
-65.08432
-65.090569
-65.087448
-65.08432
-65.068695
-65.062447
-65.049942
-65.034325
-65.074944
-65.078072
-65.074944
-65.078072
-65.065567
-65.078072
-65.087448
-65.081192
-65.071823
-65.062447
-65.040573
-65.028076
-65.046822
-65.031197
-65.046822
-65.05307
-65.078072
-65.059319
-65.059319
-65.068695
-65.071823
-65.081192
-65.074944
-65.071823
-65.056198
-65.056198
-65.068695
-65.068695
-65.056198
-65.049942
-65.046822
-65.056198
-65.049942
-65.05307
-65.059319
-65.074944
-65.074944
-65.081192
-65.103073
-65.093697
-65.068695
-65.065567
-65.040573
-65.05307
-65.065567
-65.040573
-65.046822
-65.05307
-65.046822
-65.049942
-65.065567
-65.037453
-65.059319
-65.078072
-65.078072
-65.099945
-65.08432
-65.078072
-65.093697
-65.071823
-65.059319
-65.059319
-65.065567
-65.056198
-65.049942
-65.046822
-65.062447
-65.056198
-65.056198
-65.062447
-65.087448
-65.065567
-65.071823
-65.087448
-65.068695
-65.068695
-65.065567
-65.071823
-65.071823
-65.078072
-65.081192
-65.068695
-65.062447
-65.046822
-65.071823
-65.05307
-65.046822
-65.046822
-65.037453
-65.059319
-65.037453
-65.043701
-65.046822
-65.046822
-65.034325
-65.056198
-65.065567
-65.062447
-65.056198
-65.043701
-65.056198
-65.090569
-65.090569
-65.071823
-65.078072
-65.078072
-65.071823
-65.096817
-65.071823
-65.062447
-65.062447
-65.05307
-65.040573
-65.056198
-65.05307
-65.034325
-65.046822
-65.040573
-65.05307
-65.046822
-65.049942
-65.08432
-65.071823
-65.059319
-65.078072
-65.090569
-65.068695
-65.081192
-65.071823
-65.049942
-65.046822
-65.059319
-65.059319
-65.065567
-65.056198
-65.037453
-65.046822
-65.05307
-65.046822
-65.046822
-65.059319
-65.056198
-65.068695
-65.071823
-65.062447
-65.068695
-65.062447
-65.081192
-65.078072
-65.074944
-65.071823
-65.049942
-65.043701
-65.040573
-65.043701
-65.028076
-65.059319
-65.065567
-65.043701
-65.040573
-65.043701
-65.0187
-65.046822
-65.05307
-65.059319
-65.062447
-65.046822
-65.062447
-65.059319
-65.040573
-65.056198
-65.071823
-65.05307
-65.068695
-65.059319
-65.093697
-65.071823
-65.059319
-65.046822
-65.046822
-65.056198
-65.046822
-65.062447
-65.065567
-65.059319
-65.056198
-65.040573
-65.040573
-65.056198
-65.034325
-65.046822
-65.05307
-65.062447
-65.068695
-65.065567
-65.049942
-65.05307
-65.065567
-65.062447
-65.071823
-65.071823
-65.046822
-65.05307
-65.059319
-65.040573
-65.046822
-65.046822
-65.05307
-65.087448
-65.078072
-65.068695
-65.078072
-65.103073
-65.090569
-65.096817
-65.087448
-65.087448
-65.059319
-65.049942
-65.043701
-65.062447
-65.043701
-65.062447
-65.087448
-65.065567
-65.068695
-65.065567
-65.043701
-65.059319
-65.049942
-65.046822
-65.062447
-65.059319
-65.05307
-65.081192
-65.062447
-65.08432
-65.081192
-65.05307
-65.059319
-65.059319
-65.046822
-65.034325
-65.046822
-65.046822
-65.05307
-65.056198
-65.065567
-65.08432
-65.068695
-65.071823
-65.078072
-65.078072
-65.08432
-65.074944
-65.068695
-65.059319
-65.068695
-65.071823
-65.093697
-65.093697
-65.093697
-65.078072
-65.090569
-65.08432
-65.056198
-65.078072
-65.062447
-65.037453
-65.05307
-65.046822
-65.046822
-65.046822
-65.046822
-65.059319
-65.074944
-65.059319
-65.074944
-65.071823
-65.078072
-65.056198
-65.056198
-65.031197
-65.062447
-65.059319
-65.046822
-65.068695
-65.046822
-65.046822
-65.040573
-65.043701
-65.043701
-65.05307
-65.046822
-65.037453
-65.040573
-65.028076
-65.031197
-65.059319
-65.049942
-65.059319
-65.056198
-65.046822
-65.046822
-65.05307
-65.046822
-65.040573
-65.034325
-65.034325
-65.046822
-65.040573
-65.012451
-65.040573
-65.0187
-65.006203
-65.040573
-65.046822
-65.049942
-65.059319
-65.040573
-65.043701
-65.05307
-65.049942
-65.049942
-65.05307
-65.046822
-65.040573
-65.031197
-65.0187
-65.046822
-65.046822
-65.043701
-65.046822
-65.05307
-65.056198
-65.059319
-65.059319
-65.05307
-65.046822
-65.05307
-65.049942
-65.046822
-65.024948
-65.024948
-65.021828
-65.015572
-65.0187
-65.024948
-65.056198
-65.059319
-65.043701
-65.059319
-65.065567
-65.068695
-65.062447
-65.078072
-65.081192
-65.049942
-65.087448
-65.065567
-65.056198
-65.046822
-65.034325
-65.012451
-65.037453
-65.046822
-65.028076
-65.034325
-65.028076
-65.021828
-65.021828
-65.028076
-65.031197
-65.043701
-65.046822
-65.056198
-65.068695
-65.049942
-65.05307
-65.081192
-65.078072
-65.093697
-65.081192
-65.087448
-65.109322
-65.096817
-65.099945
-65.099945
-65.093697
-65.08432
-65.096817
-65.087448
-65.087448
-65.090569
-65.065567
-65.046822
-65.049942
-65.056198
-65.049942
-65.062447
-65.040573
-65.028076
-65.046822
-65.034325
-65.049942
-65.068695
-65.065567
-65.081192
-65.071823
-65.05307
-65.046822
-65.056198
-65.046822
-65.065567
-65.081192
-65.078072
-65.093697
-65.096817
-65.081192
-65.096817
-65.071823
-65.068695
-65.074944
-65.065567
-65.081192
-65.078072
-65.056198
-65.05307
-65.068695
-65.062447
-65.065567
-65.062447
-65.049942
-65.062447
-65.049942
-65.049942
-65.071823
-65.074944
-65.065567
-65.074944
-65.081192
-65.065567
-65.065567
-65.049942
-65.071823
-65.078072
-65.08432
-65.08432
-65.096817
-65.08432
-65.096817
-65.096817
-65.090569
-65.068695
-65.08432
-65.071823
-65.081192
-65.062447
-65.043701
-65.059319
-65.081192
-65.087448
-65.093697
-65.074944
-65.078072
-65.087448
-65.099945
-65.109322
-65.109322
-65.106194
-65.071823
-65.056198
-65.056198
-65.046822
-65.071823
-65.062447
-65.068695
-65.093697
-65.056198
-65.05307
-65.062447
-65.049942
-65.046822
-65.056198
-65.062447
-65.081192
-65.090569
-65.078072
-65.093697
-65.087448
-65.090569
-65.096817
-65.078072
-65.071823
-65.078072
-65.071823
-65.074944
-65.093697
-65.093697
-65.096817
-65.103073
-65.093697
-65.093697
-65.106194
-65.071823
-65.090569
-65.081192
-65.05307
-65.059319
-65.074944
-65.056198
-65.062447
-65.049942
-65.065567
-65.090569
-65.106194
-65.109322
-65.121819
-65.099945
-65.128067
-65.121819
-65.121819
-65.109322
-65.096817
-65.08432
-65.087448
-65.118698
-65.08432
-65.093697
-65.090569
-65.078072
-65.074944
-65.071823
-65.05307
-65.087448
-65.08432
-65.087448
-65.090569
-65.106194
-65.08432
-65.096817
-65.074944
-65.065567
-65.059319
-65.065567
-65.068695
-65.081192
-65.078072
-65.093697
-65.093697
-65.090569
-65.074944
-65.08432
-65.081192
-65.099945
-65.096817
-65.096817
-65.099945
-65.106194
-65.103073
-65.099945
-65.106194
-65.118698
-65.121819
-65.131195
-65.109322
-65.134323
-65.137444
-65.11557
-65.131195
-65.128067
-65.121819
-65.121819
-65.106194
-65.096817
-65.106194
-65.096817
-65.096817
-65.106194
-65.08432
-65.109322
-65.121819
-65.103073
-65.109322
-65.121819
-65.096817
-65.118698
-65.124947
-65.109322
-65.112442
-65.106194
-65.099945
-65.109322
-65.112442
-65.118698
-65.124947
-65.124947
-65.11557
-65.137444
-65.124947
-65.106194
-65.106194
-65.096817
-65.074944
-65.078072
-65.087448
-65.081192
-65.078072
-65.059319
-65.090569
-65.074944
-65.081192
-65.096817
-65.093697
-65.096817
-65.103073
-65.124947
-65.106194
-65.131195
-65.109322
-65.096817
-65.118698
-65.128067
-65.118698
-65.140572
-65.134323
-65.143692
-65.143692
-65.124947
-65.146812
-65.168694
-65.153069
-65.146812
-65.168694
-65.14994
-65.140572
-65.128067
-65.106194
-65.121819
-65.131195
-65.140572
-65.156189
-65.165565
-65.153069
-65.171814
-65.14994
-65.134323
-65.140572
-65.128067
-65.109322
-65.146812
-65.128067
-65.128067
-65.121819
-65.112442
-65.112442
-65.121819
-65.128067
-65.118698
-65.118698
-65.112442
-65.143692
-65.146812
-65.153069
-65.168694
-65.162437
-65.143692
-65.140572
-65.146812
-65.131195
-65.140572
-65.140572
-65.146812
-65.156189
-65.153069
-65.156189
-65.143692
-65.146812
-65.121819
-65.143692
-65.134323
-65.128067
-65.137444
-65.134323
-65.106194
-65.109322
-65.103073
-65.096817
-65.118698
-65.131195
-65.140572
-65.134323
-65.131195
-65.140572
-65.131195
-65.134323
-65.159317
-65.14994
-65.146812
-65.140572
-65.128067
-65.103073
-65.124947
-65.118698
-65.112442
-65.109322
-65.112442
-65.109322
-65.121819
-65.128067
-65.146812
-65.159317
-65.143692
-65.156189
-65.143692
-65.140572
-65.146812
-65.143692
-65.121819
-65.128067
-65.131195
-65.131195
-65.146812
-65.143692
-65.118698
-65.11557
-65.096817
-65.096817
-65.096817
-65.096817
-65.103073
-65.121819
-65.112442
-65.109322
-65.109322
-65.106194
-65.112442
-65.109322
-65.106194
-65.087448
-65.090569
-65.090569
-65.099945
-65.112442
-65.096817
-65.096817
-65.109322
-65.118698
-65.124947
-65.124947
-65.121819
-65.134323
-65.109322
-65.106194
-65.118698
-65.093697
-65.099945
-65.109322
-65.093697
-65.08432
-65.074944
-65.078072
-65.071823
-65.078072
-65.087448
-65.096817
-65.121819
-65.106194
-65.124947
-65.112442
-65.103073
-65.118698
-65.11557
-65.093697
-65.128067
-65.109322
-65.103073
-65.109322
-65.096817
-65.081192
-65.096817
-65.096817
-65.093697
-65.096817
-65.081192
-65.071823
-65.087448
-65.099945
-65.103073
-65.140572
-65.121819
-65.128067
-65.153069
-65.156189
-65.159317
-65.146812
-65.124947
-65.128067
-65.131195
-65.131195
-65.118698
-65.099945
-65.121819
-65.137444
-65.146812
-65.137444
-65.140572
-65.131195
-65.112442
-65.124947
-65.121819
-65.137444
-65.118698
-65.121819
-65.146812
-65.134323
-65.131195
-65.134323
-65.134323
-65.118698
-65.134323
-65.137444
-65.124947
-65.134323
-65.124947
-65.137444
-65.146812
-65.153069
-65.143692
-65.159317
-65.146812
-65.153069
-65.159317
-65.178062
-65.156189
-65.146812
-65.131195
-65.146812
-65.156189
-65.165565
-65.156189
-65.165565
-65.14994
-65.153069
-65.162437
-65.131195
-65.14994
-65.128067
-65.121819
-65.146812
-65.140572
-65.128067
-65.14994
-65.146812
-65.140572
-65.128067
-65.137444
-65.118698
-65.131195
-65.109322
-65.109322
-65.112442
-65.128067
-65.124947
-65.109322
-65.096817
-65.109322
-65.096817
-65.096817
-65.124947
-65.118698
-65.090569
-65.103073
-65.112442
-65.112442
-65.134323
-65.124947
-65.109322
-65.137444
-65.128067
-65.134323
-65.146812
-65.128067
-65.134323
-65.131195
-65.11557
-65.121819
-65.143692
-65.109322
-65.118698
-65.124947
-65.103073
-65.109322
-65.121819
-65.099945
-65.096817
-65.099945
-65.096817
-65.11557
-65.112442
-65.106194
-65.109322
-65.103073
-65.096817
-65.109322
-65.11557
-65.118698
-65.131195
-65.131195
-65.131195
-65.131195
-65.112442
-65.096817
-65.11557
-65.11557
-65.11557
-65.106194
-65.106194
-65.087448
-65.096817
-65.090569
-65.096817
-65.096817
-65.081192
-65.090569
-65.096817
-65.087448
-65.099945
-65.08432
-65.081192
-65.096817
-65.096817
-65.103073
-65.118698
-65.08432
-65.08432
-65.090569
-65.078072
-65.087448
-65.074944
-65.065567
-65.096817
-65.08432
-65.059319
-65.071823
-65.090569
-65.093697
-65.096817
-65.109322
-65.112442
-65.118698
-65.099945
-65.078072
-65.099945
-65.08432
-65.081192
-65.090569
-65.090569
-65.078072
-65.081192
-65.090569
-65.071823
-65.08432
-65.071823
-65.071823
-65.096817
-65.074944
-65.106194
-65.099945
-65.068695
-65.081192
-65.096817
-65.109322
-65.11557
-65.096817
-65.090569
-65.099945
-65.096817
-65.08432
-65.090569
-65.065567
-65.065567
-65.065567
-65.046822
-65.05307
-65.05307
-65.046822
-65.05307
-65.071823
-65.087448
-65.096817
-65.106194
-65.08432
-65.087448
-65.074944
-65.068695
-65.074944
-65.068695
-65.090569
-65.078072
-65.062447
-65.059319
-65.074944
-65.059319
-65.059319
-65.05307
-65.046822
-65.043701
-65.071823
-65.062447
-65.081192
-65.081192
-65.096817
-65.096817
-65.096817
-65.093697
-65.093697
-65.103073
-65.099945
-65.08432
-65.08432
-65.074944
-65.081192
-65.08432
-65.062447
-65.071823
-65.08432
-65.081192
-65.090569
-65.081192
-65.08432
-65.090569
-65.090569
-65.071823
-65.078072
-65.078072
-65.078072
-65.096817
-65.103073
-65.096817
-65.090569
-65.078072
-65.096817
-65.096817
-65.093697
-65.078072
-65.068695
-65.065567
-65.065567
-65.059319
-65.046822
-65.074944
-65.090569
-65.081192
-65.090569
-65.087448
-65.090569
-65.099945
-65.078072
-65.078072
-65.109322
-65.090569
-65.087448
-65.090569
-65.071823
-65.090569
-65.090569
-65.08432
-65.078072
-65.096817
-65.096817
-65.103073
-65.109322
-65.112442
-65.131195
-65.109322
-65.099945
-65.11557
-65.11557
-65.118698
-65.153069
-65.134323
-65.131195
-65.146812
-65.146812
-65.137444
-65.14994
-65.124947
-65.121819
-65.128067
-65.128067
-65.11557
-65.131195
-65.109322
-65.109322
-65.128067
-65.103073
-65.109322
-65.118698
-65.096817
-65.11557
-65.124947
-65.11557
-65.128067
-65.134323
-65.121819
-65.146812
-65.146812
-65.134323
-65.134323
-65.146812
-65.137444
-65.159317
-65.14994
-65.128067
-65.140572
-65.128067
-65.11557
-65.093697
-65.096817
-65.106194
-65.121819
-65.096817
-65.103073
-65.096817
-65.099945
-65.103073
-65.109322
-65.109322
-65.121819
-65.109322
-65.11557
-65.103073
-65.099945
-65.096817
-65.11557
-65.112442
-65.11557
-65.11557
-65.118698
-65.121819
-65.140572
-65.128067
-65.143692
-65.134323
-65.128067
-65.118698
-65.131195
-65.121819
-65.156189
-65.153069
-65.14994
-65.168694
-65.171814
-65.153069
-65.162437
-65.162437
-65.143692
-65.14994
-65.146812
-65.14994
-65.14994
-65.14994
-65.146812
-65.153069
-65.14994
-65.134323
-65.146812
-65.146812
-65.146812
-65.128067
-65.121819
-65.128067
-65.162437
-65.143692
-65.156189
-65.146812
-65.146812
-65.153069
-65.134323
-65.121819
-65.131195
-65.131195
-65.118698
-65.128067
-65.128067
-65.137444
-65.156189
-65.156189
-65.146812
-65.156189
-65.14994
-65.153069
-65.159317
-65.146812
-65.128067
-65.140572
-65.137444
-65.143692
-65.134323
-65.112442
-65.109322
-65.109322
-65.099945
-65.11557
-65.109322
-65.093697
-65.106194
-65.112442
-65.11557
-65.134323
-65.121819
-65.124947
-65.128067
-65.11557
-65.106194
-65.11557
-65.11557
-65.121819
-65.109322
-65.103073
-65.112442
-65.134323
-65.124947
-65.124947
-65.124947
-65.112442
-65.131195
-65.128067
-65.11557
-65.106194
-65.109322
-65.109322
-65.134323
-65.137444
-65.143692
-65.159317
-65.143692
-65.131195
-65.146812
-65.140572
-65.146812
-65.159317
-65.146812
-65.156189
-65.196815
-65.156189
-65.165565
-65.140572
-65.124947
-65.118698
-65.11557
-65.096817
-65.11557
-65.14994
-65.14994
-65.153069
-65.153069
-65.14994
-65.178062
-65.171814
-65.153069
-65.184319
-65.178062
-65.174942
-65.171814
-65.146812
-65.137444
-65.146812
-65.137444
-65.140572
-65.137444
-65.143692
-65.143692
-65.146812
-65.121819
-65.146812
-65.165565
-65.168694
-65.178062
-65.190567
-65.168694
-65.184319
-65.159317
-65.162437
-65.165565
-65.143692
-65.146812
-65.14994
-65.143692
-65.153069
-65.165565
-65.162437
-65.168694
-65.18119
-65.159317
-65.143692
-65.159317
-65.162437
-65.153069
-65.156189
-65.168694
-65.174942
-65.165565
-65.156189
-65.174942
-65.171814
-65.174942
-65.187439
-65.171814
-65.159317
-65.165565
-65.156189
-65.14994
-65.156189
-65.168694
-65.174942
-65.187439
-65.184319
-65.199944
-65.193687
-65.171814
-65.171814
-65.174942
-65.168694
-65.14994
-65.146812
-65.174942
-65.178062
-65.171814
-65.165565
-65.190567
-65.178062
-65.162437
-65.174942
-65.171814
-65.171814
-65.184319
-65.171814
-65.18119
-65.193687
-65.193687
-65.196815
-65.196815
-65.203064
-65.193687
-65.196815
-65.168694
-65.156189
-65.165565
-65.162437
-65.156189
-65.165565
-65.14994
-65.156189
-65.14994
-65.153069
-65.14994
-65.153069
-65.14994
-65.143692
-65.143692
-65.140572
-65.174942
-65.156189
-65.178062
-65.190567
-65.190567
-65.187439
-65.190567
-65.174942
-65.196815
-65.199944
-65.196815
-65.190567
-65.187439
-65.184319
-65.193687
-65.190567
-65.171814
-65.178062
-65.174942
-65.165565
-65.190567
-65.178062
-65.171814
-65.159317
-65.156189
-65.137444
-65.153069
-65.137444
-65.134323
-65.143692
-65.140572
-65.162437
-65.178062
-65.156189
-65.156189
-65.184319
-65.156189
-65.168694
-65.162437
-65.146812
-65.153069
-65.153069
-65.146812
-65.184319
-65.193687
-65.171814
-65.162437
-65.165565
-65.140572
-65.146812
-65.146812
-65.14994
-65.162437
-65.140572
-65.124947
-65.134323
-65.131195
-65.134323
-65.124947
-65.137444
-65.137444
-65.140572
-65.121819
-65.124947
-65.140572
-65.137444
-65.134323
-65.146812
-65.134323
-65.153069
-65.165565
-65.146812
-65.143692
-65.146812
-65.146812
-65.134323
-65.143692
-65.131195
-65.137444
-65.128067
-65.124947
-65.128067
-65.118698
-65.131195
-65.137444
-65.11557
-65.11557
-65.109322
-65.096817
-65.106194
-65.106194
-65.099945
-65.096817
-65.106194
-65.096817
-65.096817
-65.11557
-65.109322
-65.128067
-65.128067
-65.109322
-65.118698
-65.106194
-65.11557
-65.109322
-65.11557
-65.112442
-65.134323
-65.134323
-65.131195
-65.146812
-65.146812
-65.146812
-65.146812
-65.11557
-65.124947
-65.128067
-65.11557
-65.121819
-65.118698
-65.096817
-65.096817
-65.090569
-65.08432
-65.08432
-65.074944
-65.078072
-65.093697
-65.112442
-65.109322
-65.128067
-65.124947
-65.121819
-65.112442
-65.103073
-65.087448
-65.099945
-65.090569
-65.096817
-65.121819
-65.112442
-65.096817
-65.087448
-65.074944
-65.08432
-65.103073
-65.078072
-65.068695
-65.081192
-65.071823
-65.071823
-65.081192
-65.081192
-65.096817
-65.087448
-65.096817
-65.093697
-65.068695
-65.068695
-65.081192
-65.065567
-65.068695
-65.078072
-65.093697
-65.096817
-65.112442
-65.103073
-65.096817
-65.106194
-65.096817
-65.08432
-65.093697
-65.071823
-65.08432
-65.093697
-65.08432
-65.103073
-65.078072
-65.071823
-65.068695
-65.059319
-65.05307
-65.065567
-65.059319
-65.08432
-65.081192
-65.05307
-65.049942
-65.065567
-65.046822
-65.043701
-65.05307
-65.049942
-65.062447
-65.068695
-65.043701
-65.05307
-65.046822
-65.034325
-65.046822
-65.034325
-65.009323
-65.021828
-65.009323
-64.996826
-65.015572
-65.012451
-65.037453
-65.040573
-65.034325
-65.037453
-65.046822
-65.046822
-65.049942
-65.074944
-65.05307
-65.065567
-65.056198
-65.05307
-65.040573
-65.049942
-65.037453
-65.037453
-65.040573
-65.046822
-65.062447
-65.071823
-65.046822
-65.056198
-65.068695
-65.046822
-65.056198
-65.056198
-65.05307
-65.046822
-65.046822
-65.034325
-65.046822
-65.021828
-65.012451
-65.046822
-65.037453
-65.046822
-65.043701
-65.034325
-65.034325
-65.037453
-65.021828
-65.040573
-65.043701
-65.046822
-65.05307
-65.056198
-65.046822
-65.068695
-65.059319
-65.056198
-65.049942
-65.028076
-65.034325
-65.049942
-65.031197
-65.031197
-65.046822
-65.040573
-65.040573
-65.059319
-65.046822
-65.071823
-65.065567
-65.068695
-65.065567
-65.071823
-65.05307
-65.056198
-65.049942
-65.034325
-65.046822
-65.046822
-65.040573
-65.062447
-65.056198
-65.040573
-65.043701
-65.0187
-65.034325
-65.046822
-65.046822
-65.043701
-65.043701
-65.0187
-65.021828
-65.037453
-65.024948
-65.028076
-65.049942
-65.059319
-65.043701
-65.028076
-65.034325
-65.037453
-65.043701
-65.043701
-65.040573
-65.05307
-65.028076
-65.046822
-65.046822
-65.028076
-65.034325
-65.031197
-65.043701
-65.068695
-65.065567
-65.065567
-65.071823
-65.056198
-65.046822
-65.059319
-65.081192
-65.068695
-65.078072
-65.059319
-65.074944
-65.087448
-65.078072
-65.059319
-65.056198
-65.040573
-65.071823
-65.062447
-65.068695
-65.056198
-65.056198
-65.059319
-65.062447
-65.065567
-65.046822
-65.049942
-65.046822
-65.05307
-65.046822
-65.046822
-65.046822
-65.040573
-65.021828
-65.046822
-65.065567
-65.031197
-65.040573
-65.021828
-65.046822
-65.065567
-65.05307
-65.040573
-65.024948
-65.024948
-64.996826
-65.015572
-65.006203
-65.006203
-65.024948
-65.034325
-65.034325
-65.040573
-65.049942
-65.049942
-65.056198
-65.021828
-65.028076
-65.028076
-64.999947
-65.003075
-65.0187
-65.006203
-65.0187
-65.015572
-65.021828
-65.024948
-65.031197
-65.0187
-65.037453
-65.034325
-65.021828
-65.05307
-65.046822
-65.046822
-65.049942
-65.059319
-65.040573
-65.059319
-65.043701
-65.049942
-65.043701
-65.024948
-65.031197
-65.024948
-65.0187
-65.024948
-65.034325
-65.021828
-65.015572
-65.046822
-65.015572
-65.031197
-65.034325
-65.015572
-65.0187
-65.031197
-65.0187
-65.021828
-65.0187
-64.999947
-65.043701
-65.043701
-65.031197
-65.040573
-65.028076
-65.034325
-65.037453
-65.015572
-65.028076
-65.0187
-65.028076
-65.037453
-65.046822
-65.040573
-65.046822
-65.059319
-65.065567
-65.056198
-65.049942
-65.046822
-65.05307
-65.05307
-65.043701
-65.046822
-65.040573
-65.040573
-65.043701
-65.031197
-65.031197
-65.046822
-65.015572
-65.006203
-65.046822
-65.015572
-65.021828
-65.021828
-65.009323
-65.003075
-65.006203
-64.978073
-64.984322
-64.984322
-64.981201
-65.009323
-65.012451
-65.006203
-65.031197
-65.040573
-65.012451
-65.024948
-65.021828
-65.009323
-65.021828
-65.015572
-65.012451
-65.0187
-65.024948
-64.999947
-65.0187
-65.0187
-65.015572
-65.009323
-65.009323
-65.015572
-64.993698
-64.971825
-64.971825
-64.978073
-64.990578
-65.003075
-65.021828
-65.024948
-65.028076
-65.006203
-65.012451
-65.031197
-65.021828
-65.021828
-65.031197
-65.031197
-65.034325
-65.0187
-65.009323
-65.009323
-65.028076
-65.009323
-64.999947
-64.999947
-64.993698
-64.996826
-65.009323
-64.996826
-65.021828
-65.0187
-65.012451
-65.006203
-65.003075
-65.003075
-65.031197
-65.015572
-65.015572
-65.015572
-64.996826
-64.990578
-65.003075
-65.009323
-65.012451
-65.028076
-65.012451
-64.996826
-65.003075
-64.996826
-64.999947
-64.999947
-64.999947
-64.98745
-64.984322
-64.959328
-64.984322
-64.999947
-64.978073
-64.993698
-64.965576
-64.974953
-64.984322
-64.981201
-64.990578
-65.0187
-65.034325
-65.034325
-65.028076
-65.0187
-65.021828
-65.012451
-65.012451
-64.996826
-65.015572
-64.996826
-65.021828
-65.015572
-65.006203
-65.009323
-65.021828
-65.015572
-65.021828
-65.012451
-65.034325
-65.031197
-65.028076
-65.015572
-65.021828
-65.021828
-65.003075
-65.028076
-65.028076
-65.021828
-65.028076
-65.015572
-65.021828
-65.012451
-65.009323
-64.996826
-65.0187
-65.003075
-64.996826
-65.009323
-65.012451
-65.021828
-65.034325
-65.034325
-65.015572
-65.0187
-65.021828
-65.021828
-65.009323
-65.003075
-65.0187
-65.003075
-64.984322
-64.981201
-64.978073
-64.981201
-64.996826
-64.978073
-64.996826
-64.999947
-64.98745
-64.999947
-64.993698
-64.971825
-64.968697
-64.965576
-64.965576
-64.978073
-64.978073
-64.946823
-64.953072
-64.959328
-64.959328
-64.959328
-64.974953
-64.962448
-64.953072
-64.946823
-64.946823
-64.953072
-64.962448
-64.971825
-64.996826
-64.993698
-64.984322
-64.996826
-64.978073
-64.984322
-64.996826
-64.971825
-64.981201
-64.981201
-64.9562
-64.971825
-64.962448
-64.9562
-64.962448
-64.968697
-64.974953
-64.984322
-64.959328
-64.968697
-64.981201
-64.98745
-64.981201
-64.993698
-64.990578
-64.98745
-64.990578
-64.98745
-64.974953
-64.996826
-64.962448
-64.946823
-64.968697
-64.924957
-64.946823
-64.946823
-64.953072
-64.953072
-64.984322
-64.968697
-64.978073
-64.971825
-64.984322
-64.974953
-64.971825
-64.9562
-64.968697
-64.946823
-64.940582
-64.9562
-64.946823
-64.9562
-64.974953
-64.974953
-64.968697
-64.978073
-64.971825
-64.981201
-64.984322
-64.974953
-64.968697
-64.965576
-64.965576
-64.968697
-64.965576
-64.9562
-64.971825
-64.974953
-64.993698
-64.996826
-64.978073
-64.965576
-64.974953
-64.953072
-64.940582
-64.953072
-64.946823
-64.946823
-64.959328
-64.965576
-64.9562
-64.968697
-64.9562
-64.9562
-64.949951
-64.940582
-64.965576
-64.984322
-64.965576
-64.962448
-64.962448
-64.9562
-64.962448
-64.965576
-64.974953
-64.978073
-64.978073
-64.974953
-64.996826
-64.978073
-64.996826
-64.999947
-64.993698
-64.993698
-64.996826
-64.978073
-64.968697
-64.946823
-64.953072
-64.959328
-64.953072
-64.946823
-64.937454
-64.940582
-64.937454
-64.962448
-64.943703
-64.946823
-64.9562
-64.965576
-64.953072
-64.971825
-64.984322
-64.974953
-64.971825
-64.953072
-64.943703
-64.953072
-64.946823
-64.953072
-64.9562
-64.965576
-64.971825
-64.971825
-64.974953
-64.968697
-64.959328
-64.971825
-64.971825
-64.978073
-64.971825
-64.968697
-64.949951
-64.9562
-64.946823
-64.937454
-64.928078
-64.943703
-64.946823
-64.965576
-64.971825
-64.965576
-64.943703
-64.959328
-64.965576
-64.996826
-65.040573
-64.984322
-64.996826
-64.996826
-64.996826
-65.006203
-64.999947
-64.981201
-64.98745
-64.993698
-64.978073
-64.996826
-64.978073
-64.981201
-64.984322
-64.974953
-64.971825
-64.971825
-64.978073
-64.971825
-64.971825
-64.984322
-64.971825
-64.981201
-64.984322
-64.981201
-64.999947
-64.98745
-64.993698
-65.006203
-64.984322
-64.965576
-64.978073
-64.962448
-64.978073
-64.968697
-64.978073
-64.993698
-64.98745
-64.971825
-64.965576
-64.965576
-64.940582
-64.965576
-64.965576
-64.965576
-64.974953
-64.968697
-64.974953
-64.984322
-64.971825
-64.968697
-64.978073
-64.959328
-64.968697
-64.996826
-64.971825
-64.971825
-64.993698
-64.990578
-64.98745
-64.996826
-64.98745
-65.006203
-65.006203
-65.006203
-65.024948
-65.0187
-64.990578
-64.993698
-64.996826
-64.993698
-65.009323
-65.003075
-64.996826
-65.003075
-65.009323
-65.009323
-65.006203
-64.990578
-65.009323
-65.0187
-65.0187
-65.040573
-65.024948
-65.009323
-64.996826
-64.978073
-64.993698
-64.996826
-65.015572
-65.0187
-65.028076
-65.021828
-65.028076
-65.034325
-65.015572
-65.031197
-65.046822
-65.049942
-65.0187
-65.046822
-65.040573
-65.031197
-65.012451
-65.006203
-65.003075
-65.031197
-65.003075
-65.012451
-65.046822
-65.021828
-65.031197
-65.040573
-65.05307
-65.05307
-65.065567
-65.056198
-65.074944
-65.065567
-65.078072
-65.093697
-65.081192
-65.090569
-65.081192
-65.074944
-65.065567
-65.078072
-65.08432
-65.065567
-65.065567
-65.071823
-65.065567
-65.065567
-65.065567
-65.071823
-65.096817
-65.081192
-65.096817
-65.121819
-65.096817
-65.112442
-65.106194
-65.081192
-65.071823
-65.071823
-65.046822
-65.068695
-65.056198
-65.059319
-65.074944
-65.078072
-65.065567
-65.071823
-65.062447
-65.062447
-65.071823
-65.081192
-65.087448
-65.096817
-65.081192
-65.078072
-65.078072
-65.062447
-65.068695
-65.096817
-65.081192
-65.093697
-65.096817
-65.090569
-65.078072
-65.071823
-65.062447
-65.056198
-65.065567
-65.062447
-65.087448
-65.078072
-65.08432
-65.106194
-65.078072
-65.096817
-65.109322
-65.103073
-65.103073
-65.109322
-65.093697
-65.112442
-65.109322
-65.128067
-65.11557
-65.11557
-65.11557
-65.124947
-65.124947
-65.118698
-65.131195
-65.131195
-65.112442
-65.131195
-65.121819
-65.11557
-65.128067
-65.121819
-65.11557
-65.124947
-65.096817
-65.11557
-65.128067
-65.106194
-65.131195
-65.143692
-65.109322
-65.109322
-65.093697
-65.096817
-65.08432
-65.08432
-65.08432
-65.099945
-65.11557
-65.096817
-65.099945
-65.096817
-65.087448
-65.081192
-65.093697
-65.074944
-65.093697
-65.087448
-65.093697
-65.093697
-65.096817
-65.087448
-65.08432
-65.062447
-65.087448
-65.106194
-65.096817
-65.065567
-65.08432
-65.096817
-65.087448
-65.081192
-65.096817
-65.090569
-65.087448
-65.096817
-65.099945
-65.096817
-65.08432
-65.096817
-65.093697
-65.08432
-65.099945
-65.103073
-65.096817
-65.096817
-65.103073
-65.103073
-65.090569
-65.099945
-65.096817
-65.096817
-65.071823
-65.074944
-65.074944
-65.090569
-65.096817
-65.08432
-65.062447
-65.078072
-65.046822
-65.046822
-65.05307
-65.012451
-65.034325
-65.05307
-65.043701
-65.062447
-65.081192
-65.08432
-65.068695
-65.049942
-65.037453
-65.034325
-65.028076
-65.0187
-65.034325
-65.024948
-65.024948
-65.034325
-65.05307
-65.05307
-65.087448
-65.096817
-65.099945
-65.109322
-65.099945
-65.087448
-65.090569
-65.087448
-65.059319
-65.059319
-65.034325
-65.040573
-65.046822
-65.049942
-65.062447
-65.056198
-65.046822
-65.046822
-65.046822
-65.037453
-65.059319
-65.062447
-65.065567
-65.090569
-65.096817
-65.087448
-65.109322
-65.096817
-65.078072
-65.068695
-65.074944
-65.074944
-65.049942
-65.043701
-65.024948
-65.034325
-65.031197
-65.046822
-65.059319
-65.046822
-65.056198
-65.056198
-65.062447
-65.071823
-65.074944
-65.046822
-65.059319
-65.065567
-65.056198
-65.078072
-65.068695
-65.040573
-65.056198
-65.056198
-65.037453
-65.056198
-65.046822
-65.037453
-65.046822
-65.043701
-65.0187
-65.028076
-65.0187
-65.003075
-65.015572
-65.015572
-65.006203
-65.028076
-65.003075
-65.015572
-65.015572
-65.0187
-65.015572
-65.034325
-65.012451
-65.021828
-65.028076
-65.006203
-65.021828
-65.031197
-65.0187
-65.024948
-65.015572
-65.003075
-65.012451
-64.999947
-65.003075
-65.003075
-65.003075
-65.012451
-65.028076
-65.003075
-65.028076
-65.028076
-65.006203
-65.012451
-65.021828
-64.990578
-65.006203
-65.009323
-65.006203
-65.021828
-65.009323
-64.996826
-65.028076
-65.031197
-65.034325
-65.034325
-65.031197
-64.993698
-65.003075
-65.006203
-65.012451
-65.0187
-65.021828
-65.015572
-65.021828
-65.012451
-65.015572
-65.0187
-65.028076
-65.012451
-64.993698
-64.993698
-65.003075
-65.021828
-65.012451
-65.024948
-65.0187
-64.996826
-65.021828
-65.024948
-65.0187
-65.024948
-65.0187
-64.993698
-64.999947
-65.009323
-65.009323
-65.031197
-65.028076
-64.996826
-64.984322
-64.978073
-64.978073
-64.984322
-64.981201
-64.974953
-64.981201
-64.953072
-64.974953
-64.98745
-64.996826
-65.009323
-64.999947
-64.999947
-65.0187
-65.0187
-65.009323
-65.0187
-65.009323
-65.006203
-65.021828
-65.028076
-65.037453
-65.043701
-65.031197
-65.009323
-65.006203
-65.003075
-64.996826
-64.98745
-64.974953
-64.98745
-64.990578
-64.98745
-64.996826
-65.015572
-65.021828
-65.015572
-65.031197
-65.012451
-65.012451
-65.003075
-65.028076
-65.021828
-64.981201
-64.971825
-64.962448
-64.959328
-64.946823
-64.968697
-64.943703
-64.962448
-64.978073
-64.959328
-64.981201
-64.965576
-64.949951
-64.962448
-64.974953
-64.962448
-64.946823
-64.962448
-64.962448
-64.953072
-64.9562
-64.946823
-64.949951
-64.959328
-64.934326
-64.946823
-64.946823
-64.946823
-64.9562
-64.946823
-64.924957
-64.943703
-64.937454
-64.953072
-64.9562
-64.953072
-64.959328
-64.962448
-64.968697
-64.959328
-64.974953
-64.965576
-64.968697
-64.9562
-64.946823
-64.940582
-64.946823
-64.943703
-64.940582
-64.921829
-64.928078
-64.937454
-64.946823
-64.959328
-64.949951
-64.946823
-64.946823
-64.971825
-64.949951
-64.946823
-64.965576
-64.962448
-64.965576
-64.968697
-64.962448
-64.98745
-64.996826
-65.003075
-65.003075
-64.996826
-64.974953
-64.949951
-64.9562
-64.965576
-64.978073
-64.996826
-64.981201
-64.981201
-64.990578
-64.959328
-64.953072
-64.940582
-64.937454
-64.959328
-64.968697
-64.968697
-64.968697
-64.965576
-64.971825
-64.974953
-64.981201
-64.981201
-64.968697
-64.953072
-64.968697
-64.965576
-64.965576
-64.990578
-65.006203
-65.012451
-65.012451
-65.012451
-64.981201
-64.993698
-64.978073
-64.965576
-64.962448
-64.953072
-64.953072
-64.971825
-64.968697
-65.006203
-64.996826
-64.98745
-64.993698
-65.006203
-65.015572
-65.021828
-65.034325
-65.024948
-65.028076
-65.024948
-65.009323
-65.024948
-65.0187
-65.015572
-65.0187
-65.006203
-65.021828
-65.024948
-65.037453
-65.028076
-65.031197
-65.028076
-65.015572
-65.021828
-64.990578
-64.984322
-64.98745
-64.974953
-64.984322
-65.003075
-64.990578
-64.984322
-64.996826
-64.98745
-64.984322
-64.996826
-64.990578
-65.009323
-65.015572
-65.006203
-65.0187
-65.015572
-65.031197
-65.034325
-65.024948
-65.012451
-65.021828
-65.015572
-65.006203
-65.012451
-64.993698
-64.993698
-64.984322
-64.999947
-64.984322
-65.003075
-64.978073
-65.015572
-65.021828
-65.006203
-65.015572
-65.003075
-64.984322
-64.990578
-64.971825
-64.968697
-64.978073
-64.974953
-64.974953
-64.978073
-64.968697
-64.962448
-64.978073
-64.959328
-64.968697
-64.968697
-64.959328
-64.978073
-64.993698
-64.978073
-64.978073
-65.006203
-64.993698
-64.996826
-64.996826
-64.996826
-64.984322
-64.993698
-64.959328
-64.984322
-64.978073
-64.981201
-64.984322
-64.984322
-64.98745
-65.021828
-65.012451
-65.009323
-65.003075
-64.990578
-65.003075
-65.009323
-64.996826
-65.006203
-65.012451
-64.990578
-64.981201
-65.009323
-64.978073
-64.978073
-64.981201
-64.999947
-64.999947
-64.996826
-64.999947
-64.993698
-64.996826
-64.996826
-65.009323
-65.0187
-64.999947
-64.996826
-64.993698
-64.996826
-65.009323
-64.990578
-64.999947
-65.009323
-65.003075
-64.996826
-65.015572
-64.990578
-65.003075
-65.012451
-65.006203
-65.012451
-65.015572
-65.003075
-65.028076
-65.037453
-65.031197
-65.0187
-65.006203
-64.999947
-65.006203
-64.981201
-64.981201
-64.990578
-64.98745
-64.98745
-64.984322
-64.98745
-65.015572
-65.015572
-65.006203
-64.98745
-64.996826
-64.996826
-65.012451
-64.993698
-64.981201
-64.981201
-64.974953
-64.984322
-64.993698
-64.993698
-64.965576
-64.974953
-64.971825
-64.9562
-64.974953
-64.974953
-64.974953
-64.984322
-64.946823
-64.949951
-64.946823
-64.953072
-64.940582
-64.962448
-64.9562
-64.981201
-64.978073
-64.971825
-64.9562
-64.959328
-64.931206
-64.949951
-64.946823
-64.943703
-64.968697
-64.953072
-64.946823
-64.946823
-64.9562
-64.9562
-64.962448
-64.968697
-64.953072
-64.946823
-64.959328
-64.959328
-64.949951
-64.921829
-64.946823
-64.9562
-64.946823
-64.946823
-64.971825
-64.9562
-64.965576
-64.990578
-64.981201
-64.993698
-64.990578
-64.984322
-64.996826
-65.009323
-65.003075
-65.003075
-64.996826
-64.968697
-64.959328
-64.971825
-64.946823
-64.937454
-64.928078
-64.918701
-64.949951
-64.962448
-64.962448
-64.965576
-64.959328
-64.984322
-64.984322
-64.971825
-64.990578
-65.003075
-65.009323
-65.009323
-65.021828
-64.996826
-64.990578
-64.968697
-64.946823
-64.984322
-64.993698
-64.984322
-65.003075
-64.993698
-64.98745
-64.993698
-64.996826
-64.993698
-64.996826
-64.984322
-64.990578
-65.015572
-65.003075
-65.006203
-65.009323
-65.0187
-65.037453
-65.015572
-65.003075
-65.015572
-65.012451
-64.996826
-65.003075
-64.993698
-65.012451
-65.006203
-65.009323
-64.999947
-65.0187
-64.984322
-64.968697
-64.990578
-64.984322
-64.968697
-64.978073
-64.981201
-64.990578
-64.98745
-64.962448
-64.965576
-64.978073
-64.974953
-64.984322
-64.98745
-64.981201
-64.98745
-64.996826
-64.996826
-64.999947
-65.003075
-65.006203
-65.0187
-65.012451
-64.996826
-64.990578
-64.996826
-64.981201
-64.996826
-64.978073
-64.999947
-65.021828
-64.990578
-64.996826
-65.003075
-64.996826
-64.996826
-65.012451
-64.996826
-64.996826
-64.996826
-65.009323
-65.028076
-65.015572
-65.006203
-65.0187
-65.012451
-65.0187
-65.009323
-65.031197
-65.0187
-65.024948
-65.006203
-64.990578
-64.993698
-64.981201
-64.990578
-65.009323
-65.006203
-64.993698
-64.984322
-64.981201
-64.965576
-64.996826
-64.968697
-64.978073
-64.984322
-64.978073
-65.003075
-65.009323
-65.012451
-65.021828
-64.999947
-65.009323
-65.021828
-65.024948
-65.015572
-65.0187
-65.006203
-64.996826
-65.003075
-64.993698
-64.984322
-64.996826
-65.003075
-64.990578
-65.009323
-64.978073
-64.98745
-64.98745
-64.984322
-65.021828
-65.031197
-65.012451
-65.028076
-65.034325
-65.0187
-64.996826
-65.028076
-65.015572
-65.031197
-65.009323
-64.996826
-64.990578
-64.981201
-64.965576
-64.98745
-64.98745
-64.981201
-64.990578
-64.971825
-64.981201
-65.003075
-64.984322
-64.98745
-65.003075
-64.996826
-65.003075
-65.009323
-64.993698
-65.0187
-65.034325
-65.031197
-65.05307
-65.043701
-65.05307
-65.065567
-65.065567
-65.040573
-65.049942
-65.021828
-65.015572
-65.028076
-65.028076
-65.034325
-65.043701
-65.043701
-65.031197
-65.040573
-65.0187
-65.034325
-65.024948
-65.028076
-65.034325
-65.040573
-65.012451
-65.031197
-65.009323
-65.015572
-65.040573
-65.040573
-65.049942
-65.068695
-65.062447
-65.05307
-65.046822
-65.043701
-65.046822
-65.024948
-65.015572
-65.043701
-65.034325
-65.024948
-65.021828
-65.040573
-65.031197
-65.031197
-65.024948
-65.015572
-65.021828
-64.999947
-64.996826
-64.990578
-65.003075
-65.021828
-65.028076
-65.015572
-65.003075
-65.024948
-65.015572
-65.021828
-65.0187
-65.028076
-65.034325
-65.043701
-65.031197
-65.028076
-65.034325
-65.040573
-65.024948
-65.0187
-65.012451
-65.028076
-65.024948
-65.009323
-65.009323
-65.0187
-65.009323
-65.021828
-65.006203
-64.996826
-65.024948
-65.009323
-65.015572
-65.031197
-65.015572
-65.012451
-65.024948
-65.003075
-65.009323
-65.009323
-64.996826
-64.984322
-64.971825
-64.971825
-64.990578
-64.990578
-64.999947
-64.999947
-64.996826
-64.996826
-64.990578
-65.003075
-64.993698
-64.993698
-65.009323
-64.990578
-64.984322
-64.996826
-64.993698
-65.012451
-65.009323
-65.003075
-65.006203
-64.98745
-64.996826
-65.003075
-64.98745
-64.993698
-64.993698
-64.974953
-64.993698
-64.993698
-64.981201
-65.003075
-64.999947
-64.981201
-64.993698
-64.996826
-64.981201
-65.009323
-65.006203
-64.999947
-65.015572
-65.009323
-65.015572
-65.031197
-65.0187
-65.015572
-65.021828
-65.0187
-65.006203
-65.021828
-65.021828
-65.006203
-65.006203
-64.996826
-65.006203
-65.012451
-65.0187
-65.049942
-65.056198
-65.024948
-65.034325
-65.031197
-65.0187
-65.012451
-65.015572
-64.996826
-65.043701
-65.031197
-64.996826
-65.009323
-65.009323
-64.996826
-65.024948
-65.021828
-65.024948
-65.012451
-65.009323
-65.015572
-65.024948
-65.021828
-65.006203
-65.015572
-64.993698
-64.990578
-64.999947
-64.965576
-64.984322
-64.981201
-64.981201
-65.006203
-65.006203
-64.98745
-64.999947
-64.993698
-64.990578
-64.996826
-64.98745
-65.0187
-65.012451
-64.990578
-64.999947
-65.012451
-65.003075
-64.999947
-65.012451
-64.981201
-64.996826
-64.996826
-64.996826
-65.003075
-65.024948
-65.012451
-65.028076
-65.043701
-65.006203
-65.0187
-65.012451
-64.996826
-65.031197
-65.021828
-65.040573
-65.037453
-65.040573
-65.046822
-65.065567
-65.049942
-65.037453
-65.059319
-65.031197
-65.034325
-65.024948
-65.015572
-65.012451
-65.021828
-64.996826
-64.996826
-64.999947
-64.981201
-65.003075
-64.993698
-64.996826
-65.006203
-65.006203
-64.990578
-64.999947
-64.993698
-64.990578
-65.015572
-64.990578
-64.996826
-65.012451
-65.015572
-65.0187
-65.024948
-65.031197
-65.046822
-65.046822
-65.015572
-65.0187
-65.021828
-65.0187
-65.024948
-65.037453
-65.037453
-65.043701
-65.015572
-64.993698
-65.028076
-65.0187
-65.015572
-65.028076
-64.996826
-64.996826
-64.999947
-64.996826
-64.999947
-64.993698
-64.993698
-64.996826
-65.006203
-64.996826
-65.015572
-65.034325
-65.034325
-65.034325
-65.040573
-65.046822
-65.040573
-65.046822
-65.040573
-65.043701
-65.049942
-65.031197
-65.040573
-65.046822
-65.046822
-65.037453
-65.05307
-65.065567
-65.078072
-65.034325
-65.034325
-65.046822
-65.031197
-65.021828
-65.0187
-65.028076
-65.028076
-65.0187
-65.006203
-65.021828
-65.043701
-65.024948
-65.024948
-65.034325
-65.031197
-65.040573
-65.049942
-65.031197
-65.065567
-65.049942
-65.046822
-65.059319
-65.046822
-65.046822
-65.040573
-65.034325
-65.040573
-65.031197
-65.028076
-65.040573
-65.049942
-65.049942
-65.059319
-65.059319
-65.062447
-65.05307
-65.065567
-65.065567
-65.068695
-65.05307
-65.062447
-65.065567
-65.065567
-65.065567
-65.078072
-65.078072
-65.071823
-65.093697
-65.08432
-65.078072
-65.071823
-65.056198
-65.059319
-65.068695
-65.056198
-65.05307
-65.056198
-65.046822
-65.046822
-65.040573
-65.0187
-65.024948
-65.021828
-65.009323
-65.015572
-65.034325
-65.040573
-65.046822
-65.046822
-65.059319
-65.068695
-65.056198
-65.05307
-65.056198
-65.059319
-65.065567
-65.087448
-65.059319
-65.071823
-65.059319
-65.037453
-65.046822
-65.05307
-65.046822
-65.046822
-65.049942
-65.040573
-65.046822
-65.05307
-65.046822
-65.037453
-65.05307
-65.028076
-65.046822
-65.037453
-65.049942
-65.046822
-65.049942
-65.043701
-65.05307
-65.056198
-65.059319
-65.062447
-65.046822
-65.059319
-65.065567
-65.046822
-65.062447
-65.062447
-65.05307
-65.046822
-65.05307
-65.040573
-65.046822
-65.024948
-65.031197
-65.037453
-65.05307
-65.046822
-65.037453
-65.028076
-65.028076
-65.056198
-65.034325
-65.043701
-65.049942
-65.065567
-65.05307
-65.062447
-65.059319
-65.043701
-65.056198
-65.049942
-65.068695
-65.059319
-65.056198
-65.043701
-65.046822
-65.028076
-65.031197
-65.024948
-65.015572
-65.028076
-65.031197
-65.021828
-65.031197
-65.024948
-65.037453
-65.031197
-65.015572
-65.012451
-65.009323
-64.999947
-65.012451
-65.034325
-65.015572
-65.006203
-65.012451
-64.993698
-64.98745
-64.984322
-64.968697
-64.984322
-64.999947
-64.996826
-65.024948
-65.021828
-65.028076
-65.040573
-65.046822
-65.046822
-65.062447
-65.059319
-65.068695
-65.090569
-65.087448
-65.074944
-65.096817
-65.081192
-65.059319
-65.049942
-65.0187
-65.037453
-65.012451
-65.003075
-64.996826
-64.978073
-64.990578
-64.993698
-65.003075
-64.98745
-65.009323
-64.996826
-64.999947
-65.009323
-64.996826
-65.015572
-65.031197
-65.031197
-65.012451
-65.015572
-64.999947
-64.993698
-65.034325
-64.996826
-65.009323
-65.015572
-65.021828
-65.024948
-65.037453
-64.996826
-65.0187
-65.021828
-65.024948
-65.040573
-65.028076
-65.009323
-65.0187
-65.009323
-64.984322
-64.996826
-64.984322
-64.990578
-64.999947
-64.996826
-64.996826
-65.0187
-65.015572
-64.993698
-65.015572
-65.015572
-65.012451
-65.034325
-65.009323
-65.012451
-64.999947
-64.996826
-65.006203
-65.015572
-64.98745
-65.012451
-65.021828
-65.003075
-65.015572
-65.012451
-65.006203
-65.009323
-65.003075
-65.009323
-65.012451
-65.006203
-65.015572
-65.024948
-65.015572
-65.043701
-65.031197
-65.009323
-65.012451
-65.024948
-65.012451
-65.031197
-65.015572
-65.009323
-65.0187
-65.024948
-65.021828
-65.034325
-65.031197
-65.021828
-65.012451
-64.996826
-64.984322
-65.012451
-65.021828
-65.009323
-65.037453
-64.996826
-64.990578
-65.015572
-65.009323
-64.996826
-65.006203
-65.003075
-65.015572
-64.996826
-64.984322
-65.003075
-64.993698
-64.968697
-64.993698
-64.990578
-64.993698
-64.999947
-64.984322
-64.98745
-64.974953
-64.990578
-64.984322
-64.996826
-64.984322
-64.965576
-64.974953
-64.971825
-64.965576
-64.962448
-64.965576
-64.981201
-64.993698
-64.981201
-64.974953
-65.003075
-64.990578
-64.996826
-64.98745
-64.971825
-64.981201
-64.990578
-64.971825
-64.978073
-64.9562
-64.962448
-64.981201
-64.9562
-64.943703
-64.962448
-64.974953
-64.965576
-64.984322
-64.984322
-64.978073
-64.971825
-64.953072
-64.959328
-64.9562
-64.931206
-64.943703
-64.940582
-64.934326
-64.943703
-64.928078
-64.912453
-64.928078
-64.940582
-64.937454
-64.946823
-64.949951
-64.953072
-64.959328
-64.946823
-64.949951
-64.968697
-64.9562
-64.940582
-64.946823
-64.946823
-64.931206
-64.928078
-64.928078
-64.943703
-64.946823
-64.931206
-64.934326
-64.946823
-64.937454
-64.946823
-64.946823
-64.940582
-64.949951
-64.971825
-64.949951
-64.981201
-64.965576
-64.978073
-64.978073
-64.971825
-64.953072
-64.946823
-64.928078
-64.937454
-64.9562
-64.9562
-64.974953
-64.984322
-64.981201
-64.968697
-64.971825
-64.9562
-64.959328
-64.959328
-64.943703
-64.953072
-64.968697
-64.943703
-64.959328
-64.943703
-64.924957
-64.918701
-64.934326
-64.909332
-64.915581
-64.921829
-64.921829
-64.940582
-64.949951
-64.946823
-64.978073
-64.959328
-64.946823
-64.965576
-64.943703
-64.931206
-64.940582
-64.928078
-64.921829
-64.931206
-64.934326
-64.940582
-64.946823
-64.924957
-64.946823
-64.949951
-64.934326
-64.946823
-64.940582
-64.946823
-64.953072
-64.968697
-64.946823
-64.959328
-64.962448
-64.943703
-64.946823
-64.934326
-64.921829
-64.931206
-64.909332
-64.915581
-64.909332
-64.906204
-64.909332
-64.934326
-64.912453
-64.912453
-64.934326
-64.931206
-64.943703
-64.946823
-64.934326
-64.931206
-64.940582
-64.924957
-64.921829
-64.940582
-64.931206
-64.946823
-64.943703
-64.937454
-64.943703
-64.921829
-64.918701
-64.937454
-64.924957
-64.934326
-64.943703
-64.928078
-64.918701
-64.918701
-64.899956
-64.903076
-64.918701
-64.915581
-64.928078
-64.937454
-64.924957
-64.928078
-64.921829
-64.918701
-64.934326
-64.931206
-64.921829
-64.953072
-64.949951
-64.940582
-64.946823
-64.946823
-64.934326
-64.943703
-64.918701
-64.906204
-64.928078
-64.928078
-64.934326
-64.937454
-64.931206
-64.940582
-64.928078
-64.915581
-64.934326
-64.934326
-64.931206
-64.946823
-64.9562
-64.953072
-64.98745
-64.978073
-64.968697
-64.993698
-64.98745
-64.971825
-64.978073
-64.971825
-64.962448
-64.971825
-64.9562
-64.953072
-64.9562
-64.949951
-64.946823
-64.946823
-64.946823
-64.934326
-64.946823
-64.934326
-64.953072
-64.946823
-64.946823
-64.946823
-64.946823
-64.931206
-64.940582
-64.949951
-64.934326
-64.943703
-64.937454
-64.940582
-64.931206
-64.931206
-64.915581
-64.931206
-64.918701
-64.918701
-64.946823
-64.931206
-64.934326
-64.959328
-64.928078
-64.937454
-64.940582
-64.931206
-64.931206
-64.943703
-64.934326
-64.924957
-64.931206
-64.937454
-64.937454
-64.928078
-64.912453
-64.909332
-64.918701
-64.890579
-64.903076
-64.906204
-64.896828
-64.899956
-64.899956
-64.899956
-64.893707
-64.899956
-64.899956
-64.931206
-64.909332
-64.906204
-64.896828
-64.909332
-64.915581
-64.912453
-64.896828
-64.906204
-64.899956
-64.890579
-64.893707
-64.881203
-64.896828
-64.909332
-64.899956
-64.903076
-64.915581
-64.909332
-64.903076
-64.903076
-64.896828
-64.896828
-64.918701
-64.887451
-64.890579
-64.899956
-64.881203
-64.878082
-64.884331
-64.871826
-64.856201
-64.865578
-64.868706
-64.896828
-64.884331
-64.881203
-64.887451
-64.896828
-64.896828
-64.909332
-64.918701
-64.887451
-64.884331
-64.868706
-64.868706
-64.884331
-64.881203
-64.884331
-64.878082
-64.856201
-64.853081
-64.874954
-64.849953
-64.871826
-64.871826
-64.871826
-64.868706
-64.884331
-64.878082
-64.887451
-64.893707
-64.896828
-64.887451
-64.874954
-64.865578
-64.865578
-64.846832
-64.846832
-64.846832
-64.843712
-64.859329
-64.868706
-64.853081
-64.849953
-64.837456
-64.843712
-64.815582
-64.821831
-64.790581
-64.809334
-64.81871
-64.812462
-64.821831
-64.837456
-64.821831
-64.846832
-64.846832
-64.828087
-64.831207
-64.834335
-64.831207
-64.824959
-64.828087
-64.849953
-64.887451
-64.881203
-64.881203
-64.868706
-64.846832
-64.849953
-64.878082
-64.859329
-64.856201
-64.868706
-64.871826
-64.874954
-64.871826
-64.893707
-64.890579
-64.896828
-64.890579
-64.912453
-64.903076
-64.906204
-64.906204
-64.881203
-64.884331
-64.884331
-64.856201
-64.859329
-64.862457
-64.846832
-64.840584
-64.859329
-64.843712
-64.840584
-64.840584
-64.840584
-64.846832
-64.871826
-64.868706
-64.890579
-64.903076
-64.896828
-64.912453
-64.906204
-64.896828
-64.903076
-64.899956
-64.893707
-64.896828
-64.896828
-64.893707
-64.909332
-64.896828
-64.896828
-64.896828
-64.874954
-64.896828
-64.896828
-64.903076
-64.903076
-64.906204
-64.909332
-64.924957
-64.924957
-64.915581
-64.928078
-64.921829
-64.899956
-64.924957
-64.931206
-64.928078
-64.924957
-64.921829
-64.931206
-64.921829
-64.903076
-64.899956
-64.912453
-64.928078
-64.918701
-64.924957
-64.918701
-64.931206
-64.921829
-64.896828
-64.896828
-64.906204
-64.896828
-64.909332
-64.899956
-64.887451
-64.915581
-64.915581
-64.909332
-64.909332
-64.915581
-64.893707
-64.890579
-64.871826
-64.890579
-64.896828
-64.899956
-64.903076
-64.921829
-64.893707
-64.906204
-64.937454
-64.937454
-64.931206
-64.924957
-64.915581
-64.921829
-64.921829
-64.909332
-64.928078
-64.934326
-64.915581
-64.921829
-64.912453
-64.899956
-64.909332
-64.924957
-64.896828
-64.918701
-64.928078
-64.918701
-64.931206
-64.915581
-64.903076
-64.912453
-64.906204
-64.903076
-64.915581
-64.921829
-64.921829
-64.924957
-64.912453
-64.924957
-64.909332
-64.918701
-64.918701
-64.924957
-64.903076
-64.949951
-64.934326
-64.918701
-64.918701
-64.940582
-64.934326
-64.928078
-64.924957
-64.928078
-64.946823
-64.934326
-64.924957
-64.921829
-64.899956
-64.896828
-64.893707
-64.893707
-64.896828
-64.903076
-64.928078
-64.924957
-64.921829
-64.921829
-64.924957
-64.915581
-64.918701
-64.931206
-64.937454
-64.921829
-64.937454
-64.928078
-64.909332
-64.899956
-64.906204
-64.918701
-64.924957
-64.921829
-64.912453
-64.906204
-64.903076
-64.884331
-64.881203
-64.890579
-64.896828
-64.896828
-64.890579
-64.893707
-64.896828
-64.893707
-64.912453
-64.909332
-64.899956
-64.896828
-64.896828
-64.890579
-64.896828
-64.893707
-64.890579
-64.896828
-64.884331
-64.881203
-64.881203
-64.896828
-64.884331
-64.896828
-64.881203
-64.874954
-64.874954
-64.856201
-64.884331
-64.881203
-64.874954
-64.887451
-64.887451
-64.871826
-64.881203
-64.884331
-64.865578
-64.881203
-64.881203
-64.906204
-64.896828
-64.896828
-64.890579
-64.903076
-64.865578
-64.856201
-64.874954
-64.878082
-64.899956
-64.906204
-64.903076
-64.893707
-64.899956
-64.884331
-64.884331
-64.878082
-64.865578
-64.887451
-64.896828
-64.896828
-64.909332
-64.928078
-64.918701
-64.937454
-64.921829
-64.896828
-64.903076
-64.896828
-64.896828
-64.896828
-64.896828
-64.887451
-64.893707
-64.874954
-64.868706
-64.878082
-64.868706
-64.865578
-64.871826
-64.856201
-64.865578
-64.874954
-64.884331
-64.912453
-64.896828
-64.896828
-64.906204
-64.896828
-64.871826
-64.853081
-64.878082
-64.859329
-64.874954
-64.893707
-64.893707
-64.896828
-64.899956
-64.909332
-64.918701
-64.896828
-64.899956
-64.899956
-64.893707
-64.878082
-64.890579
-64.881203
-64.887451
-64.878082
-64.846832
-64.856201
-64.862457
-64.856201
-64.846832
-64.865578
-64.874954
-64.868706
-64.865578
-64.843712
-64.871826
-64.856201
-64.862457
-64.884331
-64.871826
-64.884331
-64.890579
-64.884331
-64.884331
-64.871826
-64.871826
-64.874954
-64.878082
-64.859329
-64.871826
-64.865578
-64.859329
-64.871826
-64.893707
-64.896828
-64.896828
-64.934326
-64.921829
-64.940582
-64.906204
-64.921829
-64.934326
-64.928078
-64.924957
-64.940582
-64.921829
-64.909332
-64.928078
-64.915581
-64.881203
-64.896828
-64.896828
-64.896828
-64.906204
-64.903076
-64.893707
-64.890579
-64.853081
-64.874954
-64.865578
-64.868706
-64.871826
-64.896828
-64.887451
-64.912453
-64.921829
-64.906204
-64.921829
-64.924957
-64.896828
-64.931206
-64.896828
-64.896828
-64.896828
-64.903076
-64.893707
-64.893707
-64.881203
-64.896828
-64.906204
-64.909332
-64.899956
-64.909332
-64.881203
-64.924957
-64.921829
-64.921829
-64.921829
-64.946823
-64.937454
-64.946823
-64.934326
-64.915581
-64.934326
-64.940582
-64.937454
-64.934326
-64.937454
-64.937454
-64.940582
-64.937454
-64.931206
-64.924957
-64.928078
-64.931206
-64.946823
-64.937454
-64.915581
-64.909332
-64.896828
-64.903076
-64.903076
-64.903076
-64.915581
-64.906204
-64.931206
-64.921829
-64.921829
-64.937454
-64.924957
-64.909332
-64.909332
-64.931206
-64.912453
-64.912453
-64.940582
-64.893707
-64.884331
-64.890579
-64.871826
-64.878082
-64.896828
-64.903076
-64.896828
-64.903076
-64.896828
-64.896828
-64.903076
-64.887451
-64.896828
-64.903076
-64.887451
-64.899956
-64.903076
-64.906204
-64.896828
-64.915581
-64.912453
-64.903076
-64.896828
-64.893707
-64.903076
-64.896828
-64.887451
-64.878082
-64.871826
-64.890579
-64.899956
-64.903076
-64.890579
-64.896828
-64.896828
-64.890579
-64.893707
-64.881203
-64.878082
-64.874954
-64.874954
-64.893707
-64.887451
-64.859329
-64.884331
-64.896828
-64.874954
-64.878082
-64.881203
-64.878082
-64.874954
-64.853081
-64.890579
-64.896828
-64.893707
-64.909332
-64.924957
-64.899956
-64.899956
-64.909332
-64.881203
-64.893707
-64.884331
-64.871826
-64.890579
-64.899956
-64.887451
-64.871826
-64.874954
-64.865578
-64.884331
-64.890579
-64.878082
-64.903076
-64.884331
-64.881203
-64.903076
-64.887451
-64.893707
-64.884331
-64.874954
-64.868706
-64.846832
-64.843712
-64.849953
-64.849953
-64.846832
-64.868706
-64.871826
-64.878082
-64.874954
-64.887451
-64.896828
-64.890579
-64.887451
-64.868706
-64.893707
-64.868706
-64.874954
-64.884331
-64.884331
-64.893707
-64.884331
-64.896828
-64.878082
-64.853081
-64.837456
-64.834335
-64.862457
-64.843712
-64.856201
-64.865578
-64.862457
-64.865578
-64.868706
-64.878082
-64.896828
-64.909332
-64.893707
-64.896828
-64.896828
-64.868706
-64.874954
-64.884331
-64.874954
-64.884331
-64.862457
-64.884331
-64.909332
-64.909332
-64.899956
-64.896828
-64.878082
-64.887451
-64.890579
-64.890579
-64.903076
-64.884331
-64.887451
-64.896828
-64.884331
-64.874954
-64.859329
-64.871826
-64.846832
-64.856201
-64.862457
-64.840584
-64.856201
-64.846832
-64.846832
-64.846832
-64.853081
-64.865578
-64.871826
-64.862457
-64.859329
-64.849953
-64.834335
-64.840584
-64.843712
-64.843712
-64.865578
-64.890579
-64.871826
-64.896828
-64.903076
-64.896828
-64.896828
-64.893707
-64.890579
-64.903076
-64.909332
-64.906204
-64.912453
-64.896828
-64.896828
-64.903076
-64.893707
-64.893707
-64.893707
-64.859329
-64.881203
-64.871826
-64.868706
-64.862457
-64.871826
-64.849953
-64.856201
-64.868706
-64.878082
-64.881203
-64.896828
-64.856201
-64.881203
-64.884331
-64.874954
-64.874954
-64.884331
-64.896828
-64.896828
-64.893707
-64.896828
-64.909332
-64.906204
-64.893707
-64.909332
-64.890579
-64.887451
-64.909332
-64.887451
-64.881203
-64.896828
-64.896828
-64.903076
-64.909332
-64.912453
-64.915581
-64.928078
-64.915581
-64.921829
-64.903076
-64.899956
-64.899956
-64.896828
-64.878082
-64.887451
-64.896828
-64.884331
-64.896828
-64.896828
-64.912453
-64.909332
-64.906204
-64.915581
-64.912453
-64.903076
-64.915581
-64.918701
-64.921829
-64.946823
-64.940582
-64.928078
-64.940582
-64.931206
-64.912453
-64.934326
-64.934326
-64.921829
-64.937454
-64.912453
-64.909332
-64.918701
-64.906204
-64.909332
-64.928078
-64.909332
-64.918701
-64.915581
-64.909332
-64.903076
-64.909332
-64.896828
-64.893707
-64.893707
-64.899956
-64.887451
-64.903076
-64.906204
-64.903076
-64.906204
-64.915581
-64.921829
-64.906204
-64.893707
-64.890579
-64.912453
-64.903076
-64.906204
-64.887451
-64.881203
-64.896828
-64.874954
-64.884331
-64.912453
-64.896828
-64.887451
-64.903076
-64.903076
-64.896828
-64.915581
-64.934326
-64.943703
-64.924957
-64.915581
-64.912453
-64.934326
-64.918701
-64.937454
-64.915581
-64.906204
-64.903076
-64.896828
-64.896828
-64.909332
-64.896828
-64.893707
-64.896828
-64.878082
-64.896828
-64.899956
-64.896828
-64.921829
-64.906204
-64.896828
-64.906204
-64.912453
-64.909332
-64.912453
-64.912453
-64.896828
-64.896828
-64.890579
-64.878082
-64.890579
-64.896828
-64.887451
-64.899956
-64.909332
-64.912453
-64.912453
-64.906204
-64.903076
-64.931206
-64.915581
-64.921829
-64.937454
-64.924957
-64.918701
-64.931206
-64.931206
-64.9562
-64.946823
-64.949951
-64.946823
-64.946823
-64.934326
-64.924957
-64.924957
-64.918701
-64.924957
-64.937454
-64.943703
-64.946823
-64.946823
-64.946823
-64.937454
-64.946823
-64.949951
-64.953072
-64.937454
-64.946823
-64.946823
-64.949951
-64.949951
-64.940582
-64.934326
-64.934326
-64.943703
-64.940582
-64.946823
-64.946823
-64.940582
-64.934326
-64.953072
-64.924957
-64.943703
-64.959328
-64.937454
-64.946823
-64.953072
-64.959328
-64.974953
-64.9562
-64.946823
-64.968697
-64.943703
-64.946823
-64.953072
-64.946823
-64.946823
-64.962448
-64.946823
-64.9562
-64.965576
-64.962448
-64.974953
-64.965576
-64.959328
-64.968697
-64.981201
-64.978073
-64.974953
-64.962448
-64.9562
-64.949951
-64.940582
-64.937454
-64.946823
-64.934326
-64.949951
-64.946823
-64.9562
-64.949951
-64.943703
-64.924957
-64.943703
-64.962448
-64.959328
-64.971825
-64.959328
-64.946823
-64.946823
-64.946823
-64.928078
-64.946823
-64.9562
-64.946823
-64.946823
-64.946823
-64.946823
-64.978073
-64.959328
-64.949951
-64.946823
-64.943703
-64.934326
-64.934326
-64.937454
-64.943703
-64.946823
-64.940582
-64.940582
-64.965576
-64.959328
-64.968697
-64.978073
-64.959328
-64.965576
-64.968697
-64.9562
-64.953072
-64.974953
-64.981201
-64.981201
-64.981201
-64.959328
-64.959328
-64.943703
-64.943703
-64.9562
-64.953072
-64.971825
-64.971825
-64.968697
-64.962448
-64.968697
-64.971825
-64.996826
-64.978073
-64.993698
-64.996826
-65.009323
-64.984322
-64.984322
-64.974953
-64.971825
-64.981201
-64.993698
-64.990578
-64.990578
-64.996826
-64.984322
-64.981201
-64.978073
-64.971825
-64.971825
-64.949951
-64.9562
-64.962448
-64.971825
-64.978073
-64.993698
-64.968697
-64.974953
-64.974953
-64.962448
-64.981201
-64.996826
-64.978073
-64.978073
-64.965576
-64.978073
-64.981201
-64.978073
-64.978073
-64.974953
-64.965576
-64.974953
-64.978073
-64.971825
-64.98745
-64.98745
-64.968697
-64.999947
-64.981201
-64.953072
-64.940582
-64.959328
-64.959328
-64.946823
-64.978073
-64.971825
-64.984322
-64.981201
-64.971825
-64.98745
-64.990578
-64.968697
-64.990578
-64.996826
-64.98745
-65.009323
-64.999947
-64.996826
-64.990578
-64.984322
-64.981201
-64.981201
-64.971825
-64.968697
-64.981201
-64.978073
-64.978073
-64.990578
-64.978073
-64.990578
-64.999947
-64.996826
-64.990578
-64.993698
-64.971825
-64.990578
-64.959328
-64.949951
-64.965576
-64.981201
-64.993698
-64.98745
-64.996826
-64.98745
-64.993698
-64.98745
-65.006203
-65.021828
-64.999947
-64.996826
-65.006203
-64.999947
-65.009323
-64.999947
-64.993698
-65.003075
-65.012451
-65.012451
-65.015572
-65.003075
-65.015572
-65.024948
-65.006203
-64.990578
-64.996826
-65.012451
-64.990578
-65.006203
-65.009323
-65.006203
-65.031197
-65.021828
-65.0187
-64.993698
-64.978073
-64.984322
-64.98745
-64.940582
-64.9562
-64.968697
-64.959328
-64.984322
-64.996826
-64.978073
-64.990578
-64.974953
-64.990578
-64.996826
-64.98745
-64.984322
-64.974953
-64.993698
-64.978073
-64.990578
-64.965576
-64.981201
-64.993698
-64.965576
-64.971825
-64.974953
-64.974953
-64.981201
-64.996826
-64.990578
-64.971825
-64.98745
-64.965576
-64.993698
-64.984322
-64.974953
-65.015572
-65.024948
-65.003075
-64.996826
-64.999947
-64.996826
-64.996826
-64.990578
-64.996826
-65.003075
-64.996826
-64.968697
-64.984322
-64.971825
-64.981201
-64.990578
-65.006203
-65.003075
-64.98745
-64.971825
-64.968697
-64.981201
-64.968697
-64.974953
-64.962448
-64.959328
-64.984322
-64.978073
-64.965576
-64.968697
-64.9562
-64.946823
-64.946823
-64.953072
-64.965576
-64.971825
-64.968697
-64.971825
-64.978073
-64.959328
-64.949951
-64.962448
-64.953072
-64.953072
-64.953072
-64.965576
-64.962448
-64.974953
-64.959328
-64.981201
-64.978073
-64.971825
-64.978073
-64.974953
-64.9562
-64.971825
-64.959328
-64.962448
-64.974953
-64.953072
-64.9562
-64.959328
-64.949951
-64.953072
-64.965576
-64.953072
-64.940582
-64.9562
-64.946823
-64.946823
-64.9562
-64.943703
-64.946823
-64.959328
-64.965576
-64.968697
-64.946823
-64.959328
-64.949951
-64.962448
-64.940582
-64.946823
-64.946823
-64.940582
-64.946823
-64.937454
-64.931206
-64.934326
-64.915581
-64.931206
-64.940582
-64.946823
-64.953072
-64.959328
-64.953072
-64.971825
-64.981201
-64.971825
-64.965576
-64.971825
-64.971825
-64.999947
-64.978073
-64.946823
-64.9562
-64.946823
-64.943703
-64.946823
-64.943703
-64.940582
-64.949951
-64.921829
-64.921829
-64.931206
-64.931206
-64.946823
-64.959328
-64.934326
-64.940582
-64.940582
-64.940582
-64.928078
-64.928078
-64.909332
-64.909332
-64.924957
-64.906204
-64.899956
-64.909332
-64.906204
-64.903076
-64.896828
-64.896828
-64.915581
-64.921829
-64.903076
-64.896828
-64.896828
-64.896828
-64.915581
-64.896828
-64.890579
-64.896828
-64.899956
-64.896828
-64.896828
-64.887451
-64.884331
-64.871826
-64.874954
-64.896828
-64.906204
-64.890579
-64.903076
-64.909332
-64.899956
-64.918701
-64.915581
-64.890579
-64.912453
-64.918701
-64.918701
-64.915581
-64.903076
-64.893707
-64.899956
-64.881203
-64.890579
-64.899956
-64.893707
-64.893707
-64.918701
-64.906204
-64.909332
-64.912453
-64.896828
-64.909332
-64.918701
-64.903076
-64.896828
-64.890579
-64.890579
-64.896828
-64.893707
-64.884331
-64.896828
-64.890579
-64.890579
-64.903076
-64.887451
-64.890579
-64.887451
-64.884331
-64.878082
-64.899956
-64.893707
-64.903076
-64.909332
-64.896828
-64.915581
-64.884331
-64.884331
-64.862457
-64.881203
-64.856201
-64.868706
-64.868706
-64.878082
-64.899956
-64.899956
-64.893707
-64.899956
-64.890579
-64.881203
-64.878082
-64.865578
-64.856201
-64.871826
-64.874954
-64.884331
-64.884331
-64.887451
-64.896828
-64.890579
-64.887451
-64.896828
-64.899956
-64.878082
-64.874954
-64.856201
-64.865578
-64.878082
-64.881203
-64.856201
-64.871826
-64.884331
-64.874954
-64.890579
-64.881203
-64.859329
-64.871826
-64.865578
-64.862457
-64.859329
-64.846832
-64.846832
-64.856201
-64.843712
-64.846832
-64.868706
-64.884331
-64.874954
-64.874954
-64.865578
-64.881203
-64.865578
-64.871826
-64.893707
-64.896828
-64.890579
-64.896828
-64.884331
-64.862457
-64.868706
-64.846832
-64.865578
-64.871826
-64.868706
-64.868706
-64.896828
-64.871826
-64.862457
-64.868706
-64.871826
-64.865578
-64.871826
-64.846832
-64.828087
-64.853081
-64.856201
-64.868706
-64.874954
-64.846832
-64.868706
-64.862457
-64.849953
-64.862457
-64.884331
-64.862457
-64.881203
-64.874954
-64.871826
-64.903076
-64.884331
-64.890579
-64.890579
-64.881203
-64.896828
-64.912453
-64.890579
-64.890579
-64.884331
-64.884331
-64.896828
-64.890579
-64.878082
-64.871826
-64.878082
-64.878082
-64.859329
-64.871826
-64.893707
-64.896828
-64.893707
-64.878082
-64.887451
-64.890579
-64.884331
-64.878082
-64.878082
-64.890579
-64.893707
-64.859329
-64.862457
-64.849953
-64.856201
-64.846832
-64.846832
-64.837456
-64.849953
-64.868706
-64.874954
-64.865578
-64.887451
-64.853081
-64.893707
-64.878082
-64.862457
-64.868706
-64.865578
-64.862457
-64.878082
-64.865578
-64.868706
-64.896828
-64.878082
-64.871826
-64.874954
-64.871826
-64.853081
-64.856201
-64.862457
-64.871826
-64.890579
-64.881203
-64.871826
-64.878082
-64.878082
-64.896828
-64.887451
-64.887451
-64.881203
-64.896828
-64.881203
-64.896828
-64.890579
-64.874954
-64.906204
-64.896828
-64.896828
-64.903076
-64.893707
-64.884331
-64.906204
-64.899956
-64.915581
-64.896828
-64.881203
-64.878082
-64.884331
-64.871826
-64.874954
-64.874954
-64.846832
-64.840584
-64.846832
-64.834335
-64.834335
-64.846832
-64.824959
-64.846832
-64.837456
-64.843712
-64.846832
-64.846832
-64.843712
-64.846832
-64.846832
-64.846832
-64.859329
-64.878082
-64.865578
-64.871826
-64.853081
-64.846832
-64.824959
-64.81871
-64.815582
-64.81871
-64.806206
-64.824959
-64.806206
-64.812462
-64.812462
-64.809334
-64.809334
-64.834335
-64.840584
-64.828087
-64.812462
-64.824959
-64.831207
-64.837456
-64.828087
-64.840584
-64.840584
-64.815582
-64.821831
-64.831207
-64.81871
-64.81871
-64.812462
-64.809334
-64.840584
-64.824959
-64.824959
-64.837456
-64.834335
-64.849953
-64.862457
-64.849953
-64.81871
-64.840584
-64.828087
-64.784332
-64.790581
-64.790581
-64.790581
-64.803085
-64.806206
-64.806206
-64.812462
-64.78746
-64.793709
-64.784332
-64.778084
-64.796837
-64.812462
-64.806206
-64.806206
-64.803085
-64.765587
-64.796837
-64.803085
-64.815582
-64.812462
-64.821831
-64.815582
-64.834335
-64.846832
-64.824959
-64.837456
-64.824959
-64.78746
-64.81871
-64.809334
-64.815582
-64.809334
-64.796837
-64.796837
-64.81871
-64.812462
-64.803085
-64.824959
-64.821831
-64.834335
-64.828087
-64.837456
-64.815582
-64.81871
-64.821831
-64.846832
-64.862457
-64.846832
-64.843712
-64.853081
-64.824959
-64.837456
-64.821831
-64.812462
-64.81871
-64.821831
-64.834335
-64.859329
-64.834335
-64.840584
-64.846832
-64.834335
-64.821831
-64.840584
-64.806206
-64.824959
-64.828087
-64.81871
-64.812462
-64.815582
-64.796837
-64.812462
-64.803085
-64.821831
-64.81871
-64.837456
-64.821831
-64.846832
-64.834335
-64.849953
-64.846832
-64.846832
-64.859329
-64.865578
-64.865578
-64.884331
-64.878082
-64.859329
-64.865578
-64.868706
-64.828087
-64.828087
-64.843712
-64.856201
-64.859329
-64.862457
-64.856201
-64.865578
-64.846832
-64.81871
-64.862457
-64.846832
-64.834335
-64.840584
-64.828087
-64.824959
-64.846832
-64.831207
-64.846832
-64.846832
-64.837456
-64.865578
-64.884331
-64.856201
-64.853081
-64.853081
-64.843712
-64.846832
-64.837456
-64.812462
-64.834335
-64.831207
-64.821831
-64.837456
-64.834335
-64.831207
-64.846832
-64.834335
-64.831207
-64.834335
-64.815582
-64.824959
-64.821831
-64.803085
-64.828087
-64.81871
-64.803085
-64.796837
-64.799957
-64.796837
-64.831207
-64.821831
-64.809334
-64.828087
-64.831207
-64.828087
-64.821831
-64.824959
-64.815582
-64.815582
-64.81871
-64.815582
-64.840584
-64.821831
-64.815582
-64.824959
-64.831207
-64.828087
-64.840584
-64.831207
-64.846832
-64.849953
-64.849953
-64.862457
-64.846832
-64.837456
-64.853081
-64.856201
-64.849953
-64.874954
-64.868706
-64.846832
-64.856201
-64.846832
-64.837456
-64.834335
-64.846832
-64.843712
-64.843712
-64.837456
-64.846832
-64.846832
-64.846832
-64.837456
-64.837456
-64.796837
-64.793709
-64.809334
-64.812462
-64.81871
-64.81871
-64.81871
-64.824959
-64.81871
-64.815582
-64.81871
-64.81871
-64.824959
-64.837456
-64.824959
-64.846832
-64.856201
-64.849953
-64.859329
-64.856201
-64.840584
-64.846832
-64.846832
-64.837456
-64.843712
-64.840584
-64.809334
-64.815582
-64.834335
-64.828087
-64.821831
-64.831207
-64.824959
-64.843712
-64.840584
-64.837456
-64.853081
-64.840584
-64.831207
-64.843712
-64.840584
-64.843712
-64.846832
-64.853081
-64.846832
-64.849953
-64.837456
-64.831207
-64.843712
-64.831207
-64.846832
-64.837456
-64.834335
-64.840584
-64.853081
-64.846832
-64.849953
-64.849953
-64.834335
-64.831207
-64.831207
-64.824959
-64.843712
-64.846832
-64.81871
-64.831207
-64.853081
-64.856201
-64.846832
-64.821831
-64.837456
-64.856201
-64.846832
-64.837456
-64.846832
-64.824959
-64.828087
-64.834335
-64.809334
-64.834335
-64.837456
-64.831207
-64.834335
-64.862457
-64.843712
-64.849953
-64.846832
-64.859329
-64.871826
-64.881203
-64.859329
-64.846832
-64.853081
-64.831207
-64.843712
-64.853081
-64.846832
-64.837456
-64.846832
-64.859329
-64.874954
-64.853081
-64.868706
-64.878082
-64.881203
-64.884331
-64.884331
-64.890579
-64.881203
-64.868706
-64.859329
-64.871826
-64.884331
-64.856201
-64.868706
-64.887451
-64.881203
-64.881203
-64.881203
-64.881203
-64.890579
-64.874954
-64.871826
-64.881203
-64.881203
-64.890579
-64.890579
-64.887451
-64.878082
-64.874954
-64.865578
-64.865578
-64.890579
-64.878082
-64.890579
-64.896828
-64.871826
-64.896828
-64.903076
-64.878082
-64.874954
-64.878082
-64.865578
-64.887451
-64.896828
-64.890579
-64.893707
-64.896828
-64.884331
-64.893707
-64.881203
-64.856201
-64.878082
-64.849953
-64.849953
-64.865578
-64.846832
-64.859329
-64.887451
-64.862457
-64.868706
-64.884331
-64.865578
-64.884331
-64.874954
-64.859329
-64.871826
-64.887451
-64.890579
-64.893707
-64.893707
-64.878082
-64.881203
-64.890579
-64.874954
-64.887451
-64.859329
-64.849953
-64.871826
-64.884331
-64.874954
-64.884331
-64.865578
-64.878082
-64.881203
-64.868706
-64.871826
-64.890579
-64.871826
-64.890579
-64.887451
-64.893707
-64.893707
-64.884331
-64.890579
-64.887451
-64.887451
-64.868706
-64.865578
-64.859329
-64.862457
-64.874954
-64.874954
-64.881203
-64.896828
-64.881203
-64.903076
-64.896828
-64.909332
-64.912453
-64.906204
-64.896828
-64.887451
-64.884331
-64.846832
-64.849953
-64.859329
-64.865578
-64.849953
-64.846832
-64.853081
-64.871826
-64.896828
-64.893707
-64.915581
-64.893707
-64.884331
-64.881203
-64.871826
-64.881203
-64.884331
-64.874954
-64.874954
-64.890579
-64.884331
-64.887451
-64.893707
-64.878082
-64.893707
-64.893707
-64.871826
-64.884331
-64.893707
-64.871826
-64.874954
-64.884331
-64.865578
-64.896828
-64.865578
-64.878082
-64.890579
-64.884331
-64.893707
-64.896828
-64.884331
-64.884331
-64.887451
-64.896828
-64.890579
-64.893707
-64.881203
-64.868706
-64.890579
-64.887451
-64.874954
-64.874954
-64.856201
-64.849953
-64.862457
-64.837456
-64.846832
-64.856201
-64.859329
-64.874954
-64.868706
-64.868706
-64.884331
-64.871826
-64.874954
-64.884331
-64.859329
-64.849953
-64.868706
-64.849953
-64.846832
-64.846832
-64.862457
-64.862457
-64.853081
-64.859329
-64.884331
-64.871826
-64.874954
-64.896828
-64.896828
-64.887451
-64.884331
-64.881203
-64.887451
-64.884331
-64.874954
-64.871826
-64.881203
-64.862457
-64.871826
-64.893707
-64.896828
-64.884331
-64.906204
-64.890579
-64.890579
-64.896828
-64.890579
-64.881203
-64.881203
-64.874954
-64.881203
-64.871826
-64.868706
-64.887451
-64.878082
-64.862457
-64.881203
-64.874954
-64.868706
-64.881203
-64.896828
-64.893707
-64.906204
-64.887451
-64.893707
-64.906204
-64.884331
-64.881203
-64.893707
-64.865578
-64.884331
-64.893707
-64.874954
-64.884331
-64.906204
-64.903076
-64.912453
-64.921829
-64.906204
-64.909332
-64.912453
-64.906204
-64.899956
-64.912453
-64.909332
-64.928078
-64.921829
-64.893707
-64.896828
-64.896828
-64.884331
-64.896828
-64.893707
-64.878082
-64.896828
-64.887451
-64.871826
-64.881203
-64.868706
-64.874954
-64.881203
-64.884331
-64.893707
-64.903076
-64.887451
-64.890579
-64.896828
-64.871826
-64.881203
-64.884331
-64.874954
-64.871826
-64.878082
-64.859329
-64.881203
-64.874954
-64.890579
-64.906204
-64.912453
-64.903076
-64.899956
-64.896828
-64.899956
-64.906204
-64.896828
-64.887451
-64.896828
-64.884331
-64.890579
-64.896828
-64.903076
-64.912453
-64.896828
-64.896828
-64.909332
-64.912453
-64.896828
-64.893707
-64.896828
-64.874954
-64.887451
-64.849953
-64.868706
-64.868706
-64.846832
-64.868706
-64.865578
-64.862457
-64.859329
-64.871826
-64.853081
-64.853081
-64.865578
-64.846832
-64.871826
-64.874954
-64.871826
-64.887451
-64.878082
-64.862457
-64.856201
-64.859329
-64.846832
-64.865578
-64.849953
-64.849953
-64.862457
-64.856201
-64.843712
-64.853081
-64.874954
-64.878082
-64.884331
-64.853081
-64.865578
-64.865578
-64.856201
-64.856201
-64.871826
-64.853081
-64.868706
-64.862457
-64.846832
-64.881203
-64.878082
-64.865578
-64.871826
-64.846832
-64.849953
-64.862457
-64.846832
-64.862457
-64.878082
-64.859329
-64.856201
-64.868706
-64.868706
-64.871826
-64.893707
-64.862457
-64.878082
-64.862457
-64.859329
-64.868706
-64.871826
-64.865578
-64.890579
-64.893707
-64.884331
-64.884331
-64.884331
-64.896828
-64.893707
-64.862457
-64.846832
-64.868706
-64.849953
-64.846832
-64.843712
-64.821831
-64.831207
-64.853081
-64.846832
-64.840584
-64.846832
-64.846832
-64.849953
-64.856201
-64.856201
-64.853081
-64.874954
-64.853081
-64.856201
-64.871826
-64.878082
-64.881203
-64.890579
-64.865578
-64.865578
-64.859329
-64.853081
-64.856201
-64.853081
-64.853081
-64.856201
-64.824959
-64.831207
-64.837456
-64.837456
-64.840584
-64.846832
-64.843712
-64.849953
-64.865578
-64.878082
-64.865578
-64.878082
-64.871826
-64.896828
-64.884331
-64.884331
-64.903076
-64.871826
-64.862457
-64.871826
-64.871826
-64.849953
-64.849953
-64.840584
-64.824959
-64.843712
-64.824959
-64.846832
-64.856201
-64.846832
-64.846832
-64.865578
-64.856201
-64.862457
-64.853081
-64.859329
-64.853081
-64.840584
-64.840584
-64.856201
-64.849953
-64.846832
-64.853081
-64.846832
-64.843712
-64.853081
-64.856201
-64.856201
-64.856201
-64.853081
-64.849953
-64.868706
-64.837456
-64.834335
-64.824959
-64.824959
-64.837456
-64.837456
-64.821831
-64.843712
-64.859329
-64.846832
-64.856201
-64.853081
-64.837456
-64.859329
-64.856201
-64.865578
-64.856201
-64.871826
-64.846832
-64.853081
-64.865578
-64.871826
-64.871826
-64.884331
-64.878082
-64.887451
-64.865578
-64.868706
-64.881203
-64.862457
-64.868706
-64.878082
-64.859329
-64.865578
-64.884331
-64.865578
-64.865578
-64.856201
-64.856201
-64.846832
-64.859329
-64.853081
-64.862457
-64.837456
-64.843712
-64.815582
-64.81871
-64.809334
-64.828087
-64.824959
-64.812462
-64.824959
-64.806206
-64.812462
-64.840584
-64.840584
-64.846832
-64.853081
-64.843712
-64.843712
-64.846832
-64.824959
-64.837456
-64.834335
-64.856201
-64.859329
-64.843712
-64.815582
-64.831207
-64.824959
-64.828087
-64.846832
-64.828087
-64.834335
-64.846832
-64.849953
-64.846832
-64.874954
-64.871826
-64.874954
-64.862457
-64.840584
-64.840584
-64.853081
-64.843712
-64.846832
-64.843712
-64.828087
-64.828087
-64.828087
-64.849953
-64.846832
-64.862457
-64.878082
-64.868706
-64.874954
-64.853081
-64.849953
-64.824959
-64.828087
-64.853081
-64.853081
-64.840584
-64.840584
-64.81871
-64.831207
-64.834335
-64.784332
-64.796837
-64.815582
-64.809334
-64.824959
-64.828087
-64.812462
-64.815582
-64.812462
-64.809334
-64.828087
-64.831207
-64.81871
-64.828087
-64.843712
-64.853081
-64.865578
-64.853081
-64.859329
-64.859329
-64.859329
-64.868706
-64.868706
-64.859329
-64.859329
-64.859329
-64.843712
-64.846832
-64.849953
-64.859329
-64.856201
-64.859329
-64.868706
-64.893707
-64.884331
-64.865578
-64.862457
-64.849953
-64.846832
-64.868706
-64.884331
-64.881203
-64.887451
-64.896828
-64.878082
-64.884331
-64.871826
-64.862457
-64.871826
-64.871826
-64.859329
-64.859329
-64.862457
-64.840584
-64.837456
-64.824959
-64.831207
-64.853081
-64.837456
-64.846832
-64.849953
-64.843712
-64.843712
-64.837456
-64.846832
-64.859329
-64.856201
-64.846832
-64.846832
-64.834335
-64.824959
-64.834335
-64.809334
-64.809334
-64.81871
-64.809334
-64.837456
-64.821831
-64.821831
-64.834335
-64.843712
-64.856201
-64.846832
-64.865578
-64.853081
-64.846832
-64.828087
-64.843712
-64.853081
-64.871826
-64.884331
-64.874954
-64.846832
-64.853081
-64.884331
-64.856201
-64.881203
-64.881203
-64.871826
-64.853081
-64.846832
-64.846832
-64.843712
-64.846832
-64.843712
-64.846832
-64.853081
-64.849953
-64.849953
-64.853081
-64.849953
-64.865578
-64.871826
-64.865578
-64.874954
-64.871826
-64.859329
-64.868706
-64.871826
-64.884331
-64.890579
-64.853081
-64.865578
-64.871826
-64.859329
-64.856201
-64.843712
-64.843712
-64.843712
-64.849953
-64.849953
-64.859329
-64.862457
-64.856201
-64.859329
-64.874954
-64.859329
-64.893707
-64.896828
-64.896828
-64.896828
-64.924957
-64.909332
-64.928078
-64.931206
-64.915581
-64.912453
-64.896828
-64.899956
-64.912453
-64.896828
-64.899956
-64.903076
-64.878082
-64.871826
-64.846832
-64.824959
-64.862457
-64.856201
-64.862457
-64.871826
-64.890579
-64.874954
-64.878082
-64.903076
-64.893707
-64.906204
-64.893707
-64.896828
-64.915581
-64.912453
-64.896828
-64.878082
-64.871826
-64.853081
-64.881203
-64.871826
-64.874954
-64.878082
-64.874954
-64.896828
-64.909332
-64.890579
-64.899956
-64.884331
-64.881203
-64.871826
-64.878082
-64.878082
-64.884331
-64.878082
-64.856201
-64.859329
-64.859329
-64.849953
-64.896828
-64.896828
-64.881203
-64.890579
-64.868706
-64.874954
-64.878082
-64.893707
-64.906204
-64.909332
-64.899956
-64.896828
-64.921829
-64.924957
-64.924957
-64.934326
-64.918701
-64.918701
-64.921829
-64.896828
-64.893707
-64.890579
-64.884331
-64.874954
-64.862457
-64.874954
-64.890579
-64.884331
-64.890579
-64.899956
-64.884331
-64.884331
-64.884331
-64.881203
-64.890579
-64.878082
-64.865578
-64.878082
-64.871826
-64.865578
-64.849953
-64.865578
-64.859329
-64.871826
-64.865578
-64.859329
-64.868706
-64.865578
-64.887451
-64.896828
-64.890579
-64.878082
-64.884331
-64.871826
-64.871826
-64.868706
-64.859329
-64.856201
-64.856201
-64.846832
-64.846832
-64.856201
-64.856201
-64.859329
-64.871826
-64.868706
-64.868706
-64.874954
-64.874954
-64.884331
-64.893707
-64.884331
-64.884331
-64.856201
-64.856201
-64.893707
-64.884331
-64.874954
-64.896828
-64.884331
-64.890579
-64.899956
-64.899956
-64.912453
-64.912453
-64.896828
-64.896828
-64.899956
-64.874954
-64.893707
-64.878082
-64.887451
-64.890579
-64.871826
-64.865578
-64.890579
-64.884331
-64.856201
-64.859329
-64.859329
-64.871826
-64.884331
-64.871826
-64.896828
-64.893707
-64.896828
-64.903076
-64.893707
-64.896828
-64.896828
-64.896828
-64.887451
-64.881203
-64.890579
-64.893707
-64.893707
-64.903076
-64.912453
-64.921829
-64.946823
-64.928078
-64.918701
-64.909332
-64.896828
-64.921829
-64.924957
-64.912453
-64.912453
-64.921829
-64.915581
-64.921829
-64.896828
-64.890579
-64.899956
-64.896828
-64.890579
-64.896828
-64.884331
-64.874954
-64.878082
-64.865578
-64.856201
-64.853081
-64.846832
-64.856201
-64.868706
-64.874954
-64.871826
-64.874954
-64.871826
-64.884331
-64.896828
-64.890579
-64.884331
-64.868706
-64.865578
-64.878082
-64.871826
-64.853081
-64.862457
-64.868706
-64.878082
-64.890579
-64.884331
-64.881203
-64.896828
-64.878082
-64.893707
-64.915581
-64.893707
-64.890579
-64.881203
-64.887451
-64.915581
-64.915581
-64.903076
-64.921829
-64.915581
-64.906204
-64.915581
-64.909332
-64.918701
-64.912453
-64.915581
-64.890579
-64.896828
-64.893707
-64.890579
-64.906204
-64.884331
-64.871826
-64.868706
-64.868706
-64.853081
-64.859329
-64.840584
-64.849953
-64.849953
-64.868706
-64.887451
-64.893707
-64.896828
-64.915581
-64.896828
-64.893707
-64.915581
-64.909332
-64.896828
-64.887451
-64.865578
-64.865578
-64.871826
-64.868706
-64.884331
-64.915581
-64.912453
-64.928078
-64.924957
-64.899956
-64.906204
-64.912453
-64.909332
-64.934326
-64.918701
-64.918701
-64.918701
-64.912453
-64.918701
-64.928078
-64.906204
-64.896828
-64.884331
-64.878082
-64.887451
-64.915581
-64.909332
-64.912453
-64.928078
-64.912453
-64.899956
-64.909332
-64.890579
-64.912453
-64.915581
-64.906204
-64.903076
-64.896828
-64.871826
-64.862457
-64.874954
-64.878082
-64.890579
-64.884331
-64.878082
-64.890579
-64.878082
-64.881203
-64.878082
-64.881203
-64.871826
-64.881203
-64.862457
-64.846832
-64.859329
-64.843712
-64.846832
-64.846832
-64.828087
-64.821831
-64.846832
-64.815582
-64.843712
-64.846832
-64.834335
-64.846832
-64.859329
-64.859329
-64.862457
-64.853081
-64.837456
-64.856201
-64.859329
-64.846832
-64.856201
-64.849953
-64.846832
-64.865578
-64.846832
-64.840584
-64.843712
-64.812462
-64.837456
-64.846832
-64.834335
-64.828087
-64.843712
-64.837456
-64.846832
-64.859329
-64.853081
-64.856201
-64.874954
-64.862457
-64.865578
-64.881203
-64.878082
-64.878082
-64.881203
-64.868706
-64.871826
-64.849953
-64.831207
-64.828087
-64.81871
-64.824959
-64.843712
-64.831207
-64.840584
-64.856201
-64.865578
-64.871826
-64.874954
-64.874954
-64.878082
-64.874954
-64.846832
-64.878082
-64.846832
-64.849953
-64.849953
-64.840584
-64.828087
-64.846832
-64.828087
-64.81871
-64.834335
-64.812462
-64.824959
-64.843712
-64.859329
-64.884331
-64.881203
-64.853081
-64.871826
-64.874954
-64.865578
-64.868706
-64.878082
-64.874954
-64.871826
-64.859329
-64.859329
-64.874954
-64.874954
-64.856201
-64.884331
-64.874954
-64.874954
-64.890579
-64.884331
-64.887451
-64.890579
-64.868706
-64.874954
-64.884331
-64.871826
-64.896828
-64.903076
-64.896828
-64.893707
-64.884331
-64.865578
-64.856201
-64.865578
-64.849953
-64.871826
-64.865578
-64.878082
-64.896828
-64.909332
-64.899956
-64.912453
-64.915581
-64.896828
-64.896828
-64.871826
-64.868706
-64.874954
-64.865578
-64.865578
-64.878082
-64.862457
-64.896828
-64.906204
-64.903076
-64.909332
-64.906204
-64.899956
-64.896828
-64.896828
-64.878082
-64.890579
-64.871826
-64.859329
-64.865578
-64.871826
-64.868706
-64.874954
-64.896828
-64.878082
-64.884331
-64.878082
-64.884331
-64.896828
-64.896828
-64.896828
-64.896828
-64.893707
-64.918701
-64.893707
-64.868706
-64.881203
-64.896828
-64.868706
-64.859329
-64.881203
-64.862457
-64.871826
-64.890579
-64.896828
-64.899956
-64.893707
-64.881203
-64.887451
-64.893707
-64.893707
-64.896828
-64.896828
-64.884331
-64.890579
-64.868706
-64.881203
-64.890579
-64.874954
-64.865578
-64.884331
-64.868706
-64.874954
-64.881203
-64.887451
-64.878082
-64.865578
-64.849953
-64.862457
-64.871826
-64.884331
-64.881203
-64.893707
-64.878082
-64.884331
-64.871826
-64.887451
-64.896828
-64.906204
-64.903076
-64.909332
-64.896828
-64.881203
-64.878082
-64.862457
-64.853081
-64.868706
-64.865578
-64.865578
-64.859329
-64.846832
-64.865578
-64.862457
-64.849953
-64.865578
-64.843712
-64.846832
-64.859329
-64.843712
-64.853081
-64.849953
-64.831207
-64.824959
-64.821831
-64.821831
-64.824959
-64.846832
-64.824959
-64.834335
-64.837456
-64.821831
-64.834335
-64.856201
-64.834335
-64.846832
-64.856201
-64.843712
-64.862457
-64.843712
-64.831207
-64.843712
-64.834335
-64.846832
-64.849953
-64.834335
-64.843712
-64.846832
-64.837456
-64.828087
-64.834335
-64.824959
-64.809334
-64.837456
-64.840584
-64.846832
-64.846832
-64.840584
-64.831207
-64.846832
-64.815582
-64.81871
-64.815582
-64.821831
-64.846832
-64.843712
-64.828087
-64.846832
-64.868706
-64.859329
-64.868706
-64.843712
-64.834335
-64.834335
-64.831207
-64.824959
-64.843712
-64.837456
-64.846832
-64.849953
-64.831207
-64.849953
-64.843712
-64.853081
-64.828087
-64.849953
-64.837456
-64.843712
-64.853081
-64.856201
-64.856201
-64.853081
-64.837456
-64.856201
-64.853081
-64.853081
-64.868706
-64.846832
-64.828087
-64.834335
-64.828087
-64.831207
-64.834335
-64.824959
-64.812462
-64.843712
-64.846832
-64.837456
-64.831207
-64.824959
-64.834335
-64.837456
-64.806206
-64.806206
-64.812462
-64.796837
-64.806206
-64.828087
-64.828087
-64.840584
-64.831207
-64.821831
-64.840584
-64.81871
-64.824959
-64.828087
-64.834335
-64.843712
-64.831207
-64.796837
-64.799957
-64.815582
-64.806206
-64.81871
-64.81871
-64.815582
-64.803085
-64.821831
-64.806206
-64.806206
-64.806206
-64.799957
-64.796837
-64.796837
-64.790581
-64.790581
-64.790581
-64.781212
-64.790581
-64.784332
-64.778084
-64.78746
-64.784332
-64.774956
-64.796837
-64.793709
-64.771835
-64.784332
-64.75621
-64.778084
-64.762459
-64.746834
-64.753082
-64.765587
-64.771835
-64.746834
-64.774956
-64.784332
-64.781212
-64.774956
-64.784332
-64.796837
-64.799957
-64.778084
-64.796837
-64.803085
-64.799957
-64.821831
-64.812462
-64.809334
-64.796837
-64.768707
-64.778084
-64.796837
-64.778084
-64.774956
-64.784332
-64.765587
-64.771835
-64.78746
-64.774956
-64.762459
-64.781212
-64.746834
-64.765587
-64.768707
-64.778084
-64.768707
-64.768707
-64.746834
-64.746834
-64.72184
-64.718712
-64.746834
-64.753082
-64.753082
-64.768707
-64.753082
-64.749962
-64.749962
-64.746834
-64.740593
-64.753082
-64.749962
-64.75621
-64.75621
-64.746834
-64.759331
-64.768707
-64.746834
-64.746834
-64.746834
-64.728088
-64.737465
-64.746834
-64.749962
-64.753082
-64.762459
-64.762459
-64.781212
-64.765587
-64.778084
-64.768707
-64.768707
-64.746834
-64.768707
-64.746834
-64.737465
-64.737465
-64.724968
-64.712463
-64.734337
-64.709343
-64.728088
-64.746834
-64.743713
-64.746834
-64.762459
-64.743713
-64.746834
-64.731216
-64.703087
-64.731216
-64.712463
-64.715591
-64.743713
-64.718712
-64.734337
-64.746834
-64.743713
-64.718712
-64.731216
-64.712463
-64.712463
-64.709343
-64.699966
-64.699966
-64.699966
-64.693718
-64.687462
-64.693718
-64.696838
-64.706215
-64.712463
-64.709343
-64.724968
-64.718712
-64.706215
-64.715591
-64.715591
-64.731216
-64.746834
-64.734337
-64.740593
-64.746834
-64.743713
-64.731216
-64.728088
-64.728088
-64.746834
-64.771835
-64.746834
-64.746834
-64.75621
-64.746834
-64.740593
-64.743713
-64.743713
-64.743713
-64.75621
-64.728088
-64.740593
-64.718712
-64.706215
-64.728088
-64.734337
-64.703087
-64.731216
-64.731216
-64.746834
-64.734337
-64.734337
-64.72184
-64.743713
-64.724968
-64.715591
-64.724968
-64.712463
-64.728088
-64.718712
-64.712463
-64.718712
-64.712463
-64.703087
-64.712463
-64.715591
-64.718712
-64.724968
-64.718712
-64.728088
-64.740593
-64.724968
-64.740593
-64.737465
-64.712463
-64.715591
-64.728088
-64.72184
-64.706215
-64.703087
-64.740593
-64.737465
-64.728088
-64.699966
-64.696838
-64.699966
-64.696838
-64.724968
-64.72184
-64.728088
-64.724968
-64.740593
-64.737465
-64.746834
-64.734337
-64.731216
-64.715591
-64.712463
-64.709343
-64.706215
-64.706215
-64.706215
-64.706215
-64.693718
-64.696838
-64.712463
-64.687462
-64.699966
-64.718712
-64.715591
-64.718712
-64.712463
-64.718712
-64.724968
-64.740593
-64.746834
-64.734337
-64.718712
-64.718712
-64.734337
-64.737465
-64.72184
-64.746834
-64.743713
-64.737465
-64.743713
-64.737465
-64.737465
-64.743713
-64.72184
-64.718712
-64.718712
-64.728088
-64.72184
-64.72184
-64.715591
-64.734337
-64.746834
-64.746834
-64.718712
-64.731216
-64.718712
-64.731216
-64.718712
-64.728088
-64.740593
-64.728088
-64.746834
-64.762459
-64.740593
-64.746834
-64.746834
-64.746834
-64.746834
-64.75621
-64.759331
-64.753082
-64.740593
-64.715591
-64.709343
-64.718712
-64.699966
-64.72184
-64.724968
-64.724968
-64.737465
-64.743713
-64.718712
-64.743713
-64.740593
-64.737465
-64.746834
-64.75621
-64.753082
-64.746834
-64.753082
-64.771835
-64.790581
-64.784332
-64.762459
-64.778084
-64.765587
-64.759331
-64.790581
-64.75621
-64.784332
-64.796837
-64.781212
-64.796837
-64.771835
-64.771835
-64.793709
-64.78746
-64.759331
-64.765587
-64.774956
-64.759331
-64.771835
-64.753082
-64.753082
-64.759331
-64.746834
-64.728088
-64.734337
-64.743713
-64.746834
-64.749962
-64.746834
-64.768707
-64.75621
-64.734337
-64.746834
-64.762459
-64.765587
-64.759331
-64.746834
-64.712463
-64.740593
-64.746834
-64.731216
-64.737465
-64.743713
-64.734337
-64.734337
-64.703087
-64.718712
-64.743713
-64.731216
-64.718712
-64.715591
-64.712463
-64.712463
-64.731216
-64.69059
-64.703087
-64.699966
-64.712463
-64.731216
-64.746834
-64.734337
-64.737465
-64.746834
-64.724968
-64.746834
-64.746834
-64.746834
-64.753082
-64.743713
-64.734337
-64.753082
-64.746834
-64.724968
-64.753082
-64.740593
-64.737465
-64.753082
-64.731216
-64.734337
-64.749962
-64.731216
-64.740593
-64.746834
-64.75621
-64.75621
-64.75621
-64.746834
-64.728088
-64.740593
-64.72184
-64.734337
-64.737465
-64.715591
-64.731216
-64.712463
-64.696838
-64.718712
-64.709343
-64.696838
-64.709343
-64.703087
-64.696838
-64.72184
-64.712463
-64.718712
-64.734337
-64.734337
-64.746834
-64.746834
-64.724968
-64.734337
-64.734337
-64.728088
-64.724968
-64.709343
-64.671837
-64.696838
-64.684341
-64.681213
-64.678093
-64.696838
-64.674965
-64.674965
-64.681213
-64.69059
-64.696838
-64.693718
-64.69059
-64.703087
-64.696838
-64.706215
-64.72184
-64.712463
-64.703087
-64.696838
-64.696838
-64.693718
-64.696838
-64.709343
-64.715591
-64.715591
-64.696838
-64.693718
-64.69059
-64.678093
-64.681213
-64.687462
-64.687462
-64.699966
-64.693718
-64.706215
-64.718712
-64.712463
-64.696838
-64.696838
-64.699966
-64.709343
-64.72184
-64.734337
-64.731216
-64.715591
-64.703087
-64.718712
-64.718712
-64.728088
-64.724968
-64.743713
-64.746834
-64.75621
-64.724968
-64.740593
-64.743713
-64.703087
-64.699966
-64.709343
-64.696838
-64.699966
-64.699966
-64.693718
-64.696838
-64.696838
-64.693718
-64.69059
-64.693718
-64.696838
-64.693718
-64.706215
-64.699966
-64.696838
-64.699966
-64.696838
-64.693718
-64.696838
-64.69059
-64.712463
-64.72184
-64.706215
-64.72184
-64.728088
-64.724968
-64.740593
-64.746834
-64.734337
-64.759331
-64.734337
-64.746834
-64.724968
-64.715591
-64.681213
-64.696838
-64.693718
-64.709343
-64.743713
-64.72184
-64.743713
-64.749962
-64.734337
-64.737465
-64.72184
-64.718712
-64.715591
-64.72184
-64.712463
-64.72184
-64.709343
-64.699966
-64.724968
-64.728088
-64.728088
-64.709343
-64.706215
-64.706215
-64.724968
-64.72184
-64.743713
-64.740593
-64.743713
-64.734337
-64.749962
-64.715591
-64.728088
-64.749962
-64.731216
-64.75621
-64.749962
-64.746834
-64.743713
-64.731216
-64.724968
-64.740593
-64.731216
-64.718712
-64.715591
-64.718712
-64.718712
-64.718712
-64.687462
-64.687462
-64.715591
-64.718712
-64.72184
-64.731216
-64.724968
-64.734337
-64.743713
-64.743713
-64.743713
-64.743713
-64.743713
-64.740593
-64.712463
-64.709343
-64.69059
-64.693718
-64.696838
-64.728088
-64.715591
-64.706215
-64.728088
-64.715591
-64.712463
-64.728088
-64.712463
-64.696838
-64.703087
-64.712463
-64.706215
-64.703087
-64.696838
-64.72184
-64.706215
-64.693718
-64.699966
-64.696838
-64.69059
-64.712463
-64.724968
-64.743713
-64.734337
-64.740593
-64.728088
-64.718712
-64.706215
-64.703087
-64.728088
-64.703087
-64.696838
-64.718712
-64.696838
-64.712463
-64.715591
-64.706215
-64.712463
-64.724968
-64.709343
-64.724968
-64.734337
-64.731216
-64.72184
-64.734337
-64.712463
-64.734337
-64.740593
-64.746834
-64.75621
-64.746834
-64.731216
-64.734337
-64.712463
-64.706215
-64.718712
-64.72184
-64.734337
-64.743713
-64.740593
-64.746834
-64.784332
-64.768707
-64.781212
-64.781212
-64.765587
-64.771835
-64.774956
-64.753082
-64.759331
-64.762459
-64.759331
-64.746834
-64.746834
-64.749962
-64.759331
-64.762459
-64.771835
-64.796837
-64.78746
-64.759331
-64.749962
-64.771835
-64.771835
-64.771835
-64.762459
-64.765587
-64.778084
-64.774956
-64.774956
-64.790581
-64.781212
-64.796837
-64.793709
-64.749962
-64.759331
-64.746834
-64.728088
-64.749962
-64.749962
-64.749962
-64.753082
-64.743713
-64.734337
-64.749962
-64.740593
-64.75621
-64.781212
-64.762459
-64.762459
-64.743713
-64.743713
-64.771835
-64.765587
-64.746834
-64.734337
-64.743713
-64.72184
-64.72184
-64.746834
-64.743713
-64.778084
-64.771835
-64.768707
-64.784332
-64.771835
-64.784332
-64.774956
-64.759331
-64.743713
-64.740593
-64.712463
-64.724968
-64.749962
-64.734337
-64.740593
-64.740593
-64.746834
-64.759331
-64.771835
-64.781212
-64.784332
-64.799957
-64.812462
-64.824959
-64.834335
-64.809334
-64.815582
-64.78746
-64.796837
-64.799957
-64.790581
-64.796837
-64.806206
-64.803085
-64.793709
-64.799957
-64.784332
-64.784332
-64.796837
-64.796837
-64.796837
-64.824959
-64.799957
-64.806206
-64.815582
-64.803085
-64.793709
-64.796837
-64.803085
-64.809334
-64.809334
-64.799957
-64.793709
-64.803085
-64.78746
-64.784332
-64.793709
-64.806206
-64.809334
-64.790581
-64.784332
-64.815582
-64.796837
-64.790581
-64.796837
-64.790581
-64.78746
-64.793709
-64.774956
-64.762459
-64.771835
-64.75621
-64.768707
-64.778084
-64.771835
-64.784332
-64.793709
-64.78746
-64.784332
-64.784332
-64.762459
-64.774956
-64.790581
-64.790581
-64.806206
-64.793709
-64.796837
-64.799957
-64.799957
-64.765587
-64.774956
-64.781212
-64.784332
-64.784332
-64.765587
-64.78746
-64.793709
-64.771835
-64.781212
-64.778084
-64.771835
-64.774956
-64.781212
-64.759331
-64.771835
-64.78746
-64.765587
-64.793709
-64.781212
-64.771835
-64.784332
-64.803085
-64.790581
-64.799957
-64.793709
-64.796837
-64.796837
-64.793709
-64.803085
-64.831207
-64.824959
-64.843712
-64.834335
-64.828087
-64.828087
-64.812462
-64.796837
-64.796837
-64.812462
-64.806206
-64.806206
-64.809334
-64.806206
-64.806206
-64.821831
-64.824959
-64.837456
-64.809334
-64.806206
-64.828087
-64.821831
-64.796837
-64.812462
-64.812462
-64.796837
-64.81871
-64.803085
-64.81871
-64.821831
-64.81871
-64.828087
-64.840584
-64.799957
-64.81871
-64.828087
-64.821831
-64.834335
-64.837456
-64.828087
-64.849953
-64.853081
-64.837456
-64.837456
-64.815582
-64.809334
-64.812462
-64.812462
-64.815582
-64.828087
-64.809334
-64.796837
-64.796837
-64.784332
-64.784332
-64.799957
-64.81871
-64.843712
-64.853081
-64.849953
-64.840584
-64.859329
-64.846832
-64.859329
-64.856201
-64.846832
-64.828087
-64.837456
-64.828087
-64.846832
-64.831207
-64.821831
-64.831207
-64.837456
-64.821831
-64.815582
-64.803085
-64.806206
-64.837456
-64.843712
-64.865578
-64.846832
-64.843712
-64.846832
-64.849953
-64.856201
-64.859329
-64.846832
-64.846832
-64.862457
-64.868706
-64.846832
-64.843712
-64.843712
-64.81871
-64.821831
-64.824959
-64.834335
-64.831207
-64.821831
-64.809334
-64.81871
-64.81871
-64.837456
-64.849953
-64.840584
-64.828087
-64.831207
-64.815582
-64.821831
-64.81871
-64.806206
-64.828087
-64.834335
-64.831207
-64.846832
-64.824959
-64.824959
-64.834335
-64.81871
-64.81871
-64.821831
-64.837456
-64.81871
-64.831207
-64.840584
-64.824959
-64.81871
-64.81871
-64.821831
-64.834335
-64.843712
-64.834335
-64.843712
-64.840584
-64.853081
-64.874954
-64.874954
-64.890579
-64.887451
-64.878082
-64.881203
-64.890579
-64.887451
-64.896828
-64.896828
-64.896828
-64.909332
-64.906204
-64.893707
-64.906204
-64.906204
-64.899956
-64.890579
-64.878082
-64.896828
-64.896828
-64.878082
-64.896828
-64.903076
-64.896828
-64.909332
-64.906204
-64.896828
-64.887451
-64.881203
-64.878082
-64.878082
-64.874954
-64.881203
-64.893707
-64.881203
-64.878082
-64.896828
-64.881203
-64.890579
-64.884331
-64.874954
-64.859329
-64.868706
-64.865578
-64.878082
-64.878082
-64.862457
-64.865578
-64.868706
-64.846832
-64.865578
-64.884331
-64.878082
-64.862457
-64.896828
-64.906204
-64.918701
-64.899956
-64.915581
-64.921829
-64.903076
-64.899956
-64.909332
-64.890579
-64.903076
-64.893707
-64.865578
-64.884331
-64.874954
-64.881203
-64.899956
-64.896828
-64.887451
-64.896828
-64.909332
-64.912453
-64.928078
-64.921829
-64.899956
-64.915581
-64.940582
-64.934326
-64.953072
-64.946823
-64.928078
-64.937454
-64.924957
-64.928078
-64.912453
-64.899956
-64.906204
-64.931206
-64.924957
-64.931206
-64.946823
-64.943703
-64.946823
-64.940582
-64.940582
-64.937454
-64.931206
-64.928078
-64.943703
-64.943703
-64.921829
-64.934326
-64.946823
-64.946823
-64.940582
-64.928078
-64.943703
-64.959328
-64.965576
-64.946823
-64.968697
-64.946823
-64.946823
-64.931206
-64.924957
-64.931206
-64.934326
-64.918701
-64.921829
-64.912453
-64.899956
-64.906204
-64.921829
-64.934326
-64.937454
-64.953072
-64.934326
-64.934326
-64.949951
-64.953072
-64.946823
-64.965576
-64.9562
-64.946823
-64.943703
-64.924957
-64.931206
-64.924957
-64.934326
-64.924957
-64.928078
-64.946823
-64.9562
-64.949951
-64.959328
-64.965576
-64.940582
-64.940582
-64.949951
-64.934326
-64.928078
-64.937454
-64.918701
-64.937454
-64.937454
-64.915581
-64.934326
-64.934326
-64.937454
-64.946823
-64.924957
-64.899956
-64.912453
-64.899956
-64.909332
-64.921829
-64.909332
-64.909332
-64.943703
-64.918701
-64.946823
-64.931206
-64.921829
-64.931206
-64.909332
-64.896828
-64.918701
-64.893707
-64.906204
-64.912453
-64.912453
-64.896828
-64.893707
-64.881203
-64.887451
-64.896828
-64.896828
-64.893707
-64.893707
-64.878082
-64.881203
-64.890579
-64.887451
-64.909332
-64.928078
-64.893707
-64.903076
-64.921829
-64.903076
-64.906204
-64.912453
-64.906204
-64.918701
-64.928078
-64.909332
-64.946823
-64.924957
-64.921829
-64.928078
-64.934326
-64.934326
-64.943703
-64.924957
-64.934326
-64.918701
-64.909332
-64.921829
-64.921829
-64.890579
-64.887451
-64.903076
-64.909332
-64.906204
-64.899956
-64.906204
-64.896828
-64.918701
-64.928078
-64.937454
-64.924957
-64.937454
-64.953072
-64.968697
-64.9562
-64.9562
-64.946823
-64.943703
-64.962448
-64.946823
-64.943703
-64.962448
-64.946823
-64.924957
-64.928078
-64.937454
-64.921829
-64.940582
-64.921829
-64.921829
-64.937454
-64.937454
-64.921829
-64.943703
-64.940582
-64.971825
-64.974953
-64.98745
-64.959328
-64.974953
-64.962448
-64.949951
-64.940582
-64.937454
-64.946823
-64.921829
-64.915581
-64.918701
-64.924957
-64.937454
-64.946823
-64.946823
-64.9562
-64.9562
-64.9562
-64.968697
-64.953072
-64.946823
-64.9562
-64.965576
-64.934326
-64.934326
-64.946823
-64.940582
-64.946823
-64.921829
-64.921829
-64.928078
-64.924957
-64.928078
-64.953072
-64.946823
-64.949951
-64.978073
-64.968697
-64.9562
-64.968697
-64.962448
-64.959328
-64.959328
-64.940582
-64.953072
-64.949951
-64.940582
-64.953072
-64.959328
-64.946823
-64.9562
-64.946823
-64.928078
-64.949951
-64.940582
-64.934326
-64.931206
-64.928078
-64.934326
-64.946823
-64.934326
-64.931206
-64.931206
-64.931206
-64.928078
-64.924957
-64.896828
-64.896828
-64.899956
-64.906204
-64.921829
-64.937454
-64.946823
-64.946823
-64.940582
-64.918701
-64.937454
-64.943703
-64.918701
-64.946823
-64.946823
-64.943703
-64.946823
-64.940582
-64.965576
-64.949951
-64.946823
-64.937454
-64.959328
-64.953072
-64.946823
-64.953072
-64.946823
-64.946823
-64.946823
-64.946823
-64.934326
-64.9562
-64.946823
-64.984322
-64.981201
-64.949951
-64.971825
-64.965576
-64.959328
-64.98745
-64.965576
-64.946823
-64.965576
-64.965576
-64.974953
-64.971825
-64.9562
-64.946823
-64.9562
-64.962448
-64.9562
-64.968697
-64.949951
-64.946823
-64.946823
-64.949951
-64.949951
-64.962448
-64.959328
-64.978073
-64.9562
-64.946823
-64.946823
-64.968697
-64.946823
-64.9562
-64.978073
-64.968697
-64.971825
-64.959328
-64.946823
-64.946823
-64.946823
-64.946823
-64.971825
-64.962448
-64.968697
-64.990578
-64.968697
-64.971825
-64.965576
-64.9562
-64.968697
-65.006203
-65.006203
-65.015572
-65.009323
-64.999947
-65.0187
-65.031197
-65.015572
-65.0187
-65.015572
-65.003075
-65.003075
-64.990578
-64.968697
-64.98745
-64.984322
-64.981201
-64.981201
-64.965576
-64.98745
-64.971825
-64.962448
-64.98745
-64.984322
-64.962448
-64.978073
-64.984322
-64.968697
-64.971825
-64.981201
-64.959328
-64.965576
-64.965576
-64.946823
-64.934326
-64.918701
-64.906204
-64.928078
-64.918701
-64.940582
-64.940582
-64.940582
-64.928078
-64.940582
-64.931206
-64.949951
-64.9562
-64.946823
-64.943703
-64.953072
-64.946823
-64.946823
-64.965576
-64.953072
-64.9562
-64.978073
-64.984322
-64.990578
-64.965576
-64.962448
-64.965576
-64.959328
-64.974953
-64.965576
-64.98745
-64.990578
-64.999947
-64.993698
-64.984322
-64.98745
-64.98745
-64.981201
-65.009323
-65.006203
-65.006203
-65.021828
-65.003075
-65.021828
-65.006203
-65.028076
-65.028076
-65.003075
-64.990578
-65.003075
-64.990578
-64.996826
-65.0187
-65.012451
-65.009323
-65.021828
-65.003075
-64.993698
-64.981201
-64.984322
-64.971825
-64.990578
-64.993698
-64.978073
-64.996826
-64.984322
-64.98745
-64.990578
-64.965576
-64.968697
-64.974953
-64.971825
-64.984322
-64.990578
-65.003075
-65.003075
-65.009323
-64.996826
-65.015572
-64.98745
-65.003075
-65.012451
-65.0187
-65.003075
-64.990578
-64.98745
-64.98745
-64.984322
-64.978073
-64.971825
-64.971825
-64.953072
-64.962448
-64.959328
-64.959328
-64.971825
-64.981201
-64.984322
-64.999947
-65.003075
-64.981201
-64.996826
-64.996826
-64.971825
-64.990578
-64.962448
-64.959328
-64.968697
-64.937454
-64.9562
-64.978073
-64.968697
-64.990578
-64.996826
-64.996826
-65.012451
-65.006203
-64.996826
-65.006203
-64.990578
-64.971825
-64.968697
-64.981201
-64.968697
-64.981201
-65.003075
-64.993698
-64.984322
-64.984322
-64.965576
-64.978073
-65.009323
-64.996826
-65.009323
-64.984322
-64.993698
-64.996826
-64.971825
-64.971825
-64.968697
-64.9562
-64.949951
-64.965576
-64.946823
-64.959328
-64.962448
-64.953072
-64.959328
-64.968697
-64.962448
-64.981201
-64.984322
-64.98745
-64.990578
-64.962448
-64.959328
-64.984322
-64.996826
-64.984322
-64.974953
-64.974953
-64.974953
-64.98745
-64.974953
-65.006203
-65.031197
-65.003075
-65.0187
-65.024948
-65.024948
-65.046822
-65.046822
-65.046822
-65.059319
-65.059319
-65.046822
-65.059319
-65.05307
-65.034325
-65.046822
-65.015572
-65.028076
-65.049942
-65.043701
-65.040573
-65.05307
-65.043701
-65.031197
-65.015572
-65.006203
-65.021828
-65.040573
-65.046822
-65.046822
-65.046822
-65.034325
-65.006203
-65.012451
-65.003075
-64.999947
-65.003075
-65.003075
-65.006203
-65.006203
-64.98745
-65.021828
-65.024948
-64.999947
-65.015572
-64.993698
-64.996826
-64.999947
-64.984322
-64.984322
-64.996826
-64.98745
-64.990578
-64.98745
-64.968697
-64.981201
-64.990578
-64.981201
-64.999947
-64.984322
-64.968697
-64.990578
-64.978073
-64.959328
-64.965576
-64.962448
-64.971825
-64.962448
-64.978073
-64.984322
-64.98745
-64.971825
-64.965576
-64.981201
-64.953072
-64.9562
-64.968697
-64.946823
-64.968697
-64.981201
-64.965576
-64.98745
-64.996826
-64.971825
-64.98745
-64.98745
-64.984322
-64.996826
-65.009323
-65.006203
-65.0187
-65.003075
-64.981201
-65.015572
-65.003075
-65.003075
-65.003075
-65.015572
-65.009323
-65.015572
-64.996826
-64.996826
-65.009323
-65.006203
-64.993698
-65.006203
-64.996826
-65.0187
-65.012451
-64.993698
-64.996826
-65.003075
-64.996826
-64.996826
-64.996826
-64.978073
-65.003075
-64.98745
-64.98745
-64.993698
-64.984322
-64.996826
-65.015572
-65.012451
-65.009323
-65.009323
-64.990578
-65.003075
-64.993698
-64.978073
-64.965576
-64.962448
-64.974953
-64.984322
-64.984322
-64.962448
-64.98745
-64.990578
-64.993698
-65.009323
-65.006203
-64.996826
-65.021828
-65.043701
-65.040573
-65.024948
-65.031197
-65.003075
-65.012451
-64.98745
-64.971825
-64.978073
-64.981201
-64.978073
-64.978073
-64.962448
-64.981201
-64.996826
-64.993698
-65.009323
-65.012451
-65.0187
-65.040573
-65.037453
-65.015572
-65.012451
-65.009323
-65.024948
-65.040573
-65.003075
-65.009323
-65.015572
-65.031197
-65.031197
-65.021828
-65.006203
-65.015572
-65.015572
-65.021828
-65.037453
-65.05307
-65.043701
-65.031197
-65.059319
-65.049942
-65.040573
-65.037453
-65.0187
-65.034325
-65.049942
-65.062447
-65.062447
-65.046822
-65.040573
-65.043701
-65.037453
-65.012451
-65.028076
-65.015572
-65.009323
-65.003075
-65.006203
-65.031197
-65.040573
-65.024948
-65.0187
-65.012451
-65.006203
-64.993698
-65.006203
-65.015572
-65.040573
-65.031197
-65.024948
-65.034325
-65.028076
-65.0187
-65.028076
-65.012451
-65.009323
-65.024948
-65.0187
-65.024948
-65.021828
-65.028076
-65.034325
-65.031197
-65.021828
-64.999947
-65.0187
-65.021828
-65.024948
-65.037453
-65.0187
-65.046822
-65.046822
-65.040573
-65.040573
-65.021828
-65.037453
-65.040573
-65.05307
-65.049942
-65.049942
-65.049942
-65.040573
-65.031197
-65.015572
-65.006203
-65.012451
-65.015572
-65.012451
-65.009323
-64.993698
-65.0187
-65.0187
-65.021828
-65.006203
-65.021828
-65.009323
-65.006203
-64.999947
-65.003075
-65.031197
-65.012451
-65.003075
-65.015572
-65.003075
-64.999947
-65.003075
-64.996826
-64.990578
-65.034325
-65.012451
-64.996826
-65.006203
-64.993698
-64.98745
-65.009323
-64.98745
-65.003075
-65.015572
-65.021828
-65.0187
-65.024948
-65.015572
-65.0187
-65.021828
-64.999947
-64.98745
-64.984322
-64.990578
-64.990578
-64.996826
-64.990578
-65.0187
-65.021828
-65.021828
-65.037453
-65.034325
-65.037453
-65.046822
-65.024948
-65.028076
-65.043701
-65.021828
-65.024948
-65.031197
-65.009323
-65.009323
-65.015572
-65.009323
-65.021828
-65.034325
-65.015572
-65.021828
-65.0187
-65.031197
-65.021828
-65.024948
-65.012451
-65.028076
-65.031197
-65.028076
-65.028076
-65.009323
-64.999947
-65.015572
-64.993698
-64.971825
-64.999947
-65.003075
-64.999947
-65.006203
-65.006203
-65.009323
-65.028076
-65.015572
-65.0187
-65.021828
-65.006203
-65.012451
-64.996826
-64.999947
-65.024948
-65.009323
-64.999947
-65.006203
-64.999947
-65.015572
-65.0187
-65.009323
-65.003075
-65.006203
-65.012451
-64.999947
-65.009323
-64.996826
-65.009323
-65.015572
-64.996826
-65.009323
-65.0187
-65.003075
-64.996826
-64.993698
-64.984322
-64.996826
-64.990578
-64.981201
-64.996826
-65.003075
-64.990578
-64.98745
-64.996826
-64.993698
-64.990578
-64.959328
-64.981201
-64.98745
-64.978073
-64.965576
-64.996826
-64.984322
-64.990578
-65.003075
-65.012451
-65.024948
-65.0187
-65.031197
-65.031197
-65.046822
-65.021828
-65.012451
-65.009323
-64.996826
-64.999947
-64.996826
-64.993698
-65.021828
-65.015572
-64.999947
-64.990578
-64.990578
-64.993698
-65.009323
-65.021828
-65.012451
-65.031197
-65.040573
-65.078072
-65.090569
-65.074944
-65.074944
-65.08432
-65.087448
-65.093697
-65.103073
-65.096817
-65.106194
-65.131195
-65.140572
-65.146812
-65.14994
-65.156189
-65.187439
-65.174942
-65.171814
-65.187439
-65.178062
-65.178062
-65.184319
-65.174942
-65.184319
-65.187439
-65.174942
-65.171814
-65.190567
-65.174942
-65.174942
-65.215569
-65.218689
-65.24369
-65.231194
-65.228065
-65.234314
-65.224937
-65.221817
-65.234314
-65.24369
-65.249931
-65.265556
-65.274933
-65.271812
-65.278061
-65.281181
-65.296806
-65.293686
-65.278061
-65.271812
-65.271812
-65.246819
-65.253059
-65.256187
-65.262436
-65.296806
-65.312431
-65.296806
-65.296806
-65.303062
-65.299934
-65.324936
-65.334312
-65.346802
-65.368683
-65.365555
-65.359306
-65.371803
-65.374931
-65.371803
-65.371803
-65.356178
-65.362427
-65.365555
-65.353058
-65.368683
-65.368683
-65.356178
-65.359306
-65.387428
-65.378052
-65.38118
-65.384308
-65.371803
-65.393677
-65.396805
-65.396805
-65.415558
-65.421806
-65.409302
-65.41243
-65.396805
-65.403053
-65.409302
-65.415558
-65.421806
-65.44368
-65.434303
-65.456177
-65.47805
-65.449928
-65.446808
-65.474922
-65.459297
-65.47805
-65.47805
-65.487427
-65.490547
-65.503052
-65.496803
-65.496803
-65.496803
-65.493675
-65.496803
-65.5093
-65.499924
-65.521797
-65.521797
-65.515549
-65.534302
-65.543678
-65.537422
-65.54055
-65.534302
-65.537422
-65.556168
-65.571793
-65.568672
-65.574921
-65.546799
-65.559296
-65.568672
-65.549919
-65.559296
-65.559296
-65.553047
-65.593674
-65.609299
-65.603043
-65.615547
-65.606171
-65.615547
-65.615547
-65.628044
-65.621796
-65.637421
-65.612419
-65.624924
-65.628044
-65.624924
-65.621796
-65.643669
-65.628044
-65.637421
-65.665543
-65.646797
-65.665543
-65.653038
-65.643669
-65.643669
-65.656166
-65.646797
-65.668663
-65.67804
-65.665543
-65.696793
-65.70929
-65.699913
-65.724915
-65.734291
-65.74054
-65.762413
-65.749908
-65.746788
-65.749908
-65.759285
-65.74054
-65.746788
-65.721794
-65.74054
-65.724915
-65.74054
-65.743668
-65.762413
-65.746788
-65.746788
-65.746788
-65.734291
-65.746788
-65.753036
-65.743668
-65.762413
-65.781158
-65.778038
-65.793663
-65.793663
-65.781158
-65.790535
-65.771782
-65.762413
-65.77491
-65.77491
-65.796783
-65.821785
-65.815536
-65.818657
-65.83741
-65.831161
-65.834282
-65.83741
-65.821785
-65.803032
-65.828033
-65.828033
-65.846786
-65.846786
-65.846786
-65.846786
-65.856155
-65.83741
-65.856155
-65.856155
-65.840538
-65.83741
-65.824913
-65.821785
-65.843658
-65.846786
-65.849907
-65.859283
-65.834282
-65.849907
-65.865532
-65.87178
-65.874908
-65.868652
-65.87178
-65.878029
-65.896782
-65.896782
-65.909279
-65.915527
-65.909279
-65.924904
-65.90303
-65.90303
-65.928032
-65.893654
-65.924904
-65.940529
-65.921783
-65.921783
-65.937408
-65.912407
-65.915527
-65.953026
-65.931152
-65.931152
-65.931152
-65.912407
-65.946777
-65.965523
-65.943657
-65.962402
-65.978027
-65.949898
-65.956154
-65.956154
-65.931152
-65.940529
-65.946777
-65.937408
-65.946777
-65.949898
-65.93428
-65.946777
-65.946777
-65.962402
-65.971779
-65.962402
-65.949898
-65.971779
-65.956154
-65.965523
-65.968651
-65.956154
-65.956154
-65.974899
-65.965523
-65.959274
-65.949898
-65.953026
-65.965523
-65.953026
-65.959274
-65.987404
-65.987404
-65.999901
-66.034279
-66.028023
-66.012398
-66.021774
-66.031151
-66.021774
-66.034279
-66.028023
-66.037399
-66.046776
-66.037399
-66.040527
-66.046776
-66.046776
-66.040527
-66.046776
-66.046776
-66.049896
-66.056145
-66.062393
-66.081146
-66.090523
-66.065521
-66.065521
-66.07177
-66.068649
-66.078018
-66.074898
-66.059273
-66.093643
-66.084274
-66.093643
-66.106148
-66.10302
-66.121773
-66.13427
-66.131149
-66.131149
-66.146767
-66.124893
-66.137398
-66.153015
-66.137398
-66.140518
-66.121773
-66.143646
-66.146767
-66.137398
-66.118645
-66.13427
-66.118645
-66.115524
-66.131149
-66.143646
-66.118645
-66.140518
-66.140518
-66.137398
-66.143646
-66.13427
-66.140518
-66.146767
-66.131149
-66.146767
-66.146767
-66.153015
-66.146767
-66.146767
-66.137398
-66.13427
-66.131149
-66.121773
-66.137398
-66.13427
-66.121773
-66.143646
-66.137398
-66.149895
-66.159264
-66.149895
-66.146767
-66.162392
-66.16552
-66.159264
-66.153015
-66.16864
-66.162392
-66.171768
-66.159264
-66.181145
-66.187393
-66.162392
-66.171768
-66.209267
-66.212395
-66.215515
-66.234268
-66.221764
-66.22802
-66.243645
-66.23114
-66.246765
-66.256134
-66.246765
-66.259262
-66.246765
-66.246765
-66.246765
-66.240517
-66.22802
-66.22802
-66.240517
-66.23114
-66.246765
-66.237389
-66.259262
-66.278008
-66.271759
-66.293633
-66.296761
-66.299889
-66.293633
-66.293633
-66.268639
-66.284264
-66.290512
-66.296761
-66.296761
-66.293633
-66.274887
-66.290512
-66.293633
-66.274887
-66.290512
-66.296761
-66.309258
-66.321762
-66.331139
-66.337387
-66.346756
-66.343636
-66.343636
-66.340508
-66.315514
-66.315514
-66.324883
-66.296761
-66.296761
-66.321762
-66.296761
-66.318634
-66.334259
-66.321762
-66.331139
-66.306137
-66.324883
-66.324883
-66.331139
-66.318634
-66.343636
-66.340508
-66.346756
-66.378006
-66.371758
-66.371758
-66.381134
-66.356133
-66.359253
-66.381134
-66.374878
-66.381134
-66.393631
-66.393631
-66.390503
-66.381134
-66.368629
-66.374878
-66.371758
-66.378006
-66.365509
-66.371758
-66.384254
-66.390503
-66.384254
-66.368629
-66.409256
-66.406128
-66.396759
-66.396759
-66.384254
-66.396759
-66.378006
-66.374878
-66.384254
-66.393631
-66.393631
-66.384254
-66.396759
-66.399879
-66.396759
-66.418633
-66.396759
-66.393631
-66.396759
-66.393631
-66.409256
-66.421753
-66.415504
-66.443634
-66.434258
-66.409256
-66.418633
-66.396759
-66.381134
-66.418633
-66.409256
-66.415504
-66.421753
-66.428009
-66.443634
-66.453003
-66.453003
-66.462379
-66.446754
-66.443634
-66.446754
-66.431129
-66.415504
-66.440506
-66.446754
-66.440506
-66.471748
-66.478004
-66.481125
-66.490501
-66.49675
-66.490501
-66.487373
-66.484253
-66.490501
-66.49675
-66.484253
-66.493629
-66.49675
-66.490501
-66.487373
-66.49675
-66.49675
-66.502998
-66.49675
-66.49675
-66.493629
-66.49675
-66.484253
-66.49675
-66.490501
-66.487373
-66.506126
-66.493629
-66.478004
-66.49675
-66.487373
-66.474876
-66.468628
-66.471748
-66.471748
-66.474876
-66.456123
-66.471748
-66.490501
-66.478004
-66.493629
-66.506126
-66.502998
-66.521751
-66.518623
-66.518623
-66.528
-66.524879
-66.49675
-66.534248
-66.528
-66.518623
-66.540504
-66.515503
-66.509254
-66.515503
-66.518623
-66.506126
-66.543625
-66.524879
-66.524879
-66.518623
-66.509254
-66.528
-66.528
-66.512375
-66.531128
-66.546745
-66.518623
-66.534248
-66.549873
-66.540504
-66.543625
-66.565498
-66.531128
-66.549873
-66.549873
-66.543625
-66.577995
-66.584244
-66.577995
-66.587372
-66.581123
-66.596748
-66.602997
-66.587372
-66.577995
-66.596748
-66.59362
-66.596748
-66.599869
-66.584244
-66.574875
-66.596748
-66.577995
-66.577995
-66.602997
-66.596748
-66.596748
-66.602997
-66.59362
-66.602997
-66.587372
-66.587372
-66.59362
-66.596748
-66.606125
-66.634247
-66.609245
-66.618622
-66.606125
-66.596748
-66.615494
-66.609245
-66.631119
-66.646744
-66.646744
-66.627998
-66.646744
-66.634247
-66.62487
-66.62487
-66.62487
-66.627998
-66.634247
-66.631119
-66.618622
-66.62487
-66.602997
-66.612373
-66.606125
-66.602997
-66.599869
-66.615494
-66.62487
-66.627998
-66.649864
-66.646744
-66.646744
-66.652992
-66.65612
-66.677994
-66.681114
-66.671745
-66.68737
-66.68737
-66.659241
-66.674866
-66.671745
-66.665489
-66.640495
-66.627998
-66.62487
-66.659241
-66.643623
-66.643623
-66.649864
-66.646744
-66.646744
-66.668617
-66.668617
-66.652992
-66.659241
-66.646744
-66.649864
-66.652992
-66.643623
-66.662369
-66.662369
-66.662369
-66.659241
-66.652992
-66.652992
-66.665489
-66.671745
-66.662369
-66.671745
-66.668617
-66.671745
-66.677994
-66.693619
-66.696739
-66.684242
-66.674866
-66.684242
-66.662369
-66.690491
-66.677994
-66.674866
-66.677994
-66.684242
-66.681114
-66.65612
-66.662369
-66.671745
-66.65612
-66.677994
-66.68737
-66.671745
-66.693619
-66.674866
-66.665489
-66.684242
-66.665489
-66.659241
-66.671745
-66.677994
-66.677994
-66.690491
-66.68737
-66.671745
-66.709244
-66.68737
-66.68737
-66.68737
-66.696739
-66.709244
-66.721741
-66.709244
-66.724869
-66.724869
-66.71862
-66.727989
-66.734245
-66.715492
-66.727989
-66.715492
-66.724869
-66.743614
-66.724869
-66.727989
-66.709244
-66.709244
-66.690491
-66.699867
-66.699867
-66.706116
-66.721741
-66.721741
-66.731117
-66.731117
-66.734245
-66.743614
-66.752983
-66.746735
-66.752983
-66.765488
-66.777985
-66.790489
-66.777985
-66.756111
-66.774864
-66.76236
-66.759239
-66.777985
-66.796738
-66.76236
-66.743614
-66.76236
-66.746735
-66.746735
-66.743614
-66.752983
-66.76236
-66.743614
-66.746735
-66.749863
-66.756111
-66.752983
-66.771736
-66.76236
-66.784233
-66.79361
-66.79361
-66.809235
-66.815483
-66.831108
-66.821739
-66.812363
-66.815483
-66.809235
-66.787361
-66.784233
-66.796738
-66.790489
-66.777985
-66.79361
-66.790489
-66.76236
-66.781113
-66.781113
-66.774864
-66.79361
-66.796738
-66.796738
-66.799858
-66.796738
-66.799858
-66.818611
-66.790489
-66.781113
-66.774864
-66.777985
-66.799858
-66.796738
-66.787361
-66.815483
-66.796738
-66.802986
-66.821739
-66.806114
-66.79361
-66.809235
-66.784233
-66.796738
-66.821739
-66.831108
-66.821739
-66.827988
-66.806114
-66.815483
-66.837364
-66.834236
-66.827988
-66.843613
-66.834236
-66.834236
-66.862358
-66.827988
-66.834236
-66.834236
-66.837364
-66.840485
-66.831108
-66.837364
-66.846733
-66.837364
-66.846733
-66.840485
-66.827988
-66.827988
-66.837364
-66.827988
-66.837364
-66.840485
-66.852982
-66.846733
-66.868607
-66.849854
-66.852982
-66.846733
-66.834236
-66.852982
-66.862358
-66.849854
-66.874855
-66.85923
-66.840485
-66.846733
-66.840485
-66.846733
-66.846733
-66.840485
-66.821739
-66.818611
-66.821739
-66.827988
-66.834236
-66.818611
-66.831108
-66.85611
-66.846733
-66.85923
-66.85923
-66.840485
-66.834236
-66.877983
-66.85923
-66.871735
-66.862358
-66.85923
-66.868607
-66.881104
-66.868607
-66.85923
-66.85923
-66.881104
-66.852982
-66.840485
-66.843613
-66.862358
-66.862358
-66.865479
-66.85923
-66.865479
-66.849854
-66.884232
-66.85923
-66.874855
-66.896729
-66.884232
-66.896729
-66.906105
-66.906105
-66.912354
-66.893608
-66.884232
-66.89048
-66.89048
-66.884232
-66.881104
-66.877983
-66.862358
-66.868607
-66.881104
-66.896729
-66.912354
-66.88736
-66.896729
-66.927979
-66.884232
-66.871735
-66.88736
-66.884232
-66.884232
-66.874855
-66.852982
-66.862358
-66.862358
-66.877983
-66.877983
-66.89048
-66.881104
-66.899857
-66.912354
-66.906105
-66.92173
-66.896729
-66.906105
-66.906105
-66.896729
-66.896729
-66.912354
-66.884232
-66.896729
-66.909233
-66.88736
-66.89048
-66.871735
-66.862358
-66.85923
-66.893608
-66.871735
-66.89048
-66.909233
-66.896729
-66.92173
-66.912354
-66.896729
-66.91861
-66.92173
-66.909233
-66.940483
-66.943604
-66.962349
-66.959229
-66.940483
-66.91861
-66.896729
-66.862358
-66.840485
-66.843613
-66.818611
-66.812363
-66.802986
-66.799858
-66.802986
-66.784233
-66.784233
-66.781113
-66.787361
-66.774864
-66.76236
-66.752983
-66.746735
-66.743614
-66.752983
-66.734245
-66.709244
-66.724869
-66.737366
-66.746735
-66.712364
-66.709244
-66.712364
-66.696739
-66.706116
-66.715492
-66.699867
-66.68737
-66.690491
-66.684242
-66.702995
-66.671745
-66.65612
-66.65612
-66.662369
-66.649864
-66.652992
-66.662369
-66.646744
-66.646744
-66.646744
-66.640495
-66.646744
-66.62175
-66.612373
-66.615494
-66.606125
-66.615494
-66.59362
-66.587372
-66.574875
-66.602997
-66.577995
-66.587372
-66.587372
-66.571747
-66.581123
-66.581123
-66.584244
-66.577995
-66.581123
-66.56237
-66.552994
-66.546745
-66.549873
-66.56237
-66.574875
-66.552994
-66.55925
-66.546745
-66.528
-66.515503
-66.509254
-66.499878
-66.506126
-66.49675
-66.506126
-66.515503
-66.490501
-66.493629
-66.502998
-66.49675
-66.49675
-66.474876
-66.474876
-66.481125
-66.484253
-66.459251
-66.456123
-66.440506
-66.428009
-66.421753
-66.437378
-66.434258
-66.456123
-66.449875
-66.462379
-66.490501
-66.468628
-66.453003
-66.456123
-66.453003
-66.459251
-66.462379
-66.437378
-66.421753
-66.409256
-66.406128
-66.418633
-66.428009
-66.418633
-66.434258
-66.415504
-66.418633
-66.409256
-66.412384
-66.396759
-66.396759
-66.381134
-66.387383
-66.409256
-66.384254
-66.365509
-66.396759
-66.378006
-66.384254
-66.378006
-66.362381
-66.378006
-66.384254
-66.381134
-66.378006
-66.378006
-66.349884
-66.346756
-66.343636
-66.334259
-66.346756
-66.356133
-66.349884
-66.353004
-66.346756
-66.346756
-66.343636
-66.340508
-66.337387
-66.324883
-66.321762
-66.315514
-66.328011
-66.331139
-66.331139
-66.334259
-66.287384
-66.299889
-66.303009
-66.296761
-66.296761
-66.296761
-66.284264
-66.284264
-66.293633
-66.259262
-66.278008
-66.253014
-66.265511
-66.290512
-66.293633
-66.284264
-66.278008
-66.265511
-66.262383
-66.249886
-66.240517
-66.246765
-66.253014
-66.246765
-66.253014
-66.249886
-66.243645
-66.237389
-66.246765
-66.22802
-66.22802
-66.224892
-66.215515
-66.212395
-66.23114
-66.224892
-66.221764
-66.215515
-66.19677
-66.19989
-66.190514
-66.19677
-66.19677
-66.193642
-66.171768
-66.19677
-66.19677
-66.193642
-66.203018
-66.19677
-66.184265
-66.187393
-66.190514
-66.203018
-66.209267
-66.19677
-66.19989
-66.23114
-66.215515
-66.234268
-66.23114
-66.203018
-66.234268
-66.23114
-66.218643
-66.23114
-66.234268
-66.22802
-66.212395
-66.209267
-66.209267
-66.221764
-66.190514
-66.184265
-66.184265
-66.190514
-66.184265
-66.184265
-66.146767
-66.162392
-66.153015
-66.159264
-66.146767
-66.146767
-66.140518
-66.178017
-66.156143
-66.137398
-66.16552
-66.184265
-66.153015
-66.131149
-66.118645
-66.106148
-66.10302
-66.090523
-66.078018
-66.112396
-66.10302
-66.10302
-66.099899
-66.106148
-66.112396
-66.106148
-66.096771
-66.112396
-66.10302
-66.096771
-66.106148
-66.128021
-66.109268
-66.096771
-66.07177
-66.096771
-66.109268
-66.106148
-66.090523
-66.109268
-66.096771
-66.096771
-66.109268
-66.096771
-66.115524
-66.106148
-66.096771
-66.068649
-66.081146
-66.065521
-66.068649
-66.068649
-66.065521
-66.053024
-66.046776
-66.018654
-66.056145
-66.046776
-66.046776
-66.040527
-66.034279
-66.015526
-66.018654
-66.028023
-66.021774
-66.037399
-66.031151
-66.040527
-66.037399
-66.031151
-66.046776
-66.043648
-66.043648
-66.021774
-66.024902
-66.009277
-66.003029
-66.012398
-66.012398
-66.009277
-66.009277
-66.006149
-66.015526
-66.003029
-66.021774
-66.009277
-66.021774
-66.006149
-66.028023
-66.028023
-65.996773
-66.015526
-66.009277
-65.996773
-65.990524
-65.987404
-65.993652
-65.984276
-65.978027
-65.978027
-65.965523
-65.953026
-65.962402
-65.974899
-65.965523
-65.959274
-65.968651
-65.953026
-65.940529
-65.946777
-65.946777
-65.946777
-65.940529
-65.946777
-65.937408
-65.940529
-65.93428
-65.937408
-65.946777
-65.924904
-65.924904
-65.93428
-65.921783
-65.93428
-65.921783
-65.912407
-65.909279
-65.896782
-65.878029
-65.884277
-65.890533
-65.896782
-65.909279
-65.915527
-65.924904
-65.921783
-65.90303
-65.90303
-65.912407
-65.912407
-65.896782
-65.896782
-65.890533
-65.887405
-65.90303
-65.896782
-65.893654
-65.890533
-65.890533
-65.893654
-65.887405
-65.884277
-65.893654
-65.865532
-65.862404
-65.87178
-65.853027
-65.846786
-65.853027
-65.846786
-65.856155
-65.853027
-65.853027
-65.856155
-65.849907
-65.849907
-65.868652
-65.846786
-65.859283
-65.859283
-65.840538
-65.824913
-65.849907
-65.824913
-65.824913
-65.828033
-65.818657
-65.80616
-65.821785
-65.796783
-65.80616
-65.828033
-65.831161
-65.83741
-65.853027
-65.815536
-65.83741
-65.834282
-65.831161
-65.843658
-65.818657
-65.793663
-65.796783
-65.80616
-65.796783
-65.815536
-65.803032
-65.796783
-65.803032
-65.781158
-65.781158
-65.768661
-65.765533
-65.787407
-65.793663
-65.77491
-65.762413
-65.765533
-65.771782
-65.771782
-65.790535
-65.771782
-65.749908
-65.737419
-65.731163
-65.756157
-65.734291
-65.737419
-65.728043
-65.728043
-65.712418
-65.743668
-65.746788
-65.737419
-65.743668
-65.715538
-65.724915
-65.731163
-65.721794
-65.731163
-65.731163
-65.721794
-65.734291
-65.724915
-65.715538
-65.703041
-65.712418
-65.703041
-65.728043
-65.728043
-65.718666
-65.721794
-65.715538
-65.696793
-65.721794
-65.696793
-65.70929
-65.70929
-65.721794
-65.684288
-65.703041
-65.681168
-65.693665
-65.67804
-65.656166
-65.665543
-65.67804
-65.662415
-65.649918
-65.696793
-65.693665
-65.696793
-65.703041
-65.690544
-65.696793
-65.674919
-65.671791
-65.659294
-65.668663
-65.659294
-65.665543
-65.662415
-65.646797
-65.656166
-65.659294
-65.659294
-65.668663
-65.653038
-65.653038
-65.653038
-65.656166
-65.649918
-65.649918
-65.646797
-65.640549
-65.634293
-65.646797
-65.646797
-65.631172
-65.609299
-65.624924
-65.615547
-65.603043
-65.584297
-65.593674
-65.603043
-65.631172
-65.606171
-65.599922
-65.590546
-65.596794
-65.578049
-65.606171
-65.596794
-65.609299
-65.609299
-65.590546
-65.590546
-65.584297
-65.584297
-65.584297
-65.599922
-65.590546
-65.596794
-65.606171
-65.621796
-65.643669
-65.640549
-65.618668
-65.646797
-65.606171
-65.615547
-65.606171
-65.599922
-65.612419
-65.590546
-65.584297
-65.584297
-65.596794
-65.584297
-65.578049
-65.584297
-65.559296
-65.562424
-65.562424
-65.559296
-65.553047
-65.537422
-65.531174
-65.546799
-65.546799
-65.54055
-65.553047
-65.562424
-65.546799
-65.578049
-65.578049
-65.546799
-65.559296
-65.546799
-65.553047
-65.546799
-65.537422
-65.531174
-65.546799
-65.528053
-65.506172
-65.543678
-65.537422
-65.528053
-65.537422
-65.528053
-65.518677
-65.528053
-65.521797
-65.54055
-65.534302
-65.518677
-65.531174
-65.518677
-65.5093
-65.512428
-65.506172
-65.518677
-65.531174
-65.524925
-65.496803
-65.503052
-65.518677
-65.518677
-65.521797
-65.521797
-65.5093
-65.528053
-65.521797
-65.5093
-65.503052
-65.481178
-65.481178
-65.496803
-65.47805
-65.471802
-65.490547
-65.481178
-65.484299
-65.465553
-65.459297
-65.490547
-65.496803
-65.471802
-65.474922
-65.462425
-65.449928
-65.471802
-65.471802
-65.459297
-65.456177
-65.440552
-65.446808
-65.437431
-65.431183
-65.44368
-65.446808
-65.421806
-65.428055
-65.421806
-65.44368
-65.453049
-65.434303
-65.44368
-65.449928
-65.449928
-65.44368
-65.471802
-65.446808
-65.434303
-65.446808
-65.44368
-65.440552
-65.446808
-65.446808
-65.428055
-65.428055
-65.418678
-65.421806
-65.44368
-65.421806
-65.434303
-65.428055
-65.415558
-65.396805
-65.406181
-65.396805
-65.396805
-65.406181
-65.409302
-65.421806
-65.428055
-65.418678
-65.424927
-65.415558
-65.41243
-65.424927
-65.403053
-65.406181
-65.409302
-65.399933
-65.396805
-65.399933
-65.41243
-65.418678
-65.418678
-65.424927
-65.403053
-65.421806
-65.409302
-65.409302
-65.406181
-65.393677
-65.406181
-65.409302
-65.396805
-65.406181
-65.403053
-65.374931
-65.365555
-65.356178
-65.356178
-65.368683
-65.365555
-65.346802
-65.359306
-65.346802
-65.343681
-65.356178
-65.346802
-65.356178
-65.374931
-65.340561
-65.331184
-65.340561
-65.337433
-65.359306
-65.362427
-65.359306
-65.38118
-65.38118
-65.371803
-65.390556
-65.384308
-65.374931
-65.371803
-65.359306
-65.343681
-65.331184
-65.337433
-65.328056
-65.321808
-65.337433
-65.318687
-65.328056
-65.331184
-65.324936
-65.356178
-65.340561
-65.34993
-65.353058
-65.334312
-65.331184
-65.328056
-65.340561
-65.343681
-65.346802
-65.334312
-65.346802
-65.346802
-65.328056
-65.334312
-65.334312
-65.331184
-65.328056
-65.328056
-65.299934
-65.303062
-65.284309
-65.290558
-65.315559
-65.340561
-65.324936
-65.334312
-65.306183
-65.328056
-65.321808
-65.315559
-65.331184
-65.324936
-65.334312
-65.346802
-65.324936
-65.299934
-65.318687
-65.306183
-65.296806
-65.328056
-65.312431
-65.309311
-65.306183
-65.318687
-65.324936
-65.328056
-65.324936
-65.303062
-65.306183
-65.303062
-65.296806
-65.296806
-65.290558
-65.274933
-65.303062
-65.296806
-65.312431
-65.315559
-65.296806
-65.321808
-65.309311
-65.290558
-65.299934
-65.306183
-65.284309
-65.293686
-65.278061
-65.259308
-65.281181
-65.303062
-65.296806
-65.287437
-65.281181
-65.271812
-65.284309
-65.281181
-65.287437
-65.296806
-65.278061
-65.281181
-65.271812
-65.253059
-65.262436
-65.246819
-65.259308
-65.256187
-65.240562
-65.234314
-65.256187
-65.249931
-65.253059
-65.268684
-65.281181
-65.265556
-65.268684
-65.249931
-65.246819
-65.259308
-65.268684
-65.265556
-65.268684
-65.249931
-65.259308
-65.246819
-65.246819
-65.246819
-65.246819
-65.237442
-65.246819
-65.259308
-65.268684
-65.253059
-65.240562
-65.246819
-65.256187
-65.271812
-65.256187
-65.287437
-65.281181
-65.284309
-65.296806
-65.281181
-65.287437
-65.290558
-65.287437
-65.293686
-65.293686
-65.284309
-65.287437
-65.309311
-65.299934
-65.303062
-65.296806
-65.284309
-65.284309
-65.274933
-65.259308
-65.284309
-65.293686
-65.287437
-65.293686
-65.303062
-65.271812
-65.290558
-65.268684
-65.278061
-65.281181
-65.259308
-65.259308
-65.268684
-65.240562
-65.234314
-65.224937
-65.237442
-65.237442
-65.221817
-65.221817
-65.240562
-65.24369
-65.221817
-65.240562
-65.24369
-65.240562
-65.249931
-65.249931
-65.246819
-65.224937
-65.209312
-65.206192
-65.215569
-65.221817
-65.224937
-65.240562
-65.218689
-65.228065
-65.231194
-65.224937
-65.221817
-65.237442
-65.218689
-65.246819
-65.246819
-65.231194
-65.240562
-65.234314
-65.234314
-65.24369
-65.240562
-65.228065
-65.246819
-65.228065
-65.221817
-65.234314
-65.209312
-65.215569
-65.221817
-65.221817
-65.24369
-65.237442
-65.253059
-65.253059
-65.271812
-65.253059
-65.246819
-65.253059
-65.246819
-65.234314
-65.246819
-65.234314
-65.240562
-65.228065
-65.234314
-65.240562
-65.218689
-65.218689
-65.221817
-65.228065
-65.237442
-65.240562
-65.240562
-65.228065
-65.246819
-65.240562
-65.206192
-65.231194
-65.193687
-65.215569
-65.218689
-65.215569
-65.215569
-65.231194
-65.221817
-65.246819
-65.231194
-65.215569
-65.199944
-65.196815
-65.196815
-65.21244
-65.203064
-65.196815
-65.199944
-65.224937
-65.231194
-65.237442
-65.237442
-65.240562
-65.237442
-65.228065
-65.218689
-65.228065
-65.215569
-65.21244
-65.215569
-65.196815
-65.178062
-65.196815
-65.196815
-65.184319
-65.199944
-65.193687
-65.190567
-65.190567
-65.193687
-65.21244
-65.221817
-65.21244
-65.215569
-65.203064
-65.178062
-65.196815
-65.187439
-65.168694
-65.190567
-65.178062
-65.187439
-65.193687
-65.190567
-65.171814
-65.168694
-65.156189
-65.168694
-65.165565
-65.178062
-65.171814
-65.196815
-65.18119
-65.190567
-65.190567
-65.178062
-65.206192
-65.190567
-65.206192
-65.203064
-65.206192
-65.187439
-65.171814
-65.168694
-65.168694
-65.168694
-65.171814
-65.168694
-65.174942
-65.162437
-65.146812
-65.146812
-65.124947
-65.134323
-65.159317
-65.14994
-65.165565
-65.174942
-65.174942
-65.190567
-65.193687
-65.193687
-65.196815
-65.187439
-65.190567
-65.206192
-65.193687
-65.171814
-65.184319
-65.171814
-65.153069
-65.162437
-65.146812
-65.171814
-65.171814
-65.162437
-65.178062
-65.156189
-65.153069
-65.140572
-65.159317
-65.165565
-65.18119
-65.196815
-65.18119
-65.168694
-65.178062
-65.168694
-65.171814
-65.171814
-65.156189
-65.162437
-65.171814
-65.153069
-65.146812
-65.143692
-65.146812
-65.168694
-65.162437
-65.165565
-65.178062
-65.178062
-65.184319
-65.199944
-65.168694
-65.184319
-65.18119
-65.162437
-65.165565
-65.168694
-65.159317
-65.159317
-65.171814
-65.156189
-65.171814
-65.178062
-65.174942
-65.174942
-65.168694
-65.162437
-65.184319
-65.193687
-65.165565
-65.196815
-65.174942
-65.171814
-65.184319
-65.174942
-65.159317
-65.184319
-65.168694
-65.159317
-65.174942
-65.153069
-65.140572
-65.146812
-65.146812
-65.146812
-65.159317
-65.128067
-65.146812
-65.131195
-65.118698
-65.137444
-65.131195
-65.124947
-65.140572
-65.131195
-65.124947
-65.137444
-65.128067
-65.128067
-65.137444
-65.140572
-65.118698
-65.140572
-65.121819
-65.124947
-65.128067
-65.121819
-65.109322
-65.128067
-65.106194
-65.112442
-65.106194
-65.099945
-65.128067
-65.11557
-65.106194
-65.128067
-65.103073
-65.093697
-65.093697
-65.096817
-65.096817
-65.131195
-65.121819
-65.11557
-65.128067
-65.11557
-65.096817
-65.109322
-65.087448
-65.087448
-65.096817
-65.106194
-65.112442
-65.124947
-65.106194
-65.096817
-65.096817
-65.093697
-65.128067
-65.096817
-65.093697
-65.109322
-65.109322
-65.087448
-65.103073
-65.093697
-65.081192
-65.096817
-65.081192
-65.078072
-65.096817
-65.078072
-65.078072
-65.103073
-65.096817
-65.099945
-65.11557
-65.106194
-65.124947
-65.124947
-65.137444
-65.146812
-65.146812
-65.121819
-65.124947
-65.128067
-65.134323
-65.128067
-65.124947
-65.103073
-65.118698
-65.118698
-65.103073
-65.112442
-65.096817
-65.093697
-65.096817
-65.08432
-65.081192
-65.093697
-65.090569
-65.087448
-65.087448
-65.087448
-65.096817
-65.106194
-65.099945
-65.096817
-65.103073
-65.109322
-65.109322
-65.118698
-65.090569
-65.112442
-65.109322
-65.08432
-65.096817
-65.087448
-65.078072
-65.093697
-65.068695
-65.065567
-65.08432
-65.087448
-65.087448
-65.093697
-65.099945
-65.093697
-65.096817
-65.109322
-65.112442
-65.11557
-65.103073
-65.109322
-65.096817
-65.093697
-65.090569
-65.08432
-65.071823
-65.087448
-65.096817
-65.096817
-65.118698
-65.096817
-65.093697
-65.103073
-65.109322
-65.11557
-65.131195
-65.112442
-65.099945
-65.096817
-65.08432
-65.093697
-65.103073
-65.103073
-65.103073
-65.103073
-65.08432
-65.096817
-65.106194
-65.106194
-65.096817
-65.121819
-65.099945
-65.106194
-65.106194
-65.103073
-65.109322
-65.106194
-65.103073
-65.096817
-65.08432
-65.093697
-65.11557
-65.087448
-65.087448
-65.074944
-65.065567
-65.081192
-65.071823
-65.065567
-65.074944
-65.078072
-65.071823
-65.071823
-65.071823
-65.059319
-65.071823
-65.059319
-65.049942
-65.059319
-65.062447
-65.071823
-65.081192
-65.068695
-65.065567
-65.08432
-65.068695
-65.074944
-65.068695
-65.034325
-65.049942
-65.065567
-65.068695
-65.074944
-65.078072
-65.068695
-65.059319
-65.046822
-65.046822
-65.037453
-65.043701
-65.037453
-65.043701
-65.043701
-65.049942
-65.046822
-65.034325
-65.031197
-65.040573
-65.028076
-65.034325
-65.043701
-65.046822
-65.068695
-65.065567
-65.05307
-65.05307
-65.059319
-65.046822
-65.059319
-65.068695
-65.062447
-65.065567
-65.05307
-65.056198
-65.046822
-65.05307
-65.068695
-65.071823
-65.074944
-65.040573
-65.062447
-65.065567
-65.062447
-65.046822
-65.049942
-65.046822
-65.062447
-65.046822
-65.046822
-65.059319
-65.046822
-65.049942
-65.056198
-65.037453
-65.037453
-65.034325
-65.031197
-65.05307
-65.071823
-65.071823
-65.090569
-65.087448
-65.068695
-65.062447
-65.068695
-65.056198
-65.059319
-65.046822
-65.037453
-65.05307
-65.046822
-65.046822
-65.068695
-65.05307
-65.059319
-65.087448
-65.05307
-65.059319
-65.062447
-65.065567
-65.05307
-65.071823
-65.049942
-65.071823
-65.059319
-65.071823
-65.065567
-65.068695
-65.037453
-65.05307
-65.049942
-65.034325
-65.046822
-65.040573
-65.043701
-65.043701
-65.049942
-65.056198
-65.065567
-65.071823
-65.071823
-65.078072
-65.056198
-65.068695
-65.087448
-65.049942
-65.074944
-65.062447
-65.068695
-65.068695
-65.071823
-65.078072
-65.096817
-65.096817
-65.071823
-65.08432
-65.068695
-65.071823
-65.05307
-65.046822
-65.034325
-65.093697
-65.068695
-65.065567
-65.065567
-65.065567
-65.065567
-65.068695
-65.074944
-65.096817
-65.096817
-65.096817
-65.11557
-65.096817
-65.078072
-65.08432
-65.08432
-65.08432
-65.103073
-65.103073
-65.096817
-65.112442
-65.099945
-65.096817
-65.096817
-65.068695
-65.068695
-65.062447
-65.062447
-65.065567
-65.074944
-65.074944
-65.062447
-65.049942
-65.046822
-65.056198
-65.065567
-65.034325
-65.065567
-65.056198
-65.046822
-65.056198
-65.049942
-65.043701
-65.046822
-65.049942
-65.059319
-65.046822
-65.046822
-65.049942
-65.043701
-65.028076
-65.031197
-65.040573
-65.046822
-65.040573
-65.031197
-65.009323
-65.031197
-65.034325
-65.040573
-65.034325
-65.056198
-65.0187
-65.040573
-65.046822
-65.043701
-65.071823
-65.068695
-65.068695
-65.08432
-65.087448
-65.062447
-65.059319
-65.059319
-65.05307
-65.065567
-65.056198
-65.062447
-65.071823
-65.049942
-65.040573
-65.034325
-65.028076
-65.040573
-65.046822
-65.031197
-65.043701
-65.046822
-65.046822
-65.040573
-65.059319
-65.05307
-65.05307
-65.059319
-65.046822
-65.068695
-65.049942
-65.037453
-65.040573
-65.024948
-65.015572
-65.037453
-65.034325
-65.040573
-65.046822
-65.034325
-65.0187
-65.028076
-65.012451
-65.021828
-65.043701
-65.031197
-65.043701
-65.049942
-65.031197
-65.037453
-65.028076
-65.034325
-65.040573
-65.037453
-65.031197
-65.031197
-65.034325
-65.034325
-65.034325
-65.046822
-65.037453
-65.031197
-65.034325
-65.040573
-65.049942
-65.040573
-65.046822
-65.065567
-65.065567
-65.074944
-65.078072
-65.071823
-65.068695
-65.065567
-65.059319
-65.05307
-65.05307
-65.056198
-65.059319
-65.05307
-65.046822
-65.040573
-65.05307
-65.034325
-65.046822
-65.043701
-65.046822
-65.037453
-65.021828
-65.015572
-65.021828
-65.0187
-65.040573
-65.046822
-65.031197
-65.0187
-65.028076
-65.021828
-65.021828
-65.034325
-65.024948
-65.046822
-65.031197
-65.031197
-65.046822
-65.05307
-65.037453
-65.046822
-65.062447
-65.062447
-65.056198
-65.037453
-65.031197
-65.059319
-65.046822
-65.062447
-65.081192
-65.074944
-65.074944
-65.08432
-65.096817
-65.090569
-65.087448
-65.05307
-65.056198
-65.056198
-65.028076
-65.034325
-65.046822
-65.046822
-65.040573
-65.043701
-65.049942
-65.05307
-65.05307
-65.056198
-65.081192
-65.065567
-65.046822
-65.049942
-65.028076
-65.0187
-65.040573
-65.0187
-65.0187
-65.012451
-65.006203
-65.028076
-65.040573
-65.021828
-65.043701
-65.05307
-65.046822
-65.059319
-65.05307
-65.062447
-65.068695
-65.059319
-65.056198
-65.068695
-65.034325
-65.021828
-65.046822
-65.037453
-65.028076
-65.028076
-65.034325
-65.043701
-65.043701
-65.009323
-65.015572
-65.015572
-65.012451
-64.999947
-65.003075
-65.0187
-65.003075
-65.0187
-65.003075
-65.015572
-65.015572
-65.006203
-65.009323
-64.996826
-65.006203
-65.015572
-65.0187
-65.003075
-65.015572
-65.0187
-65.009323
-64.996826
-64.978073
-64.990578
-64.999947
-64.98745
-65.003075
-65.021828
-65.0187
-65.021828
-65.009323
-64.996826
-65.021828
-65.034325
-65.021828
-65.049942
-65.046822
-65.034325
-65.049942
-65.034325
-65.037453
-65.037453
-65.021828
-65.006203
-64.981201
-64.984322
-64.971825
-64.984322
-64.962448
-64.978073
-64.996826
-64.990578
-65.003075
-65.015572
-65.015572
-65.009323
-65.006203
-64.978073
-64.971825
-64.965576
-64.953072
-64.971825
-64.990578
-64.990578
-65.006203
-65.003075
-64.968697
-64.98745
-64.990578
-64.981201
-65.003075
-64.990578
-64.98745
-64.993698
-64.990578
-64.990578
-65.003075
-64.981201
-64.971825
-64.996826
-64.974953
-64.990578
-64.98745
-64.962448
-64.965576
-64.974953
-64.971825
-64.981201
-64.990578
-64.996826
-65.006203
-64.999947
-64.993698
-64.984322
-64.984322
-64.98745
-64.981201
-64.965576
-64.984322
-64.990578
-64.971825
-64.949951
-64.968697
-64.965576
-64.974953
-64.974953
-64.940582
-64.971825
-64.984322
-64.981201
-64.965576
-64.968697
-64.9562
-64.965576
-64.981201
-64.965576
-64.974953
-64.971825
-64.959328
-64.990578
-64.974953
-64.9562
-64.968697
-64.968697
-64.968697
-64.968697
-64.959328
-64.974953
-64.993698
-64.996826
-64.974953
-64.971825
-64.959328
-64.965576
-64.98745
-64.968697
-64.968697
-64.971825
-64.943703
-64.946823
-64.946823
-64.937454
-64.946823
-64.949951
-64.953072
-64.953072
-64.940582
-64.909332
-64.934326
-64.921829
-64.915581
-64.912453
-64.890579
-64.921829
-64.943703
-64.918701
-64.931206
-64.924957
-64.943703
-64.934326
-64.953072
-64.953072
-64.943703
-64.940582
-64.921829
-64.946823
-64.924957
-64.906204
-64.924957
-64.921829
-64.937454
-64.953072
-64.918701
-64.909332
-64.934326
-64.937454
-64.934326
-64.928078
-64.928078
-64.915581
-64.924957
-64.924957
-64.934326
-64.946823
-64.949951
-64.940582
-64.937454
-64.940582
-64.934326
-64.940582
-64.937454
-64.943703
-64.949951
-64.943703
-64.962448
-64.953072
-64.9562
-64.959328
-64.940582
-64.928078
-64.937454
-64.931206
-64.924957
-64.928078
-64.921829
-64.931206
-64.931206
-64.921829
-64.937454
-64.921829
-64.915581
-64.924957
-64.949951
-64.946823
-64.943703
-64.931206
-64.921829
-64.924957
-64.928078
-64.937454
-64.940582
-64.940582
-64.940582
-64.949951
-64.940582
-64.931206
-64.943703
-64.946823
-64.928078
-64.934326
-64.937454
-64.931206
-64.921829
-64.903076
-64.906204
-64.931206
-64.909332
-64.906204
-64.931206
-64.912453
-64.915581
-64.918701
-64.921829
-64.921829
-64.899956
-64.884331
-64.874954
-64.881203
-64.890579
-64.906204
-64.921829
-64.909332
-64.940582
-64.928078
-64.943703
-64.934326
-64.940582
-64.9562
-64.953072
-64.946823
-64.931206
-64.928078
-64.918701
-64.924957
-64.915581
-64.903076
-64.906204
-64.896828
-64.896828
-64.928078
-64.931206
-64.921829
-64.937454
-64.915581
-64.906204
-64.921829
-64.921829
-64.915581
-64.921829
-64.915581
-64.918701
-64.921829
-64.921829
-64.921829
-64.934326
-64.946823
-64.953072
-64.946823
-64.946823
-64.937454
-64.940582
-64.921829
-64.953072
-64.943703
-64.931206
