-63.809383
-63.821884
-63.809383
-63.834385
-63.834385
-63.831257
-63.809383
-63.809383
-63.796883
-63.806259
-63.812508
-63.796883
-63.796883
-63.796883
-63.796883
-63.796883
-63.796883
-63.800007
-63.812508
-63.806259
-63.815632
-63.81876
-63.821884
-63.815632
-63.815632
-63.815632
-63.812508
-63.809383
-63.809383
-63.815632
-63.812508
-63.796883
-63.81876
-63.809383
-63.793758
-63.800007
-63.821884
-63.800007
-63.803135
-63.809383
-63.796883
-63.806259
-63.821884
-63.834385
-63.831257
-63.846882
-63.831257
-63.846882
-63.846882
-63.815632
-63.806259
-63.821884
-63.809383
-63.821884
-63.821884
-63.825008
-63.834385
-63.831257
-63.831257
-63.843758
-63.831257
-63.831257
-63.834385
-63.809383
-63.812508
-63.815632
-63.800007
-63.796883
-63.809383
-63.778133
-63.784382
-63.78751
-63.784382
-63.771885
-63.778133
-63.771885
-63.78751
-63.78751
-63.781258
-63.796883
-63.796883
-63.793758
-63.78751
-63.796883
-63.790634
-63.78751
-63.771885
-63.790634
-63.78751
-63.784382
-63.790634
-63.806259
-63.78751
-63.796883
-63.800007
-63.796883
-63.790634
-63.775009
-63.768757
-63.784382
-63.793758
-63.793758
-63.793758
-63.78751
-63.796883
-63.796883
-63.796883
-63.796883
-63.809383
-63.796883
-63.784382
-63.781258
-63.759384
-63.765633
-63.759384
-63.753132
-63.759384
-63.759384
-63.750008
-63.746883
-63.778133
-63.778133
-63.796883
-63.800007
-63.775009
-63.796883
-63.784382
-63.790634
-63.796883
-63.796883
-63.793758
-63.809383
-63.809383
-63.790634
-63.809383
-63.790634
-63.796883
-63.81876
-63.793758
-63.784382
-63.790634
-63.775009
-63.781258
-63.768757
-63.768757
-63.775009
-63.771885
-63.778133
-63.790634
-63.796883
-63.778133
-63.809383
-63.803135
-63.796883
-63.809383
-63.781258
-63.768757
-63.768757
-63.765633
-63.768757
-63.806259
-63.790634
-63.781258
-63.771885
-63.759384
-63.75626
-63.778133
-63.778133
-63.778133
-63.78751
-63.778133
-63.775009
-63.775009
-63.75626
-63.762508
-63.75626
-63.746883
-63.765633
-63.740639
-63.746883
-63.75626
-63.771885
-63.753132
-63.753132
-63.746883
-63.721889
-63.746883
-63.746883
-63.734386
-63.746883
-63.743763
-63.75626
-63.775009
-63.771885
-63.765633
-63.746883
-63.743763
-63.746883
-63.746883
-63.746883
-63.759384
-63.765633
-63.762508
-63.75626
-63.781258
-63.759384
-63.78751
-63.746883
-63.734386
-63.75626
-63.746883
-63.75626
-63.768757
-63.759384
-63.753132
-63.746883
-63.737514
-63.734386
-63.746883
-63.725014
-63.718761
-63.743763
-63.721889
-63.721889
-63.743763
-63.746883
-63.771885
-63.771885
-63.75626
-63.775009
-63.778133
-63.796883
-63.81876
-63.815632
-63.784382
-63.815632
-63.796883
-63.793758
-63.793758
-63.778133
-63.78751
-63.775009
-63.775009
-63.768757
-63.743763
-63.731262
-63.728138
-63.731262
-63.740639
-63.75626
-63.771885
-63.762508
-63.759384
-63.775009
-63.775009
-63.759384
-63.759384
-63.762508
-63.759384
-63.759384
-63.771885
-63.781258
-63.775009
-63.781258
-63.796883
-63.793758
-63.765633
-63.781258
-63.768757
-63.793758
-63.796883
-63.771885
-63.775009
-63.775009
-63.765633
-63.771885
-63.784382
-63.75626
-63.759384
-63.771885
-63.746883
-63.778133
-63.793758
-63.771885
-63.784382
-63.796883
-63.78751
-63.796883
-63.78751
-63.771885
-63.796883
-63.790634
-63.800007
-63.825008
-63.796883
-63.809383
-63.815632
-63.796883
-63.796883
-63.790634
-63.759384
-63.762508
-63.75626
-63.778133
-63.778133
-63.793758
-63.796883
-63.78751
-63.796883
-63.778133
-63.793758
-63.781258
-63.781258
-63.793758
-63.809383
-63.803135
-63.821884
-63.825008
-63.825008
-63.843758
-63.834385
-63.834385
-63.831257
-63.809383
-63.825008
-63.806259
-63.796883
-63.803135
-63.803135
-63.796883
-63.781258
-63.793758
-63.768757
-63.803135
-63.803135
-63.784382
-63.796883
-63.796883
-63.790634
-63.796883
-63.781258
-63.781258
-63.784382
-63.775009
-63.781258
-63.771885
-63.771885
-63.775009
-63.78751
-63.768757
-63.796883
-63.784382
-63.78751
-63.781258
-63.784382
-63.775009
-63.784382
-63.78751
-63.765633
-63.78751
-63.784382
-63.771885
-63.790634
-63.790634
-63.796883
-63.784382
-63.793758
-63.78751
-63.796883
-63.790634
-63.809383
-63.815632
-63.809383
-63.803135
-63.796883
-63.781258
-63.800007
-63.796883
-63.793758
-63.806259
-63.815632
-63.796883
-63.796883
-63.790634
-63.796883
-63.803135
-63.821884
-63.809383
-63.800007
-63.796883
-63.78751
-63.806259
-63.790634
-63.796883
-63.809383
-63.784382
-63.78751
-63.778133
-63.75626
-63.75626
-63.771885
-63.75626
-63.775009
-63.768757
-63.746883
-63.781258
-63.778133
-63.793758
-63.796883
-63.812508
-63.821884
-63.834385
-63.825008
-63.796883
-63.815632
-63.796883
-63.800007
-63.81876
-63.796883
-63.796883
-63.803135
-63.78751
-63.790634
-63.803135
-63.778133
-63.775009
-63.821884
-63.809383
-63.834385
-63.831257
-63.815632
-63.812508
-63.812508
-63.815632
-63.806259
-63.796883
-63.790634
-63.812508
-63.793758
-63.793758
-63.809383
-63.809383
-63.812508
-63.831257
-63.815632
-63.812508
-63.834385
-63.815632
-63.803135
-63.806259
-63.78751
-63.78751
-63.796883
-63.78751
-63.793758
-63.784382
-63.78751
-63.806259
-63.831257
-63.800007
-63.815632
-63.793758
-63.784382
-63.781258
-63.784382
-63.803135
-63.831257
-63.793758
-63.793758
-63.803135
-63.809383
-63.81876
-63.81876
-63.803135
-63.806259
-63.834385
-63.831257
-63.843758
-63.821884
-63.828133
-63.825008
-63.825008
-63.825008
-63.834385
-63.821884
-63.81876
-63.831257
-63.840633
-63.828133
-63.840633
-63.843758
-63.81876
-63.828133
-63.834385
-63.831257
-63.81876
-63.806259
-63.812508
-63.81876
-63.800007
-63.790634
-63.796883
-63.796883
-63.803135
-63.846882
-63.834385
-63.850002
-63.85313
-63.831257
-63.828133
-63.81876
-63.784382
-63.800007
-63.796883
-63.809383
-63.806259
-63.809383
-63.821884
-63.828133
-63.806259
-63.809383
-63.81876
-63.796883
-63.796883
-63.81876
-63.806259
-63.806259
-63.809383
-63.809383
-63.81876
-63.821884
-63.821884
-63.812508
-63.81876
-63.796883
-63.815632
-63.815632
-63.809383
-63.809383
-63.806259
-63.815632
-63.834385
-63.81876
-63.796883
-63.825008
-63.796883
-63.806259
-63.834385
-63.812508
-63.828133
-63.843758
-63.843758
-63.81876
-63.821884
-63.803135
-63.803135
-63.796883
-63.803135
-63.803135
-63.806259
-63.815632
-63.821884
-63.815632
-63.81876
-63.843758
-63.828133
-63.821884
-63.846882
-63.831257
-63.834385
-63.828133
-63.809383
-63.806259
-63.821884
-63.803135
-63.806259
-63.806259
-63.796883
-63.78751
-63.809383
-63.796883
-63.796883
-63.796883
-63.796883
-63.81876
-63.803135
-63.784382
-63.793758
-63.803135
-63.78751
-63.803135
-63.78751
-63.796883
-63.803135
-63.812508
-63.825008
-63.846882
-63.834385
-63.831257
-63.840633
-63.812508
-63.81876
-63.815632
-63.796883
-63.793758
-63.81876
-63.809383
-63.821884
-63.809383
-63.790634
-63.796883
-63.793758
-63.790634
-63.793758
-63.806259
-63.800007
-63.809383
-63.796883
-63.790634
-63.796883
-63.781258
-63.771885
-63.771885
-63.759384
-63.759384
-63.784382
-63.771885
-63.759384
-63.75626
-63.746883
-63.768757
-63.796883
-63.765633
-63.790634
-63.796883
-63.778133
-63.806259
-63.806259
-63.796883
-63.800007
-63.796883
-63.784382
-63.793758
-63.78751
-63.765633
-63.771885
-63.759384
-63.768757
-63.768757
-63.775009
-63.75626
-63.775009
-63.78751
-63.781258
-63.775009
-63.771885
-63.790634
-63.800007
-63.796883
-63.796883
-63.800007
-63.796883
-63.78751
-63.790634
-63.781258
-63.790634
-63.775009
-63.765633
-63.781258
-63.765633
-63.765633
-63.75626
-63.746883
-63.775009
-63.793758
-63.78751
-63.796883
-63.793758
-63.793758
-63.812508
-63.815632
-63.784382
-63.781258
-63.78751
-63.771885
-63.771885
-63.771885
-63.765633
-63.784382
-63.796883
-63.765633
-63.796883
-63.784382
-63.765633
-63.784382
-63.759384
-63.771885
-63.784382
-63.746883
-63.750008
-63.768757
-63.753132
-63.768757
-63.778133
-63.781258
-63.768757
-63.778133
-63.743763
-63.759384
-63.768757
-63.765633
-63.778133
-63.784382
-63.762508
-63.784382
-63.753132
-63.746883
-63.768757
-63.75626
-63.753132
-63.753132
-63.737514
-63.746883
-63.762508
-63.771885
-63.768757
-63.796883
-63.796883
-63.790634
-63.796883
-63.768757
-63.778133
-63.781258
-63.75626
-63.746883
-63.759384
-63.759384
-63.75626
-63.753132
-63.740639
-63.746883
-63.765633
-63.781258
-63.790634
-63.790634
-63.784382
-63.796883
-63.78751
-63.781258
-63.75626
-63.759384
-63.743763
-63.759384
-63.759384
-63.737514
-63.762508
-63.740639
-63.75626
-63.768757
-63.759384
-63.778133
-63.796883
-63.800007
-63.793758
-63.796883
-63.768757
-63.775009
-63.768757
-63.765633
-63.771885
-63.759384
-63.734386
-63.743763
-63.737514
-63.728138
-63.740639
-63.734386
-63.728138
-63.737514
-63.740639
-63.768757
-63.781258
-63.765633
-63.765633
-63.765633
-63.768757
-63.771885
-63.750008
-63.746883
-63.759384
-63.746883
-63.740639
-63.746883
-63.765633
-63.759384
-63.765633
-63.759384
-63.771885
-63.768757
-63.762508
-63.762508
-63.778133
-63.759384
-63.753132
-63.753132
-63.746883
-63.759384
-63.768757
-63.762508
-63.746883
-63.753132
-63.746883
-63.759384
-63.759384
-63.731262
-63.731262
-63.734386
-63.718761
-63.718761
-63.721889
-63.721889
-63.750008
-63.743763
-63.746883
-63.771885
-63.781258
-63.778133
-63.793758
-63.781258
-63.771885
-63.778133
-63.768757
-63.775009
-63.796883
-63.768757
-63.768757
-63.771885
-63.746883
-63.75626
-63.765633
-63.746883
-63.75626
-63.753132
-63.746883
-63.746883
-63.746883
-63.731262
-63.746883
-63.746883
-63.740639
-63.740639
-63.700012
-63.706264
-63.706264
-63.715637
-63.706264
-63.718761
-63.718761
-63.709389
-63.721889
-63.715637
-63.734386
-63.731262
-63.703136
-63.715637
-63.740639
-63.715637
-63.734386
-63.715637
-63.706264
-63.721889
-63.700012
-63.696888
-63.731262
-63.737514
-63.746883
-63.759384
-63.759384
-63.740639
-63.746883
-63.721889
-63.721889
-63.734386
-63.731262
-63.737514
-63.740639
-63.746883
-63.750008
-63.746883
-63.746883
-63.762508
-63.743763
-63.734386
-63.743763
-63.740639
-63.743763
-63.746883
-63.750008
-63.746883
-63.778133
-63.75626
-63.753132
-63.759384
-63.753132
-63.753132
-63.750008
-63.728138
-63.712513
-63.715637
-63.706264
-63.725014
-63.721889
-63.728138
-63.740639
-63.762508
-63.765633
-63.753132
-63.750008
-63.746883
-63.753132
-63.743763
-63.746883
-63.750008
-63.753132
-63.765633
-63.781258
-63.765633
-63.759384
-63.746883
-63.715637
-63.715637
-63.731262
-63.734386
-63.750008
-63.753132
-63.753132
-63.746883
-63.781258
-63.762508
-63.759384
-63.746883
-63.753132
-63.759384
-63.762508
-63.737514
-63.734386
-63.737514
-63.715637
-63.734386
-63.746883
-63.750008
-63.762508
-63.746883
-63.746883
-63.762508
-63.743763
-63.746883
-63.746883
-63.731262
-63.728138
-63.734386
-63.715637
-63.734386
-63.734386
-63.743763
-63.746883
-63.753132
-63.759384
-63.759384
-63.768757
-63.746883
-63.743763
-63.746883
-63.731262
-63.746883
-63.746883
-63.725014
-63.712513
-63.721889
-63.703136
-63.712513
-63.712513
-63.706264
-63.721889
-63.712513
-63.715637
-63.715637
-63.696888
-63.721889
-63.721889
-63.706264
-63.715637
-63.728138
-63.728138
-63.725014
-63.746883
-63.737514
-63.740639
-63.746883
-63.740639
-63.75626
-63.740639
-63.737514
-63.762508
-63.750008
-63.743763
-63.759384
-63.762508
-63.746883
-63.750008
-63.743763
-63.734386
-63.740639
-63.725014
-63.734386
-63.740639
-63.743763
-63.746883
-63.743763
-63.725014
-63.737514
-63.740639
-63.728138
-63.740639
-63.709389
-63.706264
-63.721889
-63.703136
-63.712513
-63.721889
-63.712513
-63.731262
-63.737514
-63.706264
-63.706264
-63.721889
-63.696888
-63.696888
-63.718761
-63.703136
-63.696888
-63.693764
-63.703136
-63.740639
-63.746883
-63.721889
-63.743763
-63.746883
-63.715637
-63.725014
-63.700012
-63.706264
-63.725014
-63.740639
-63.740639
-63.746883
-63.731262
-63.709389
-63.725014
-63.728138
-63.721889
-63.743763
-63.718761
-63.718761
-63.718761
-63.700012
-63.703136
-63.706264
-63.690639
-63.728138
-63.734386
-63.750008
-63.75626
-63.765633
-63.753132
-63.746883
-63.746883
-63.728138
-63.750008
-63.734386
-63.709389
-63.712513
-63.715637
-63.715637
-63.721889
-63.703136
-63.706264
-63.706264
-63.693764
-63.696888
-63.696888
-63.696888
-63.696888
-63.715637
-63.709389
-63.715637
-63.712513
-63.709389
-63.709389
-63.718761
-63.718761
-63.731262
-63.715637
-63.696888
-63.709389
-63.709389
-63.696888
-63.703136
-63.696888
-63.703136
-63.712513
-63.684387
-63.675014
-63.693764
-63.671886
-63.681263
-63.696888
-63.690639
-63.684387
-63.690639
-63.678139
-63.693764
-63.703136
-63.690639
-63.696888
-63.681263
-63.687511
-63.690639
-63.690639
-63.684387
-63.696888
-63.696888
-63.696888
-63.737514
-63.721889
-63.712513
-63.715637
-63.693764
-63.687511
-63.696888
-63.671886
-63.687511
-63.696888
-63.671886
-63.662514
-63.671886
-63.671886
-63.678139
-63.671886
-63.662514
-63.684387
-63.703136
-63.687511
-63.690639
-63.681263
-63.671886
-63.687511
-63.668762
-63.678139
-63.684387
-63.690639
-63.693764
-63.718761
-63.715637
-63.709389
-63.715637
-63.690639
-63.687511
-63.703136
-63.703136
-63.693764
-63.690639
-63.687511
-63.690639
-63.696888
-63.696888
-63.696888
-63.709389
-63.687511
-63.681263
-63.678139
-63.675014
-63.696888
-63.684387
-63.668762
-63.668762
-63.681263
-63.681263
-63.696888
-63.703136
-63.690639
-63.696888
-63.690639
-63.709389
-63.696888
-63.693764
-63.718761
-63.703136
-63.684387
-63.712513
-63.715637
-63.706264
-63.731262
-63.721889
-63.718761
-63.740639
-63.728138
-63.721889
-63.731262
-63.715637
-63.706264
-63.706264
-63.703136
-63.693764
-63.696888
-63.700012
-63.696888
-63.696888
-63.690639
-63.703136
-63.709389
-63.696888
-63.721889
-63.706264
-63.696888
-63.715637
-63.715637
-63.700012
-63.731262
-63.746883
-63.759384
-63.765633
-63.740639
-63.734386
-63.743763
-63.753132
-63.740639
-63.759384
-63.737514
-63.731262
-63.734386
-63.718761
-63.715637
-63.706264
-63.703136
-63.696888
-63.734386
-63.740639
-63.765633
-63.750008
-63.740639
-63.762508
-63.753132
-63.737514
-63.746883
-63.746883
-63.721889
-63.740639
-63.725014
-63.731262
-63.746883
-63.728138
-63.715637
-63.721889
-63.715637
-63.725014
-63.740639
-63.721889
-63.728138
-63.746883
-63.740639
-63.768757
-63.762508
-63.746883
-63.746883
-63.753132
-63.737514
-63.734386
-63.743763
-63.712513
-63.725014
-63.715637
-63.731262
-63.715637
-63.731262
-63.734386
-63.734386
-63.715637
-63.718761
-63.718761
-63.712513
-63.734386
-63.746883
-63.743763
-63.746883
-63.746883
-63.753132
-63.734386
-63.737514
-63.721889
-63.718761
-63.725014
-63.703136
-63.721889
-63.737514
-63.725014
-63.721889
-63.703136
-63.703136
-63.709389
-63.706264
-63.712513
-63.706264
-63.709389
-63.693764
-63.709389
-63.706264
-63.709389
-63.721889
-63.721889
-63.709389
-63.687511
-63.681263
-63.690639
-63.696888
-63.687511
-63.690639
-63.696888
-63.700012
-63.718761
-63.743763
-63.734386
-63.740639
-63.709389
-63.715637
-63.731262
-63.734386
-63.737514
-63.737514
-63.721889
-63.706264
-63.737514
-63.734386
-63.728138
-63.731262
-63.706264
-63.709389
-63.721889
-63.709389
-63.721889
-63.712513
-63.715637
-63.740639
-63.746883
-63.734386
-63.743763
-63.740639
-63.746883
-63.750008
-63.746883
-63.737514
-63.746883
-63.734386
-63.737514
-63.746883
-63.737514
-63.728138
-63.740639
-63.734386
-63.746883
-63.737514
-63.715637
-63.728138
-63.750008
-63.728138
-63.746883
-63.750008
-63.734386
-63.740639
-63.750008
-63.740639
-63.778133
-63.775009
-63.784382
-63.809383
-63.784382
-63.771885
-63.775009
-63.759384
-63.768757
-63.78751
-63.768757
-63.750008
-63.746883
-63.753132
-63.734386
-63.743763
-63.725014
-63.731262
-63.746883
-63.731262
-63.75626
-63.775009
-63.778133
-63.778133
-63.796883
-63.778133
-63.790634
-63.78751
-63.78751
-63.793758
-63.784382
-63.75626
-63.771885
-63.740639
-63.746883
-63.771885
-63.759384
-63.762508
-63.771885
-63.746883
-63.75626
-63.759384
-63.762508
-63.750008
-63.781258
-63.753132
-63.790634
-63.775009
-63.753132
-63.771885
-63.778133
-63.768757
-63.778133
-63.775009
-63.759384
-63.775009
-63.784382
-63.778133
-63.78751
-63.781258
-63.765633
-63.796883
-63.78751
-63.784382
-63.784382
-63.759384
-63.743763
-63.759384
-63.768757
-63.768757
-63.784382
-63.759384
-63.771885
-63.775009
-63.775009
-63.765633
-63.762508
-63.762508
-63.781258
-63.784382
-63.784382
-63.778133
-63.771885
-63.762508
-63.778133
-63.775009
-63.775009
-63.784382
-63.771885
-63.765633
-63.740639
-63.746883
-63.759384
-63.778133
-63.759384
-63.762508
-63.771885
-63.765633
-63.765633
-63.771885
-63.765633
-63.784382
-63.781258
-63.771885
-63.790634
-63.778133
-63.746883
-63.759384
-63.768757
-63.762508
-63.768757
-63.753132
-63.759384
-63.746883
-63.743763
-63.746883
-63.759384
-63.743763
-63.737514
-63.743763
-63.743763
-63.737514
-63.746883
-63.731262
-63.740639
-63.753132
-63.737514
-63.753132
-63.737514
-63.721889
-63.721889
-63.734386
-63.731262
-63.750008
-63.746883
-63.743763
-63.759384
-63.75626
-63.762508
-63.768757
-63.768757
-63.762508
-63.75626
-63.731262
-63.721889
-63.737514
-63.725014
-63.746883
-63.746883
-63.737514
-63.759384
-63.778133
-63.753132
-63.75626
-63.75626
-63.753132
-63.746883
-63.750008
-63.743763
-63.75626
-63.737514
-63.725014
-63.740639
-63.709389
-63.715637
-63.737514
-63.725014
-63.718761
-63.746883
-63.746883
-63.746883
-63.765633
-63.746883
-63.759384
-63.781258
-63.775009
-63.775009
-63.781258
-63.759384
-63.771885
-63.762508
-63.765633
-63.771885
-63.784382
-63.790634
-63.796883
-63.784382
-63.784382
-63.778133
-63.781258
-63.790634
-63.775009
-63.759384
-63.762508
-63.746883
-63.768757
-63.778133
-63.781258
-63.775009
-63.784382
-63.778133
-63.75626
-63.759384
-63.762508
-63.746883
-63.778133
-63.75626
-63.753132
-63.790634
-63.781258
-63.746883
-63.768757
-63.775009
-63.775009
-63.790634
-63.781258
-63.790634
-63.806259
-63.78751
-63.796883
-63.809383
-63.81876
-63.821884
-63.821884
-63.793758
-63.796883
-63.809383
-63.821884
-63.828133
-63.834385
-63.809383
-63.821884
-63.796883
-63.784382
-63.790634
-63.778133
-63.784382
-63.796883
-63.778133
-63.784382
-63.796883
-63.803135
-63.803135
-63.796883
-63.796883
-63.784382
-63.778133
-63.784382
-63.796883
-63.809383
-63.796883
-63.796883
-63.78751
-63.781258
-63.796883
-63.81876
-63.803135
-63.846882
-63.837509
-63.809383
-63.812508
-63.793758
-63.775009
-63.790634
-63.771885
-63.771885
-63.778133
-63.790634
-63.78751
-63.796883
-63.784382
-63.781258
-63.812508
-63.803135
-63.815632
-63.815632
-63.796883
-63.790634
-63.796883
-63.796883
-63.796883
-63.812508
-63.800007
-63.821884
-63.821884
-63.81876
-63.803135
-63.796883
-63.809383
-63.809383
-63.790634
-63.796883
-63.821884
-63.809383
-63.796883
-63.796883
-63.775009
-63.796883
-63.790634
-63.806259
-63.806259
-63.806259
-63.793758
-63.806259
-63.796883
-63.790634
-63.828133
-63.821884
-63.809383
-63.834385
-63.815632
-63.821884
-63.843758
-63.828133
-63.812508
-63.828133
-63.834385
-63.825008
-63.834385
-63.834385
-63.840633
-63.840633
-63.821884
-63.812508
-63.828133
-63.815632
-63.81876
-63.821884
-63.803135
-63.821884
-63.812508
-63.803135
-63.809383
-63.815632
-63.831257
-63.834385
-63.828133
-63.828133
-63.85313
-63.846882
-63.837509
-63.840633
-63.828133
-63.825008
-63.834385
-63.821884
-63.81876
-63.809383
-63.815632
-63.828133
-63.834385
-63.821884
-63.821884
-63.81876
-63.784382
-63.81876
-63.812508
-63.803135
-63.815632
-63.815632
-63.81876
-63.828133
-63.840633
-63.81876
-63.831257
-63.812508
-63.809383
-63.812508
-63.796883
-63.803135
-63.809383
-63.793758
-63.803135
-63.796883
-63.781258
-63.790634
-63.790634
-63.806259
-63.831257
-63.812508
-63.821884
-63.859379
-63.846882
-63.834385
-63.846882
-63.828133
-63.828133
-63.837509
-63.806259
-63.81876
-63.843758
-63.834385
-63.812508
-63.81876
-63.81876
-63.815632
-63.803135
-63.809383
-63.796883
-63.809383
-63.81876
-63.806259
-63.837509
-63.834385
-63.843758
-63.81876
-63.81876
-63.828133
-63.828133
-63.806259
-63.825008
-63.825008
-63.821884
-63.825008
-63.821884
-63.815632
-63.834385
-63.81876
-63.796883
-63.81876
-63.815632
-63.828133
-63.828133
-63.809383
-63.796883
-63.821884
-63.803135
-63.809383
-63.828133
-63.812508
-63.809383
-63.809383
-63.784382
-63.796883
-63.815632
-63.815632
-63.831257
-63.809383
-63.790634
-63.809383
-63.803135
-63.821884
-63.81876
-63.806259
-63.796883
-63.81876
-63.821884
-63.806259
-63.831257
-63.825008
-63.846882
-63.850002
-63.837509
-63.834385
-63.825008
-63.809383
-63.812508
-63.831257
-63.815632
-63.840633
-63.834385
-63.828133
-63.840633
-63.834385
-63.828133
-63.837509
-63.846882
-63.840633
-63.846882
-63.840633
-63.843758
-63.840633
-63.825008
-63.821884
-63.825008
-63.821884
-63.815632
-63.81876
-63.828133
-63.828133
-63.831257
-63.821884
-63.837509
-63.850002
-63.840633
-63.840633
-63.846882
-63.81876
-63.815632
-63.831257
-63.809383
-63.828133
-63.81876
-63.803135
-63.809383
-63.800007
-63.806259
-63.821884
-63.806259
-63.78751
-63.796883
-63.796883
-63.800007
-63.812508
-63.812508
-63.843758
-63.834385
-63.837509
-63.828133
-63.825008
-63.821884
-63.846882
-63.825008
-63.831257
-63.825008
-63.815632
-63.834385
-63.843758
-63.828133
-63.831257
-63.828133
-63.812508
-63.815632
-63.828133
-63.840633
-63.843758
-63.834385
-63.831257
-63.809383
-63.821884
-63.812508
-63.825008
-63.843758
-63.825008
-63.828133
-63.831257
-63.806259
-63.815632
-63.821884
-63.806259
-63.825008
-63.825008
-63.815632
-63.821884
-63.815632
-63.803135
-63.812508
-63.796883
-63.778133
-63.803135
-63.793758
-63.790634
-63.793758
-63.778133
-63.775009
-63.803135
-63.809383
-63.828133
-63.812508
-63.796883
-63.806259
-63.790634
-63.781258
-63.784382
-63.778133
-63.765633
-63.765633
-63.771885
-63.771885
-63.784382
-63.778133
-63.765633
-63.78751
-63.765633
-63.762508
-63.781258
-63.771885
-63.790634
-63.793758
-63.796883
-63.806259
-63.809383
-63.815632
-63.806259
-63.806259
-63.790634
-63.768757
-63.775009
-63.778133
-63.809383
-63.803135
-63.790634
-63.809383
-63.793758
-63.790634
-63.815632
-63.806259
-63.796883
-63.796883
-63.781258
-63.781258
-63.784382
-63.775009
-63.771885
-63.793758
-63.775009
-63.78751
-63.809383
-63.812508
-63.815632
-63.796883
-63.806259
-63.821884
-63.812508
-63.809383
-63.796883
-63.796883
-63.812508
-63.800007
-63.809383
-63.803135
-63.81876
-63.803135
-63.796883
-63.796883
-63.790634
-63.796883
-63.809383
-63.784382
-63.803135
-63.793758
-63.796883
-63.796883
-63.803135
-63.806259
-63.800007
-63.806259
-63.806259
-63.793758
-63.803135
-63.781258
-63.796883
-63.821884
-63.796883
-63.803135
-63.809383
-63.796883
-63.806259
-63.806259
-63.806259
-63.81876
-63.806259
-63.812508
-63.828133
-63.815632
-63.81876
-63.828133
-63.821884
-63.81876
-63.815632
-63.815632
-63.840633
-63.821884
-63.81876
-63.815632
-63.828133
-63.825008
-63.821884
-63.821884
-63.831257
-63.846882
-63.840633
-63.821884
-63.831257
-63.834385
-63.821884
-63.828133
-63.806259
-63.815632
-63.81876
-63.834385
-63.812508
-63.809383
-63.825008
-63.809383
-63.815632
-63.771885
-63.784382
-63.796883
-63.78751
-63.803135
-63.809383
-63.809383
-63.821884
-63.812508
-63.809383
-63.806259
-63.765633
-63.771885
-63.796883
-63.796883
-63.784382
-63.793758
-63.78751
-63.784382
-63.790634
-63.793758
-63.81876
-63.812508
-63.831257
-63.815632
-63.815632
-63.790634
-63.793758
-63.81876
-63.81876
-63.846882
-63.837509
-63.825008
-63.846882
-63.812508
-63.796883
-63.784382
-63.790634
-63.803135
-63.821884
-63.821884
-63.806259
-63.809383
-63.806259
-63.815632
-63.831257
-63.828133
-63.815632
-63.828133
-63.796883
-63.796883
-63.793758
-63.771885
-63.778133
-63.778133
-63.771885
-63.796883
-63.796883
-63.784382
-63.796883
-63.784382
-63.796883
-63.815632
-63.78751
-63.784382
-63.771885
-63.768757
-63.75626
-63.762508
-63.762508
-63.784382
-63.790634
-63.790634
-63.784382
-63.812508
-63.796883
-63.809383
-63.803135
-63.778133
-63.771885
-63.765633
-63.746883
-63.759384
-63.746883
-63.740639
-63.759384
-63.765633
-63.765633
-63.778133
-63.771885
-63.778133
-63.78751
-63.765633
-63.768757
-63.784382
-63.78751
-63.790634
-63.800007
-63.765633
-63.759384
-63.759384
-63.746883
-63.75626
-63.768757
-63.775009
-63.790634
-63.806259
-63.793758
-63.803135
-63.806259
-63.809383
-63.812508
-63.803135
-63.809383
-63.825008
-63.821884
-63.821884
-63.831257
-63.821884
-63.840633
-63.856255
-63.821884
-63.821884
-63.821884
-63.812508
-63.809383
-63.796883
-63.781258
-63.771885
-63.759384
-63.746883
-63.762508
-63.771885
-63.778133
-63.790634
-63.78751
-63.775009
-63.793758
-63.793758
-63.768757
-63.778133
-63.775009
-63.762508
-63.793758
-63.778133
-63.781258
-63.784382
-63.790634
-63.790634
-63.796883
-63.793758
-63.775009
-63.765633
-63.765633
-63.75626
-63.765633
-63.746883
-63.750008
-63.750008
-63.734386
-63.746883
-63.746883
-63.746883
-63.75626
-63.746883
-63.759384
-63.775009
-63.765633
-63.762508
-63.771885
-63.759384
-63.765633
-63.765633
-63.746883
-63.737514
-63.734386
-63.718761
-63.725014
-63.715637
-63.718761
-63.725014
-63.746883
-63.743763
-63.765633
-63.768757
-63.753132
-63.771885
-63.762508
-63.762508
-63.771885
-63.759384
-63.750008
-63.762508
-63.743763
-63.737514
-63.746883
-63.746883
-63.746883
-63.768757
-63.762508
-63.784382
-63.771885
-63.759384
-63.768757
-63.759384
-63.734386
-63.759384
-63.762508
-63.759384
-63.778133
-63.771885
-63.759384
-63.75626
-63.771885
-63.762508
-63.775009
-63.778133
-63.765633
-63.784382
-63.768757
-63.778133
-63.778133
-63.759384
-63.778133
-63.778133
-63.765633
-63.778133
-63.78751
-63.75626
-63.762508
-63.746883
-63.765633
-63.771885
-63.768757
-63.771885
-63.781258
-63.781258
-63.781258
-63.781258
-63.778133
-63.765633
-63.765633
-63.771885
-63.743763
-63.753132
-63.743763
-63.743763
-63.750008
-63.734386
-63.753132
-63.759384
-63.734386
-63.740639
-63.750008
-63.759384
-63.765633
-63.775009
-63.768757
-63.765633
-63.771885
-63.768757
-63.759384
-63.746883
-63.746883
-63.750008
-63.743763
-63.721889
-63.746883
-63.740639
-63.75626
-63.771885
-63.768757
-63.781258
-63.778133
-63.759384
-63.746883
-63.737514
-63.734386
-63.75626
-63.768757
-63.775009
-63.765633
-63.762508
-63.746883
-63.759384
-63.768757
-63.75626
-63.759384
-63.750008
-63.746883
-63.771885
-63.762508
-63.75626
-63.768757
-63.759384
-63.746883
-63.746883
-63.737514
-63.740639
-63.746883
-63.75626
-63.753132
-63.771885
-63.765633
-63.75626
-63.759384
-63.731262
-63.753132
-63.765633
-63.746883
-63.759384
-63.775009
-63.746883
-63.768757
-63.759384
-63.746883
-63.768757
-63.75626
-63.75626
-63.775009
-63.768757
-63.768757
-63.790634
-63.781258
-63.775009
-63.778133
-63.778133
-63.762508
-63.750008
-63.734386
-63.731262
-63.731262
-63.753132
-63.746883
-63.750008
-63.762508
-63.796883
-63.784382
-63.765633
-63.768757
-63.781258
-63.784382
-63.775009
-63.762508
-63.765633
-63.759384
-63.771885
-63.768757
-63.771885
-63.771885
-63.75626
-63.784382
-63.78751
-63.775009
-63.778133
-63.790634
-63.78751
-63.781258
-63.765633
-63.796883
-63.793758
-63.762508
-63.771885
-63.781258
-63.771885
-63.803135
-63.796883
-63.796883
-63.793758
-63.806259
-63.784382
-63.771885
-63.765633
-63.781258
-63.790634
-63.762508
-63.768757
-63.768757
-63.771885
-63.784382
-63.809383
-63.796883
-63.806259
-63.793758
-63.790634
-63.784382
-63.803135
-63.790634
-63.815632
-63.81876
-63.793758
-63.800007
-63.809383
-63.784382
-63.800007
-63.806259
-63.793758
-63.821884
-63.796883
-63.784382
-63.800007
-63.778133
-63.771885
-63.771885
-63.768757
-63.796883
-63.796883
-63.778133
-63.78751
-63.759384
-63.740639
-63.753132
-63.759384
-63.784382
-63.796883
-63.778133
-63.771885
-63.778133
-63.768757
-63.762508
-63.759384
-63.75626
-63.768757
-63.759384
-63.759384
-63.746883
-63.765633
-63.746883
-63.771885
-63.784382
-63.781258
-63.796883
-63.806259
-63.793758
-63.778133
-63.778133
-63.759384
-63.765633
-63.771885
-63.765633
-63.765633
-63.765633
-63.746883
-63.778133
-63.768757
-63.765633
-63.778133
-63.778133
-63.793758
-63.800007
-63.784382
-63.75626
-63.759384
-63.771885
-63.765633
-63.768757
-63.746883
-63.753132
-63.775009
-63.784382
-63.793758
-63.790634
-63.778133
-63.796883
-63.812508
-63.796883
-63.809383
-63.828133
-63.815632
-63.834385
-63.815632
-63.796883
-63.809383
-63.815632
-63.784382
-63.796883
-63.765633
-63.784382
-63.771885
-63.781258
-63.775009
-63.793758
-63.784382
-63.78751
-63.784382
-63.784382
-63.796883
-63.806259
-63.796883
-63.806259
-63.806259
-63.803135
-63.803135
-63.781258
-63.793758
-63.821884
-63.812508
-63.806259
-63.815632
-63.803135
-63.806259
-63.821884
-63.803135
-63.809383
-63.815632
-63.803135
-63.781258
-63.793758
-63.781258
-63.775009
-63.762508
-63.759384
-63.775009
-63.771885
-63.768757
-63.796883
-63.790634
-63.781258
-63.806259
-63.800007
-63.803135
-63.81876
-63.796883
-63.793758
-63.790634
-63.78751
-63.781258
-63.790634
-63.759384
-63.759384
-63.753132
-63.737514
-63.746883
-63.753132
-63.775009
-63.78751
-63.796883
-63.796883
-63.821884
-63.815632
-63.809383
-63.812508
-63.812508
-63.781258
-63.78751
-63.784382
-63.784382
-63.793758
-63.796883
-63.784382
-63.78751
-63.78751
-63.815632
-63.815632
-63.790634
-63.765633
-63.771885
-63.778133
-63.771885
-63.765633
-63.778133
-63.775009
-63.781258
-63.753132
-63.759384
-63.75626
-63.743763
-63.765633
-63.768757
-63.731262
-63.746883
-63.753132
-63.746883
-63.759384
-63.746883
-63.740639
-63.759384
-63.765633
-63.75626
-63.771885
-63.750008
-63.746883
-63.765633
-63.771885
-63.771885
-63.762508
-63.734386
-63.740639
-63.75626
-63.746883
-63.768757
-63.775009
-63.768757
-63.768757
-63.759384
-63.75626
-63.768757
-63.775009
-63.765633
-63.778133
-63.765633
-63.768757
-63.790634
-63.781258
-63.790634
-63.78751
-63.753132
-63.746883
-63.771885
-63.734386
-63.746883
-63.75626
-63.746883
-63.740639
-63.746883
-63.740639
-63.728138
-63.725014
-63.703136
-63.721889
-63.725014
-63.718761
-63.743763
-63.740639
-63.750008
-63.765633
-63.771885
-63.768757
-63.771885
-63.759384
-63.765633
-63.781258
-63.762508
-63.759384
-63.768757
-63.753132
-63.759384
-63.784382
-63.775009
-63.771885
-63.784382
-63.768757
-63.771885
-63.778133
-63.759384
-63.759384
-63.78751
-63.781258
-63.790634
-63.771885
-63.753132
-63.775009
-63.793758
-63.775009
-63.781258
-63.781258
-63.78751
-63.775009
-63.759384
-63.759384
-63.759384
-63.771885
-63.762508
-63.759384
-63.753132
-63.771885
-63.762508
-63.740639
-63.746883
-63.759384
-63.775009
-63.784382
-63.790634
-63.768757
-63.762508
-63.75626
-63.768757
-63.768757
-63.768757
-63.740639
-63.746883
-63.746883
-63.740639
-63.737514
-63.740639
-63.75626
-63.746883
-63.746883
-63.753132
-63.75626
-63.743763
-63.721889
-63.753132
-63.743763
-63.762508
-63.759384
-63.746883
-63.753132
-63.746883
-63.746883
-63.765633
-63.746883
-63.740639
-63.750008
-63.734386
-63.740639
-63.740639
-63.737514
-63.737514
-63.743763
-63.725014
-63.740639
-63.750008
-63.746883
-63.743763
-63.75626
-63.746883
-63.75626
-63.759384
-63.740639
-63.759384
-63.734386
-63.731262
-63.746883
-63.759384
-63.743763
-63.753132
-63.746883
-63.734386
-63.762508
-63.746883
-63.768757
-63.771885
-63.759384
-63.753132
-63.75626
-63.746883
-63.737514
-63.746883
-63.740639
-63.743763
-63.746883
-63.746883
-63.75626
-63.771885
-63.75626
-63.765633
-63.768757
-63.762508
-63.759384
-63.746883
-63.743763
-63.746883
-63.743763
-63.740639
-63.734386
-63.740639
-63.734386
-63.75626
-63.728138
-63.728138
-63.743763
-63.746883
-63.740639
-63.737514
-63.740639
-63.750008
-63.765633
-63.740639
-63.731262
-63.728138
-63.734386
-63.740639
-63.731262
-63.725014
-63.728138
-63.709389
-63.696888
-63.712513
-63.725014
-63.718761
-63.731262
-63.718761
-63.734386
-63.740639
-63.734386
-63.721889
-63.740639
-63.725014
-63.740639
-63.737514
-63.731262
-63.746883
-63.743763
-63.734386
-63.743763
-63.753132
-63.746883
-63.734386
-63.731262
-63.721889
-63.728138
-63.731262
-63.696888
-63.725014
-63.718761
-63.721889
-63.718761
-63.696888
-63.693764
-63.709389
-63.715637
-63.725014
-63.734386
-63.725014
-63.731262
-63.746883
-63.743763
-63.721889
-63.731262
-63.718761
-63.740639
-63.746883
-63.725014
-63.746883
-63.750008
-63.75626
-63.762508
-63.762508
-63.750008
-63.737514
-63.746883
-63.734386
-63.753132
-63.746883
-63.740639
-63.746883
-63.740639
-63.750008
-63.753132
-63.768757
-63.753132
-63.737514
-63.718761
-63.725014
-63.746883
-63.743763
-63.737514
-63.743763
-63.712513
-63.718761
-63.728138
-63.718761
-63.721889
-63.725014
-63.709389
-63.731262
-63.731262
-63.737514
-63.75626
-63.753132
-63.746883
-63.75626
-63.75626
-63.759384
-63.759384
-63.731262
-63.740639
-63.715637
-63.728138
-63.715637
-63.737514
-63.712513
-63.734386
-63.746883
-63.740639
-63.750008
-63.746883
-63.740639
-63.746883
-63.709389
-63.721889
-63.721889
-63.696888
-63.721889
-63.743763
-63.728138
-63.721889
-63.715637
-63.684387
-63.696888
-63.706264
-63.696888
-63.696888
-63.725014
-63.703136
-63.706264
-63.715637
-63.725014
-63.715637
-63.721889
-63.731262
-63.740639
-63.731262
-63.718761
-63.753132
-63.718761
-63.709389
-63.721889
-63.721889
-63.712513
-63.743763
-63.728138
-63.725014
-63.737514
-63.731262
-63.737514
-63.743763
-63.734386
-63.696888
-63.709389
-63.693764
-63.703136
-63.703136
-63.718761
-63.728138
-63.746883
-63.718761
-63.721889
-63.728138
-63.731262
-63.734386
-63.743763
-63.746883
-63.734386
-63.715637
-63.700012
-63.718761
-63.718761
-63.709389
-63.709389
-63.706264
-63.715637
-63.709389
-63.706264
-63.725014
-63.728138
-63.721889
-63.721889
-63.734386
-63.718761
-63.712513
-63.709389
-63.696888
-63.703136
-63.700012
-63.681263
-63.703136
-63.675014
-63.678139
-63.690639
-63.681263
-63.684387
-63.706264
-63.693764
-63.690639
-63.703136
-63.703136
-63.709389
-63.725014
-63.696888
-63.690639
-63.684387
-63.675014
-63.671886
-63.675014
-63.696888
-63.700012
-63.696888
-63.681263
-63.696888
-63.703136
-63.690639
-63.700012
-63.712513
-63.706264
-63.715637
-63.721889
-63.709389
-63.731262
-63.725014
-63.709389
-63.712513
-63.687511
-63.687511
-63.684387
-63.653137
-63.646893
-63.668762
-63.662514
-63.690639
-63.668762
-63.650013
-63.671886
-63.668762
-63.665638
-63.696888
-63.696888
-63.696888
-63.703136
-63.696888
-63.690639
-63.700012
-63.696888
-63.684387
-63.684387
-63.650013
-63.653137
-63.659389
-63.628143
-63.634392
-63.646893
-63.63752
-63.646893
-63.646893
-63.640644
-63.643768
-63.63752
-63.643768
-63.646893
-63.634392
-63.628143
-63.643768
-63.646893
-63.640644
-63.650013
-63.640644
-63.615643
-63.618767
-63.621895
-63.628143
-63.646893
-63.634392
-63.631268
-63.640644
-63.631268
-63.621895
-63.628143
-63.596893
-63.612518
-63.631268
-63.609394
-63.621895
-63.621895
-63.621895
-63.612518
-63.603142
-63.609394
-63.621895
-63.60627
-63.612518
-63.63752
-63.615643
-63.603142
-63.631268
-63.621895
-63.631268
-63.631268
-63.625019
-63.628143
-63.631268
-63.621895
-63.621895
-63.609394
-63.587517
-63.590645
-63.596893
-63.584393
-63.609394
-63.628143
-63.612518
-63.634392
-63.60627
-63.609394
-63.618767
-63.609394
-63.603142
-63.612518
-63.596893
-63.593769
-63.596893
-63.593769
-63.587517
-63.584393
-63.581268
-63.568768
-63.596893
-63.584393
-63.596893
-63.625019
-63.612518
-63.596893
-63.609394
-63.581268
-63.596893
-63.60627
-63.621895
-63.634392
-63.643768
-63.603142
-63.631268
-63.60627
-63.609394
-63.643768
-63.634392
-63.609394
-63.625019
-63.628143
-63.615643
-63.621895
-63.621895
-63.618767
-63.621895
-63.609394
-63.625019
-63.625019
-63.618767
-63.609394
-63.609394
-63.593769
-63.621895
-63.625019
-63.618767
-63.628143
-63.634392
-63.615643
-63.615643
-63.596893
-63.593769
-63.615643
-63.596893
-63.609394
-63.628143
-63.621895
-63.634392
-63.640644
-63.631268
-63.60627
-63.63752
-63.615643
-63.621895
-63.643768
-63.634392
-63.646893
-63.650013
-63.621895
-63.628143
-63.63752
-63.628143
-63.646893
-63.665638
-63.643768
-63.671886
-63.646893
-63.640644
-63.653137
-63.653137
-63.63752
-63.643768
-63.646893
-63.628143
-63.643768
-63.596893
-63.618767
-63.612518
-63.593769
-63.587517
-63.618767
-63.621895
-63.618767
-63.60627
-63.596893
-63.615643
-63.609394
-63.593769
-63.60627
-63.60627
-63.615643
-63.628143
-63.634392
-63.628143
-63.609394
-63.596893
-63.603142
-63.615643
-63.596893
-63.60627
-63.609394
-63.612518
-63.618767
-63.631268
-63.596893
-63.618767
-63.634392
-63.621895
-63.634392
-63.634392
-63.609394
-63.612518
-63.60627
-63.57502
-63.596893
-63.596893
-63.596893
-63.603142
-63.593769
-63.590645
-63.593769
-63.587517
-63.584393
-63.596893
-63.590645
-63.590645
-63.596893
-63.57502
-63.596893
-63.596893
-63.578144
-63.587517
-63.584393
-63.596893
-63.643768
-63.650013
-63.634392
-63.643768
-63.640644
-63.628143
-63.628143
-63.628143
-63.628143
-63.63752
-63.646893
-63.640644
-63.631268
-63.612518
-63.603142
-63.615643
-63.590645
-63.596893
-63.618767
-63.618767
-63.596893
-63.609394
-63.584393
-63.596893
-63.596893
-63.596893
-63.596893
-63.612518
-63.590645
-63.596893
-63.60627
-63.621895
-63.618767
-63.612518
-63.593769
-63.571892
-63.57502
-63.584393
-63.593769
-63.581268
-63.578144
-63.603142
-63.568768
-63.590645
-63.612518
-63.603142
-63.615643
-63.603142
-63.593769
-63.57502
-63.57502
-63.546894
-63.57502
-63.590645
-63.593769
-63.590645
-63.593769
-63.612518
-63.628143
-63.612518
-63.612518
-63.625019
-63.640644
-63.621895
-63.618767
-63.621895
-63.618767
-63.628143
-63.596893
-63.615643
-63.634392
-63.618767
-63.60627
-63.628143
-63.612518
-63.618767
-63.625019
-63.628143
-63.646893
-63.646893
-63.646893
-63.656261
-63.668762
-63.640644
-63.631268
-63.634392
-63.615643
-63.631268
-63.646893
-63.640644
-63.643768
-63.643768
-63.640644
-63.671886
-63.653137
-63.653137
-63.63752
-63.618767
-63.612518
-63.625019
-63.593769
-63.596893
-63.584393
-63.590645
-63.603142
-63.60627
-63.60627
-63.621895
-63.621895
-63.634392
-63.631268
-63.628143
-63.640644
-63.63752
-63.625019
-63.60627
-63.625019
-63.625019
-63.603142
-63.596893
-63.581268
-63.596893
-63.60627
-63.590645
-63.590645
-63.590645
-63.587517
-63.618767
-63.603142
-63.603142
-63.60627
-63.593769
-63.590645
-63.593769
-63.60627
-63.593769
-63.590645
-63.584393
-63.559395
-63.565643
-63.590645
-63.581268
-63.593769
-63.593769
-63.584393
-63.609394
-63.593769
-63.593769
-63.596893
-63.568768
-63.565643
-63.565643
-63.57502
-63.584393
-63.593769
-63.57502
-63.60627
-63.590645
-63.568768
-63.593769
-63.621895
-63.596893
-63.609394
-63.628143
-63.612518
-63.628143
-63.621895
-63.615643
-63.618767
-63.596893
-63.581268
-63.603142
-63.590645
-63.596893
-63.600018
-63.571892
-63.568768
-63.596893
-63.596893
-63.587517
-63.60627
-63.603142
-63.628143
-63.625019
-63.60627
-63.612518
-63.609394
-63.60627
-63.618767
-63.603142
-63.60627
-63.631268
-63.612518
-63.618767
-63.63752
-63.631268
-63.625019
-63.628143
-63.612518
-63.612518
-63.615643
-63.596893
-63.590645
-63.609394
-63.593769
-63.596893
-63.625019
-63.615643
-63.618767
-63.615643
-63.615643
-63.643768
-63.631268
-63.621895
-63.618767
-63.628143
-63.621895
-63.628143
-63.596893
-63.596893
-63.60627
-63.603142
-63.596893
-63.615643
-63.609394
-63.590645
-63.590645
-63.571892
-63.584393
-63.578144
-63.562519
-63.571892
-63.596893
-63.593769
-63.596893
-63.593769
-63.596893
-63.590645
-63.603142
-63.596893
-63.596893
-63.600018
-63.593769
-63.612518
-63.609394
-63.600018
-63.60627
-63.618767
-63.596893
-63.587517
-63.565643
-63.568768
-63.581268
-63.565643
-63.562519
-63.581268
-63.546894
-63.550018
-63.559395
-63.565643
-63.578144
-63.581268
-63.578144
-63.584393
-63.584393
-63.596893
-63.596893
-63.612518
-63.590645
-63.590645
-63.587517
-63.587517
-63.578144
-63.571892
-63.571892
-63.550018
-63.556267
-63.562519
-63.562519
-63.550018
-63.540649
-63.550018
-63.553143
-63.571892
-63.559395
-63.546894
-63.556267
-63.559395
-63.540649
-63.550018
-63.540649
-63.537521
-63.546894
-63.553143
-63.540649
-63.565643
-63.546894
-63.546894
-63.559395
-63.546894
-63.540649
-63.553143
-63.540649
-63.559395
-63.546894
-63.546894
-63.550018
-63.559395
-63.565643
-63.562519
-63.571892
-63.546894
-63.534397
-63.553143
-63.556267
-63.57502
-63.571892
-63.559395
-63.562519
-63.565643
-63.546894
-63.543774
-63.531273
-63.528149
-63.521896
-63.534397
-63.546894
-63.546894
-63.543774
-63.537521
-63.540649
-63.537521
-63.528149
-63.531273
-63.540649
-63.531273
-63.534397
-63.546894
-63.543774
-63.559395
-63.546894
-63.543774
-63.534397
-63.546894
-63.550018
-63.540649
-63.537521
-63.556267
-63.537521
-63.534397
-63.534397
-63.528149
-63.531273
-63.528149
-63.518772
-63.540649
-63.543774
-63.531273
-63.531273
-63.556267
-63.546894
-63.553143
-63.546894
-63.546894
-63.556267
-63.531273
-63.534397
-63.543774
-63.546894
-63.546894
-63.550018
-63.546894
-63.559395
-63.556267
-63.546894
-63.559395
-63.568768
-63.556267
-63.571892
-63.600018
-63.587517
-63.590645
-63.578144
-63.587517
-63.590645
-63.571892
-63.565643
-63.578144
-63.596893
-63.584393
-63.625019
-63.612518
-63.628143
-63.609394
-63.615643
-63.584393
-63.60627
-63.596893
-63.593769
-63.587517
-63.571892
-63.562519
-63.556267
-63.546894
-63.550018
-63.581268
-63.565643
-63.571892
-63.565643
-63.553143
-63.571892
-63.578144
-63.562519
-63.578144
-63.556267
-63.578144
-63.593769
-63.612518
-63.60627
-63.612518
-63.615643
-63.596893
-63.621895
-63.618767
-63.609394
-63.621895
-63.60627
-63.584393
-63.603142
-63.596893
-63.596893
-63.587517
-63.571892
-63.587517
-63.581268
-63.568768
-63.571892
-63.587517
-63.568768
-63.587517
-63.590645
-63.596893
-63.609394
-63.60627
-63.612518
-63.618767
-63.612518
-63.615643
-63.628143
-63.612518
-63.596893
-63.60627
-63.609394
-63.615643
-63.596893
-63.565643
-63.578144
-63.587517
-63.568768
-63.571892
-63.587517
-63.57502
-63.60627
-63.612518
-63.596893
-63.596893
-63.609394
-63.596893
-63.587517
-63.590645
-63.596893
-63.596893
-63.603142
-63.596893
-63.596893
-63.578144
-63.590645
-63.596893
-63.581268
-63.590645
-63.593769
-63.60627
-63.609394
-63.60627
-63.596893
-63.587517
-63.596893
-63.596893
-63.612518
-63.621895
-63.621895
-63.646893
-63.646893
-63.628143
-63.63752
-63.60627
-63.60627
-63.618767
-63.615643
-63.621895
-63.634392
-63.631268
-63.628143
-63.618767
-63.612518
-63.612518
-63.615643
-63.615643
-63.609394
-63.60627
-63.590645
-63.609394
-63.609394
-63.612518
-63.618767
-63.609394
-63.584393
-63.593769
-63.596893
-63.590645
-63.603142
-63.590645
-63.584393
-63.593769
-63.593769
-63.584393
-63.584393
-63.578144
-63.578144
-63.578144
-63.559395
-63.57502
-63.590645
-63.596893
-63.612518
-63.609394
-63.584393
-63.57502
-63.590645
-63.596893
-63.584393
-63.603142
-63.578144
-63.587517
-63.596893
-63.584393
-63.571892
-63.568768
-63.556267
-63.571892
-63.57502
-63.596893
-63.612518
-63.596893
-63.587517
-63.57502
-63.578144
-63.571892
-63.571892
-63.546894
-63.546894
-63.562519
-63.546894
-63.546894
-63.559395
-63.531273
-63.521896
-63.534397
-63.525024
-63.528149
-63.531273
-63.521896
-63.537521
-63.540649
-63.525024
-63.543774
-63.543774
-63.537521
-63.546894
-63.540649
-63.556267
-63.559395
-63.559395
-63.571892
-63.568768
-63.559395
-63.565643
-63.57502
-63.546894
-63.546894
-63.528149
-63.521896
-63.543774
-63.534397
-63.540649
-63.537521
-63.531273
-63.528149
-63.556267
-63.553143
-63.546894
-63.57502
-63.559395
-63.543774
-63.543774
-63.550018
-63.559395
-63.559395
-63.540649
-63.565643
-63.57502
-63.57502
-63.578144
-63.593769
-63.568768
-63.581268
-63.593769
-63.568768
-63.596893
-63.596893
-63.593769
-63.584393
-63.593769
-63.60627
-63.621895
-63.621895
-63.596893
-63.596893
-63.581268
-63.57502
-63.578144
-63.568768
-63.593769
-63.584393
-63.550018
-63.593769
-63.590645
-63.587517
-63.596893
-63.596893
-63.596893
-63.609394
-63.60627
-63.584393
-63.596893
-63.562519
-63.550018
-63.571892
-63.553143
-63.546894
-63.562519
-63.559395
-63.553143
-63.571892
-63.565643
-63.568768
-63.584393
-63.559395
-63.571892
-63.618767
-63.596893
-63.581268
-63.60627
-63.596893
-63.600018
-63.603142
-63.615643
-63.634392
-63.628143
-63.615643
-63.621895
-63.612518
-63.581268
-63.603142
-63.603142
-63.596893
-63.600018
-63.596893
-63.587517
-63.609394
-63.60627
-63.596893
-63.603142
-63.587517
-63.571892
-63.578144
-63.546894
-63.578144
-63.584393
-63.559395
-63.571892
-63.593769
-63.571892
-63.57502
-63.587517
-63.571892
-63.57502
-63.584393
-63.57502
-63.584393
-63.571892
-63.593769
-63.57502
-63.568768
-63.668762
-63.843758
-63.878128
-63.828133
-63.728138
-63.584393
-63.446903
-63.318783
-63.184414
-63.046921
-62.946922
-62.840683
-62.759434
-62.659435
-62.553192
-62.484447
-62.381329
-62.296955
-62.212585
-62.146961
-62.059467
-62.031345
-61.962597
-61.896976
-61.853226
-61.787605
-61.715736
-61.678234
-61.612617
-61.55949
-61.512619
-61.447002
-61.4095
-61.365749
-61.309505
-61.272007
-61.243885
-61.184509
-61.140766
-61.109516
-61.062641
-61.04702
-60.98452
-60.928276
-60.893902
-60.8564
-60.818905
-60.793903
-60.740784
-60.697033
-60.678284
-60.62204
-60.553291
-60.53767
-60.487671
-60.450169
-60.397049
-60.34705
-60.315804
-60.272053
-60.237682
-60.181435
-60.134563
-60.090813
-60.059563
-60.009567
-59.959568
-59.940823
-59.897076
-59.84708
-59.822079
-59.772079
-59.743958
-59.700207
-59.647087
-59.618965
-59.584587
-59.534592
-59.497093
-59.459595
-59.4221
-59.387722
-59.3596
-59.306477
-59.268978
-59.247108
-59.187733
-59.162731
-59.14399
-59.106487
-59.084614
-59.037743
-58.984619
-58.953369
-58.900249
-58.853374
-58.847126
-58.812752
-58.765877
-58.737759
-58.684631
-58.640888
-58.609638
-58.562763
-58.544018
-58.519016
-58.462769
-58.415897
-58.384647
-58.319027
-58.284653
-58.24403
-58.190907
-58.159657
-58.131538
-58.100288
-58.084663
-58.047165
-58.012791
-57.984665
-57.959667
-57.906548
-57.88467
-57.869045
-57.837803
-57.809677
-57.769051
-57.715931
-57.690933
-57.659683
-57.603436
-57.587811
-57.544067
-57.509689
-57.494064
-57.447197
-57.415947
-57.39407
-57.347195
-57.3097
-57.265949
-57.222206
-57.184708
-57.147205
-57.112835
-57.081585
-57.053459
-57.01284
-56.997215
-56.95034
-56.91597
-56.897221
-56.859722
-56.797226
-56.7691
-56.740982
-56.697231
-56.662857
-56.603485
-56.569111
-56.537865
-56.484741
-56.447247
-56.422245
-56.362869
-56.334751
-56.297249
-56.234756
-56.209755
-56.19413
-56.131634
-56.10976
-56.06601
-56.01289
-55.956638
-55.947266
-55.900394
-55.894146
-55.850395
-55.809772
-55.806648
-55.772274
-55.741028
-55.712906
-55.656654
-55.63166
-55.594158
-55.547283
-55.516037
-55.484787
-55.425419
-55.397293
-55.362919
-55.3223
-55.319172
-55.297298
-55.250423
-55.22543
-55.16293
-55.097309
-55.069183
-55.028564
-54.984814
-54.978561
-54.947311
-54.922318
-54.89732
-54.853569
-54.822323
-54.784824
-54.747322
-54.712952
-54.706703
-54.650452
-54.622334
-54.562958
-54.497337
-54.466087
-54.428593
-54.397343
-54.356716
-54.316097
-54.272346
-54.259846
-54.244228
-54.203602
-54.191101
-54.150478
-54.097359
-54.078606
-54.056732
-54.031738
-54.003613
-53.953613
-53.928616
-53.897366
-53.856743
-53.837997
-53.778622
-53.728626
-53.675503
-53.644257
-53.597382
-53.566132
-53.51926
-53.491135
-53.450512
-53.406765
-53.350517
-53.300522
-53.284897
-53.247402
-53.253647
-53.244278
-53.206776
-53.188026
-53.163025
-53.128654
-53.066154
-53.006786
-52.947411
-52.922417
-52.866165
-52.831795
-52.806797
-52.769295
-52.756794
-52.725552
-52.70055
-52.6693
-52.653675
-52.622429
-52.597431
-52.556805
-52.497437
-52.453686
-52.400566
-52.353691
-52.322445
-52.297443
-52.266193
-52.244324
-52.172451
-52.141205
-52.097454
-52.050579
-51.975586
-51.931839
-51.859966
-51.813095
-51.750595
-51.697475
-51.644356
-51.597481
-51.51936
-51.459984
-51.406864
-51.30687
-51.259995
-51.166248
-51.035007
-50.897514
-50.656898
-49.703823
-46.019627
-39.098091
-27.576777
-10.383868
6.8934131
20.767736
30.735998
37.329426
41.07299
42.560417
42.354179
40.888626
38.451248
35.376396
31.885942
28.123627
24.245691
20.211514
16.152336
12.024412
7.8027439
3.5123284
-0.78121185
-5.0872517
-9.3776674
-13.636833
-17.896
-22.045797
-26.064352
-29.814169
-33.195251
-36.232605
-38.935596
-41.247986
-43.24789
-44.938431
-46.357109
-47.553925
-48.547626
-49.369461
-50.103802
-50.697525
-51.166248
-51.569355
-51.891216
-52.128704
-52.350567
-52.522434
-52.663052
-52.781796
-52.878666
-52.947411
-52.99741
-53.019287
-53.041161
-53.053658
-53.044285
-53.038036
-53.022411
-53.003662
-53.000534
-52.978661
-52.94429
-52.897415
-52.859917
-52.800545
-52.750546
-52.697426
-52.64743
-52.597431
-52.538059
-52.478683
-52.425564
-52.344318
-52.27557
-52.22245
-52.153702
-52.116203
-52.072456
-52.016209
-51.956833
-51.934963
-51.897465
-51.853714
-51.809971
-51.756844
-51.716225
-51.68185
-51.634979
-51.58498
-51.550606
-51.459984
-51.406864
-51.378738
-51.313118
-51.253742
-51.197498
-51.163124
-51.122505
-51.066254
-51.016258
-50.997509
-50.941265
-50.903763
-50.885014
-50.847519
-50.806892
-50.778767
-50.722523
-50.672523
-50.64753
-50.610027
-50.572529
-50.560028
-50.522533
-50.510033
-50.525658
-50.503784
-50.475658
-50.447536
-50.397537
-50.369411
-50.341293
-50.294418
-50.294418
-50.263168
-50.247547
-50.247547
-50.222549
-50.169422
-50.153797
-50.116302
-50.091301
-50.072552
-50.047558
-50.041309
-50.038181
-50.022556
-50.013184
-50.010059
-49.997559
-49.997559
-49.953808
-49.910061
-49.900688
-49.891312
-49.856937
-49.850689
-49.841316
-49.819443
-49.822567
-49.794441
-49.788193
-49.772568
-49.756943
-49.756943
-49.756943
-49.75069
-49.744446
-49.753819
-49.741322
-49.691322
-49.697571
-49.688198
-49.697571
-49.710072
-49.694447
-49.697571
-49.691322
-49.675697
-49.669449
-49.653824
-49.647575
-49.644451
-49.619453
-49.610077
-49.619453
-49.610077
-49.588203
-49.575703
-49.550701
-49.535084
-49.541332
-49.541332
-49.535084
-49.528831
-49.497581
-49.485081
-49.453831
-49.41946
-49.397587
-49.385086
-49.35696
-49.360088
-49.369461
-49.341343
-49.353836
-49.32259
-49.297592
-49.297592
-49.297592
-49.281967
-49.266342
-49.247597
-49.247597
-49.247597
-49.216347
-49.194473
-49.191345
-49.197598
-49.169472
-49.147598
-49.119476
-49.100727
-49.094475
-49.072601
-49.075726
-49.066353
-49.047607
-49.006981
-48.94136
-48.888237
-48.853863
-48.806992
-48.731995
-48.681995
-48.597626
-48.466381
-48.338264
-48.113274
-47.435184
-44.82906
-39.888676
-32.826519
-22.11142
-7.4027634
7.3246422
19.417801
28.342365
34.335823
37.898148
39.566818
39.760559
38.838726
37.113811
34.835796
32.195301
29.348566
26.470583
23.595722
20.789608
18.045994
15.424247
12.89312
10.44949
8.1246033
5.8559642
3.6248229
1.4718031
-0.64996827
-2.7498658
-4.7872663
-6.862165
-8.9745617
-11.136955
-13.349348
-15.63986
-17.949123
-20.27401
-22.633268
-24.926907
-27.173672
-29.339191
-31.348469
-33.229626
-34.932667
-36.457596
-37.838776
-39.088715
-40.18866
-41.204239
-42.094818
-42.847908
-43.547871
-44.166592
-44.710316
-45.222794
-45.647774
-46.029003
-46.375858
-46.669594
-46.947704
-47.175819
-47.353935
-47.544556
-47.710171
-47.872662
-48.013279
-48.141399
-48.222645
-48.316391
-48.397636
-48.444511
-48.50388
-48.582001
-48.632
-48.663246
-48.741371
-48.778866
-48.838242
-48.881985
-48.922611
-48.981983
-49.003857
-49.047607
-49.066353
-49.125725
-49.147598
-49.188221
-49.216347
-49.235096
-49.253841
-49.253841
-49.275715
-49.310093
-49.32259
-49.347588
-49.363213
-49.360088
-49.381962
-49.397587
-49.41946
-49.428837
-49.416336
-49.416336
-49.456959
-49.456959
-49.475708
-49.506958
-49.497581
-49.497581
-49.535084
-49.535084
-49.566326
-49.581951
-49.581951
-49.597576
-49.622578
-49.588203
-49.616325
-49.613201
-49.597576
-49.616325
-49.641327
-49.647575
-49.660072
-49.697571
-49.700699
-49.703823
-49.697571
-49.691322
-49.697571
-49.681946
-49.672573
-49.688198
-49.688198
-49.697571
-49.716324
-49.731949
-49.747566
-49.753819
-49.75069
-49.744446
-49.744446
-49.722572
-49.728821
-49.716324
-49.719448
-49.722572
-49.722572
-49.694447
-49.713196
-49.728821
-49.738197
-49.75069
-49.78194
-49.785069
-49.816319
-49.810066
-49.810066
-49.831944
-49.850689
-49.866314
-49.894436
-49.913189
-49.922562
-49.944439
-49.966309
-49.981934
-50.003807
-49.997559
-50.031933
-50.041309
-50.047558
-50.047558
-50.056927
-50.016308
-50.044434
-50.031933
-50.038181
-50.066303
-50.053802
-50.047558
-50.047558
-50.053802
-50.066303
-50.094429
-50.094429
-50.103802
-50.135052
-50.135052
-50.147549
-50.147549
-50.150673
-50.144428
-50.138176
-50.147549
-50.160049
-50.181923
-50.175674
-50.188171
-50.210049
-50.210049
-50.219421
-50.219421
-50.216297
-50.213173
-50.213173
-50.197548
-50.216297
-50.206924
-50.197548
-50.203796
-50.213173
-50.241299
-50.244423
-50.241299
-50.244423
-50.247547
-50.225674
-50.231922
-50.250668
-50.241299
-50.247547
-50.260044
-50.266293
-50.297543
-50.313168
-50.328793
-50.325668
-50.338169
-50.341293
-50.353786
-50.356915
-50.37254
-50.385036
-50.391289
-50.381912
-50.397537
-50.397537
-50.397537
-50.431911
-50.43504
-50.425663
-50.450657
-50.450657
-50.447536
-50.438164
-50.441288
-50.444412
-50.447536
-50.441288
-50.422539
-50.428787
-50.422539
-50.438164
-50.456909
-50.438164
-50.466282
-50.472534
-50.481907
-50.513157
-50.497532
-50.497532
-50.510033
-50.497532
-50.506908
-50.485035
-50.491283
-50.506908
-50.513157
-50.503784
-50.522533
-50.528782
-50.497532
-50.497532
-50.510033
-50.497532
-50.506908
-50.485035
-50.444412
-50.410038
-50.397537
-50.388165
-50.381912
-50.356915
-50.347538
-50.328793
-50.297543
-50.319416
-50.322544
-50.344418
-50.353786
-50.360039
-50.378788
-50.388165
-50.378788
-50.37254
-50.37254
-50.347538
-50.331917
-50.335041
-50.335041
-50.322544
-50.319416
-50.297543
-50.278793
-50.278793
-50.281918
-50.253792
-50.253792
-50.260044
-50.260044
-50.281918
-50.269417
-50.244423
-50.260044
-50.253792
-50.272541
-50.269417
-50.253792
-50.253792
-50.263168
-50.247547
-50.256916
-50.247547
-50.266293
-50.288166
-50.260044
-50.263168
-50.294418
-50.291294
-50.272541
-50.281918
-50.256916
-50.244423
-50.247547
-50.238174
-50.200672
-50.188171
-50.175674
-50.147549
-50.147549
-50.113178
-50.106926
-50.113178
-50.097553
-50.106926
-50.113178
-50.097553
-50.097553
-50.091301
-50.056927
-50.047558
-50.028809
-50.035057
-50.053802
-50.053802
-50.019432
-50.022556
-50.006931
-50.016308
-50.010059
-49.997559
-49.981934
-49.981934
-49.978809
-49.985058
-49.972557
-49.950684
-49.941311
-49.922562
-49.897564
-49.888187
-49.863186
-49.838192
-49.822567
-49.831944
-49.797565
-49.769444
-49.756943
-49.744446
-49.725697
-49.722572
-49.710072
-49.747566
-49.760067
-49.760067
-49.738197
-49.713196
-49.678822
-49.688198
-49.647575
-49.63195
-49.597576
-49.563202
-49.538208
-49.535084
-49.513206
-49.497581
-49.494457
-49.460083
-49.460083
-49.435085
-49.366337
-49.347588
-49.32259
-49.269466
-49.266342
-49.23822
-49.213223
-49.216347
-49.172596
-49.163223
-49.166348
-49.153847
-49.150723
-49.178848
-49.160095
-49.172596
-49.188221
-49.156971
-49.147598
-49.144478
-49.156971
-49.194473
-49.210098
-49.17572
-49.197598
-49.172596
-49.160095
-49.14135
-49.144478
-49.116352
-49.1101
-49.066353
-49.047607
-49.031982
-49.028858
-49.028858
-49.028858
-48.981983
-48.935112
-48.931988
-48.872612
-48.84449
-48.828865
-48.797615
-48.797615
-48.778866
-48.772617
-48.763241
-48.760117
-48.71637
-48.706997
-48.681995
-48.68512
-48.691372
-48.72887
-48.725746
-48.731995
-48.735123
-48.722622
-48.744495
-48.722622
-48.719498
-48.703873
-48.69762
-48.635124
-48.610126
-48.547626
-48.47263
-48.416386
-48.322639
-48.275764
-48.219521
-48.147644
-48.072651
-47.985157
-47.863285
-47.735168
-47.494556
-46.632099
-43.710365
-38.457497
-30.651628
-18.255358
-2.6686196
11.727552
23.017626
31.135979
36.476341
39.573067
40.923
40.926125
39.929298
38.210632
35.960743
33.351498
30.554758
27.66115
24.755041
21.948927
19.211561
16.596064
14.096187
11.671305
9.3026705
7.0684042
4.9122601
2.8467357
0.79996091
-1.2343147
-3.2529662
-5.2497435
-7.2808948
-9.2964211
-11.361945
-13.493091
-15.692983
-17.92725
-20.186514
-22.398905
-24.576923
-26.698696
-28.698599
-30.60788
-32.382793
-34.01709
-35.507641
-36.885696
-38.107513
-39.226208
-40.223038
-41.110493
-41.929203
-42.644794
-43.30101
-43.86348
-44.344711
-44.79781
-45.200916
-45.547771
-45.882133
-46.175869
-46.425858
-46.647724
-46.86021
-47.03833
-47.194569
-47.360184
-47.482056
-47.610176
-47.732044
-47.828915
-47.947655
-48.02578
-48.097649
-48.172646
-48.257015
-48.288265
-48.344517
-48.400761
-48.435135
-48.491383
-48.513256
-48.560127
-48.597626
-48.625751
-48.65387
-48.694496
-48.72887
-48.763241
-48.81324
-48.856987
-48.86636
-48.89761
-48.92886
-48.966358
-49.010105
-48.99448
-49.016357
-49.047607
-49.053852
-49.100727
-49.125725
-49.160095
-49.194473
-49.20697
-49.23822
-49.266342
-49.285091
-49.294468
-49.325718
-49.347588
-49.347588
-49.385086
-49.397587
-49.400711
-49.444462
-49.460083
-49.469456
-49.488209
-49.478832
-49.494457
-49.516331
-49.510082
-49.535084
-49.566326
-49.581951
-49.628826
-49.635078
-49.625702
-49.647575
-49.666321
-49.678822
-49.691322
-49.688198
-49.675697
-49.703823
-49.735073
-49.772568
-49.810066
-49.822567
-49.860062
-49.891312
-49.897564
-49.906937
-49.897564
-49.894436
-49.897564
-49.922562
-49.910061
-49.966309
-49.985058
-49.997559
-50.006931
-49.994434
-49.991306
-49.988182
-49.985058
-50.006931
-50.022556
-50.041309
-50.056927
-50.091301
-50.097553
-50.119427
-50.160049
-50.178799
-50.191299
-50.238174
-50.216297
-50.247547
-50.256916
-50.260044
-50.272541
-50.297543
-50.294418
-50.316292
-50.335041
-50.335041
-50.347538
-50.385036
-50.347538
-50.388165
-50.378788
-50.391289
-50.410038
-50.422539
-50.43504
-50.438164
-50.425663
-50.425663
-50.422539
-50.397537
-50.385036
-50.397537
-50.406914
-50.410038
-50.460033
-50.481907
-50.497532
-50.519409
-50.506908
-50.522533
-50.519409
-50.522533
-50.547527
-50.556904
-50.544407
-50.575653
-50.600655
-50.606903
-50.64753
-50.672523
-50.669399
-50.697525
-50.700649
-50.703773
-50.722523
-50.710022
-50.722523
-50.722523
-50.71315
-50.697525
-50.697525
-50.71315
-50.722523
-50.731899
-50.741272
-50.747517
-50.775642
-50.772518
-50.769394
-50.763142
-50.750645
-50.772518
-50.778767
-50.772518
-50.803768
-50.79752
-50.79752
-50.825642
-50.82877
-50.86314
-50.860012
-50.853764
-50.866264
-50.89439
-50.897514
-50.910015
-50.935013
-50.94751
-50.963135
-50.981884
-50.991261
-50.997509
-50.988132
-50.997509
-51.013134
-50.997509
-50.972507
-50.991261
-50.991261
-50.994385
-51.01001
-51.013134
-51.04126
-51.047508
-51.04126
-51.035007
-51.04126
-51.038136
-51.019382
-51.031883
-51.019382
-51.028759
-51.022511
-51.028759
-51.038136
-51.028759
-50.997509
-51.01001
-51.006886
-50.997509
-50.997509
-50.991261
-50.988132
-50.997509
-51.006886
-51.025635
-51.047508
-51.047508
-51.047508
-51.060005
-51.069378
-51.063129
-51.078754
-51.078754
-51.078754
-51.091255
-51.094379
-51.097504
-51.113129
-51.110004
-51.116253
-51.128754
-51.094379
-51.091255
-51.088127
-51.053753
-51.050629
-51.044384
-51.025635
-51.047508
-51.028759
-51.016258
-51.04126
-51.04126
-51.035007
-51.047508
-51.053753
-51.063129
-51.078754
-51.078754
-51.060005
-51.085003
-51.072502
-51.069378
-51.088127
-51.066254
-51.063129
-51.066254
-51.060005
-51.063129
-51.07563
-51.056877
-51.088127
-51.097504
-51.091255
-51.078754
-51.047508
-51.060005
-51.088127
-51.088127
-51.060005
-51.07563
-51.072502
-51.053753
-51.04126
-51.044384
-51.04126
-51.038136
-50.997509
-51.019382
-51.028759
-51.028759
-51.016258
-51.028759
-51.013134
-51.035007
-51.047508
-51.035007
-51.053753
-51.050629
-51.047508
-51.072502
-51.04126
-51.016258
-50.994385
-50.963135
-50.956882
-50.950634
-50.922512
-50.922512
-50.900639
-50.86314
-50.875637
-50.885014
-50.885014
-50.897514
-50.885014
-50.847519
-50.819393
-50.810017
-50.79752
-50.813145
-50.79752
-50.753769
-50.735023
-50.703773
-50.685024
-50.6819
-50.660023
-50.638153
-50.610027
-50.575653
-50.55378
-50.556904
-50.544407
-50.53191
-50.535034
-50.528782
-50.560028
-50.563152
-50.556904
-50.556904
-50.547527
-50.541283
-50.547527
-50.525658
-50.494408
-50.497532
-50.494408
-50.494408
-50.506908
-50.506908
-50.506908
-50.491283
-50.491283
-50.46941
-50.478783
-50.456909
-50.453785
-50.453785
-50.438164
-50.456909
-50.450657
-50.444412
-50.444412
-50.447536
-50.444412
-50.438164
-50.410038
-50.391289
-50.416286
-50.397537
-50.388165
-50.416286
-50.425663
-50.416286
-50.422539
-50.422539
-50.391289
-50.413162
-50.43504
-50.410038
-50.43504
-50.428787
-50.422539
-50.391289
-50.385036
-50.385036
-50.369411
-50.347538
-50.328793
-50.322544
-50.297543
-50.291294
-50.266293
-50.225674
-50.203796
-50.185047
-50.160049
-50.178799
-50.169422
-50.147549
-50.172546
-50.163174
-50.172546
-50.197548
-50.178799
-50.178799
-50.191299
-50.153797
-50.135052
-50.125679
-50.110054
-50.110054
-50.147549
-50.119427
-50.119427
-50.128803
-50.135052
-50.135052
-50.147549
-50.103802
-50.097553
-50.072552
-50.038181
-50.010059
-49.997559
-49.985058
-49.972557
-49.935062
-49.897564
-49.888187
-49.872562
-49.856937
-49.872562
-49.881939
-49.888187
-49.922562
-49.925686
-49.956932
-49.963184
-49.956932
-49.947559
-49.938187
-49.916313
-49.897564
-49.881939
-49.831944
-49.835068
-49.828815
-49.797565
-49.788193
-49.778816
-49.75069
-49.735073
-49.719448
-49.685074
-49.656948
-49.622578
-49.613201
-49.578827
-49.547577
-49.550701
-49.560078
-49.547577
-49.547577
-49.547577
-49.516331
-49.497581
-49.478832
-49.453831
-49.456959
-49.431961
-49.397587
-49.375713
-49.378838
-49.363213
-49.381962
-49.369461
-49.35696
-49.341343
-49.297592
-49.29134
-49.285091
-49.253841
-49.23822
-49.210098
-49.147598
-49.1101
-49.094475
-49.047607
-49.022606
-49.016357
-48.972607
-48.960106
-48.956982
-48.935112
-48.89761
-48.881985
-48.860111
-48.875736
-48.885113
-48.869488
-48.856987
-48.863235
-48.872612
-48.860111
-48.841366
-48.794491
-48.756992
-48.71637
-48.694496
-48.68512
-48.66637
-48.647625
-48.622627
-48.566376
-48.525757
-48.507008
-48.463257
-48.435135
-48.444511
-48.428886
-48.425762
-48.422634
-48.407009
-48.407009
-48.397636
-48.363262
-48.35701
-48.360134
-48.338264
-48.325764
-48.328892
-48.307014
-48.316391
-48.316391
-48.322639
-48.353886
-48.363262
-48.353886
-48.347637
-48.35701
-48.366386
-48.397636
-48.394512
-48.432011
-48.438259
-48.425762
-48.428886
-48.425762
-48.38826
-48.407009
-48.394512
-48.347637
-48.316391
-48.322639
-48.313267
-48.285141
-48.235146
-48.185146
-48.147644
-48.097649
-48.044529
-48.035156
-48.016407
-47.982029
-47.96328
-47.94141
-47.947655
-47.932034
-47.925785
-47.913284
-47.903912
-47.84454
-47.81329
-47.769539
-47.710171
-47.663296
-47.6133
-47.560173
-47.544556
-47.469555
-47.407059
-47.378933
-47.322689
-47.269566
-47.197693
-47.097698
-47.016453
-46.913334
-46.797714
-46.647724
-46.347733
-45.210293
-41.941704
-36.448219
-28.126749
-15.133636
0.12499389
13.780577
24.355061
31.839069
36.695084
39.432449
40.52927
40.341778
39.169964
37.348175
35.079536
32.470291
29.689175
26.864313
24.033199
21.258337
18.520969
15.880474
13.339972
10.880719
8.4995852
6.2059469
3.9029346
1.6499194
-0.55622286
-2.7623651
-4.9841313
-7.2277722
-9.5120354
-11.811924
-14.12431
-16.486694
-18.852203
-21.211464
-23.548849
-25.829987
-28.020508
-30.092279
-32.057808
-33.851471
-35.482639
-36.963821
-38.282505
-39.473072
-40.501148
-41.404228
-42.21669
-42.932278
-43.579121
-44.147842
-44.622822
-45.047802
-45.444656
-45.779011
-46.066498
-46.341488
-46.569599
-46.788338
-47.000828
-47.147694
-47.294563
-47.428936
-47.557049
-47.703918
-47.816414
-47.888287
-47.985157
-48.06015
-48.132027
-48.228897
-48.310139
-48.366386
-48.435135
-48.488255
-48.550751
-48.591377
-48.625751
-48.656998
-48.703873
-48.72887
-48.769489
-48.81324
-48.841366
-48.89761
-48.916363
-48.931988
-48.953857
-48.969482
-48.988232
-49.031982
-49.047607
-49.066353
-49.106976
-49.131977
-49.147598
-49.181973
-49.181973
-49.231972
-49.26009
-49.278843
-49.29134
-49.297592
-49.313217
-49.347588
-49.363213
-49.363213
-49.35696
-49.372585
-49.422588
-49.444462
-49.456959
-49.475708
-49.475708
-49.488209
-49.472584
-49.485081
-49.497581
-49.516331
-49.541332
-49.563202
-49.56945
-49.597576
-49.578827
-49.597576
-49.644451
-49.666321
-49.691322
-49.719448
-49.710072
-49.747566
-49.772568
-49.78194
-49.785069
-49.791317
-49.788193
-49.835068
-49.828815
-49.816319
-49.863186
-49.897564
-49.910061
-49.947559
-49.947559
-49.947559
-49.966309
-49.966309
-49.953808
-49.960056
-49.944439
-49.956932
-49.988182
-49.956932
-49.956932
-49.966309
-49.972557
-49.997559
-49.994434
-49.985058
-50.010059
-50.035057
-50.041309
-50.053802
-50.066303
-50.078804
-50.110054
-50.097553
-50.110054
-50.147549
-50.175674
-50.185047
-50.210049
-50.197548
-50.206924
-50.203796
-50.210049
-50.228798
-50.269417
-50.253792
-50.269417
-50.303791
-50.303791
-50.297543
-50.313168
-50.297543
-50.322544
-50.322544
-50.322544
-50.341293
-50.353786
-50.360039
-50.360039
-50.375664
-50.369411
-50.397537
-50.397537
-50.428787
-50.444412
-50.444412
-50.453785
-50.456909
-50.463158
-50.497532
-50.494408
-50.475658
-50.463158
-50.472534
-50.447536
-50.447536
-50.444412
-50.438164
-50.447536
-50.438164
-50.431911
-50.438164
-50.481907
-50.485035
-50.491283
-50.497532
-50.497532
-50.510033
-50.519409
-50.519409
-50.547527
-50.528782
-50.544407
-50.55378
-50.547527
-50.547527
-50.550652
-50.535034
-50.541283
-50.550652
-50.556904
-50.560028
-50.569405
-50.556904
-50.572529
-50.556904
-50.528782
-50.535034
-50.522533
-50.516285
-50.497532
-50.506908
-50.485035
-50.497532
-50.494408
-50.494408
-50.506908
-50.528782
-50.538158
-50.560028
-50.578777
-50.588154
-50.600655
-50.622528
-50.631905
-50.644402
-50.631905
-50.631905
-50.635029
-50.622528
-50.64753
-50.641277
-50.622528
-50.641277
-50.631905
-50.603779
-50.628777
-50.622528
-50.606903
-50.622528
-50.64753
-50.641277
-50.641277
-50.622528
-50.622528
-50.638153
-50.625652
-50.653774
-50.64753
-50.669399
-50.688148
-50.694397
-50.678772
-50.691273
-50.697525
-50.691273
-50.694397
-50.697525
-50.694397
-50.719398
-50.728775
-50.735023
-50.735023
-50.722523
-50.725647
-50.756893
-50.747517
-50.747517
-50.753769
-50.7444
-50.747517
-50.741272
-50.731899
-50.735023
-50.735023
-50.728775
-50.735023
-50.716274
-50.71315
-50.725647
-50.716274
-50.703773
-50.741272
-50.747517
-50.747517
-50.716274
-50.697525
-50.700649
-50.710022
-50.706898
-50.700649
-50.691273
-50.65065
-50.638153
-50.64753
-50.64753
-50.64753
-50.64753
-50.64753
-50.638153
-50.613152
-50.591278
-50.578777
-50.55378
-50.522533
-50.516285
-50.510033
-50.488159
-50.488159
-50.456909
-50.456909
-50.441288
-50.425663
-50.431911
-50.460033
-50.466282
-50.491283
-50.516285
-50.488159
-50.497532
-50.488159
-50.472534
-50.488159
-50.481907
-50.46941
-50.447536
-50.456909
-50.422539
-50.397537
-50.413162
-50.375664
-50.378788
-50.341293
-50.328793
-50.319416
-50.316292
-50.303791
-50.316292
-50.310043
-50.322544
-50.328793
-50.325668
-50.316292
-50.310043
-50.303791
-50.303791
-50.313168
-50.294418
-50.297543
-50.275669
-50.238174
-50.225674
-50.191299
-50.175674
-50.181923
-50.185047
-50.178799
-50.191299
-50.178799
-50.150673
-50.160049
-50.147549
-50.144428
-50.178799
-50.175674
-50.163174
-50.175674
-50.147549
-50.138176
-50.147549
-50.131927
-50.135052
-50.153797
-50.156921
-50.178799
-50.185047
-50.169422
-50.160049
-50.160049
-50.144428
-50.147549
-50.150673
-50.147549
-50.110054
-50.078804
-50.069427
-50.075676
-50.081928
-50.094429
-50.091301
-50.072552
-50.056927
-50.060051
-50.050678
-50.041309
-50.031933
-50.019432
-50.028809
-50.016308
-50.010059
-50.003807
-50.016308
-50.013184
-50.044434
-50.041309
-50.010059
-49.997559
-50.016308
-50.006931
-49.997559
-49.978809
-49.963184
-49.978809
-49.960056
-49.969433
-49.991306
-49.966309
-49.960056
-49.963184
-49.944439
-49.928814
-49.897564
-49.872562
-49.860062
-49.841316
-49.822567
-49.810066
-49.785069
-49.75069
-49.722572
-49.744446
-49.741322
-49.747566
-49.735073
-49.725697
-49.725697
-49.744446
-49.728821
-49.741322
-49.738197
-49.747566
-49.747566
-49.747566
-49.747566
-49.756943
-49.772568
-49.775692
-49.769444
-49.744446
-49.744446
-49.725697
-49.697571
-49.697571
-49.700699
-49.700699
-49.697571
-49.669449
-49.644451
-49.647575
-49.656948
-49.622578
-49.588203
-49.547577
-49.513206
-49.506958
-49.491333
-49.497581
-49.516331
-49.516331
-49.503834
-49.469456
-49.460083
-49.435085
-49.422588
-49.413212
-49.391338
-49.425713
-49.397587
-49.410088
-49.397587
-49.353836
-49.347588
-49.310093
-49.278843
-49.26009
-49.247597
-49.228848
-49.244473
-49.210098
-49.197598
-49.191345
-49.147598
-49.122601
-49.125725
-49.100727
-49.097603
-49.113228
-49.097603
-49.116352
-49.135101
-49.119476
-49.094475
-49.053852
-49.028858
-49.010105
-48.988232
-48.960106
-48.89761
-48.86636
-48.816364
-48.797615
-48.810116
-48.788242
-48.794491
-48.825741
-48.816364
-48.810116
-48.797615
-48.785114
-48.806992
-48.81324
-48.806992
-48.816364
-48.797615
-48.797615
-48.810116
-48.797615
-48.791367
-48.78199
-48.760117
-48.722622
-48.688248
-48.628876
-48.585125
-48.547626
-48.478882
-48.425762
-48.382011
-48.33514
-48.307014
-48.269516
-48.197647
-48.185146
-48.144524
-48.097649
-48.053902
-48.016407
-47.966404
-47.903912
-47.803913
-47.694546
-47.547676
-47.322689
-46.869583
-45.166542
-41.222988
-35.295151
-26.486206
-13.258728
1.5874225
14.568038
24.55505
31.545334
36.03574
38.482494
39.354328
39.044968
37.857525
36.023243
33.7421
31.170353
28.464235
25.723745
22.964504
20.24901
17.671011
15.130511
12.674381
10.265123
7.902739
5.612226
3.4029589
1.2249402
-0.91870511
-3.0123529
-5.0810018
-7.1652751
-9.2995453
-11.511938
-13.730579
-15.949221
-18.20536
-20.455252
-22.72389
-24.95503
-27.073677
-29.089203
-30.998486
-32.748402
-34.360821
-35.838875
-37.138809
-38.310631
-39.376202
-40.323032
-41.179237
-41.944828
-42.604168
-43.191639
-43.735367
-44.188465
-44.610321
-44.982178
-45.297787
-45.579021
-45.835262
-46.044628
-46.260239
-46.438358
-46.575848
-46.747715
-46.869583
-47.003956
-47.141449
-47.247696
-47.347683
-47.450806
-47.525806
-47.597675
-47.682045
-47.741421
-47.835163
-47.897659
-47.947655
-47.997654
-48.06015
-48.088276
-48.153896
-48.203896
-48.263264
-48.341389
-48.397636
-48.432011
-48.478882
-48.513256
-48.541382
-48.591377
-48.619499
-48.628876
-48.660122
-48.675747
-48.69762
-48.72887
-48.738247
-48.769489
-48.797615
-48.835117
-48.856987
-48.87886
-48.89761
-48.922611
-48.953857
-48.947605
-48.985107
-49.02573
-49.041355
-49.047607
-49.075726
-49.103851
-49.144478
-49.169472
-49.178848
-49.191345
-49.197598
-49.228848
-49.253841
-49.285091
-49.29134
-49.319466
-49.344467
-49.347588
-49.372585
-49.378838
-49.372585
-49.385086
-49.391338
-49.428837
-49.444462
-49.475708
-49.500706
-49.531956
-49.535084
-49.572578
-49.606953
-49.597576
-49.638203
-49.656948
-49.666321
-49.691322
-49.691322
-49.697571
-49.713196
-49.700699
-49.710072
-49.719448
-49.728821
-49.731949
-49.741322
-49.744446
-49.756943
-49.756943
-49.772568
-49.806942
-49.831944
-49.810066
-49.841316
-49.872562
-49.875687
-49.900688
-49.916313
-49.897564
-49.919437
-49.928814
-49.935062
-49.953808
-49.950684
-49.950684
-49.956932
-49.947559
-49.950684
-49.985058
-49.994434
-50.006931
-50.010059
-50.022556
-50.038181
-50.066303
-50.072552
-50.078804
-50.097553
-50.116302
-50.147549
-50.169422
-50.172546
-50.191299
-50.194424
-50.185047
-50.197548
-50.188171
-50.175674
-50.206924
-50.178799
-50.178799
-50.191299
-50.191299
-50.188171
-50.210049
-50.181923
-50.181923
-50.194424
-50.191299
-50.191299
-50.197548
-50.197548
-50.210049
-50.206924
-50.216297
-50.241299
-50.272541
-50.269417
-50.272541
-50.266293
-50.275669
-50.297543
-50.288166
-50.272541
-50.288166
-50.272541
-50.266293
-50.275669
-50.272541
-50.278793
-50.269417
-50.266293
-50.272541
-50.250668
-50.247547
-50.247547
-50.247547
-50.238174
-50.231922
-50.250668
-50.250668
-50.250668
-50.263168
-50.247547
-50.275669
-50.253792
-50.250668
-50.244423
-50.238174
-50.260044
-50.281918
-50.285042
-50.297543
-50.297543
-50.291294
-50.303791
-50.297543
-50.297543
-50.303791
-50.316292
-50.297543
-50.310043
-50.335041
-50.328793
-50.347538
-50.344418
-50.322544
-50.325668
-50.306919
-50.310043
-50.350662
-50.347538
-50.350662
-50.378788
-50.369411
-50.338169
-50.341293
-50.319416
-50.322544
-50.341293
-50.335041
-50.335041
-50.347538
-50.363163
-50.360039
-50.37254
-50.366287
-50.37254
-50.37254
-50.378788
-50.378788
-50.378788
-50.378788
-50.413162
-50.431911
-50.419415
-50.425663
-50.422539
-50.422539
-50.438164
-50.441288
-50.431911
-50.450657
-50.431911
-50.416286
-50.391289
-50.381912
-50.363163
-50.360039
-50.335041
-50.347538
-50.350662
-50.350662
-50.363163
-50.363163
-50.366287
-50.366287
-50.338169
-50.322544
-50.331917
-50.313168
-50.306919
-50.322544
-50.306919
-50.303791
-50.297543
-50.297543
-50.278793
-50.294418
-50.297543
-50.275669
-50.281918
-50.285042
-50.297543
-50.322544
-50.331917
-50.328793
-50.328793
-50.319416
-50.328793
-50.310043
-50.303791
-50.306919
-50.300667
-50.278793
-50.281918
-50.275669
-50.266293
-50.269417
-50.253792
-50.231922
-50.247547
-50.256916
-50.250668
-50.272541
-50.244423
-50.250668
-50.253792
-50.250668
-50.250668
-50.244423
-50.225674
-50.247547
-50.244423
-50.241299
-50.228798
-50.235046
-50.225674
-50.244423
-50.247547
-50.247547
-50.253792
-50.235046
-50.235046
-50.210049
-50.210049
-50.197548
-50.213173
-50.197548
-50.172546
-50.169422
-50.153797
-50.135052
-50.144428
-50.147549
-50.169422
-50.163174
-50.156921
-50.122551
-50.138176
-50.110054
-50.122551
-50.131927
-50.097553
-50.110054
-50.081928
-50.075676
-50.097553
-50.081928
-50.053802
-50.038181
-49.997559
-49.978809
-49.963184
-49.947559
-49.903812
-49.910061
-49.860062
-49.853813
-49.850689
-49.841316
-49.841316
-49.84444
-49.84444
-49.856937
-49.878811
-49.866314
-49.866314
-49.847569
-49.847569
-49.853813
-49.847569
-49.847569
-49.869438
-49.850689
-49.847569
-49.84444
-49.822567
-49.816319
-49.850689
-49.875687
-49.885063
-49.875687
-49.869438
-49.847569
-49.831944
-49.810066
-49.797565
-49.785069
-49.744446
-49.716324
-49.681946
-49.638203
-49.628826
-49.622578
-49.619453
-49.619453
-49.635078
-49.610077
-49.610077
-49.597576
-49.591328
-49.597576
-49.560078
-49.556953
-49.544456
-49.528831
-49.535084
-49.516331
-49.513206
-49.497581
-49.497581
-49.485081
-49.485081
-49.497581
-49.497581
-49.497581
-49.525707
-49.497581
-49.475708
-49.453831
-49.431961
-49.394463
-49.347588
-49.313217
-49.32259
-49.325718
-49.310093
-49.335091
-49.306965
-49.285091
-49.281967
-49.247597
-49.231972
-49.228848
-49.197598
-49.172596
-49.166348
-49.150723
-49.131977
-49.119476
-49.097603
-49.094475
-49.07885
-49.081978
-49.097603
-49.088226
-49.07885
-49.094475
-49.085102
-49.072601
-49.081978
-49.072601
-49.075726
-49.094475
-49.094475
-49.088226
-49.100727
-49.094475
-49.091351
-49.088226
-49.081978
-49.07885
-49.063225
-49.044483
-49.028858
-49.016357
-48.981983
-48.978855
-48.978855
-48.96323
-48.953857
-48.94136
-48.947605
-48.953857
-48.94136
-48.903862
-48.891361
-48.872612
-48.847614
-48.847614
-48.84449
-48.822617
-48.810116
-48.785114
-48.769489
-48.744495
-48.706997
-48.678871
-48.65387
-48.632
-48.588249
-48.547626
-48.525757
-48.519505
-48.510132
-48.466381
-48.444511
-48.428886
-48.397636
-48.397636
-48.382011
-48.366386
-48.372635
-48.366386
-48.366386
-48.369511
-48.369511
-48.35701
-48.360134
-48.353886
-48.347637
-48.35701
-48.319515
-48.322639
-48.33514
-48.310139
-48.297642
-48.269516
-48.244522
-48.232021
-48.203896
-48.147644
-48.141399
-48.097649
-48.066399
-48.016407
-47.969532
-47.919537
-47.882034
-47.84454
-47.819538
-47.791416
-47.747665
-47.694546
-47.663296
-47.628925
-47.610176
-47.597675
-47.597675
-47.610176
-47.63205
-47.622673
-47.641426
-47.641426
-47.619549
-47.6133
-47.616425
-47.622673
-47.638298
-47.628925
-47.607048
-47.597675
-47.585175
-47.5508
-47.528931
-47.503929
-47.497681
-47.519554
-47.541431
-47.528931
-47.553925
-47.553925
-47.563301
-47.572674
-47.563301
-47.557049
-47.538303
-47.494556
-47.482056
-47.457054
-47.425808
-47.425808
-47.43206
-47.363308
-47.338314
-47.316441
-47.310188
-47.297688
-47.27269
-47.225819
-47.213318
-47.178944
-47.132072
-47.094574
-47.032078
-46.972706
-46.897709
-46.791462
-46.69772
-46.610222
-46.482105
-46.316486
-46.066498
-45.322788
-42.90728
-38.494995
-32.126553
-22.527023
-9.0058107
5.0653777
16.949171
25.898735
32.039059
35.829498
37.810654
38.379375
37.876274
36.598213
34.782677
32.585907
30.18915
27.686148
25.09565
22.545773
19.980274
17.417898
14.921145
12.477515
10.115131
7.8246179
5.5684776
3.3248377
1.1843171
-0.91870511
-3.0123529
-5.0903764
-7.1652751
-9.249548
-11.311948
-13.43372
-15.580489
-17.755383
-19.97715
-22.211416
-24.426931
-26.57995
-28.6486
-30.604755
-32.376541
-33.992088
-35.476391
-36.807579
-37.98877
-39.066841
-40.00742
-40.835503
-41.579216
-42.197937
-42.757286
-43.263512
-43.700989
-44.08847
-44.457203
-44.79781
-45.085297
-45.366531
-45.594646
-45.797764
-45.972752
-46.103996
-46.247742
-46.391483
-46.510227
-46.625847
-46.722717
-46.797714
-46.903957
-46.994579
-47.078949
-47.160194
-47.235195
-47.275814
-47.338314
-47.388309
-47.435184
-47.488304
-47.547676
-47.572674
-47.641426
-47.685169
-47.725796
-47.766415
-47.797665
-47.832039
-47.891411
-47.897659
-47.919537
-47.947655
-47.982029
-48.047657
-48.085152
-48.097649
-48.128899
-48.147644
-48.141399
-48.172646
-48.194519
-48.194519
-48.219521
-48.257015
-48.288265
-48.297642
-48.316391
-48.332016
-48.353886
-48.397636
-48.410137
-48.438259
-48.45388
-48.47263
-48.50388
-48.528881
-48.556999
-48.585125
-48.572624
-48.619499
-48.647625
-48.641376
-48.660122
-48.678871
-48.681995
-48.703873
-48.722622
-48.725746
-48.747616
-48.778866
-48.797615
-48.810116
-48.835117
-48.835117
-48.835117
-48.853863
-48.872612
-48.916363
-48.944485
-48.947605
-48.96323
-48.997608
-48.997608
-49.022606
-49.022606
-49.019482
-48.99448
-49.006981
-49.019482
-49.041355
-49.047607
-49.066353
-49.066353
-49.091351
-49.103851
-49.122601
-49.147598
-49.197598
-49.235096
-49.225723
-49.253841
-49.241348
-49.247597
-49.250717
-49.26009
-49.278843
-49.306965
-49.319466
-49.335091
-49.360088
-49.35696
-49.372585
-49.397587
-49.422588
-49.428837
-49.447586
-49.444462
-49.463207
-49.497581
-49.516331
-49.522583
-49.538208
-49.531956
-49.560078
-49.566326
-49.547577
-49.563202
-49.560078
-49.547577
-49.563202
-49.553825
-49.581951
-49.597576
-49.597576
-49.597576
-49.622578
-49.628826
-49.644451
-49.647575
-49.678822
-49.697571
-49.697571
-49.697571
-49.710072
-49.728821
-49.725697
-49.731949
-49.719448
-49.735073
-49.756943
-49.769444
-49.753819
-49.775692
-49.794441
-49.766315
-49.75069
-49.719448
-49.700699
-49.719448
-49.722572
-49.728821
-49.747566
-49.731949
-49.747566
-49.772568
-49.78194
-49.769444
-49.791317
-49.772568
-49.791317
-49.806942
-49.831944
-49.822567
-49.847569
-49.847569
-49.84444
-49.841316
-49.838192
-49.856937
-49.872562
-49.872562
-49.869438
-49.863186
-49.853813
-49.881939
-49.885063
-49.885063
-49.897564
-49.897564
-49.875687
-49.900688
-49.897564
-49.897564
-49.897564
-49.872562
-49.878811
-49.875687
-49.869438
-49.894436
-49.897564
-49.866314
-49.894436
-49.894436
-49.866314
-49.878811
-49.891312
-49.894436
-49.906937
-49.913189
-49.928814
-49.960056
-49.944439
-49.947559
-49.956932
-49.985058
-49.988182
-50.022556
-49.975681
-49.988182
-49.981934
-49.966309
-49.969433
-49.975681
-49.969433
-50.003807
-50.006931
-49.985058
-49.981934
-49.978809
-49.972557
-49.981934
-49.985058
-49.978809
-49.966309
-49.966309
-49.972557
-49.997559
-50.000683
-49.994434
-50.000683
-49.997559
-49.994434
-49.997559
-49.978809
-49.988182
-49.985058
-49.994434
-50.010059
-50.019432
-50.019432
-50.035057
-50.035057
-49.997559
-50.013184
-50.003807
-50.010059
-50.010059
-50.022556
-50.013184
-50.016308
-49.991306
-49.985058
-49.966309
-49.963184
-49.947559
-49.960056
-49.928814
-49.935062
-49.922562
-49.913189
-49.906937
-49.897564
-49.891312
-49.897564
-49.903812
-49.897564
-49.897564
-49.885063
-49.881939
-49.894436
-49.888187
-49.891312
-49.894436
-49.897564
-49.910061
-49.928814
-49.922562
-49.931938
-49.925686
-49.916313
-49.881939
-49.897564
-49.906937
-49.888187
-49.872562
-49.869438
-49.875687
-49.866314
-49.853813
-49.856937
-49.847569
-49.835068
-49.847569
-49.847569
-49.816319
-49.819443
-49.803818
-49.775692
-49.775692
-49.78194
-49.760067
-49.766315
-49.747566
-49.722572
-49.744446
-49.741322
-49.722572
-49.722572
-49.716324
-49.716324
-49.706947
-49.660072
-49.647575
-49.644451
-49.597576
-49.597576
-49.616325
-49.622578
-49.644451
-49.638203
-49.610077
-49.613201
-49.597576
-49.56945
-49.597576
-49.594452
-49.578827
-49.591328
-49.603828
-49.597576
-49.588203
-49.585075
-49.594452
-49.610077
-49.610077
-49.616325
-49.622578
-49.597576
-49.597576
-49.597576
-49.610077
-49.591328
-49.588203
-49.563202
-49.581951
-49.553825
-49.538208
-49.547577
-49.550701
-49.544456
-49.563202
-49.556953
-49.538208
-49.541332
-49.535084
-49.510082
-49.510082
-49.497581
-49.478832
-49.488209
-49.481956
-49.485081
-49.485081
-49.466331
-49.466331
-49.478832
-49.475708
-49.466331
-49.460083
-49.435085
-49.447586
-49.438213
-49.447586
-49.472584
-49.469456
-49.428837
-49.431961
-49.425713
-49.422588
-49.391338
-49.366337
-49.350712
-49.347588
-49.316341
-49.29134
-49.310093
-49.26009
-49.256966
-49.247597
-49.219471
-49.23822
-49.197598
-49.169472
-49.172596
-49.163223
-49.119476
-49.122601
-49.119476
-49.097603
-49.097603
-49.097603
-49.060101
-49.060101
-49.031982
-48.997608
-48.969482
-48.969482
-48.966358
-48.966358
-48.953857
-48.960106
-48.944485
-48.938236
-48.92886
-48.906986
-48.885113
-48.894485
-48.888237
-48.87886
-48.881985
-48.894485
-48.869488
-48.872612
-48.860111
-48.850735
-48.86636
-48.860111
-48.869488
-48.86636
-48.87886
-48.847614
-48.853863
-48.810116
-48.785114
-48.778866
-48.769489
-48.763241
-48.763241
-48.725746
-48.69762
-48.68512
-48.647625
-48.638252
-48.647625
-48.625751
-48.628876
-48.613251
-48.622627
-48.591377
-48.563251
-48.53513
-48.51638
-48.500755
-48.497631
-48.497631
-48.488255
-48.478882
-48.466381
-48.469505
-48.460133
-48.460133
-48.441387
-48.435135
-48.425762
-48.428886
-48.425762
-48.41951
-48.394512
-48.382011
-48.363262
-48.341389
-48.33514
-48.332016
-48.291389
-48.291389
-48.297642
-48.291389
-48.275764
-48.247646
-48.23827
-48.228897
-48.228897
-48.210144
-48.235146
-48.200771
-48.182022
-48.17577
-48.157021
-48.138275
-48.132027
-48.0914
-48.069527
-48.047657
-47.997654
-47.982029
-47.950779
-47.913284
-47.897659
-47.872662
-47.82579
-47.766415
-47.735168
-47.678921
-47.64455
-47.588299
-47.560173
-47.547676
-47.503929
-47.466431
-47.444561
-47.422684
-47.397686
-47.382061
-47.353935
-47.347683
-47.366436
-47.366436
-47.391434
-47.382061
-47.360184
-47.388309
-47.372684
-47.347683
-47.347683
-47.322689
-47.297688
-47.294563
-47.260189
-47.235195
-47.235195
-47.197693
-47.169571
-47.169571
-47.150818
-47.128948
-47.119576
-47.097698
-47.09145
-47.072701
-47.032078
-47.00708
-46.969578
-46.916458
-46.91021
-46.875835
-46.835213
-46.785213
-46.738342
-46.691467
-46.685219
-46.67897
-46.653969
-46.647724
-46.61335
-46.553974
-46.519604
-46.469604
-46.419609
-46.372734
-46.269611
-46.172745
-46.063374
-45.897758
-45.629021
-44.794685
-42.257309
-37.810654
-31.554708
-22.130169
-9.0183096
4.6497726
16.283581
25.026901
31.101606
34.901421
36.860699
37.44817
36.973194
35.760754
34.026463
31.94219
29.592304
27.151798
24.695669
22.205166
19.736536
17.29603
14.868023
12.524388
10.202627
7.9652362
5.7997165
3.6498218
1.5405498
-0.50935012
-2.5405009
-4.5747766
-6.5996776
-8.6339531
-10.668228
-12.758752
-14.886772
-17.046041
-19.211561
-21.380205
-23.526974
-25.614374
-27.614277
-29.489183
-31.239098
-32.879642
-34.357697
-35.682632
-36.898197
-37.960648
-38.941849
-39.823055
-40.576141
-41.226112
-41.829208
-42.351055
-42.832283
-43.257259
-43.616619
-43.96035
-44.263462
-44.510326
-44.769688
-44.985302
-45.175919
-45.382156
-45.547771
-45.688393
-45.854008
-45.969627
-46.069622
-46.169617
-46.235245
-46.341488
-46.413357
-46.494602
-46.588348
-46.647724
-46.703968
-46.750839
-46.832088
-46.863335
-46.92271
-46.972706
-47.013329
-47.063324
-47.103951
-47.15707
-47.210194
-47.278938
-47.300816
-47.344563
-47.341438
-47.357059
-47.372684
-47.403934
-47.416435
-47.447685
-47.466431
-47.497681
-47.544556
-47.566425
-47.585175
-47.625801
-47.653919
-47.678921
-47.713295
-47.694546
-47.719543
-47.716419
-47.72892
-47.769539
-47.797665
-47.807041
-47.847664
-47.869534
-47.900784
-47.932034
-47.960155
-47.960155
-48.022655
-48.035156
-48.063274
-48.085152
-48.119526
-48.116402
-48.144524
-48.138275
-48.163269
-48.213272
-48.213272
-48.247646
-48.247646
-48.266392
-48.282017
-48.307014
-48.278889
-48.297642
-48.319515
-48.316391
-48.347637
-48.360134
-48.375759
-48.397636
-48.428886
-48.447636
-48.47263
-48.475758
-48.469505
-48.478882
-48.47263
-48.48513
-48.488255
-48.469505
-48.494507
-48.510132
-48.500755
-48.497631
-48.497631
-48.510132
-48.528881
-48.566376
-48.591377
-48.622627
-48.656998
-48.660122
-48.68512
-48.69762
-48.69762
-48.710121
-48.71637
-48.722622
-48.747616
-48.766365
-48.778866
-48.810116
-48.816364
-48.81324
-48.838242
-48.831989
-48.84449
-48.860111
-48.841366
-48.850735
-48.853863
-48.860111
-48.853863
-48.89761
-48.89761
-48.92886
-48.919487
-48.922611
-48.947605
-48.953857
-48.991356
-49.003857
-49.010105
-49.010105
-49.02573
-49.02573
-49.028858
-49.044483
-49.056976
-49.072601
-49.075726
-49.060101
-49.075726
-49.094475
-49.091351
-49.128853
-49.122601
-49.147598
-49.153847
-49.172596
-49.147598
-49.172596
-49.147598
-49.138226
-49.153847
-49.147598
-49.144478
-49.163223
-49.178848
-49.188221
-49.197598
-49.210098
-49.222595
-49.213223
-49.210098
-49.235096
-49.247597
-49.253841
-49.247597
-49.278843
-49.272591
-49.272591
-49.266342
-49.272591
-49.278843
-49.300716
-49.297592
-49.310093
-49.310093
-49.297592
-49.328842
-49.338215
-49.310093
-49.328842
-49.310093
-49.32259
-49.328842
-49.344467
-49.347588
-49.353836
-49.338215
-49.347588
-49.347588
-49.344467
-49.347588
-49.35696
-49.369461
-49.369461
-49.366337
-49.344467
-49.341343
-49.347588
-49.35696
-49.366337
-49.363213
-49.378838
-49.381962
-49.372585
-49.350712
-49.372585
-49.381962
-49.381962
-49.416336
-49.391338
-49.369461
-49.372585
-49.369461
-49.391338
-49.391338
-49.391338
-49.391338
-49.394463
-49.385086
-49.378838
-49.369461
-49.350712
-49.360088
-49.347588
-49.331966
-49.347588
-49.353836
-49.350712
-49.347588
-49.347588
-49.338215
-49.353836
-49.360088
-49.360088
-49.363213
-49.338215
-49.331966
-49.344467
-49.341343
-49.331966
-49.335091
-49.313217
-49.306965
-49.335091
-49.325718
-49.347588
-49.347588
-49.32259
-49.335091
-49.360088
-49.372585
-49.363213
-49.378838
-49.381962
-49.391338
-49.397587
-49.375713
-49.375713
-49.363213
-49.344467
-49.347588
-49.338215
-49.338215
-49.347588
-49.338215
-49.360088
-49.369461
-49.363213
-49.366337
-49.353836
-49.328842
-49.331966
-49.328842
-49.310093
-49.306965
-49.306965
-49.303841
-49.297592
-49.328842
-49.331966
-49.338215
-49.347588
-49.344467
-49.347588
-49.347588
-49.341343
-49.347588
-49.331966
-49.341343
-49.375713
-49.360088
-49.344467
-49.331966
-49.310093
-49.313217
-49.288216
-49.278843
-49.288216
-49.294468
-49.26009
-49.272591
-49.253841
-49.231972
-49.219471
-49.185097
-49.156971
-49.14135
-49.138226
-49.1101
-49.100727
-49.097603
-49.060101
-49.056976
-49.038231
-49.044483
-49.041355
-49.028858
-49.028858
-49.028858
-48.991356
-48.975731
-48.972607
-48.947605
-48.935112
-48.916363
-48.891361
-48.906986
-48.916363
-48.906986
-48.900738
-48.91011
-48.903862
-48.922611
-48.906986
-48.894485
-48.894485
-48.891361
-48.922611
-48.944485
-48.913235
-48.916363
-48.931988
-48.906986
-48.891361
-48.881985
-48.881985
-48.900738
-48.89761
-48.89761
-48.91011
-48.931988
-48.925735
-48.935112
-48.944485
-48.922611
-48.906986
-48.891361
-48.89761
-48.89761
-48.89761
-48.891361
-48.89761
-48.87886
-48.860111
-48.885113
-48.847614
-48.860111
-48.869488
-48.847614
-48.847614
-48.835117
-48.788242
-48.760117
-48.738247
-48.710121
-48.69762
-48.68512
-48.647625
-48.625751
-48.613251
-48.591377
-48.578876
-48.550751
-48.547626
-48.5695
-48.522633
-48.482006
-48.457005
-48.447636
-48.438259
-48.428886
-48.391384
-48.363262
-48.369511
-48.360134
-48.338264
-48.35701
-48.347637
-48.360134
-48.353886
-48.347637
-48.366386
-48.35701
-48.344517
-48.310139
-48.30389
-48.300766
-48.310139
-48.297642
-48.297642
-48.310139
-48.291389
-48.27264
-48.328892
-48.328892
-48.328892
-48.33514
-48.347637
-48.332016
-48.344517
-48.30389
-48.307014
-48.310139
-48.285141
-48.27264
-48.275764
-48.247646
-48.257015
-48.257015
-48.222645
-48.235146
-48.216396
-48.20702
-48.222645
-48.197647
-48.172646
-48.160145
-48.150772
-48.128899
-48.147644
-48.119526
-48.094524
-48.094524
-48.078899
-48.057026
-48.072651
-48.03828
-48.057026
-48.069527
-48.094524
-48.107025
-48.119526
-48.097649
-48.097649
-48.066399
-48.053902
-48.022655
-47.997654
-47.985157
-47.972656
-47.938286
-47.916409
-47.87891
-47.832039
-47.797665
-47.772663
-47.76329
-47.769539
-47.788288
-47.788288
-47.78204
-47.769539
-47.735168
-47.732044
-47.735168
-47.732044
-47.722672
-47.732044
-47.69767
-47.710171
-47.707047
-47.69767
-47.694546
-47.675797
-47.647675
-47.647675
-47.641426
-47.607048
-47.578926
-47.547676
-47.563301
-47.566425
-47.547676
-47.544556
-47.522678
-47.497681
-47.48518
-47.466431
-47.441433
-47.425808
-47.410183
-47.341438
-47.307064
-47.275814
-47.247696
-47.253941
-47.260189
-47.247696
-47.244568
-47.253941
-47.244568
-47.225819
-47.210194
-47.185196
-47.147694
-47.116447
-47.107075
-47.097698
-47.066448
-47.025829
-47.00708
-46.988331
-46.97583
-46.953953
-46.988331
-46.982079
-46.991455
-46.985203
-46.963329
-46.963329
-46.947704
-46.944584
-46.913334
-46.86021
-46.853958
-46.816463
-46.791462
-46.766464
-46.71022
-46.66647
-46.616474
-46.55085
-46.49773
-46.475853
-46.447735
-46.447735
-46.422733
-46.385235
-46.357109
-46.322739
-46.285236
-46.247742
-46.238369
-46.185242
-46.150867
-46.119621
-46.060249
-46.035252
-45.997753
-45.907131
-45.847763
-45.754013
-45.647774
-45.469654
-45.147793
-44.169716
-41.526096
-37.123188
-31.004736
-21.998926
-9.3995409
3.909184
15.324251
24.042576
30.107904
33.926468
35.957619
36.607586
36.245106
35.126408
33.492115
31.52346
29.298569
26.920561
24.483179
22.042673
19.602167
17.21166
14.939895
12.69313
10.499487
8.3620911
6.2621942
4.2310433
2.2498901
0.24998778
-1.7311654
-3.7029443
-5.709096
-7.7433715
-9.8276453
-11.933792
-14.055564
-16.217957
-18.370977
-20.467751
-22.548899
-24.598799
-26.536203
-28.439236
-30.182899
-31.785946
-33.273373
-34.642056
-35.860748
-36.985691
-37.963772
-38.848103
-39.626186
-40.344902
-40.947998
-41.497974
-41.988575
-42.435429
-42.835411
-43.182266
-43.497875
-43.804111
-44.063469
-44.294712
-44.479076
-44.64782
-44.813435
-44.950928
-45.091545
-45.207169
-45.313412
-45.407158
-45.497776
-45.572773
-45.666519
-45.766514
-45.844639
-45.897758
-45.997753
-46.060249
-46.097748
-46.172745
-46.21962
-46.282112
-46.353985
-46.416485
-46.478977
-46.547722
-46.557098
-46.610222
-46.657093
-46.688343
-46.74147
-46.788338
-46.819588
-46.872707
-46.900833
-46.91021
-46.916458
-46.938335
-46.978954
-46.991455
-47.035206
-47.041454
-47.066448
-47.078949
-47.097698
-47.1227
-47.107075
-47.110199
-47.160194
-47.178944
-47.213318
-47.228943
-47.241444
-47.238319
-47.257065
-47.235195
-47.260189
-47.30394
-47.294563
-47.328938
-47.341438
-47.33519
-47.360184
-47.391434
-47.416435
-47.447685
-47.466431
-47.497681
-47.541431
-47.535179
-47.566425
-47.628925
-47.628925
-47.657043
-47.710171
-47.738297
-47.760166
-47.816414
-47.847664
-47.847664
-47.850784
-47.847664
-47.863285
-47.869534
-47.860161
-47.885159
-47.900784
-47.928909
-47.953907
-47.953907
-47.969532
-47.97578
-47.953907
-47.978905
-47.985157
-47.997654
-47.99453
-48.013279
-48.019531
-48.022655
-48.047657
-48.047657
-48.06015
-48.072651
-48.097649
-48.088276
-48.116402
-48.12265
-48.147644
-48.172646
-48.17577
-48.194519
-48.235146
-48.244522
-48.27264
-48.27264
-48.291389
-48.288265
-48.297642
-48.313267
-48.347637
-48.347637
-48.378887
-48.385136
-48.375759
-48.372635
-48.407009
-48.413261
-48.444511
-48.447636
-48.45388
-48.475758
-48.497631
-48.50388
-48.50388
-48.528881
-48.532005
-48.550751
-48.556999
-48.553875
-48.575752
-48.597626
-48.603874
-48.632
-48.635124
-48.641376
-48.647625
-48.656998
-48.660122
-48.66637
-48.647625
-48.641376
-48.622627
-48.607002
-48.619499
-48.619499
-48.616375
-48.638252
-48.647625
-48.656998
-48.691372
-48.703873
-48.719498
-48.719498
-48.719498
-48.735123
-48.72887
-48.741371
-48.722622
-48.72887
-48.72887
-48.744495
-48.75074
-48.763241
-48.760117
-48.772617
-48.769489
-48.766365
-48.797615
-48.810116
-48.794491
-48.797615
-48.788242
-48.810116
-48.822617
-48.819492
-48.810116
-48.822617
-48.847614
-48.847614
-48.86636
-48.869488
-48.853863
-48.850735
-48.847614
-48.860111
-48.838242
-48.81324
-48.816364
-48.797615
-48.794491
-48.803867
-48.816364
-48.822617
-48.838242
-48.841366
-48.847614
-48.863235
-48.853863
-48.86636
-48.888237
-48.891361
-48.903862
-48.903862
-48.881985
-48.894485
-48.891361
-48.89761
-48.89761
-48.863235
-48.872612
-48.87886
-48.850735
-48.847614
-48.847614
-48.838242
-48.806992
-48.825741
-48.822617
-48.810116
-48.841366
-48.816364
-48.831989
-48.828865
-48.838242
-48.847614
-48.850735
-48.822617
-48.84449
-48.838242
-48.835117
-48.84449
-48.822617
-48.797615
-48.822617
-48.828865
-48.822617
-48.850735
-48.847614
-48.860111
-48.885113
-48.860111
-48.847614
-48.822617
-48.791367
-48.778866
-48.769489
-48.747616
-48.756992
-48.744495
-48.731995
-48.738247
-48.747616
-48.747616
-48.760117
-48.760117
-48.760117
-48.756992
-48.775742
-48.791367
-48.806992
-48.797615
-48.788242
-48.791367
-48.797615
-48.806992
-48.819492
-48.806992
-48.788242
-48.766365
-48.760117
-48.747616
-48.744495
-48.735123
-48.756992
-48.766365
-48.753864
-48.775742
-48.78199
-48.785114
-48.778866
-48.756992
-48.756992
-48.753864
-48.735123
-48.722622
-48.744495
-48.735123
-48.735123
-48.738247
-48.722622
-48.713245
-48.691372
-48.647625
-48.635124
-48.625751
-48.619499
-48.644501
-48.65387
-48.675747
-48.69762
-48.744495
-48.735123
-48.747616
-48.738247
-48.744495
-48.75074
-48.747616
-48.710121
-48.69762
-48.691372
-48.681995
-48.68512
-48.675747
-48.691372
-48.725746
-48.735123
-48.747616
-48.766365
-48.766365
-48.753864
-48.75074
-48.71637
-48.694496
-48.672623
-48.663246
-48.68512
-48.66637
-48.66637
-48.663246
-48.678871
-48.65387
-48.647625
-48.644501
-48.622627
-48.613251
-48.597626
-48.560127
-48.575752
-48.556999
-48.553875
-48.528881
-48.50388
-48.510132
-48.525757
-48.51638
-48.507008
-48.497631
-48.47263
-48.478882
-48.482006
-48.460133
-48.447636
-48.450756
-48.428886
-48.441387
-48.435135
-48.385136
-48.385136
-48.397636
-48.363262
-48.350761
-48.325764
-48.297642
-48.282017
-48.253891
-48.241394
-48.235146
-48.213272
-48.197647
-48.197647
-48.185146
-48.191395
-48.178894
-48.182022
-48.172646
-48.169521
-48.147644
-48.17577
-48.163269
-48.160145
-48.157021
-48.157021
-48.147644
-48.153896
-48.147644
-48.113274
-48.094524
-48.069527
-48.053902
-48.047657
-48.010155
-48.010155
-48.010155
-47.991405
-47.982029
-47.969532
-47.944534
-47.922661
-47.913284
-47.891411
-47.897659
-47.91016
-47.872662
-47.835163
-47.822666
-47.772663
-47.766415
-47.766415
-47.75079
-47.791416
-47.79454
-47.791416
-47.791416
-47.785164
-47.769539
-47.772663
-47.769539
-47.757038
-47.760166
-47.741421
-47.72892
-47.719543
-47.719543
-47.719543
-47.735168
-47.700794
-47.69767
-47.691422
-47.647675
-47.663296
-47.660172
-47.650795
-47.675797
-47.691422
-47.675797
-47.66642
-47.647675
-47.6133
-47.619549
-47.594551
-47.544556
-47.547676
-47.547676
-47.519554
-47.491428
-47.482056
-47.45393
-47.435184
-47.422684
-47.391434
-47.375809
-47.347683
-47.307064
-47.285191
-47.263313
-47.253941
-47.257065
-47.247696
-47.27269
-47.253941
-47.253941
-47.266438
-47.27269
-47.250813
-47.253941
-47.232071
-47.241444
-47.235195
-47.241444
-47.260189
-47.291439
-47.297688
-47.288315
-47.294563
-47.27269
-47.278938
-47.30394
-47.278938
-47.27269
-47.288315
-47.247696
-47.247696
-47.250813
-47.247696
-47.235195
-47.241444
-47.228943
-47.222694
-47.21957
-47.191444
-47.185196
-47.153946
-47.135201
-47.110199
-47.082073
-47.053947
-47.047703
-47.003956
-46.978954
-46.994579
-46.953953
-46.947704
-46.947704
-46.947704
-46.944584
-46.938335
-46.916458
-46.950829
-46.969578
-46.947704
-46.947704
-46.944584
-46.92271
-46.92271
-46.913334
-46.907085
-46.919582
-46.91021
-46.916458
-46.897709
-46.903957
-46.894585
-46.903957
-46.875835
-46.841465
-46.822712
-46.797714
-46.800838
-46.803963
-46.760212
-46.744595
-46.735218
-46.688343
-46.67897
-46.669594
-46.607098
-46.607098
-46.585224
-46.55085
-46.519604
-46.516479
-46.482105
-46.478977
-46.453979
-46.438358
-46.413357
-46.360233
-46.325863
-46.338364
-46.335239
-46.300861
-46.260239
-46.213367
-46.197742
-46.185242
-46.128998
-46.094624
-46.047752
-45.997753
-45.982128
-45.910259
-45.832138
-45.732143
-45.597771
-45.444656
-45.263412
-44.972801
-44.347832
-42.435429
-38.748108
-33.548363
-26.354963
-15.661736
-2.6342461
9.6089058
19.527172
26.776815
31.623457
34.504566
35.841999
35.979492
35.254528
33.917095
32.132805
30.076654
27.83614
25.542501
23.242615
20.902103
18.605341
16.361702
14.155559
11.999413
9.8620186
7.7746201
5.777843
3.8029394
1.8436599
-0.10936966
-2.0655241
-3.9966795
-5.8997116
-7.8652411
-9.8588934
-11.852546
-13.830575
-15.827352
-17.780382
-19.783409
-21.764563
-23.714468
-25.6175
-27.426785
-29.129826
-30.735998
-32.248425
-33.585857
-34.826424
-35.948242
-36.907574
-37.795029
-38.560616
-39.263706
-39.916801
-40.491772
-41.019871
-41.488598
-41.888577
-42.266685
-42.61042
-42.897903
-43.15414
-43.407253
-43.625996
-43.832237
-44.029102
-44.188465
-44.322838
-44.475952
-44.61657
-44.738441
-44.850933
-44.950928
-45.063423
-45.147793
-45.229042
-45.335285
-45.425907
-45.491528
-45.563396
-45.622772
-45.672768
-45.722767
-45.769638
-45.847763
-45.904007
-45.947754
-45.991505
-46.047752
-46.091499
-46.138374
-46.15712
-46.185242
-46.244617
-46.266487
-46.297737
-46.319614
-46.347733
-46.378983
-46.397732
-46.447735
-46.478977
-46.513355
-46.547722
-46.603973
-46.675842
-46.69772
-46.732094
-46.769588
-46.807087
-46.847713
-46.869583
-46.885208
-46.897709
-46.935207
-46.953953
-46.969578
-47.025829
-47.063324
-47.103951
-47.132072
-47.15707
-47.197693
-47.210194
-47.235195
-47.263313
-47.269566
-47.297688
-47.325813
-47.363308
-47.397686
-47.447685
-47.447685
-47.475803
-47.510181
-47.522678
-47.553925
-47.578926
-47.610176
-47.64455
-47.647675
-47.647675
-47.653919
-47.69767
-47.722672
-47.757038
-47.769539
-47.79454
-47.819538
-47.847664
-47.850784
-47.897659
-47.916409
-47.897659
-47.91016
-47.907036
-47.900784
-47.916409
-47.907036
-47.897659
-47.897659
-47.875786
-47.897659
-47.947655
-47.960155
-47.957031
-47.982029
-47.972656
-47.991405
-47.997654
-47.997654
-47.997654
-48.010155
-48.047657
-48.088276
-48.097649
-48.097649
-48.113274
-48.132027
-48.135151
-48.163269
-48.185146
-48.191395
-48.228897
-48.222645
-48.250767
-48.275764
-48.266392
-48.297642
-48.310139
-48.313267
-48.344517
-48.363262
-48.360134
-48.382011
-48.394512
-48.403885
-48.41951
-48.444511
-48.441387
-48.463257
-48.441387
-48.438259
-48.441387
-48.450756
-48.457005
-48.466381
-48.450756
-48.45388
-48.45388
-48.497631
-48.51638
-48.547626
-48.547626
-48.572624
-48.566376
-48.585125
-48.597626
-48.603874
-48.610126
-48.635124
-48.647625
-48.632
-48.675747
-48.675747
-48.69762
-48.710121
-48.710121
-48.722622
-48.744495
-48.760117
-48.753864
-48.769489
-48.763241
-48.763241
-48.744495
-48.738247
-48.719498
-48.72887
-48.713245
-48.713245
-48.741371
-48.753864
-48.785114
-48.810116
-48.769489
-48.78199
-48.769489
-48.747616
-48.753864
-48.760117
-48.753864
-48.760117
-48.772617
-48.788242
-48.81324
-48.810116
-48.797615
-48.828865
-48.819492
-48.816364
-48.822617
-48.810116
-48.816364
-48.791367
-48.794491
-48.785114
-48.78199
-48.778866
-48.778866
-48.766365
-48.772617
-48.785114
-48.785114
-48.778866
-48.778866
-48.775742
-48.772617
-48.797615
-48.819492
-48.81324
-48.816364
-48.822617
-48.810116
-48.822617
-48.816364
-48.797615
-48.81324
-48.797615
-48.816364
-48.84449
-48.828865
-48.838242
-48.838242
-48.835117
-48.847614
-48.84449
-48.806992
-48.816364
-48.794491
-48.78199
-48.797615
-48.785114
-48.791367
-48.806992
-48.84449
-48.847614
-48.850735
-48.847614
-48.847614
-48.860111
-48.872612
-48.86636
-48.89761
-48.86636
-48.872612
-48.89761
-48.894485
-48.919487
-48.92886
-48.922611
-48.950733
-48.972607
-48.975731
-48.960106
-48.950733
-48.947605
-48.975731
-48.978855
-48.975731
-48.981983
-48.978855
-48.950733
-48.969482
-48.960106
-48.947605
-48.966358
-48.947605
-48.947605
-48.966358
-48.972607
-48.975731
-48.947605
-48.925735
-48.903862
-48.89761
-48.86636
-48.87886
-48.900738
-48.89761
-48.903862
-48.87886
-48.86636
-48.872612
-48.869488
-48.869488
-48.869488
-48.850735
-48.835117
-48.838242
-48.835117
-48.835117
-48.853863
-48.863235
-48.872612
-48.888237
-48.881985
-48.856987
-48.87886
-48.885113
-48.872612
-48.847614
-48.84449
-48.84449
-48.875736
-48.847614
-48.84449
-48.863235
-48.828865
-48.838242
-48.822617
-48.797615
-48.816364
-48.81324
-48.810116
-48.835117
-48.825741
-48.835117
-48.847614
-48.838242
-48.81324
-48.819492
-48.797615
-48.78199
-48.794491
-48.788242
-48.797615
-48.791367
-48.760117
-48.766365
-48.785114
-48.769489
-48.763241
-48.766365
-48.763241
-48.785114
-48.797615
-48.81324
-48.806992
-48.785114
-48.785114
-48.772617
-48.763241
-48.741371
-48.756992
-48.747616
-48.722622
-48.72887
-48.72887
-48.725746
-48.735123
-48.725746
-48.71637
-48.738247
-48.72887
-48.713245
-48.722622
-48.703873
-48.69762
-48.69762
-48.69762
-48.722622
-48.731995
-48.738247
-48.725746
-48.688248
-48.647625
-48.647625
-48.619499
-48.597626
-48.597626
-48.591377
-48.594501
-48.597626
-48.578876
-48.575752
-48.560127
-48.547626
-48.53513
-48.51638
-48.48513
-48.466381
-48.463257
-48.447636
-48.463257
-48.47263
-48.450756
-48.463257
-48.435135
-48.41951
-48.413261
-48.378887
-48.366386
-48.372635
-48.325764
-48.319515
-48.319515
-48.316391
-48.341389
-48.350761
-48.363262
-48.397636
-48.38826
-48.378887
-48.375759
-48.372635
-48.344517
-48.347637
-48.33514
-48.332016
-48.344517
-48.328892
-48.350761
-48.341389
-48.347637
-48.353886
-48.347637
-48.328892
-48.307014
-48.30389
-48.297642
-48.253891
-48.213272
-48.178894
-48.135151
-48.12265
-48.088276
-48.06015
-48.06015
-48.057026
-48.066399
-48.047657
-48.041405
-48.050774
-48.047657
-48.02578
-47.997654
-47.997654
-47.99453
-48.016407
-48.032032
-48.010155
-47.997654
-48.016407
-48.016407
-48.032032
-48.019531
-48.02578
-48.013279
-47.997654
-47.99453
-47.997654
-47.966404
-47.935162
-47.897659
-47.872662
-47.841415
-47.847664
-47.797665
-47.772663
-47.769539
-47.760166
-47.757038
-47.732044
-47.703918
-47.710171
-47.710171
-47.710171
-47.719543
-47.703918
-47.710171
-47.744545
-47.722672
-47.719543
-47.722672
-47.69767
-47.69767
-47.710171
-47.722672
-47.716419
-47.732044
-47.69767
-47.685169
-47.650795
-47.607048
-47.563301
-47.544556
-47.497681
-47.463306
-47.40081
-47.382061
-47.360184
-47.360184
-47.33519
-47.325813
-47.322689
-47.30394
-47.322689
-47.294563
-47.257065
-47.235195
-47.216446
-47.18832
-47.163319
-47.135201
-47.085197
-47.066448
-47.03833
-47.032078
-47.016453
-46.994579
-46.997704
-47.003956
-46.988331
-46.991455
-47.003956
-46.991455
-46.969578
-46.969578
-46.92271
-46.916458
-46.882084
-46.835213
-46.819588
-46.797714
-46.760212
-46.72897
-46.647724
-46.607098
-46.538353
-46.463352
-46.397732
-46.363358
-46.316486
-46.288364
-46.294613
-46.278988
-46.291489
-46.297737
-46.291489
-46.282112
-46.291489
-46.275864
-46.291489
-46.307114
-46.310238
-46.322739
-46.307114
-46.291489
-46.294613
-46.288364
-46.272739
-46.278988
-46.253986
-46.238369
-46.238369
-46.222744
-46.216492
-46.225868
-46.197742
-46.18837
-46.153992
-46.103996
-46.082123
-46.035252
-45.960255
-45.922756
-45.866508
-45.804012
-45.782139
-45.735268
-45.688393
-45.685268
-45.657143
-45.616524
-45.554024
-45.457153
-45.338413
-45.197792
-45.019676
-44.757187
-44.122845
-42.144817
-38.498119
-33.323372
-26.098724
-15.53674
-2.696743
9.3589172
19.080318
26.204969
31.004736
33.813972
35.088909
35.207657
34.482689
33.176502
31.476585
29.498558
27.35804
25.139397
22.852009
20.627117
18.414724
16.189833
14.074312
11.958791
9.8838921
7.8558664
5.8715882
3.9279332
2.0498998
0.17499144
-1.6530442
-3.4935794
-5.3466139
-7.2277722
-9.1339283
-11.065084
-13.008739
-14.918021
-16.8773
-18.82408
-20.748987
-22.652018
-24.511303
-26.320591
-28.020508
-29.648552
-31.151604
-32.560909
-33.823349
-34.973289
-36.010742
-36.954445
-37.835651
-38.579365
-39.248081
-39.885551
-40.4324
-40.919876
-41.357353
-41.747959
-42.104195
-42.422928
-42.701038
-42.944778
-43.176014
-43.388504
-43.582245
-43.77911
-43.944729
-44.079094
-44.229092
-44.325962
-44.419704
-44.5322
-44.622822
-44.697815
-44.79781
-44.857182
-44.938431
-45.010303
-45.054047
-45.132172
-45.197792
-45.244667
-45.307163
-45.357159
-45.375908
-45.438408
-45.482151
-45.522778
-45.572773
-45.638397
-45.675892
-45.735268
-45.766514
-45.797764
-45.882133
-45.919632
-45.997753
-46.041504
-46.078999
-46.132122
-46.166492
-46.200867
-46.247742
-46.294613
-46.319614
-46.347733
-46.385235
-46.40086
-46.435234
-46.447735
-46.450855
-46.49773
-46.513355
-46.532104
-46.547722
-46.563347
-46.588348
-46.628975
-46.625847
-46.625847
-46.647724
-46.657093
-46.691467
-46.707092
-46.735218
-46.772713
-46.807087
-46.82584
-46.847713
-46.900833
-46.919582
-46.938335
-46.972706
-47.000828
-47.025829
-47.047703
-47.047703
-47.066448
-47.078949
-47.09145
-47.110199
-47.119576
-47.138325
-47.175819
-47.197693
-47.228943
-47.247696
-47.244568
-47.253941
-47.27269
-47.266438
-47.285191
-47.297688
-47.297688
-47.322689
-47.36956
-47.350811
-47.382061
-47.36956
-47.388309
-47.388309
-47.397686
-47.407059
-47.438309
-47.469555
-47.482056
-47.497681
-47.491428
-47.482056
-47.494556
-47.48518
-47.497681
-47.532055
-47.538303
-47.575798
-47.594551
-47.610176
-47.635174
-47.647675
-47.663296
-47.678921
-47.682045
-47.672668
-47.678921
-47.685169
-47.710171
-47.722672
-47.72892
-47.72892
-47.72892
-47.744545
-47.76329
-47.807041
-47.810165
-47.803913
-47.832039
-47.828915
-47.828915
-47.838291
-47.841415
-47.860161
-47.885159
-47.91016
-47.935162
-47.953907
-47.99453
-48.019531
-48.013279
-48.013279
-48.02578
-48.057026
-48.063274
-48.097649
-48.107025
-48.116402
-48.157021
-48.163269
-48.169521
-48.197647
-48.169521
-48.17577
-48.210144
-48.216396
-48.20702
-48.216396
-48.200771
-48.219521
-48.235146
-48.225769
-48.253891
-48.282017
-48.278889
-48.278889
-48.278889
-48.285141
-48.294514
-48.294514
-48.294514
-48.313267
-48.30389
-48.310139
-48.347637
-48.341389
-48.328892
-48.33514
-48.294514
-48.300766
-48.30389
-48.316391
-48.347637
-48.363262
-48.363262
-48.363262
-48.375759
-48.366386
-48.394512
-48.410137
-48.413261
-48.413261
-48.397636
-48.416386
-48.444511
-48.444511
-48.41951
-48.428886
-48.428886
-48.422634
-48.410137
-48.441387
-48.428886
-48.435135
-48.407009
-48.397636
-48.425762
-48.435135
-48.444511
-48.457005
-48.457005
-48.469505
-48.488255
-48.491383
-48.50388
-48.53513
-48.519505
-48.528881
-48.547626
-48.53513
-48.547626
-48.560127
-48.575752
-48.594501
-48.607002
-48.597626
-48.613251
-48.628876
-48.628876
-48.607002
-48.60075
-48.585125
-48.585125
-48.610126
-48.635124
-48.635124
-48.641376
-48.613251
-48.647625
-48.619499
-48.622627
-48.632
-48.619499
-48.632
-48.622627
-48.610126
-48.616375
-48.610126
-48.591377
-48.622627
-48.628876
-48.635124
-48.66637
-48.669495
-48.672623
-48.663246
-48.635124
-48.616375
-48.628876
-48.619499
-48.619499
-48.622627
-48.619499
-48.625751
-48.650745
-48.647625
-48.656998
-48.660122
-48.603874
-48.588249
-48.585125
-48.544506
-48.556999
-48.563251
-48.5695
-48.563251
-48.566376
-48.550751
-48.585125
-48.572624
-48.556999
-48.566376
-48.566376
-48.560127
-48.544506
-48.510132
-48.519505
-48.500755
-48.491383
-48.491383
-48.497631
-48.48513
-48.48513
-48.478882
-48.463257
-48.48513
-48.460133
-48.447636
-48.444511
-48.447636
-48.45388
-48.447636
-48.438259
-48.438259
-48.457005
-48.447636
-48.432011
-48.447636
-48.469505
-48.478882
-48.478882
-48.463257
-48.466381
-48.491383
-48.469505
-48.469505
-48.491383
-48.507008
-48.541382
-48.532005
-48.53513
-48.538258
-48.53513
-48.525757
-48.53513
-48.53513
-48.522633
-48.525757
-48.510132
-48.50388
-48.500755
-48.48513
-48.48513
-48.494507
-48.48513
-48.48513
-48.494507
-48.494507
-48.488255
-48.497631
-48.482006
-48.491383
-48.507008
-48.513256
-48.519505
-48.50388
-48.497631
-48.500755
-48.488255
-48.45388
-48.444511
-48.457005
-48.441387
-48.432011
-48.425762
-48.397636
-48.397636
-48.382011
-48.378887
-48.378887
-48.378887
-48.385136
-48.403885
-48.397636
-48.375759
-48.35701
-48.35701
-48.332016
-48.363262
-48.344517
-48.341389
-48.35701
-48.347637
-48.338264
-48.353886
-48.338264
-48.338264
-48.325764
-48.325764
-48.30389
-48.297642
-48.266392
-48.288265
-48.278889
-48.291389
-48.291389
-48.27264
-48.27264
-48.288265
-48.257015
-48.253891
-48.253891
-48.241394
-48.235146
-48.225769
-48.197647
-48.213272
-48.20702
-48.182022
-48.182022
-48.191395
-48.17577
-48.172646
-48.169521
-48.150772
-48.157021
-48.116402
-48.100777
-48.125774
-48.147644
-48.138275
-48.150772
-48.147644
-48.147644
-48.147644
-48.116402
-48.12265
-48.113274
-48.110149
-48.085152
-48.085152
-48.066399
-48.035156
-48.010155
-47.978905
-47.96328
-47.957031
-47.928909
-47.938286
-47.913284
-47.891411
-47.907036
-47.922661
-47.897659
-47.894535
-47.885159
-47.87891
-47.87891
-47.872662
-47.863285
-47.87891
-47.847664
-47.828915
-47.838291
-47.81329
-47.816414
-47.81329
-47.800789
-47.816414
-47.832039
-47.807041
-47.828915
-47.835163
-47.81329
-47.810165
-47.810165
-47.710171
-47.560173
-47.51643
-47.525806
-47.638298
-47.75079
-47.903912
-48.053902
-48.219521
-48.344517
-48.497631
-48.622627
-48.735123
-48.847614
-48.953857
-49.063225
-49.138226
-49.219471
-49.306965
-49.38821
-49.447586
-49.522583
-49.606953
-49.685074
-49.772568
-49.835068
-49.897564
-49.991306
-50.022556
-50.091301
-50.138176
-50.178799
-50.228798
-50.253792
-50.275669
-50.322544
-50.366287
-50.397537
-50.447536
-50.506908
-50.544407
-50.591278
-50.653774
-50.703773
-50.747517
-50.79752
-50.810017
-50.860012
-50.89439
-50.922512
-50.97876
-51.028759
-51.072502
-51.110004
-51.131878
-51.166248
-51.197498
-51.244373
-51.269367
-51.313118
-51.347488
-51.384991
-51.43499
-51.447491
-51.525608
-51.575603
-51.644356
-51.666225
-51.74435
-51.781845
-51.841221
-51.88184
-51.909966
-51.956833
-51.997459
-52.00996
-52.044334
-52.066204
-52.084953
-52.109955
-52.138081
-52.178699
-52.209949
-52.231827
-52.269321
-52.316196
-52.33807
-52.39119
-52.428692
-52.453686
-52.481812
-52.516186
-52.531811
-52.556805
-52.597431
-52.619305
-52.650551
-52.691177
-52.716175
-52.763046
-52.791172
-52.831795
-52.869289
-52.897415
-52.922417
-53.000534
-53.034912
-53.069283
-53.122406
-53.12553
-53.159901
-53.191151
-53.219276
-53.225525
-53.247402
-53.278645
-53.29427
-53.322395
-53.319271
-53.350517
-53.378643
-53.413017
-53.45676
-53.494263
-53.51926
-53.566132
-53.606758
-53.60363
-53.666126
-53.694252
-53.719254
-53.741127
-53.769245
-53.781746
-53.809872
-53.844246
-53.850491
-53.891117
-53.912991
-53.947361
-53.981735
-54.009861
-54.031738
-54.069233
-54.097359
-54.128609
-54.153603
-54.153603
-54.197353
-54.237976
-54.259846
-54.291096
-54.322346
-54.359844
-54.409843
-54.412968
-54.434841
-54.456711
-54.478588
-54.491089
-54.534836
-54.547333
-54.569206
-54.597332
-54.606709
-54.647331
-54.697327
-54.697327
-54.725452
-54.747322
-54.759823
-54.787949
-54.825447
-54.828571
-54.850445
-54.869194
-54.89732
-54.919193
-54.953564
-54.972313
-54.984814
-55.009811
-55.037937
-55.066059
-55.084808
-55.103558
-55.119183
-55.131683
-55.144184
-55.178555
-55.212929
-55.247303
-55.272297
-55.287922
-55.316048
-55.353542
-55.37542
-55.40667
-55.41917
-55.403545
-55.447292
-55.466038
-55.484787
-55.497288
-55.516037
-55.509789
-55.544163
-55.562908
-55.578533
-55.606659
-55.628532
-55.650406
-55.697281
-55.719154
-55.731655
-55.759773
-55.756649
-55.762897
-55.794147
-55.794147
-55.847275
-55.884769
-55.906643
-55.934769
-55.931644
-55.947266
-56.006638
-56.028515
-56.037888
-56.081635
-56.112885
-56.125385
-56.169128
-56.172256
-56.187881
-56.222256
-56.219131
-56.209755
-56.244129
-56.256626
-56.272251
-56.294125
-56.303501
-56.334751
-56.347244
-56.353497
-56.372246
-56.400372
-56.428493
-56.450363
-56.481613
-56.497238
-56.509739
-56.540989
-56.55661
-56.581612
-56.584736
-56.600361
-56.637859
-56.647236
-56.653481
-56.706604
-56.722229
-56.737854
-56.759724
-56.759724
-56.784725
-56.825352
-56.812851
-56.8316
-56.881596
-56.894096
-56.922222
-56.95034
-56.959717
-56.994091
-57.009716
-57.015965
-57.047215
-57.069084
-57.078461
-57.100334
-57.15033
-57.16283
-57.203457
-57.219082
-57.237831
-57.250324
-57.262825
-57.287827
-57.315952
-57.315952
-57.319077
-57.306576
-57.3097
-57.328449
-57.347195
-57.372196
-57.40657
-57.447197
-57.45969
-57.49094
-57.494064
-57.509689
-57.525314
-57.534691
-57.531567
-57.553436
-57.572186
-57.603436
-57.63781
-57.628437
-57.644062
-57.678432
-57.697182
-57.709682
-57.744057
-57.737808
-57.75655
-57.769051
-57.778427
-57.784676
-57.803425
-57.809677
-57.831551
-57.847176
-57.856548
-57.894047
-57.890923
-57.922173
-57.934673
-57.962791
-57.956543
-57.965916
-57.984665
-57.987793
-58.009666
-58.025291
-58.044041
-58.084663
-58.094036
-58.103413
-58.144035
-58.153408
-58.18153
-58.209656
-58.200283
-58.234657
-58.247158
-58.256527
-58.287777
-58.287777
-58.297153
-58.303402
-58.297153
-58.319027
-58.347149
-58.359646
-58.384647
-58.400272
-58.415897
-58.412773
-58.440899
-58.450268
-58.456516
-58.469017
-58.469017
-58.478394
-58.500267
-58.515892
-58.537766
-58.559639
-58.562763
-58.587761
-58.609638
-58.612762
-58.647137
-58.687756
-58.700256
-58.734631
-58.753376
-58.765877
-58.797127
-58.809628
-58.809628
-58.822128
-58.815876
-58.822128
-58.834629
-58.847126
-58.862747
-58.884624
-58.890873
-58.912746
-58.947117
-58.943996
-58.943996
-58.972118
-58.984619
-59.000244
-59.018993
-59.028366
-59.065865
-59.087738
-59.097115
-59.122112
-59.134613
-59.140862
-59.162731
-59.175232
-59.165859
-59.190857
-59.187733
-59.206482
-59.247108
-59.247108
-59.250229
-59.272102
-59.284603
-59.297104
-59.334602
-59.331478
-59.362724
-59.368973
-59.375225
-59.409599
-59.418972
-59.437725
-59.453342
-59.443974
-59.450218
-59.456467
-59.472092
-59.481468
-59.500217
-59.518967
-59.528343
-59.540844
-59.568962
-59.568962
-59.584587
-59.584587
-59.597088
-59.597088
-59.597088
-59.622089
-59.625214
-59.647087
-59.65646
-59.697083
-59.700207
-59.697083
-59.728333
-59.728333
-59.747078
-59.756454
-59.762703
-59.768955
-59.781452
-59.78458
-59.797077
-59.797077
-59.809578
-59.818954
-59.840828
-59.84708
-59.878323
-59.875198
-59.893948
-59.909573
-59.937698
-59.947067
-59.972069
-59.959568
-59.962692
-59.990818
-59.990818
-60.006443
-60.022068
-60.025192
-60.043945
-60.053314
-60.043945
-60.031445
-60.059563
-60.053314
-60.072063
-60.078316
-60.065815
-60.08144
-60.090813
-60.090813
-60.115814
-60.115814
-60.118938
-60.131439
-60.137688
-60.131439
-60.159557
-60.16581
-60.19706
-60.206432
-60.200184
-60.218933
-60.234558
-60.247059
-60.243935
-60.243935
-60.253304
-60.284554
-60.281429
-60.287678
-60.290806
-60.297054
-60.290806
-60.331429
-60.343929
-60.32518
-60.34705
-60.343929
-60.334553
-60.3783
-60.365799
-60.384548
-60.40955
-60.412674
-60.431423
-60.453293
-60.443924
-60.472046
-60.465794
-60.472046
-60.487671
-60.497044
-60.497044
-60.534546
-60.547039
-60.540794
-60.534546
-60.540794
-60.553291
-60.597038
-60.593914
-60.600166
-60.62204
-60.634541
-60.634541
-60.637665
-60.647041
-60.65641
-60.662659
-60.678284
-60.693909
-60.706409
-60.703285
-60.715786
-60.747028
-60.753281
-60.784531
-60.809528
-60.790779
-60.83453
-60.797031
-60.818905
-60.837654
-60.828281
-60.837654
-60.853275
-60.859524
-60.8689
-60.865776
-60.881401
-60.906399
-60.928276
-60.912651
-60.915775
-60.940777
-60.956394
-60.98452
-60.978271
-60.98452
-60.997021
-60.997021
-60.98452
-60.981396
-60.993896
-60.990768
-60.997021
-61.01577
-61.003269
-61.022018
-61.022018
-61.025146
-61.05014
-61.072014
-61.072014
-61.097015
-61.10014
-61.118889
-61.147011
-61.159512
-61.184509
-61.206387
-61.190762
-61.19701
-61.19701
-61.203259
-61.193886
-61.222012
-61.215759
-61.218884
-61.253254
-61.253254
-61.272007
-61.272007
-61.259506
-61.290756
-61.29388
-61.265755
-61.303257
-61.315754
-61.331379
-61.347
-61.347
-61.350124
-61.375126
-61.356377
-61.353252
-61.384502
-61.368877
-61.396999
-61.415752
-61.422001
-61.428249
-61.44075
-61.434502
-61.447002
-61.437626
-61.447002
-61.468872
-61.487621
-61.49387
-61.496994
-61.481369
-61.471996
-61.481369
-61.481369
-61.49387
-61.490746
-61.518871
-61.518871
-61.52512
-61.531372
-61.531372
-61.55949
-61.571991
-61.578239
-61.612617
-61.615742
-61.62199
-61.640739
-61.640739
-61.646992
-61.656361
-61.650112
-61.678234
-61.668861
-61.684486
-61.700111
-61.712612
-61.696987
-61.712612
-61.709484
-61.718861
-61.718861
-61.728237
-61.734486
-61.734486
-61.721985
-61.746983
-61.756355
-61.746983
-61.77198
-61.762608
-61.75948
-61.77198
-61.796982
-61.79073
-61.812607
-61.80323
-61.80323
-61.83448
-61.850101
-61.850101
-61.862602
-61.865726
-61.868851
-61.890728
-61.875103
-61.8876
-61.890728
-61.896976
-61.900101
-61.912601
-61.909477
-61.928226
-61.95322
-61.946972
-61.959473
-61.97197
-61.968845
-61.97197
-61.996971
-61.981346
-61.996971
-61.996971
-61.987595
-61.978222
-62.009472
-62.006348
-62.037598
-62.053215
-62.056343
-62.071968
-62.071968
-62.056343
-62.056343
-62.050091
-62.062592
-62.071968
-62.075092
-62.087593
-62.096966
-62.106342
-62.143841
-62.156338
-62.159462
-62.171963
-62.18446
-62.187588
-62.209461
-62.203213
-62.206337
-62.231335
-62.212585
-62.218838
-62.231335
-62.206337
-62.200085
-62.221962
-62.218838
-62.212585
-62.234463
-62.234463
-62.243835
-62.265705
-62.259457
-62.268833
-62.284458
-62.284458
-62.290707
-62.303207
-62.284458
-62.296955
-62.315708
-62.309456
-62.328205
-62.34383
-62.328205
-62.328205
-62.334457
-62.346951
-62.371952
-62.359451
-62.346951
-62.384453
-62.396954
-62.393826
-62.406326
-62.387577
-62.378201
-62.409451
-62.396954
-62.390701
-62.403202
-62.387577
-62.403202
-62.425076
-62.437576
-62.459446
-62.46257
-62.446953
-62.478195
-62.49382
-62.484447
-62.496948
-62.496948
-62.496948
-62.509445
-62.512573
-62.534447
-62.540695
-62.537571
-62.556316
-62.546944
-62.546944
-62.537571
-62.568817
-62.581318
-62.559441
-62.596943
-62.606316
-62.612568
-62.618816
-62.609444
-62.618816
-62.634441
-62.634441
-62.646942
-62.640694
-62.634441
-62.656311
-62.646942
-62.631317
-62.646942
-62.650063
-62.646942
-62.671936
-62.653187
-62.671936
-62.687561
-62.684437
-62.684437
-62.67506
-62.665688
-62.671936
-62.690685
-62.693813
-62.712563
-62.70631
-62.703186
-62.700062
-62.728188
-62.721935
-62.715687
-62.715687
-62.70631
-62.725063
-62.709438
-62.712563
-62.746933
-62.750057
-62.750057
-62.759434
-62.778183
-62.796932
-62.815681
-62.778183
-62.812557
-62.809433
-62.806309
-62.825058
-62.818806
-62.821934
-62.837559
-62.859428
-62.846931
-62.862553
-62.856304
-62.843807
-62.862553
-62.868801
-62.853176
-62.853176
-62.865677
-62.884426
-62.909428
-62.896927
-62.912552
-62.912552
-62.918804
-62.921928
-62.934429
-62.946922
-62.937553
-62.943802
-62.946922
-62.934429
-62.971924
-62.962547
-62.968796
-62.990673
-62.978172
-62.975048
-63.003174
-62.996922
-63.003174
-62.996922
-62.996922
-62.996922
-62.987549
-62.971924
-62.993797
-62.984421
-62.987549
-63.015671
-63.012547
-63.003174
-62.996922
-62.996922
-63.021923
-63.021923
-62.996922
-63.021923
-63.025047
-63.031296
-63.043797
-63.043797
-63.046921
-63.046921
-63.050041
-63.037548
-63.040672
-63.043797
-63.053169
-63.075043
-63.087543
-63.106293
-63.128166
-63.131294
-63.134418
-63.140667
-63.128166
-63.137543
-63.171913
-63.165661
-63.168789
-63.184414
-63.175037
-63.165661
-63.178162
-63.159412
-63.162537
-63.178162
-63.181286
-63.162537
-63.175037
-63.168789
-63.196911
-63.203163
-63.209412
-63.218788
-63.215664
-63.212536
-63.209412
-63.240662
-63.234413
-63.246914
-63.225037
-63.237537
-63.231289
-63.228161
-63.209412
-63.234413
-63.259407
-63.262531
-63.265659
-63.259407
-63.259407
-63.246914
-63.237537
-63.243786
-63.246914
-63.246914
-63.271908
-63.281284
-63.275032
-63.278156
-63.281284
-63.275032
-63.284409
-63.284409
-63.287533
-63.309406
-63.293781
-63.293781
-63.318783
-63.318783
-63.331284
-63.340656
-63.337532
-63.343784
-63.346905
-63.328159
-63.343784
-63.353153
-63.328159
-63.346905
-63.359402
-63.346905
-63.359402
-63.381279
-63.381279
-63.381279
-63.353153
-63.371902
-63.384403
-63.378155
-63.365654
-63.39378
-63.359402
-63.346905
-63.365654
-63.371902
-63.403152
-63.415653
-63.396904
-63.415653
-63.421902
-63.406277
-63.421902
-63.412529
-63.396904
-63.412529
-63.431278
-63.431278
-63.453148
-63.456272
-63.456272
-63.446903
-63.465649
-63.453148
-63.478149
-63.471897
-63.459396
-63.496899
-63.496899
-63.496899
-63.509399
-63.496899
-63.503147
-63.518772
-63.531273
-63.518772
-63.512524
-63.481274
-63.496899
-63.515648
-63.515648
-63.518772
-63.512524
-63.509399
-63.546894
-63.537521
-63.553143
-63.546894
-63.556267
-63.559395
-63.571892
-63.553143
-63.543774
-63.565643
-63.571892
-63.568768
-63.596893
-63.584393
-63.584393
-63.593769
-63.587517
-63.596893
-63.60627
-63.615643
-63.631268
-63.634392
-63.618767
-63.612518
-63.612518
-63.596893
-63.612518
-63.593769
-63.596893
-63.615643
-63.609394
-63.596893
-63.628143
-63.625019
-63.609394
-63.634392
-63.650013
-63.640644
-63.671886
-63.662514
-63.693764
-63.678139
-63.662514
-63.671886
-63.696888
-63.659389
-63.653137
-63.678139
-63.678139
-63.693764
-63.703136
-63.690639
-63.709389
-63.721889
-63.696888
-63.721889
-63.728138
-63.715637
-63.718761
-63.721889
-63.709389
-63.709389
-63.696888
-63.700012
-63.700012
-63.709389
-63.715637
-63.753132
-63.746883
-63.743763
-63.768757
-63.762508
-63.784382
-63.781258
-63.768757
-63.759384
-63.768757
-63.759384
-63.759384
-63.75626
-63.765633
-63.768757
-63.753132
-63.753132
-63.746883
-63.746883
-63.737514
-63.759384
-63.768757
-63.746883
-63.778133
-63.784382
-63.796883
-63.78751
-63.796883
-63.793758
-63.81876
-63.831257
-63.837509
-63.831257
-63.825008
-63.796883
-63.806259
-63.815632
-63.828133
-63.840633
-63.821884
-63.831257
-63.81876
-63.828133
-63.843758
-63.837509
-63.865627
-63.865627
-63.85313
-63.85313
-63.859379
-63.865627
-63.87188
-63.896877
-63.881252
-63.878128
-63.875004
-63.87188
-63.875004
-63.881252
-63.890629
-63.893753
-63.890629
-63.878128
-63.896877
-63.896877
-63.875004
-63.88438
-63.896877
-63.887505
-63.90313
-63.890629
-63.878128
-63.893753
-63.88438
-63.896877
-63.928127
-63.91563
-63.921879
-63.918755
-63.921879
-63.93438
-63.946873
-63.921879
-63.90313
-63.909378
-63.88438
-63.909378
-63.909378
-63.896877
-63.91563
-63.93438
-63.925003
-63.928127
-63.937504
-63.940628
-63.946873
-63.943752
-63.946873
-63.981247
-63.971874
-63.962498
-63.965622
-63.953125
-63.96875
-63.996872
-63.996872
-64.028122
-64.053116
-64.062492
-64.074997
-64.071869
-64.06562
-64.059372
-64.059372
-64.03125
-64.043747
-64.037498
-64.028122
-64.037498
-64.046875
-64.059372
-64.062492
-64.046875
-64.056244
-64.074997
-64.062492
-64.056244
-64.071869
-64.06562
-64.074997
-64.062492
-64.078117
-64.081245
-64.084366
-64.081245
-64.087494
-64.078117
-64.087494
-64.09687
-64.09687
-64.078117
-64.068741
-64.056244
-64.056244
-64.078117
-64.049995
-64.053116
-64.074997
-64.06562
-64.078117
-64.078117
-64.087494
-64.078117
-64.081245
-64.081245
-64.09687
-64.106247
-64.099991
-64.09687
-64.109367
-64.106247
-64.118744
-64.115616
-64.115616
-64.121872
-64.131241
-64.121872
-64.137497
-64.12812
-64.121872
-64.106247
-64.124992
-64.131241
-64.134369
-64.146866
-64.137497
-64.156242
-64.162491
-64.162491
-64.165611
-64.156242
-64.146866
-64.149986
-64.146866
-64.156242
-64.156242
-64.12812
-64.124992
-64.140617
-64.134369
-64.146866
-64.162491
-64.159363
-64.181236
-64.153114
-64.149986
-64.171867
-64.168739
-64.187492
-64.196861
-64.196861
-64.199989
-64.184364
-64.187492
-64.168739
-64.193741
-64.174988
-64.184364
-64.193741
-64.193741
-64.171867
-64.193741
-64.196861
-64.209366
-64.215614
-64.206238
-64.237488
-64.228111
-64.199989
-64.212486
-64.199989
-64.209366
-64.231239
-64.206238
-64.209366
-64.218742
-64.206238
-64.231239
-64.231239
-64.231239
-64.253105
-64.243736
-64.256233
-64.237488
-64.237488
-64.234367
-64.246864
-64.231239
-64.224991
-64.246864
-64.246864
-64.234367
-64.234367
-64.243736
-64.246864
-64.246864
-64.240616
-64.231239
-64.246864
-64.228111
-64.246864
-64.259361
-64.259361
-64.259361
-64.259361
-64.26561
-64.274986
-64.271858
-64.274986
-64.274986
-64.284355
-64.274986
-64.293732
-64.29686
-64.26561
-64.274986
-64.256233
-64.249985
-64.274986
-64.26873
-64.26561
-64.284355
-64.274986
-64.274986
-64.281235
-64.274986
-64.259361
-64.256233
-64.249985
-64.246864
-64.271858
-64.262482
-64.284355
-64.287483
-64.26873
-64.26561
-64.287483
-64.271858
-64.293732
-64.29686
-64.26561
-64.26561
-64.253105
-64.243736
-64.259361
-64.259361
-64.256233
-64.271858
-64.271858
-64.274986
-64.284355
-64.262482
-64.246864
-64.26873
-64.253105
-64.262482
-64.284355
-64.274986
-64.290611
-64.29998
-64.278107
-64.284355
-64.293732
-64.293732
-64.29686
-64.306236
-64.29686
-64.312485
-64.33123
-64.312485
-64.321861
-64.340607
-64.340607
-64.346855
-64.343735
-64.346855
-64.337486
-64.334358
-64.32811
-64.32811
-64.33123
-64.33123
-64.321861
-64.32811
-64.32811
-64.337486
-64.321861
-64.334358
-64.346855
-64.321861
-64.346855
-64.346855
-64.32811
-64.324982
-64.321861
-64.306236
-64.32811
-64.337486
-64.32811
-64.346855
-64.340607
-64.346855
-64.343735
-64.334358
-64.318733
-64.340607
-64.32811
-64.334358
-64.346855
-64.356232
-64.36248
-64.381226
-64.390602
-64.399979
-64.39373
-64.359352
-64.36248
-64.365601
-64.346855
-64.343735
-64.349976
-64.349976
-64.368729
-64.359352
-64.371857
-64.378105
-64.39373
-64.39373
-64.384354
-64.384354
-64.368729
-64.384354
-64.368729
-64.368729
-64.371857
-64.387482
-64.384354
-64.396851
-64.390602
-64.396851
-64.399979
-64.403107
-64.415604
-64.403107
-64.384354
-64.374977
-64.39373
-64.403107
-64.428101
-64.412476
-64.428101
-64.446854
-64.446854
-64.437477
-64.431229
-64.434357
-64.418732
-64.428101
-64.406227
-64.412476
-64.437477
-64.403107
-64.406227
-64.421852
-64.418732
-64.418732
-64.443726
-64.434357
-64.421852
-64.412476
-64.39373
-64.39373
-64.390602
-64.359352
-64.406227
-64.390602
-64.412476
-64.437477
-64.42498
-64.406227
-64.406227
-64.406227
-64.39373
-64.403107
-64.406227
-64.418732
-64.440605
-64.449974
-64.468727
-64.478096
-64.481224
-64.471848
-64.468727
-64.465599
-64.465599
-64.468727
-64.449974
-64.456223
-64.449974
-64.412476
-64.409355
-64.412476
-64.403107
-64.421852
-64.434357
-64.434357
-64.437477
-64.446854
-64.443726
-64.449974
-64.440605
-64.446854
-64.490601
-64.496849
-64.484352
-64.496849
-64.484352
-64.481224
-64.484352
-64.465599
-64.496849
-64.481224
-64.471848
-64.468727
-64.465599
-64.478096
-64.474976
-64.478096
-64.481224
-64.496849
-64.496849
-64.490601
-64.496849
-64.481224
-64.474976
-64.468727
-64.459351
-64.478096
-64.484352
-64.478096
-64.496849
-64.509346
-64.515602
-64.499977
-64.499977
-64.481224
-64.496849
-64.503098
-64.496849
-64.503098
-64.490601
-64.493721
-64.493721
-64.496849
-64.503098
-64.496849
-64.487473
-64.471848
-64.484352
-64.487473
-64.490601
-64.512474
-64.496849
-64.509346
-64.503098
-64.496849
-64.478096
-64.487473
-64.471848
-64.493721
-64.499977
-64.478096
-64.487473
-64.471848
-64.484352
-64.481224
-64.493721
-64.465599
-64.474976
-64.474976
-64.468727
-64.487473
-64.487473
-64.493721
-64.521851
-64.503098
-64.496849
-64.487473
-64.478096
-64.459351
-64.468727
-64.481224
-64.484352
-64.474976
-64.478096
-64.496849
-64.496849
-64.487473
-64.493721
-64.496849
-64.478096
-64.481224
-64.490601
-64.456223
-64.478096
-64.474976
-64.493721
-64.518723
-64.496849
-64.499977
-64.496849
-64.496849
-64.496849
-64.509346
-64.506226
-64.490601
-64.490601
-64.481224
-64.484352
-64.487473
-64.490601
-64.493721
-64.490601
-64.478096
-64.493721
-64.499977
-64.496849
-64.496849
-64.515602
-64.503098
-64.518723
-64.515602
-64.496849
-64.512474
-64.512474
-64.524971
-64.524971
-64.537476
-64.518723
-64.521851
-64.503098
-64.499977
-64.515602
-64.490601
-64.503098
-64.503098
-64.484352
-64.496849
-64.481224
-64.484352
-64.496849
-64.499977
-64.496849
-64.512474
-64.496849
-64.499977
-64.503098
-64.487473
-64.478096
-64.503098
-64.496849
-64.503098
-64.512474
-64.509346
-64.496849
-64.528099
-64.534348
-64.537476
-64.546844
-64.521851
-64.534348
-64.546844
-64.540596
-64.540596
-64.524971
-64.496849
-64.518723
-64.496849
-64.487473
-64.496849
-64.506226
-64.496849
-64.506226
-64.493721
-64.481224
-64.478096
-64.474976
-64.493721
-64.496849
-64.490601
-64.503098
-64.512474
-64.515602
-64.528099
-64.559341
-64.546844
-64.528099
-64.521851
-64.512474
-64.512474
-64.499977
-64.490601
-64.503098
-64.506226
-64.509346
-64.531227
-64.537476
-64.524971
-64.521851
-64.524971
-64.521851
-64.537476
-64.534348
-64.506226
-64.509346
-64.518723
-64.537476
-64.546844
-64.518723
-64.518723
-64.509346
-64.496849
-64.509346
-64.521851
-64.531227
-64.546844
-64.543724
-64.524971
-64.537476
-64.537476
-64.534348
-64.565598
-64.562469
-64.537476
-64.543724
-64.549973
-64.521851
-64.540596
-64.512474
-64.534348
-64.546844
-64.540596
-64.543724
-64.543724
-64.540596
-64.543724
-64.549973
-64.553093
-64.546844
-64.556221
-64.528099
-64.531227
-64.537476
-64.515602
-64.521851
-64.521851
-64.512474
-64.503098
-64.493721
-64.509346
-64.534348
-64.534348
-64.515602
-64.531227
-64.515602
-64.528099
-64.518723
-64.499977
-64.503098
-64.515602
-64.484352
-64.478096
-64.484352
-64.481224
-64.478096
-64.496849
-64.493721
-64.503098
-64.490601
-64.493721
-64.509346
-64.512474
-64.496849
-64.496849
-64.499977
-64.518723
-64.496849
-64.487473
-64.465599
-64.487473
-64.506226
-64.490601
-64.515602
-64.512474
-64.531227
-64.521851
-64.509346
-64.499977
-64.515602
-64.518723
-64.521851
-64.518723
-64.512474
-64.512474
-64.515602
-64.484352
-64.496849
-64.484352
-64.462471
-64.487473
-64.493721
-64.496849
-64.521851
-64.528099
-64.521851
-64.540596
-64.515602
-64.515602
-64.521851
-64.503098
-64.506226
-64.506226
-64.512474
-64.524971
-64.528099
-64.528099
-64.528099
-64.528099
-64.518723
-64.528099
-64.521851
-64.506226
-64.503098
-64.496849
-64.496849
-64.506226
-64.484352
-64.481224
-64.484352
-64.465599
-64.487473
-64.496849
-64.506226
-64.496849
-64.531227
-64.534348
-64.531227
-64.521851
-64.509346
-64.531227
-64.546844
-64.534348
-64.559341
-64.546844
-64.528099
-64.534348
-64.543724
-64.518723
-64.543724
-64.534348
-64.537476
-64.574966
-64.559341
-64.559341
-64.546844
-64.556221
-64.568718
-64.568718
-64.562469
-64.556221
-64.581223
-64.553093
-64.549973
-64.546844
-64.546844
-64.546844
-64.556221
-64.531227
-64.534348
-64.556221
-64.546844
-64.556221
-64.546844
-64.537476
-64.537476
-64.531227
-64.546844
-64.546844
-64.546844
-64.549973
-64.553093
-64.553093
-64.546844
-64.531227
-64.546844
-64.546844
-64.540596
-64.521851
-64.534348
-64.546844
-64.531227
-64.531227
-64.540596
-64.518723
-64.543724
-64.543724
-64.543724
-64.546844
-64.540596
-64.528099
-64.528099
-64.524971
-64.528099
-64.531227
-64.518723
-64.490601
-64.531227
-64.528099
-64.528099
-64.543724
-64.518723
-64.531227
-64.543724
-64.540596
-64.556221
-64.546844
-64.549973
-64.556221
-64.581223
-64.587471
-64.590591
-64.574966
-64.571846
-64.578094
-64.559341
-64.556221
-64.559341
-64.543724
-64.549973
-64.565598
-64.553093
-64.574966
-64.581223
-64.593719
-64.596848
-64.590591
-64.556221
-64.559341
-64.565598
-64.546844
-64.553093
-64.546844
-64.543724
-64.543724
-64.553093
-64.549973
-64.553093
-64.565598
-64.537476
-64.546844
-64.549973
-64.553093
-64.553093
-64.553093
-64.546844
-64.565598
-64.559341
-64.546844
-64.546844
-64.553093
-64.543724
-64.571846
-64.571846
-64.559341
-64.556221
-64.556221
-64.549973
-64.568718
-64.556221
-64.546844
-64.556221
-64.574966
-64.556221
-64.571846
-64.553093
-64.568718
-64.571846
-64.556221
-64.553093
-64.534348
-64.543724
-64.546844
-64.509346
-64.506226
-64.524971
-64.509346
-64.518723
-64.531227
-64.509346
-64.515602
-64.534348
-64.524971
-64.540596
-64.524971
-64.528099
-64.543724
-64.546844
-64.528099
-64.528099
-64.543724
-64.540596
-64.546844
-64.537476
-64.531227
-64.528099
-64.540596
-64.540596
-64.556221
-64.537476
-64.524971
-64.549973
-64.553093
-64.546844
-64.546844
-64.540596
-64.540596
-64.521851
-64.512474
-64.506226
-64.503098
-64.496849
-64.490601
-64.499977
-64.487473
-64.512474
-64.515602
-64.499977
-64.528099
-64.515602
-64.503098
-64.509346
-64.503098
-64.490601
-64.512474
-64.496849
-64.503098
-64.512474
-64.503098
-64.503098
-64.506226
-64.496849
-64.484352
-64.509346
-64.493721
-64.484352
-64.484352
-64.474976
-64.481224
-64.512474
-64.506226
-64.506226
-64.493721
-64.478096
-64.493721
-64.496849
-64.490601
-64.493721
-64.487473
-64.478096
-64.487473
-64.490601
-64.496849
-64.521851
-64.487473
-64.503098
-64.518723
-64.496849
-64.503098
-64.515602
-64.534348
-64.528099
-64.528099
-64.515602
-64.543724
-64.559341
-64.553093
-64.571846
-64.565598
-64.543724
-64.553093
-64.559341
-64.540596
-64.543724
-64.543724
-64.534348
-64.549973
-64.543724
-64.518723
-64.534348
-64.512474
-64.503098
-64.524971
-64.521851
-64.528099
-64.540596
-64.543724
-64.540596
-64.562469
-64.559341
-64.546844
-64.543724
-64.553093
-64.559341
-64.553093
-64.549973
-64.546844
-64.562469
-64.546844
-64.571846
-64.562469
-64.556221
-64.593719
-64.590591
-64.587471
-64.578094
-64.568718
-64.565598
-64.590591
-64.571846
-64.574966
-64.593719
-64.574966
-64.587471
-64.574966
-64.559341
-64.553093
-64.562469
-64.571846
-64.574966
-64.574966
-64.578094
-64.553093
-64.568718
-64.562469
-64.565598
-64.559341
-64.546844
-64.546844
-64.531227
-64.518723
-64.531227
-64.509346
-64.528099
-64.534348
-64.534348
-64.559341
-64.553093
-64.549973
-64.549973
-64.568718
-64.574966
-64.584343
-64.593719
-64.571846
-64.565598
-64.531227
-64.518723
-64.518723
-64.512474
-64.515602
-64.546844
-64.540596
-64.524971
-64.528099
-64.521851
-64.512474
-64.524971
-64.512474
-64.512474
-64.518723
-64.509346
-64.515602
-64.518723
-64.524971
-64.531227
-64.531227
-64.506226
-64.515602
-64.515602
-64.509346
-64.515602
-64.509346
-64.499977
-64.503098
-64.499977
-64.512474
-64.512474
-64.503098
-64.512474
-64.521851
-64.518723
-64.521851
-64.546844
-64.528099
-64.528099
-64.512474
-64.496849
-64.493721
-64.496849
-64.478096
-64.471848
-64.493721
-64.478096
-64.499977
-64.512474
-64.503098
-64.518723
-64.521851
-64.515602
-64.543724
-64.540596
-64.515602
-64.512474
-64.496849
-64.512474
-64.506226
-64.499977
-64.503098
-64.506226
-64.496849
-64.490601
-64.484352
-64.456223
-64.462471
-64.487473
-64.474976
-64.474976
-64.496849
-64.487473
-64.481224
-64.490601
-64.468727
-64.493721
-64.496849
-64.484352
-64.493721
-64.490601
-64.481224
-64.487473
-64.493721
-64.478096
-64.496849
-64.481224
-64.512474
-64.524971
-64.499977
-64.484352
-64.490601
-64.484352
-64.468727
-64.481224
-64.465599
-64.471848
-64.490601
-64.493721
-64.512474
-64.521851
-64.496849
-64.496849
-64.496849
-64.503098
-64.518723
-64.503098
-64.496849
-64.496849
-64.496849
-64.496849
-64.528099
-64.509346
-64.518723
-64.506226
-64.493721
-64.490601
-64.496849
-64.478096
-64.484352
-64.484352
-64.478096
-64.493721
-64.468727
-64.468727
-64.449974
-64.446854
-64.446854
-64.468727
-64.453102
-64.440605
-64.446854
-64.453102
-64.459351
-64.478096
-64.446854
-64.459351
-64.449974
-64.449974
-64.471848
-64.474976
-64.474976
-64.481224
-64.487473
-64.487473
-64.490601
-64.474976
-64.468727
-64.465599
-64.453102
-64.434357
-64.456223
-64.462471
-64.446854
-64.446854
-64.440605
-64.440605
-64.449974
-64.449974
-64.443726
-64.474976
-64.446854
-64.449974
-64.449974
-64.446854
-64.456223
-64.462471
-64.446854
-64.446854
-64.462471
-64.453102
-64.478096
-64.468727
-64.446854
-64.446854
-64.459351
-64.428101
-64.446854
-64.431229
-64.412476
-64.431229
-64.437477
-64.434357
-64.437477
-64.440605
-64.434357
-64.449974
-64.449974
-64.462471
-64.449974
-64.446854
-64.440605
-64.459351
-64.443726
-64.443726
-64.440605
-64.418732
-64.434357
-64.440605
-64.428101
-64.434357
-64.443726
-64.440605
-64.446854
-64.465599
-64.446854
-64.459351
-64.456223
-64.449974
-64.474976
-64.456223
-64.468727
-64.490601
-64.471848
-64.478096
-64.484352
-64.487473
-64.474976
-64.478096
-64.453102
-64.446854
-64.446854
-64.443726
-64.456223
-64.459351
-64.456223
-64.465599
-64.465599
-64.440605
-64.446854
-64.431229
-64.415604
-64.412476
-64.406227
-64.399979
-64.415604
-64.421852
-64.42498
-64.440605
-64.421852
-64.415604
-64.428101
-64.406227
-64.403107
-64.387482
-64.384354
-64.396851
-64.412476
-64.415604
-64.418732
-64.415604
-64.39373
-64.399979
-64.409355
-64.396851
-64.412476
-64.406227
-64.412476
-64.409355
-64.403107
-64.390602
-64.406227
-64.412476
-64.412476
-64.412476
-64.399979
-64.399979
-64.399979
-64.412476
-64.399979
-64.399979
-64.387482
-64.399979
-64.428101
-64.406227
-64.403107
-64.428101
-64.409355
-64.415604
-64.421852
-64.399979
-64.412476
-64.428101
-64.415604
-64.421852
-64.42498
-64.409355
-64.431229
-64.443726
-64.421852
-64.453102
-64.459351
-64.440605
-64.449974
-64.437477
-64.428101
-64.421852
-64.390602
-64.387482
-64.390602
-64.368729
-64.387482
-64.390602
-64.384354
-64.387482
-64.356232
-64.346855
-64.346855
-64.346855
-64.337486
-64.318733
-64.318733
-64.315605
-64.356232
-64.346855
-64.340607
-64.356232
-64.346855
-64.368729
-64.384354
-64.396851
-64.406227
-64.415604
-64.412476
-64.403107
-64.406227
-64.399979
-64.396851
-64.396851
-64.371857
-64.384354
-64.390602
-64.381226
-64.381226
-64.390602
-64.387482
-64.406227
-64.406227
-64.390602
-64.415604
-64.412476
-64.42498
-64.428101
-64.418732
-64.415604
-64.440605
-64.437477
-64.415604
-64.449974
-64.434357
-64.446854
-64.437477
-64.415604
-64.403107
-64.406227
-64.412476
-64.399979
-64.418732
-64.384354
-64.412476
-64.399979
-64.378105
-64.384354
-64.374977
-64.374977
-64.390602
-64.374977
-64.365601
-64.378105
-64.365601
-64.346855
-64.349976
-64.340607
-64.371857
-64.387482
-64.378105
-64.346855
-64.359352
-64.324982
-64.343735
-64.346855
-64.356232
-64.36248
-64.356232
-64.346855
-64.359352
-64.365601
-64.349976
-64.346855
-64.346855
-64.337486
-64.343735
-64.346855
-64.346855
-64.359352
-64.349976
-64.346855
-64.36248
-64.371857
-64.349976
-64.349976
-64.340607
-64.315605
-64.33123
-64.318733
-64.340607
-64.337486
-64.321861
-64.337486
-64.334358
-64.318733
-64.321861
-64.321861
-64.309357
-64.324982
-64.32811
-64.33123
-64.309357
-64.303108
-64.324982
-64.337486
-64.337486
-64.337486
-64.334358
-64.318733
-64.318733
-64.315605
-64.318733
-64.334358
-64.321861
-64.312485
-64.303108
-64.312485
-64.29686
-64.312485
-64.303108
-64.293732
-64.293732
-64.306236
-64.312485
-64.337486
-64.337486
-64.324982
-64.337486
-64.33123
-64.32811
-64.340607
-64.334358
-64.343735
-64.334358
-64.33123
-64.340607
-64.337486
-64.343735
-64.353104
-64.346855
-64.32811
-64.315605
-64.315605
-64.321861
-64.337486
-64.32811
-64.321861
-64.32811
-64.343735
-64.324982
-64.343735
-64.343735
-64.337486
-64.32811
-64.346855
-64.346855
-64.371857
-64.340607
-64.334358
-64.324982
-64.321861
-64.324982
-64.321861
-64.33123
-64.346855
-64.346855
-64.324982
-64.334358
-64.340607
-64.324982
-64.33123
-64.334358
-64.306236
-64.321861
-64.315605
-64.287483
-64.290611
-64.293732
-64.274986
-64.284355
-64.287483
-64.293732
-64.29998
-64.29686
-64.293732
-64.312485
-64.29686
-64.287483
-64.290611
-64.271858
-64.26873
-64.278107
-64.281235
-64.306236
-64.290611
-64.281235
-64.293732
-64.284355
-64.29998
-64.306236
-64.306236
-64.287483
-64.293732
-64.29686
-64.284355
-64.287483
-64.278107
-64.281235
-64.29686
-64.29686
-64.29998
-64.29686
-64.271858
-64.284355
-64.271858
-64.262482
-64.262482
-64.271858
-64.262482
-64.287483
-64.284355
-64.303108
-64.321861
-64.321861
-64.303108
-64.309357
-64.274986
-64.281235
-64.278107
-64.26561
-64.262482
-64.26561
-64.271858
-64.246864
-64.26873
-64.262482
-64.262482
-64.259361
-64.246864
-64.243736
-64.246864
-64.243736
-64.234367
-64.259361
-64.240616
-64.231239
-64.237488
-64.228111
-64.249985
-64.259361
-64.243736
-64.253105
-64.259361
-64.246864
-64.249985
-64.243736
-64.237488
-64.262482
-64.249985
-64.246864
-64.278107
-64.271858
-64.278107
-64.26561
-64.26561
-64.281235
-64.26873
-64.271858
-64.26561
-64.253105
-64.237488
-64.246864
-64.249985
-64.234367
-64.262482
-64.278107
-64.262482
-64.278107
-64.278107
-64.249985
-64.26873
-64.259361
-64.256233
-64.253105
-64.237488
-64.243736
-64.240616
-64.246864
-64.240616
-64.237488
-64.228111
-64.224991
-64.243736
-64.246864
-64.246864
-64.246864
-64.246864
-64.246864
-64.246864
-64.234367
-64.246864
-64.246864
-64.246864
-64.246864
-64.26561
-64.246864
-64.262482
-64.253105
-64.249985
-64.253105
-64.262482
-64.246864
-64.237488
-64.221863
-64.209366
-64.212486
-64.206238
-64.187492
-64.187492
-64.193741
-64.187492
-64.212486
-64.196861
-64.206238
-64.224991
-64.196861
-64.218742
-64.203117
-64.209366
-64.215614
-64.206238
-64.196861
-64.215614
-64.196861
-64.212486
-64.206238
-64.190613
-64.196861
-64.203117
-64.190613
-64.171867
-64.187492
-64.196861
-64.193741
-64.199989
-64.199989
-64.203117
-64.212486
-64.206238
-64.209366
-64.212486
-64.181236
-64.199989
-64.199989
-64.184364
-64.171867
-64.174988
-64.159363
-64.168739
-64.187492
-64.193741
-64.212486
-64.199989
-64.184364
-64.168739
-64.153114
-64.149986
-64.146866
-64.134369
-64.149986
-64.153114
-64.12812
-64.109367
-64.131241
-64.134369
-64.156242
-64.165611
-64.171867
-64.159363
-64.168739
-64.165611
-64.184364
-64.168739
-64.171867
-64.171867
-64.146866
-64.156242
-64.171867
-64.165611
-64.162491
-64.171867
-64.178116
-64.168739
-64.181236
-64.171867
-64.162491
-64.190613
-64.162491
-64.159363
-64.168739
-64.146866
-64.137497
-64.140617
-64.146866
-64.146866
-64.149986
-64.146866
-64.143745
-64.121872
-64.118744
-64.121872
-64.134369
-64.149986
-64.134369
-64.143745
-64.146866
-64.156242
-64.140617
-64.140617
-64.149986
-64.143745
-64.12812
-64.124992
-64.118744
-64.124992
-64.131241
-64.121872
-64.140617
-64.131241
-64.134369
-64.134369
-64.118744
-64.118744
-64.12812
-64.112495
-64.112495
-64.115616
-64.106247
-64.09687
-64.099991
-64.09687
-64.090622
-64.09687
-64.090622
-64.09687
-64.103119
-64.074997
-64.049995
-64.081245
-64.078117
-64.074997
-64.090622
-64.078117
-64.093742
-64.099991
-64.090622
-64.093742
-64.084366
-64.059372
-64.074997
-64.074997
-64.068741
-64.084366
-64.084366
-64.074997
-64.06562
-64.06562
-64.059372
-64.09687
-64.09687
-64.09687
-64.09687
-64.09687
-64.087494
-64.093742
-64.09687
-64.074997
-64.071869
-64.06562
-64.071869
-64.074997
-64.071869
-64.090622
-64.106247
-64.115616
-64.118744
-64.09687
-64.09687
-64.134369
-64.112495
-64.09687
-64.134369
-64.121872
-64.106247
-64.09687
-64.090622
-64.109367
-64.118744
-64.103119
-64.099991
-64.103119
-64.09687
-64.103119
-64.09687
-64.081245
-64.078117
-64.062492
-64.071869
-64.084366
-64.059372
-64.046875
-64.078117
-64.084366
-64.09687
-64.099991
-64.106247
-64.106247
-64.099991
-64.115616
-64.106247
-64.12812
-64.106247
-64.106247
-64.115616
-64.090622
-64.087494
-64.090622
-64.06562
-64.074997
-64.090622
-64.068741
-64.093742
-64.090622
-64.071869
-64.084366
-64.09687
-64.090622
-64.09687
-64.093742
-64.103119
-64.115616
-64.118744
-64.109367
-64.118744
-64.09687
-64.071869
-64.099991
-64.084366
-64.084366
-64.093742
-64.081245
-64.09687
-64.118744
-64.124992
-64.115616
-64.134369
-64.112495
-64.137497
-64.134369
-64.121872
-64.12812
-64.140617
-64.131241
-64.109367
-64.103119
-64.112495
-64.124992
-64.118744
-64.09687
-64.099991
-64.115616
-64.106247
-64.112495
-64.09687
-64.103119
-64.099991
-64.09687
-64.106247
-64.12812
-64.115616
-64.099991
-64.090622
-64.090622
-64.084366
-64.09687
-64.074997
-64.074997
-64.084366
-64.053116
-64.078117
-64.06562
-64.06562
-64.059372
-64.046875
-64.062492
-64.087494
-64.068741
-64.046875
-64.059372
-64.056244
-64.053116
-64.081245
-64.053116
-64.059372
-64.071869
-64.062492
-64.084366
-64.090622
-64.084366
-64.084366
-64.074997
-64.068741
-64.084366
-64.081245
-64.06562
-64.06562
-64.071869
-64.049995
-64.053116
-64.037498
-64.025002
-64.03125
-64.040627
-64.056244
-64.059372
-64.046875
-64.046875
-64.074997
-64.046875
-64.040627
-64.03125
-64.018745
-64.046875
-64.049995
-64.046875
-64.062492
-64.049995
-64.059372
-64.081245
-64.071869
-64.06562
-64.071869
-64.06562
-64.081245
-64.090622
-64.087494
-64.068741
-64.071869
-64.059372
-64.056244
-64.078117
-64.09687
-64.090622
-64.09687
-64.081245
-64.090622
-64.09687
-64.068741
-64.06562
-64.06562
-64.053116
-64.059372
-64.056244
-64.040627
-64.059372
-64.046875
-64.03125
-64.046875
-64.040627
-64.015625
-64.046875
-64.043747
-64.053116
-64.046875
-64.03437
-64.049995
-64.074997
-64.059372
-64.053116
-64.062492
-64.046875
-64.059372
-64.068741
-64.049995
-64.062492
-64.06562
-64.059372
-64.059372
-64.06562
-64.068741
-64.087494
-64.074997
-64.071869
-64.078117
-64.059372
-64.087494
-64.09687
-64.084366
-64.068741
-64.071869
-64.06562
-64.056244
-64.071869
-64.059372
-64.071869
-64.053116
-64.049995
-64.056244
-64.040627
-64.03437
-64.040627
-64.040627
-64.018745
-64.046875
-64.046875
-64.046875
-64.059372
-64.046875
-64.043747
-64.056244
-64.049995
-64.046875
-64.06562
-64.053116
-64.059372
-64.062492
-64.046875
-64.037498
-64.040627
-64.018745
-64.03437
-64.040627
-64.03437
-64.018745
-64.03125
-64.00312
-64.015625
-64.015625
-64.021873
-64.037498
-64.03437
-64.009377
-64.018745
-64.021873
-64.021873
-64.028122
-64.018745
-64.018745
-64.03437
-64.006248
-64.021873
-64.03125
-64.021873
-64.015625
-64.021873
-64.018745
-64.006248
-64.021873
-64.015625
-63.996872
-63.984375
-63.993748
-64.015625
-64.006248
-63.996872
-64.018745
-64.012497
-64.009377
-63.996872
-64.015625
-64.012497
-63.996872
-64.00312
-63.996872
-63.996872
-64.00312
-64.018745
-64.009377
-64.006248
-64.009377
-64.015625
-63.990623
-63.993748
-63.993748
-64.012497
-64.009377
-64.015625
-64.015625
-64.03437
-64.025002
-64.018745
-64.012497
-64.015625
-64.025002
-64.046875
-64.040627
-64.025002
-64.018745
-64.028122
-64.009377
-64.03125
-64.018745
-64.028122
-64.009377
-63.996872
-63.996872
-64.009377
-63.996872
-63.981247
-63.996872
-63.981247
-63.996872
-63.990623
-63.990623
-64.009377
-63.996872
-63.981247
-63.996872
-63.990623
-63.984375
-64.00312
-63.996872
-64.00312
-64
-64.012497
-63.996872
-64.009377
-64.006248
-63.996872
-63.996872
-63.996872
-63.996872
-64.012497
-64.012497
-64.03125
-64.025002
-64.012497
-64.03125
-64.021873
-63.987499
-63.987499
-64.009377
-64.009377
-64.043747
-64.028122
-64.015625
-64.03437
-64.043747
-64.03125
-64.046875
-64.03125
-64.03125
-64.03437
-64.040627
-64.040627
-64.037498
-64.028122
-64.028122
-63.996872
-64.006248
-64.018745
-64.009377
-64.012497
-64.006248
-64.012497
-64.006248
-64.015625
-64.012497
-64.021873
-64.018745
-64.015625
-64.015625
-64.03437
-64.00312
-64.006248
-63.996872
-63.996872
-64.018745
-64.006248
-63.996872
-63.987499
-63.990623
-63.996872
-63.987499
-63.996872
-63.984375
-63.981247
-63.981247
-63.978123
-63.984375
-63.993748
-63.981247
-63.996872
-63.996872
-63.996872
-63.996872
-63.993748
-63.990623
-63.996872
-63.978123
-63.974998
-63.996872
-63.984375
-63.996872
-63.996872
-63.965622
-63.978123
-63.959373
-63.962498
-63.987499
-63.996872
-63.978123
-63.993748
-63.996872
-63.996872
-64.018745
-64.028122
-63.996872
-64.012497
-64.018745
-64.006248
-64.009377
-63.996872
-63.996872
-63.996872
-63.987499
-63.990623
-63.996872
-63.996872
-63.996872
-63.996872
-63.981247
-63.996872
-63.996872
-63.984375
-63.96875
-63.984375
-63.971874
-63.96875
-63.978123
-63.978123
-63.987499
-63.993748
-63.96875
-63.956249
-63.96875
-63.946873
-63.953125
-63.946873
-63.965622
-63.984375
-63.965622
-63.971874
-63.96875
-63.946873
-63.978123
-63.990623
-63.971874
-63.981247
-63.996872
-63.996872
-64.015625
-64.03125
-64.012497
-64.012497
-64.03437
-64.03125
-63.996872
-64.009377
-64.012497
-64.015625
-64.009377
-64.025002
-64.028122
-63.987499
-63.984375
-63.996872
-63.996872
-63.993748
-63.996872
-63.984375
-64.00312
-64.018745
-63.996872
-64.00312
-63.996872
-63.990623
-63.993748
-63.990623
-63.981247
-63.990623
-63.996872
-63.981247
-64.009377
-64.012497
-64.006248
-64.006248
-63.996872
-63.990623
-63.996872
-63.996872
-63.996872
-63.996872
-63.996872
-64.028122
-64.03125
-64.028122
-64.03125
-64.046875
-64.028122
-64.028122
-64.037498
-64.040627
-64.018745
-64.037498
-63.996872
-64.015625
-64.012497
-64.006248
-64.006248
-63.996872
-64.012497
-64.021873
-64.012497
-64.018745
-64.025002
-64.03125
-64.046875
-64.056244
-64.046875
-64.046875
-64.062492
-64.046875
-64.046875
-64.040627
-64.040627
-64.037498
-64.046875
-64.015625
-64.025002
-64.028122
-63.990623
-63.996872
-64.028122
-64.043747
-64.053116
-64.049995
-64.046875
-64.049995
-64.018745
-64.015625
-64.009377
-64.012497
-64.006248
-64.03437
-64.03125
-64.03437
-64.037498
-64.012497
-64.018745
-64.028122
-64.018745
-64.021873
-64.018745
-64.015625
-64.028122
-64.040627
-64.021873
-64.009377
-64.025002
-64.028122
-64.03437
-64.03437
-64.028122
-64.03437
-64.028122
-64.03125
-64.046875
-64.043747
-64.046875
-64.062492
-64.06562
-64.03437
-64.059372
-64.049995
-64.046875
-64.056244
-64.043747
-64.043747
-64.040627
-64.037498
-64.046875
-64.053116
-64.03437
-64.018745
-64.03125
-64.015625
-64.009377
-64.018745
-63.996872
-64.009377
-64.006248
-63.993748
-63.996872
-63.996872
-64.00312
-64.028122
-64.028122
-64.028122
-64.03125
-64.021873
-64.025002
-64.021873
-64.028122
-64.009377
-64.03125
-64.03437
-64.03125
-64.037498
-64.03437
-64.03125
-64.053116
-64.015625
-64.03437
-64.03125
-64.043747
-64.046875
-64.053116
-64.049995
-64.056244
-64.056244
-64.049995
-64.059372
-64.071869
-64.056244
-64.071869
-64.059372
-64.037498
-64.037498
-64.043747
-64.040627
-64.062492
-64.046875
-64.056244
-64.056244
-64.046875
-64.053116
-64.040627
-64.03125
-64.046875
-64.03125
-64.046875
-64.046875
-64.037498
-64.043747
-64.046875
-64.056244
-64.046875
-64.068741
-64.053116
-64.046875
-64.037498
-64.043747
-64.040627
-64.071869
-64.053116
-64.06562
-64.068741
-64.056244
-64.062492
-64.084366
-64.043747
-64.071869
-64.046875
-64.028122
-64.03125
-64.043747
-64.025002
-64.053116
-64.06562
-64.059372
-64.081245
-64.068741
-64.078117
-64.084366
-64.074997
-64.06562
-64.071869
-64.087494
-64.062492
-64.071869
-64.046875
-64.046875
-64.040627
-64.021873
-64.015625
-64.03437
-64.028122
-64.046875
-64.053116
-64.03125
-64.043747
-64.059372
-64.053116
-64.068741
-64.078117
-64.074997
-64.068741
-64.06562
-64.053116
-64.062492
-64.049995
-64.03125
-64.056244
-64.043747
-64.046875
-64.059372
-64.068741
-64.071869
-64.078117
-64.049995
-64.084366
-64.09687
-64.078117
-64.068741
-64.059372
-64.06562
-64.068741
-64.074997
-64.062492
-64.081245
-64.053116
-64.059372
-64.078117
-64.06562
-64.074997
-64.078117
-64.06562
-64.056244
-64.090622
-64.081245
-64.099991
-64.09687
-64.093742
-64.090622
-64.112495
-64.109367
-64.106247
-64.106247
-64.090622
-64.090622
-64.09687
-64.071869
-64.071869
-64.078117
-64.059372
-64.090622
-64.093742
-64.09687
-64.09687
-64.09687
-64.084366
-64.084366
-64.068741
-64.081245
-64.081245
-64.084366
-64.087494
-64.09687
-64.09687
-64.090622
-64.087494
-64.078117
-64.084366
-64.087494
-64.099991
-64.09687
-64.103119
-64.099991
-64.121872
-64.112495
-64.109367
-64.121872
-64.131241
-64.131241
-64.124992
-64.112495
-64.106247
-64.115616
-64.09687
-64.106247
-64.099991
-64.106247
-64.093742
-64.071869
-64.074997
-64.059372
-64.053116
-64.043747
-64.056244
-64.049995
-64.046875
-64.06562
-64.06562
-64.053116
-64.043747
-64.046875
-64.040627
-64.046875
-64.03437
-64.043747
-64.049995
-64.03125
-64.043747
-64.059372
-64.056244
-64.068741
-64.056244
-64.053116
-64.06562
-64.074997
-64.056244
-64.062492
-64.06562
-64.043747
-64.071869
-64.068741
-64.071869
-64.084366
-64.090622
-64.071869
-64.062492
-64.049995
-64.043747
-64.062492
-64.059372
-64.068741
-64.081245
-64.071869
-64.06562
-64.078117
-64.093742
-64.115616
-64.12812
-64.099991
-64.090622
-64.081245
-64.078117
-64.084366
-64.071869
-64.049995
-64.074997
-64.068741
-64.06562
-64.062492
-64.046875
-64.03125
-64.046875
-64.046875
-64.046875
-64.081245
-64.081245
-64.059372
-64.049995
-64.043747
-64.046875
-64.049995
-64.040627
-64.040627
-64.03125
-64.03125
-64.046875
-64.06562
-64.056244
-64.084366
-64.068741
-64.06562
-64.087494
-64.084366
-64.053116
-64.074997
-64.084366
-64.093742
-64.103119
-64.09687
-64.118744
-64.112495
-64.093742
-64.084366
-64.09687
-64.093742
-64.099991
-64.106247
-64.087494
-64.09687
-64.093742
-64.06562
-64.084366
-64.084366
-64.084366
-64.078117
-64.087494
-64.078117
-64.068741
-64.062492
-64.056244
-64.046875
-64.056244
-64.046875
-64.071869
-64.084366
-64.062492
-64.062492
-64.059372
-64.071869
-64.087494
-64.056244
-64.090622
-64.090622
-64.078117
-64.06562
-64.084366
-64.053116
-64.049995
-64.062492
-64.037498
-64.037498
-64.049995
-64.037498
-64.040627
-64.049995
-64.040627
-64.043747
-64.040627
-64.018745
-64.046875
-64.028122
-64.025002
-64.049995
-64.028122
-64.03437
-64.046875
-64.053116
-64.046875
-64.06562
-64.049995
-64.046875
-64.059372
-64.084366
-64.09687
-64.099991
-64.090622
-64.087494
-64.090622
-64.074997
-64.087494
-64.081245
-64.068741
-64.071869
-64.078117
-64.06562
-64.071869
-64.078117
-64.071869
-64.093742
-64.059372
-64.071869
-64.099991
-64.103119
-64.103119
-64.118744
-64.112495
-64.121872
-64.112495
-64.109367
-64.124992
-64.112495
-64.090622
-64.109367
-64.118744
-64.124992
-64.12812
-64.118744
-64.099991
-64.124992
-64.121872
-64.106247
-64.106247
-64.099991
-64.09687
-64.09687
-64.093742
-64.109367
-64.118744
-64.109367
-64.109367
-64.118744
-64.118744
-64.115616
-64.124992
-64.09687
-64.109367
-64.109367
-64.118744
-64.124992
-64.112495
-64.093742
-64.099991
-64.087494
-64.081245
-64.090622
-64.09687
-64.081245
-64.103119
-64.109367
-64.099991
-64.106247
-64.106247
-64.099991
-64.137497
-64.118744
-64.115616
-64.131241
-64.109367
-64.103119
-64.115616
-64.112495
-64.099991
-64.084366
-64.078117
-64.090622
-64.109367
-64.109367
-64.09687
-64.106247
-64.106247
-64.118744
-64.12812
-64.109367
-64.143745
-64.134369
-64.12812
-64.140617
-64.140617
-64.140617
-64.159363
-64.143745
-64.131241
-64.143745
-64.12812
-64.134369
-64.137497
-64.134369
-64.137497
-64.124992
-64.131241
-64.124992
-64.143745
-64.112495
-64.121872
-64.121872
-64.109367
-64.109367
-64.121872
-64.124992
-64.149986
-64.134369
-64.12812
-64.134369
-64.140617
-64.12812
-64.12812
-64.118744
-64.115616
-64.121872
-64.109367
-64.093742
-64.09687
-64.084366
-64.084366
-64.09687
-64.093742
-64.084366
-64.09687
-64.09687
-64.109367
-64.112495
-64.106247
-64.118744
-64.121872
-64.112495
-64.112495
-64.09687
-64.068741
-64.093742
-64.078117
-64.109367
-64.099991
-64.099991
-64.121872
-64.121872
-64.131241
-64.112495
-64.124992
-64.093742
-64.106247
-64.124992
-64.124992
-64.143745
-64.137497
-64.115616
-64.146866
-64.137497
-64.146866
-64.137497
-64.140617
-64.109367
-64.124992
-64.12812
-64.112495
-64.12812
-64.106247
-64.106247
-64.109367
-64.115616
-64.12812
-64.12812
-64.115616
-64.12812
-64.143745
-64.134369
-64.134369
-64.140617
-64.115616
-64.121872
-64.118744
-64.118744
-64.12812
-64.137497
-64.131241
-64.121872
-64.115616
-64.115616
-64.115616
-64.106247
-64.09687
-64.121872
-64.112495
-64.118744
-64.140617
-64.12812
-64.115616
-64.118744
-64.118744
-64.109367
-64.106247
-64.106247
-64.106247
-64.106247
-64.078117
-64.081245
-64.087494
-64.078117
-64.09687
-64.093742
-64.071869
-64.093742
-64.09687
-64.09687
-64.099991
-64.09687
-64.109367
-64.137497
-64.146866
-64.146866
-64.156242
-64.137497
-64.143745
-64.162491
-64.149986
-64.153114
-64.149986
-64.137497
-64.12812
-64.121872
-64.106247
-64.115616
-64.115616
-64.109367
-64.124992
-64.124992
-64.118744
-64.134369
-64.131241
-64.109367
-64.137497
-64.103119
-64.106247
-64.109367
-64.099991
-64.103119
-64.106247
-64.09687
-64.103119
-64.121872
-64.09687
-64.109367
-64.12812
-64.115616
-64.112495
-64.118744
-64.106247
-64.109367
-64.09687
-64.09687
-64.115616
-64.121872
-64.118744
-64.140617
-64.140617
-64.131241
-64.121872
-64.115616
-64.112495
-64.103119
-64.099991
-64.118744
-64.12812
-64.115616
-64.115616
-64.140617
-64.162491
-64.146866
-64.143745
-64.134369
-64.146866
-64.134369
-64.121872
-64.134369
-64.131241
-64.106247
-64.12812
-64.099991
-64.09687
-64.131241
-64.12812
-64.140617
-64.140617
-64.109367
-64.099991
-64.099991
-64.093742
-64.093742
-64.115616
-64.093742
-64.084366
-64.09687
-64.071869
-64.084366
-64.087494
-64.099991
-64.124992
-64.143745
-64.09687
-64.115616
-64.109367
-64.109367
-64.118744
-64.115616
-64.118744
-64.121872
-64.118744
-64.099991
-64.09687
-64.081245
-64.074997
-64.071869
-64.059372
-64.043747
-64.053116
-64.056244
-64.046875
-64.046875
-64.053116
-64.043747
-64.037498
-64.046875
-64.090622
-64.090622
-64.084366
-64.09687
-64.093742
-64.090622
-64.071869
-64.046875
-64.040627
-64.049995
-64.046875
-64.046875
-64.053116
-64.074997
-64.06562
-64.06562
-64.053116
-64.059372
-64.056244
-64.06562
-64.081245
-64.090622
-64.074997
-64.078117
-64.071869
-64.071869
-64.090622
-64.09687
-64.078117
-64.081245
-64.093742
-64.078117
-64.09687
-64.09687
-64.090622
-64.109367
-64.106247
-64.09687
-64.112495
-64.084366
-64.078117
-64.090622
-64.06562
-64.068741
-64.084366
-64.09687
-64.099991
-64.103119
-64.09687
-64.093742
-64.099991
-64.09687
-64.112495
-64.078117
-64.078117
-64.062492
-64.059372
-64.046875
-64.062492
-64.081245
-64.09687
-64.112495
-64.103119
-64.084366
-64.099991
-64.084366
-64.074997
-64.074997
-64.093742
-64.09687
-64.112495
-64.09687
-64.084366
-64.084366
-64.06562
-64.056244
-64.049995
-64.046875
-64.053116
-64.053116
-64.046875
-64.053116
-64.06562
-64.06562
-64.056244
-64.062492
-64.049995
-64.06562
-64.056244
-64.062492
-64.068741
-64.062492
-64.059372
-64.078117
-64.071869
-64.049995
-64.071869
-64.046875
-64.062492
-64.068741
-64.049995
-64.053116
-64.062492
-64.043747
-64.028122
-64.03125
-64.012497
-64.03125
-64.03437
-64.046875
-64.049995
-64.056244
-64.046875
-64.053116
-64.068741
-64.053116
-64.068741
-64.059372
-64.062492
-64.059372
-64.037498
-64.046875
-64.040627
-64.049995
-64.053116
-64.06562
-64.059372
-64.059372
-64.053116
-64.043747
-64.049995
-64.046875
-64.062492
-64.071869
-64.053116
-64.053116
-64.043747
-64.043747
-64.03125
-64.053116
-64.062492
-64.06562
-64.074997
-64.071869
-64.071869
-64.078117
-64.071869
-64.074997
-64.081245
-64.068741
-64.074997
-64.056244
-64.03437
-64.028122
-64.043747
-64.025002
-64.03125
-64.040627
-64.053116
-64.053116
-64.046875
-64.040627
-64.049995
-64.046875
-64.040627
-64.059372
-64.078117
-64.062492
-64.071869
-64.059372
-64.062492
-64.059372
-64.056244
-64.071869
-64.06562
-64.046875
-64.040627
-64.056244
-64.056244
-64.06562
-64.081245
-64.084366
-64.103119
-64.09687
-64.087494
-64.071869
-64.062492
-64.059372
-64.071869
-64.049995
-64.040627
-64.06562
-64.059372
-64.049995
-64.071869
-64.062492
-64.074997
-64.06562
-64.059372
-64.06562
-64.056244
-64.046875
-64.049995
-64.049995
-64.046875
-64.046875
-64.049995
-64.049995
-64.056244
-64.056244
-64.037498
-64.068741
-64.056244
-64.046875
-64.074997
-64.09687
-64.081245
-64.087494
-64.074997
-64.103119
-64.103119
-64.093742
-64.09687
-64.093742
-64.090622
-64.090622
-64.090622
-64.059372
-64.074997
-64.068741
-64.056244
-64.059372
-64.062492
-64.046875
-64.056244
-64.056244
-64.046875
-64.081245
-64.090622
-64.087494
-64.099991
-64.087494
-64.090622
-64.099991
-64.090622
-64.074997
-64.106247
-64.09687
-64.09687
-64.09687
-64.06562
-64.062492
-64.071869
-64.081245
-64.081245
-64.071869
-64.062492
-64.074997
-64.074997
-64.062492
-64.071869
-64.071869
-64.059372
-64.06562
-64.059372
-64.06562
-64.059372
-64.06562
-64.053116
-64.068741
-64.059372
-64.043747
-64.056244
-64.06562
-64.087494
-64.074997
-64.074997
-64.053116
-64.084366
-64.081245
-64.081245
-64.09687
-64.087494
-64.071869
-64.074997
-64.053116
-64.071869
-64.046875
-64.028122
-64.043747
-64.068741
-64.056244
-64.071869
-64.074997
-64.06562
-64.081245
-64.068741
-64.081245
-64.078117
-64.06562
-64.090622
-64.103119
-64.09687
-64.09687
-64.093742
-64.103119
-64.109367
-64.109367
-64.09687
-64.081245
-64.074997
-64.062492
-64.059372
-64.06562
-64.053116
-64.071869
-64.056244
-64.046875
-64.059372
-64.053116
-64.062492
-64.074997
-64.084366
-64.078117
-64.087494
-64.06562
-64.062492
-64.09687
-64.090622
-64.084366
-64.090622
-64.081245
-64.071869
-64.081245
-64.084366
-64.062492
-64.06562
-64.046875
-64.06562
-64.049995
-64.046875
-64.074997
-64.06562
-64.049995
-64.046875
-64.046875
-64.046875
-64.053116
-64.043747
-64.046875
-64.046875
-64.043747
-64.06562
-64.084366
-64.068741
-64.084366
-64.062492
-64.049995
-64.053116
-64.049995
-64.06562
-64.078117
-64.071869
-64.068741
-64.074997
-64.068741
-64.062492
-64.081245
-64.084366
-64.093742
-64.087494
-64.084366
-64.071869
-64.074997
-64.062492
-64.06562
-64.06562
-64.056244
-64.049995
-64.071869
-64.059372
-64.062492
-64.062492
-64.053116
-64.06562
-64.056244
-64.028122
-64.028122
-64.012497
-63.987499
-63.996872
-63.996872
-64.009377
-64.043747
-64.043747
-64.043747
-64.046875
-64.040627
-64.053116
-64.040627
-64.040627
-64.043747
-64.043747
-64.025002
-64.040627
-64.046875
-64.03437
-64.046875
-64.049995
-64.040627
-64.046875
-64.046875
-64.046875
-64.053116
-64.053116
-64.046875
-64.049995
-64.046875
-64.049995
-64.046875
-64.028122
-64.03125
-64.043747
-64.028122
-64.040627
-64.03437
-64.025002
-64.046875
-64.056244
-64.043747
-64.040627
-64.03437
-64.012497
-64.049995
-64.059372
-64.03125
-64.059372
-64.074997
-64.068741
-64.087494
-64.081245
-64.059372
-64.078117
-64.062492
-64.06562
-64.078117
-64.068741
-64.056244
-64.078117
-64.074997
-64.068741
-64.071869
-64.06562
-64.06562
-64.056244
-64.049995
-64.049995
-64.081245
-64.074997
-64.071869
-64.090622
-64.078117
-64.090622
-64.068741
-64.056244
-64.046875
-64.059372
-64.053116
-64.084366
-64.078117
-64.078117
-64.093742
-64.078117
-64.087494
-64.09687
-64.090622
-64.06562
-64.071869
-64.068741
-64.046875
-64.053116
-64.049995
-64.053116
-64.059372
-64.06562
-64.078117
-64.087494
-64.074997
-64.093742
-64.087494
-64.078117
-64.074997
-64.068741
-64.059372
-64.049995
-64.046875
-64.037498
-64.06562
-64.049995
-64.074997
-64.081245
-64.093742
-64.071869
-64.081245
-64.059372
-64.053116
-64.053116
-64.056244
-64.062492
-64.068741
-64.06562
-64.046875
-64.059372
-64.053116
-64.087494
-64.090622
-64.084366
-64.118744
-64.09687
-64.093742
-64.09687
-64.099991
-64.078117
-64.087494
-64.093742
-64.084366
-64.093742
-64.090622
-64.087494
-64.093742
-64.081245
-64.056244
-64.053116
-64.046875
-64.049995
-64.046875
-64.043747
-64.062492
-64.062492
-64.046875
-64.056244
-64.053116
-64.056244
-64.056244
-64.06562
-64.043747
-64.06562
-64.049995
-64.043747
-64.071869
-64.078117
-64.090622
-64.087494
-64.068741
-64.06562
-64.06562
-64.068741
-64.06562
-64.056244
-64.043747
-64.068741
-64.046875
-64.062492
-64.068741
-64.084366
-64.062492
-64.053116
-64.062492
-64.06562
-64.06562
-64.053116
-64.049995
-64.068741
-64.084366
-64.078117
-64.09687
-64.084366
-64.056244
-64.068741
-64.03125
-64.040627
-64.037498
-64.025002
-64.025002
-64.028122
-64.021873
-64.03437
-64.062492
-64.043747
-64.056244
-64.059372
-64.046875
-64.056244
-64.059372
-64.046875
-64.059372
-64.046875
-64.03437
-64.059372
-64.046875
-64.028122
-64.043747
-64.040627
-64.021873
-64.028122
-64.015625
-64.028122
-64.059372
-64.074997
-64.056244
-64.06562
-64.053116
-64.040627
-64.049995
-64.046875
-64.049995
-64.046875
-64.046875
-64.078117
-64.046875
-64.046875
-64.046875
-64.059372
-64.056244
-64.074997
-64.078117
-64.071869
-64.084366
-64.074997
-64.068741
-64.071869
-64.059372
-64.043747
-64.046875
-64.040627
-64.028122
-64.028122
-64.028122
-63.996872
-64.025002
-64.012497
-64.009377
-64.012497
-63.996872
-64.009377
-64.009377
-64.015625
-64.03125
-64.037498
-64.015625
-64.018745
-64.00312
-63.990623
-63.996872
-63.996872
-64.006248
-64.012497
-63.996872
-64.015625
-64.037498
-64.037498
-64.037498
-64.03437
-64.025002
-64.012497
-64.028122
-64.012497
-64.021873
-64.025002
-64.037498
-64.021873
-64.028122
-64.040627
-64.049995
-64.053116
-64.062492
-64.081245
-64.062492
-64.046875
-64.046875
-64.049995
-64.025002
-64.021873
-64.012497
-64.028122
-64.046875
-64.021873
-64.015625
-64.03125
-64.03125
-64.046875
-64.053116
-64.043747
-64.028122
-64.028122
-64.025002
-64.046875
-64.021873
-64.012497
-64.03437
-64.03437
-64.03125
-64.025002
-64.028122
-64.028122
-64.037498
-64.046875
-64.03437
-64.043747
-64.025002
-64.03437
-64.043747
-64.046875
-64.037498
-64.046875
-64.040627
-64.053116
-64.049995
-64.046875
-64.059372
-64.053116
-64.040627
-64.040627
-64.049995
-64.046875
-64.059372
-64.06562
-64.046875
-64.046875
-64.056244
-64.03437
-64.03437
-64.043747
-64.025002
-64.028122
-64.006248
-63.996872
-63.987499
-63.984375
-63.978123
-63.987499
-63.978123
-63.984375
-63.996872
-63.990623
-63.996872
-63.987499
-63.996872
-63.996872
-63.993748
-63.974998
-63.993748
-63.990623
-63.993748
-64.012497
-63.996872
-64.012497
-64.018745
-63.996872
-63.984375
-64.012497
-63.996872
-63.996872
-64.028122
-64.043747
-64.037498
-64.046875
-64.043747
-64.028122
-64.040627
-64.018745
-64.021873
-63.996872
-63.996872
-63.996872
-64.021873
-64.009377
-64.012497
-63.996872
-63.987499
-63.996872
-63.990623
-64.009377
-64.015625
-64.025002
-64.012497
-64.021873
-64.03125
-64.037498
-64.049995
-64.037498
-64.025002
-64.03437
-64.012497
-64.00312
-64.028122
-64.025002
-64.03437
-64.03125
-63.981247
-63.990623
-63.996872
-63.978123
-63.996872
-64.006248
-64.006248
-63.996872
-63.971874
-63.96875
-63.984375
-63.996872
-63.981247
-63.981247
-63.978123
-63.984375
-63.978123
-63.971874
-63.971874
-63.993748
-63.990623
-63.987499
-63.987499
-63.962498
-63.971874
-63.959373
-63.96875
-63.984375
-63.996872
-63.996872
-63.96875
-63.978123
-63.981247
-63.990623
-63.996872
-63.987499
-64.018745
-64.012497
-64.006248
-64.009377
-63.978123
-63.971874
-63.96875
-63.978123
-63.965622
-63.965622
-63.953125
-63.962498
-63.965622
-63.959373
-63.974998
-63.978123
-63.956249
-63.956249
-63.956249
-63.946873
-63.965622
-63.949997
-63.931255
-63.940628
-63.943752
-63.946873
-63.953125
-63.946873
-63.962498
-63.940628
-63.928127
-63.940628
-63.921879
-63.918755
-63.91563
-63.943752
-63.91563
-63.93438
-63.925003
-63.91563
-63.928127
-63.93438
-63.931255
-63.946873
-63.946873
-63.931255
-63.937504
-63.956249
-63.962498
-63.953125
-63.946873
-63.959373
-63.996872
-63.996872
-63.987499
-63.996872
-63.996872
-63.987499
-63.996872
-63.996872
-63.996872
-63.993748
-63.946873
-63.962498
-63.978123
-63.974998
-63.984375
-63.965622
-63.978123
-63.981247
-63.962498
-63.965622
-63.993748
-63.993748
-64.012497
-63.990623
-63.981247
-63.971874
-63.993748
-63.971874
-63.974998
-63.996872
-63.981247
-63.993748
-63.996872
-63.987499
-63.974998
-63.965622
-63.96875
-63.981247
-63.96875
-63.971874
-63.981247
-63.987499
-63.978123
-63.981247
-63.993748
-63.990623
-63.996872
-63.990623
-63.956249
-63.987499
-63.965622
-63.96875
-63.990623
-63.965622
-63.953125
-63.953125
-63.918755
-63.93438
-63.943752
-63.943752
-63.953125
-63.959373
-63.940628
-63.956249
-63.956249
-63.946873
-63.962498
-63.965622
-63.956249
-63.971874
-63.971874
-63.962498
-63.965622
-63.971874
-63.978123
-63.996872
-63.990623
-63.984375
-64.009377
-63.984375
-63.974998
-63.984375
-63.984375
-63.993748
-63.996872
-63.981247
-63.993748
-63.996872
-63.962498
-63.984375
-63.981247
-63.971874
-63.984375
-63.990623
-63.959373
-63.959373
-63.96875
-63.965622
-63.971874
-63.965622
-63.959373
-63.949997
-63.937504
-63.943752
-63.946873
-63.946873
-63.949997
-63.953125
-63.946873
-63.96875
-63.953125
-63.943752
-63.953125
-63.962498
-63.946873
-63.946873
-63.959373
-63.943752
-63.959373
-63.946873
-63.962498
-63.971874
-63.978123
-63.978123
-63.996872
-63.981247
-63.978123
-63.996872
-63.984375
-63.974998
-63.984375
-63.965622
-63.971874
-63.96875
-63.974998
-63.987499
-63.996872
-63.981247
-63.981247
-63.996872
-63.990623
-63.996872
-63.981247
-63.996872
-63.996872
-64.021873
-64.009377
-64.018745
-64.021873
-63.990623
-64.021873
-64.015625
-64.006248
-64.025002
-64.009377
-63.987499
-63.971874
-63.971874
-63.974998
-63.993748
-63.987499
-63.984375
-63.993748
-63.971874
-63.978123
-63.965622
-63.959373
-63.971874
-63.965622
-63.962498
-63.987499
-63.978123
-63.987499
-64.025002
-63.996872
-64.006248
-64.025002
-64.006248
-64.012497
-64.028122
-63.996872
-64.015625
-64.018745
-63.996872
-63.996872
-64.009377
-63.996872
-63.996872
-64.015625
-64.00312
-64.015625
-64.03437
-64.009377
-64.037498
-64.03125
-64.009377
-64.046875
-64.025002
-64.040627
-64.046875
-64.037498
-64.025002
-64.028122
-64.021873
-64.006248
-64.03125
-64.03437
-64.043747
-64.03437
-64.049995
-64.046875
-64.043747
-64.021873
-64.009377
-64.03437
-64.021873
-64.021873
-64.046875
-64.043747
-64.062492
-64.046875
-64.037498
-64.049995
-64.037498
-64.046875
-64.037498
-64.037498
-64.03125
-64.03437
-64.025002
-64.021873
-64.03437
-64.009377
-63.996872
-64.009377
-64.012497
-64.018745
-64.015625
-63.978123
-63.971874
-63.946873
-63.962498
-63.996872
-63.996872
-64.00312
-64.009377
-64.00312
-64.006248
-64.025002
-64.021873
-63.987499
-63.981247
-63.993748
-63.990623
-63.996872
-63.990623
-63.996872
-63.993748
-63.996872
-64.006248
-64.018745
-63.993748
-63.996872
-63.981247
-63.959373
-63.971874
-63.965622
-63.956249
-63.965622
-63.987499
-63.965622
-63.996872
-63.993748
-63.996872
-63.993748
-63.996872
-63.996872
-64.015625
-64.015625
-64.021873
-64.046875
-64.043747
-64.03437
-64.025002
-64.015625
-64.009377
-64.006248
-63.996872
-63.996872
-64.025002
-64.006248
-64.025002
-64.043747
-64.025002
-64.046875
-64.040627
-64.015625
-64.028122
-64.021873
-63.990623
-63.990623
-63.984375
-64.00312
-64.009377
-63.996872
-63.990623
-64.006248
-63.990623
-63.993748
-63.996872
-64.021873
-63.996872
-63.984375
-63.996872
-63.996872
-64.009377
-64.009377
-63.996872
-64.009377
-63.978123
-63.978123
-63.984375
-63.956249
-63.965622
-63.959373
-63.946873
-63.946873
-63.946873
-63.949997
-63.96875
-63.965622
-63.96875
-63.981247
-63.987499
-63.990623
-63.996872
-63.996872
-64.009377
-64.015625
-63.996872
-63.993748
-63.996872
-63.996872
-63.996872
-63.996872
-63.96875
-63.974998
-63.981247
-63.959373
-63.990623
-63.996872
-63.984375
-63.993748
-63.987499
-63.978123
-63.996872
-63.984375
-64.006248
-64.006248
-63.996872
-63.996872
-63.965622
-63.984375
-63.981247
-63.996872
-63.993748
-63.990623
-63.996872
-64.00312
-63.996872
-64.03125
-64.028122
-64.037498
-64.028122
-64.015625
-64.018745
-64.012497
-64.021873
-64.046875
-64.03437
-64.015625
-63.996872
-64.018745
-64.021873
-64.012497
-63.990623
-63.996872
-63.996872
-63.996872
-63.990623
-63.996872
-64.006248
-64.015625
-64.00312
-63.996872
-64.006248
-64.012497
-63.996872
-64.006248
-63.996872
-63.996872
-64.006248
-63.996872
-63.996872
-64.012497
-63.996872
-63.996872
-63.996872
-63.993748
-63.996872
-64.009377
-63.993748
-63.996872
-63.996872
-63.984375
-63.993748
-63.987499
-63.965622
-63.971874
-63.971874
-63.981247
-63.971874
-63.978123
-63.971874
-63.978123
-63.987499
-63.96875
-63.974998
-63.971874
-63.965622
-63.974998
-63.956249
-63.946873
-63.959373
-63.956249
-63.959373
-63.984375
-63.978123
-63.974998
-63.978123
-63.987499
-63.971874
-63.987499
-63.956249
-63.956249
-63.959373
-63.949997
-63.946873
-63.937504
-63.937504
-63.949997
-63.959373
-63.943752
-63.946873
-63.949997
-63.949997
-63.946873
-63.93438
-63.921879
-63.946873
-63.93438
-63.937504
-63.949997
-63.959373
-63.96875
-63.981247
-63.971874
-63.978123
-63.996872
-63.990623
-63.981247
-63.996872
-63.993748
-63.996872
-64.021873
-63.984375
-63.993748
-63.996872
-63.990623
-63.996872
-63.993748
-63.981247
-63.993748
-63.981247
-63.974998
-63.981247
-63.984375
-63.981247
-63.996872
-63.996872
-63.987499
-63.993748
-63.987499
-63.996872
-64.009377
-64.006248
-64.006248
-64.006248
-63.978123
-63.996872
-63.996872
-63.993748
-63.984375
-63.981247
-63.996872
-63.996872
-63.996872
-64.006248
-64.025002
-64.018745
-64.03125
-64.043747
-64.053116
-64.074997
-64.084366
-64.071869
-64.087494
-64.09687
-64.056244
-64.053116
-64.046875
-64.028122
-64.028122
-64.043747
-64.053116
-64.053116
-64.056244
-64.040627
-64.078117
-64.090622
-64.071869
-64.059372
-64.056244
-64.06562
-64.084366
-64.068741
-64.046875
-64.046875
-64.046875
-64.06562
-64.06562
-64.049995
-64.053116
-64.074997
-64.074997
-64.071869
-64.084366
-64.06562
-64.049995
-64.046875
-64.046875
-64.037498
-64.03437
-64.015625
-64.009377
-64.009377
-64.009377
-64.03437
-64.028122
-64.040627
-64.053116
-64.059372
-64.059372
-64.056244
-64.040627
-64.028122
-64.043747
-64.043747
-64.03437
-64.03125
-64.015625
-64.028122
-64.046875
-64.03437
-64.043747
-64.043747
-64.012497
-64.028122
-64.059372
-64.046875
-64.056244
-64.06562
-64.081245
-64.093742
-64.068741
-64.059372
-64.06562
-64.071869
-64.043747
-64.040627
-64.03437
-64.03437
-64.046875
-64.037498
-64.043747
-64.040627
-64.037498
-64.059372
-64.059372
-64.056244
-64.06562
-64.06562
-64.062492
-64.06562
-64.059372
-64.062492
-64.074997
-64.084366
-64.059372
-64.046875
-64.037498
-64.03125
-64.040627
-64.062492
-64.046875
-64.071869
-64.081245
-64.093742
-64.09687
-64.081245
-64.09687
-64.09687
-64.078117
-64.078117
-64.081245
-64.068741
-64.062492
-64.074997
-64.046875
-64.040627
-64.059372
-64.046875
-64.053116
-64.046875
-64.056244
-64.062492
-64.071869
-64.078117
-64.078117
-64.062492
-64.056244
-64.053116
-64.053116
-64.037498
-64.040627
-64.037498
-64.037498
-64.059372
-64.056244
-64.059372
-64.053116
-64.049995
-64.06562
-64.068741
-64.046875
-64.059372
-64.071869
-64.053116
-64.081245
-64.078117
-64.071869
-64.053116
-64.062492
-64.046875
-64.049995
-64.053116
-64.068741
-64.071869
-64.087494
-64.093742
-64.099991
-64.09687
-64.087494
-64.093742
-64.087494
-64.074997
-64.093742
-64.090622
-64.09687
-64.118744
-64.099991
-64.109367
-64.099991
-64.087494
-64.093742
-64.09687
-64.081245
-64.09687
-64.087494
-64.090622
-64.093742
-64.062492
-64.081245
-64.087494
-64.090622
-64.071869
-64.062492
-64.062492
-64.046875
-64.053116
-64.043747
-64.053116
-64.056244
-64.053116
-64.090622
-64.084366
-64.071869
-64.090622
-64.103119
-64.093742
-64.09687
-64.099991
-64.093742
-64.115616
-64.09687
-64.09687
-64.112495
-64.09687
-64.093742
-64.109367
-64.103119
-64.093742
-64.109367
-64.090622
-64.087494
-64.09687
-64.087494
-64.081245
-64.071869
-64.074997
-64.093742
-64.09687
-64.099991
-64.099991
-64.109367
-64.09687
-64.099991
-64.09687
-64.106247
-64.106247
-64.106247
-64.103119
-64.109367
-64.09687
-64.087494
-64.081245
-64.093742
-64.109367
-64.09687
-64.081245
-64.071869
-64.071869
-64.081245
-64.078117
-64.087494
-64.078117
-64.090622
-64.09687
-64.074997
-64.090622
-64.103119
-64.09687
-64.093742
-64.084366
-64.071869
-64.068741
-64.062492
-64.062492
-64.078117
-64.049995
-64.053116
-64.053116
-64.062492
-64.046875
-64.056244
-64.043747
-64.078117
-64.062492
-64.043747
-64.053116
-64.074997
-64.053116
-64.06562
-64.062492
-64.059372
-64.056244
-64.056244
-64.049995
-64.062492
-64.078117
-64.062492
-64.081245
-64.090622
-64.09687
-64.103119
-64.09687
-64.081245
-64.087494
-64.053116
-64.081245
-64.090622
-64.084366
-64.06562
-64.074997
-64.046875
-64.056244
-64.062492
-64.037498
-64.03437
-64.046875
-64.03437
-64.056244
-64.053116
-64.043747
-64.049995
-64.053116
-64.049995
-64.068741
-64.046875
-64.046875
-64.059372
-64.037498
-64.03125
-64.040627
-64.03437
-64.028122
-64.046875
-64.021873
-64.025002
-64.040627
-64.028122
-64.015625
-64.03437
-64.021873
-64.025002
-64.012497
-64.009377
-64.040627
-64.03437
-64.018745
-64.037498
-64.046875
-64.040627
-64.06562
-64.059372
-64.053116
-64.049995
-64.053116
-64.028122
-64.043747
-64.03437
-64.03437
-64.03437
-64.006248
-64.028122
-64.049995
-64.046875
-64.046875
-64.043747
-64.03437
-64.037498
-64.037498
-64.043747
-64.053116
-64.043747
-64.053116
-64.049995
-64.043747
-64.021873
-64.028122
-64.037498
-64.012497
-64.015625
-64.00312
-64.025002
-64.046875
-64.028122
-64.046875
-64.049995
-64.025002
-64.043747
-64.046875
-64.046875
-64.056244
-64.068741
-64.074997
-64.093742
-64.087494
-64.068741
-64.071869
-64.06562
-64.068741
-64.06562
-64.043747
-64.053116
-64.046875
-64.053116
-64.062492
-64.068741
-64.068741
-64.053116
-64.062492
-64.046875
-64.053116
-64.059372
-64.059372
-64.071869
-64.068741
-64.06562
-64.084366
-64.09687
-64.074997
-64.093742
-64.078117
-64.062492
-64.059372
-64.06562
-64.071869
-64.078117
-64.053116
-64.049995
-64.074997
-64.081245
-64.084366
-64.103119
-64.078117
-64.09687
-64.09687
-64.078117
-64.087494
-64.087494
-64.059372
-64.084366
-64.078117
-64.071869
-64.078117
-64.06562
-64.049995
-64.059372
-64.081245
-64.046875
-64.056244
-64.068741
-64.062492
-64.084366
-64.056244
-64.059372
-64.053116
-64.043747
-64.040627
-64.059372
-64.053116
-64.059372
-64.071869
-64.056244
-64.062492
-64.053116
-64.056244
-64.056244
-64.071869
-64.06562
-64.09687
-64.099991
-64.071869
-64.087494
-64.084366
-64.081245
-64.09687
-64.087494
-64.074997
-64.084366
-64.078117
-64.068741
-64.078117
-64.056244
-64.062492
-64.078117
-64.056244
-64.06562
-64.078117
-64.078117
-64.071869
-64.09687
-64.068741
-64.059372
-64.068741
-64.071869
-64.084366
-64.074997
-64.068741
-64.09687
-64.09687
-64.093742
-64.099991
-64.103119
-64.099991
-64.118744
-64.103119
-64.09687
-64.099991
-64.090622
-64.078117
-64.087494
-64.081245
-64.078117
-64.09687
-64.106247
-64.103119
-64.109367
-64.109367
-64.09687
-64.074997
-64.059372
-64.071869
-64.074997
-64.084366
-64.09687
-64.09687
-64.093742
-64.103119
-64.087494
-64.081245
-64.09687
-64.093742
-64.09687
-64.084366
-64.074997
-64.071869
-64.087494
-64.068741
-64.078117
-64.093742
-64.071869
-64.062492
-64.074997
-64.078117
-64.074997
-64.084366
-64.06562
-64.090622
-64.078117
-64.087494
-64.084366
-64.071869
-64.046875
-64.046875
-64.03125
-64.03125
-64.03125
-64.043747
-64.046875
-64.056244
-64.040627
-64.025002
-64.03125
-64.012497
-64.018745
-64.040627
-64.043747
-64.040627
-64.049995
-64.040627
-64.056244
-64.062492
-64.059372
-64.049995
-64.056244
-64.043747
-64.049995
-64.040627
-64.021873
-64.037498
-64.046875
-64.043747
-64.046875
-64.053116
-64.056244
-64.046875
-64.03125
-64.037498
-64.03437
-64.015625
-64.03437
-64.037498
-64.037498
-64.03125
-64.03125
-64.021873
-64.012497
-64.018745
-63.996872
-64.018745
-64.009377
-64.00312
-64.006248
-64.018745
-64.006248
-64.03437
-64.025002
-64.03437
-64.049995
-64.043747
-64.03125
-64.028122
-64.040627
-64.043747
-64.049995
-64.056244
-64.068741
-64.046875
-64.040627
-64.037498
-64.043747
-64.025002
-64.03437
-64.046875
-64.00312
-63.996872
-63.996872
-64.025002
-64.037498
-64.025002
-64.021873
-64.015625
-64.025002
-64.037498
-64.037498
-64.03437
-64.046875
-64.059372
-64.03125
-64.046875
-64.056244
-64.025002
-64.03437
-64.040627
-64.00312
-64.025002
-64.03437
-64.018745
-63.996872
-63.996872
-63.996872
-64.018745
-64.015625
-64.006248
-63.996872
-64.015625
-63.996872
-63.996872
-63.996872
-63.996872
-64.021873
-64.012497
-64.012497
-64.025002
-63.996872
-63.996872
-64.009377
-63.996872
-63.996872
-64.006248
-63.996872
-63.996872
-63.996872
-63.971874
-63.993748
-63.984375
-63.996872
-63.996872
-63.993748
-63.981247
-63.996872
-63.981247
-63.987499
-63.996872
-63.996872
-63.996872
-64.012497
-64.009377
-63.996872
-64.015625
-63.987499
-64.006248
-64.015625
-63.996872
-64.012497
-64.018745
-64.015625
-64.015625
-63.996872
-63.993748
-63.987499
-63.990623
-63.987499
-63.996872
-63.996872
-63.990623
-63.996872
-63.996872
-63.996872
-64.018745
-63.996872
-64.018745
-64.03437
-64.021873
-64.015625
-64.037498
-64.021873
-64.037498
-64.03437
-64.015625
-64.021873
-64.028122
-64.028122
-64.025002
-64.037498
-64.015625
-63.996872
-64.009377
-63.996872
-64.012497
-64.012497
-64.018745
-64.03125
-64.03437
-64.018745
-64.009377
-64.012497
-64.015625
-64.03125
-64.021873
-64.015625
-64.025002
-64.025002
-64.006248
-64.021873
-64.03125
-64.040627
-64.049995
-64.03437
-64.037498
-64.059372
-64.046875
-64.046875
-64.046875
-64.021873
-64.021873
-64.028122
-64.046875
-64.062492
-64.056244
-64.046875
-64.049995
-64.056244
-64.053116
-64.056244
-64.046875
-64.059372
-64.074997
-64.053116
-64.062492
-64.059372
-64.046875
-64.071869
-64.078117
-64.081245
-64.09687
-64.090622
-64.081245
-64.074997
-64.068741
-64.06562
-64.081245
-64.09687
-64.103119
-64.084366
-64.087494
-64.084366
-64.093742
-64.090622
-64.059372
-64.078117
-64.074997
-64.081245
-64.071869
-64.059372
-64.037498
-64.046875
-64.037498
-64.046875
-64.028122
-64.018745
-64.03437
-64.046875
-64.046875
-64.046875
-64.049995
-64.046875
-64.062492
-64.056244
-64.046875
-64.046875
-64.056244
-64.056244
-64.049995
-64.049995
-64.043747
-64.056244
-64.037498
-64.040627
-64.053116
-64.056244
-64.049995
-64.078117
-64.062492
-64.071869
-64.053116
-64.053116
-64.059372
-64.046875
-64.037498
-64.043747
-64.043747
-64.043747
-64.049995
-64.056244
-64.043747
-64.06562
-64.056244
-64.046875
-64.056244
-64.043747
-64.040627
-64.053116
-64.046875
-64.059372
-64.074997
-64.068741
-64.062492
-64.06562
-64.03437
-64.049995
-64.046875
-64.046875
-64.046875
-64.049995
-64.043747
-64.049995
-64.071869
-64.06562
-64.074997
-64.056244
-64.062492
-64.078117
-64.078117
-64.084366
-64.084366
-64.071869
-64.071869
-64.062492
-64.056244
-64.046875
-64.028122
-64.025002
-64.028122
-64.03437
-64.025002
-64.046875
-64.071869
-64.056244
-64.06562
-64.068741
-64.056244
-64.068741
-64.081245
-64.049995
-64.06562
-64.046875
-64.03437
-64.049995
-64.037498
-64.03437
-64.046875
-64.040627
-64.03125
-64.037498
-64.006248
-63.996872
-64.012497
-64.006248
-64.03437
-64.046875
-64.046875
-64.049995
-64.06562
-64.046875
-64.062492
-64.046875
-64.021873
-64.046875
-64.046875
-64.049995
-64.059372
-64.056244
-64.03125
-64.043747
-64.043747
-64.040627
-64.053116
-64.037498
-64.037498
-64.046875
-64.03125
-64.021873
-64.043747
-64.040627
-64.040627
-64.028122
-64.018745
-64.03437
-64.03125
-64.046875
-64.053116
-64.046875
-64.028122
-64.056244
-64.040627
-64.025002
-64.025002
-64.040627
-64.025002
-64.025002
-64.012497
-64.03125
-64.040627
-64.025002
-64.006248
-64.015625
-64.015625
-64.018745
-64.03437
-64.03125
-64.028122
-64.025002
-64.018745
-64.028122
-64.025002
-64.006248
-64.03125
-64.028122
-64.028122
-64.046875
-64.053116
-64.028122
-64.03437
-64.043747
-64.012497
-64.028122
-64.025002
-64.03437
-64.040627
-64.040627
-64.040627
-64.046875
-64.043747
-64.025002
-64.040627
-64.046875
-64.043747
-64.056244
-64.025002
-64.025002
-64.03437
-64.046875
-64.053116
-64.049995
-64.037498
-64.074997
-64.084366
-64.06562
-64.084366
-64.081245
-64.06562
-64.056244
-64.059372
-64.053116
-64.06562
-64.062492
-64.037498
-64.053116
-64.049995
-64.046875
-64.074997
-64.046875
-64.046875
-64.046875
-64.046875
-64.037498
-64.043747
-64.03125
-64.025002
-64.037498
-64.009377
-64.025002
-64.03125
-64.043747
-64.037498
-64.043747
-64.046875
-64.053116
-64.049995
-64.049995
-64.068741
-64.068741
-64.06562
-64.062492
-64.053116
-64.028122
-64.046875
-64.046875
-64.040627
-64.043747
-64.043747
-64.046875
-64.03437
-64.03437
-64.040627
-64.049995
-64.056244
-64.074997
-64.087494
-64.074997
-64.087494
-64.081245
-64.09687
-64.115616
-64.099991
-64.09687
-64.112495
-64.090622
-64.09687
-64.115616
-64.099991
-64.099991
-64.112495
-64.081245
-64.078117
-64.084366
-64.068741
-64.053116
-64.056244
-64.049995
-64.068741
-64.062492
-64.049995
-64.062492
-64.068741
-64.081245
-64.09687
-64.074997
-64.071869
-64.078117
-64.068741
-64.062492
-64.06562
-64.071869
-64.053116
-64.078117
-64.059372
-64.049995
-64.074997
-64.078117
-64.068741
-64.084366
-64.062492
-64.053116
-64.062492
-64.049995
-64.037498
-64.043747
-64.046875
-64.059372
-64.056244
-64.056244
-64.078117
-64.059372
-64.071869
-64.078117
-64.068741
-64.087494
-64.09687
-64.09687
-64.09687
-64.106247
-64.09687
-64.081245
-64.078117
-64.081245
-64.087494
-64.09687
-64.087494
-64.084366
-64.093742
-64.074997
-64.093742
-64.078117
-64.078117
-64.090622
-64.09687
-64.087494
-64.09687
-64.081245
-64.078117
-64.074997
-64.062492
-64.046875
-64.043747
-64.046875
-64.043747
-64.06562
-64.040627
-64.053116
-64.037498
-64.028122
-64.025002
-64.028122
-64.021873
-64.012497
-63.996872
-64.012497
-64.043747
-64.049995
-64.046875
-64.062492
-64.056244
-64.043747
-64.068741
-64.06562
-64.046875
-64.046875
-64.025002
-64.009377
-64.028122
-63.996872
-63.996872
-64.015625
-64.025002
-64.025002
-64.025002
-64.021873
-64.028122
-64.040627
-64.025002
-64.040627
-64.028122
-64.015625
-64.03125
-64.046875
-64.046875
-64.049995
-64.043747
-64.043747
-64.059372
-64.056244
-64.074997
-64.084366
-64.090622
-64.090622
-64.09687
-64.078117
-64.090622
-64.059372
-64.053116
-64.046875
-64.040627
-64.043747
-64.028122
-64.049995
-64.046875
-64.056244
-64.062492
-64.062492
-64.053116
-64.068741
-64.053116
-64.053116
-64.059372
-64.046875
-64.062492
-64.053116
-64.056244
-64.068741
-64.056244
-64.03437
-64.046875
-64.037498
-64.037498
-64.049995
-64.053116
-64.049995
-64.046875
-64.028122
-64.046875
-64.049995
-64.040627
-64.046875
-64.056244
-64.06562
-64.046875
-64.046875
-64.037498
-64.046875
-64.059372
-64.062492
-64.087494
-64.090622
-64.084366
-64.074997
-64.078117
-64.078117
-64.084366
-64.068741
-64.062492
-64.081245
-64.062492
-64.062492
-64.071869
-64.062492
-64.053116
-64.068741
-64.049995
-64.06562
-64.06562
-64.037498
-64.043747
-64.037498
-64.046875
-64.074997
-64.062492
-64.071869
-64.071869
-64.071869
-64.046875
-64.053116
-64.037498
-64.009377
-64.037498
-64.03437
-64.037498
-64.028122
-64.012497
-64.037498
-64.059372
-64.059372
-64.040627
-64.040627
-64.040627
-64.037498
-64.049995
-64.046875
-64.049995
-64.087494
-64.071869
-64.074997
-64.081245
-64.053116
-64.053116
-64.056244
-64.06562
-64.059372
-64.046875
-64.049995
-64.059372
-64.03125
-64.043747
-64.049995
-64.03125
-64.040627
-64.053116
-64.025002
-64.03125
-64.025002
-64.018745
-64.03125
-64.028122
-64.012497
-63.996872
-64.009377
-63.993748
-63.996872
-64.012497
-63.996872
-63.996872
-63.996872
-63.990623
-64.006248
-64.012497
-64.009377
-63.993748
-63.987499
-63.984375
-63.996872
-63.996872
-64.03125
-64.028122
-64.03437
-64.040627
-64.043747
-64.028122
-64.037498
-64.046875
-64.03125
-64.03125
-64.009377
-63.996872
-64.006248
-64.012497
-63.993748
-64.006248
-63.990623
-63.993748
-63.996872
-63.990623
-63.990623
-64.043747
-64.021873
-64.025002
-64.043747
-64.015625
-64.025002
-64.009377
-63.993748
-63.990623
-63.984375
-63.984375
-63.996872
-63.996872
-64
-63.996872
-63.993748
-63.984375
-63.984375
-63.984375
-63.984375
-64.015625
-64.018745
-64.012497
-64.018745
-64.006248
-64.025002
-64.03125
-64.018745
-64.015625
-64.015625
-63.996872
-63.996872
-64.012497
-63.996872
-64.00312
-63.996872
-63.993748
-63.987499
-63.978123
-63.971874
-63.993748
-63.996872
-63.990623
-63.984375
-63.993748
-63.965622
-63.96875
-63.959373
-63.978123
-63.96875
-63.959373
-63.971874
-63.987499
-63.996872
-63.990623
-63.965622
-63.962498
-63.962498
-63.953125
-63.956249
-63.965622
-63.962498
-63.949997
-63.965622
-63.96875
-63.946873
-63.981247
-63.974998
-63.971874
-63.993748
-63.990623
-63.990623
-63.990623
-63.971874
-63.993748
-63.978123
-63.946873
-63.946873
-63.956249
-63.981247
-63.984375
-63.996872
-63.978123
-63.962498
-63.971874
-63.96875
-63.984375
-63.987499
-63.946873
-63.971874
-63.971874
-63.96875
-63.981247
-63.984375
-63.978123
-63.996872
-63.993748
-63.993748
-63.996872
-63.981247
-63.946873
-63.971874
-63.965622
-63.953125
-63.962498
-63.946873
-63.956249
-63.987499
-63.965622
-63.978123
-63.996872
-63.981247
-63.978123
-63.965622
-63.949997
-63.962498
-63.959373
-63.949997
-63.956249
-63.971874
-63.953125
-63.965622
-63.959373
-63.953125
-63.978123
-63.959373
-63.956249
-63.971874
-63.962498
-63.96875
-63.96875
-63.962498
-63.946873
-63.96875
-63.965622
-63.962498
-63.965622
-63.953125
-63.949997
-63.978123
-63.96875
-63.978123
-63.996872
-63.971874
-63.996872
-63.993748
-63.984375
-63.984375
-63.974998
-63.971874
-63.981247
-63.959373
-63.956249
-63.974998
-63.971874
-63.959373
-63.965622
-63.956249
-63.949997
-63.965622
-63.946873
-63.956249
-63.946873
-63.918755
-63.918755
-63.90313
-63.896877
-63.91563
-63.937504
-63.946873
-63.946873
-63.949997
-63.931255
-63.953125
-63.946873
-63.96875
-63.993748
-63.974998
-63.971874
-63.971874
-63.959373
-63.943752
-63.946873
-63.931255
-63.943752
-63.962498
-63.946873
-63.946873
-63.949997
-63.943752
-63.956249
-63.953125
-63.949997
-63.971874
-63.974998
-63.946873
-63.965622
-63.971874
-63.971874
-63.990623
-63.987499
-63.987499
-63.990623
-63.965622
-63.971874
-63.974998
-63.96875
-63.96875
-63.959373
-63.953125
-63.962498
-63.978123
-63.984375
-63.996872
-63.996872
-63.987499
-63.996872
-63.996872
-63.993748
-63.981247
-63.974998
-63.96875
-63.978123
-63.978123
-63.953125
-63.956249
-63.943752
-63.946873
-63.962498
-63.953125
-63.937504
-63.965622
-63.96875
-63.971874
-63.974998
-63.971874
-63.978123
-63.96875
-63.959373
-63.953125
-63.974998
-63.953125
-63.965622
-63.974998
-63.959373
-63.971874
-63.965622
-63.96875
-63.996872
-63.996872
-63.996872
-63.996872
-63.984375
-63.965622
-63.987499
-63.990623
-63.984375
-63.996872
-63.990623
-63.978123
-63.996872
-63.996872
-63.990623
-64.03125
-64.015625
-64.03437
-64.025002
-63.996872
-64.018745
-64.025002
-64.028122
-64.03437
-64.037498
-64.015625
-64.046875
-64.043747
-64.021873
-64.025002
-64.006248
-63.996872
-64.006248
-63.987499
-63.984375
-63.984375
-63.984375
-63.978123
-63.996872
-63.993748
-63.993748
-64.006248
-63.996872
-64.006248
-64.025002
-63.996872
-64.015625
-64.018745
-63.993748
-63.996872
-63.990623
-63.996872
-64.006248
-64.03437
-64.028122
-64.03125
-63.996872
-63.993748
-63.996872
-63.984375
-63.981247
-63.993748
-63.962498
-63.962498
-63.981247
-63.984375
-63.996872
-63.996872
-63.996872
-63.996872
-63.996872
-63.984375
-63.996872
-63.978123
-63.987499
-64.00312
-63.996872
-63.987499
-63.990623
-63.996872
-63.996872
-63.990623
-63.996872
-63.978123
-63.971874
-63.978123
-63.990623
-63.996872
-63.993748
-63.984375
-63.990623
-64.006248
-63.984375
-63.987499
-63.962498
-63.971874
-63.971874
-63.959373
-63.956249
-63.962498
-63.946873
-63.974998
-63.978123
-63.971874
-63.990623
-63.987499
-63.996872
-63.996872
-63.974998
-63.978123
-64.006248
-63.996872
-63.996872
-63.993748
-63.96875
-63.96875
-63.974998
-63.990623
-63.993748
-64.006248
-63.996872
-64.018745
-64.015625
-64.012497
-64.012497
-63.996872
-63.996872
-63.984375
-63.984375
-63.971874
-63.981247
-63.996872
-64.015625
-64.009377
-63.996872
-63.978123
-64.006248
-63.984375
-63.993748
-63.984375
-63.978123
-63.974998
-63.981247
-63.971874
-63.971874
-63.978123
-63.965622
-63.971874
-63.959373
-63.959373
-63.965622
-63.96875
-63.946873
-63.956249
-63.940628
-63.943752
-63.956249
-63.949997
-63.943752
-63.937504
-63.937504
-63.946873
-63.946873
-63.953125
-63.946873
-63.96875
-63.962498
-63.96875
-63.971874
-63.971874
-63.984375
-63.978123
-63.946873
-63.981247
-63.959373
-63.971874
-63.990623
-63.990623
-63.96875
-63.990623
-63.978123
-63.993748
-63.990623
-64.012497
-64.00312
-64.006248
-63.996872
-63.984375
-63.996872
-63.996872
-63.990623
-64.012497
-63.996872
-63.996872
-63.996872
-63.990623
-63.993748
-63.984375
-63.96875
-63.978123
-63.996872
-63.978123
-63.984375
-63.996872
-63.996872
-63.996872
-63.996872
-63.990623
-63.990623
-63.981247
-63.978123
-63.984375
-63.987499
-63.996872
-64.018745
-63.996872
-63.984375
-63.990623
-63.96875
-63.946873
-63.946873
-63.928127
-63.946873
-63.946873
-63.925003
-63.93438
-63.943752
-63.946873
-63.974998
-63.96875
-63.965622
-63.984375
-63.978123
-63.949997
-63.953125
-63.946873
-63.959373
-63.962498
-63.943752
-63.937504
-63.946873
-63.943752
-63.953125
-63.946873
-63.946873
-63.965622
-63.981247
-63.965622
-63.959373
-63.956249
-63.940628
-63.949997
-63.978123
-63.959373
-63.978123
-63.96875
-63.96875
-63.984375
-63.981247
-63.962498
-63.984375
-63.978123
-63.993748
-63.990623
-63.990623
-63.971874
-63.956249
-63.946873
-63.956249
-63.959373
-63.953125
-63.946873
-63.962498
-63.93438
-63.946873
-63.953125
-63.959373
-63.974998
-63.956249
-63.974998
-63.965622
-63.959373
-63.940628
-63.953125
-63.965622
-63.946873
-63.943752
-63.940628
-63.940628
-63.925003
-63.90313
-63.896877
-63.906254
-63.896877
-63.90313
-63.91563
-63.921879
-63.93438
-63.931255
-63.928127
-63.931255
-63.928127
-63.912502
-63.940628
-63.93438
-63.918755
-63.943752
-63.93438
-63.91563
-63.91563
-63.912502
-63.918755
-63.946873
-63.946873
-63.928127
-63.943752
-63.937504
-63.940628
-63.959373
-63.940628
-63.953125
-63.971874
-63.953125
-63.946873
-63.931255
-63.921879
-63.91563
-63.921879
-63.893753
-63.912502
-63.91563
-63.918755
-63.940628
-63.943752
-63.93438
-63.937504
-63.93438
-63.946873
-63.953125
-63.93438
-63.921879
-63.946873
-63.928127
-63.896877
-63.906254
-63.890629
-63.88438
-63.91563
-63.90313
-63.906254
-63.912502
-63.906254
-63.909378
-63.906254
-63.909378
-63.918755
-63.921879
-63.918755
-63.93438
-63.921879
-63.928127
-63.937504
-63.937504
-63.946873
-63.959373
-63.946873
-63.931255
-63.925003
-63.90313
-63.896877
-63.909378
-63.896877
-63.909378
-63.91563
-63.912502
-63.93438
-63.931255
-63.909378
-63.91563
-63.940628
-63.946873
-63.956249
-63.965622
-63.946873
-63.962498
-63.956249
-63.946873
-63.953125
-63.962498
-63.946873
-63.946873
-63.940628
-63.93438
-63.940628
-63.949997
-63.946873
-63.946873
-63.953125
-63.949997
-63.946873
-63.921879
-63.946873
-63.959373
-63.959373
-63.946873
-63.946873
-63.943752
-63.959373
-63.981247
-63.96875
-63.978123
-63.946873
-63.921879
-63.946873
-63.959373
-63.946873
-63.949997
-63.946873
-63.937504
-63.946873
-63.940628
-63.940628
-63.946873
-63.93438
-63.928127
-63.93438
-63.937504
-63.93438
-63.940628
-63.949997
-63.946873
-63.971874
-63.959373
-63.974998
-63.987499
-63.990623
-63.996872
-64.012497
-63.996872
-63.990623
-63.993748
-63.96875
-63.978123
-63.956249
-63.971874
-63.981247
-63.959373
-63.965622
-63.965622
-63.940628
-63.971874
-63.974998
-63.987499
-63.978123
-63.987499
-63.990623
-63.993748
-64
-63.981247
-63.993748
-63.996872
-63.990623
-63.978123
-63.984375
-63.981247
-63.993748
-63.978123
-63.981247
-63.987499
-63.993748
-63.984375
-63.996872
-63.971874
-63.965622
-63.990623
-63.981247
-63.974998
-63.984375
-63.971874
-63.978123
-63.981247
-63.974998
-63.981247
-63.996872
-63.984375
-63.993748
-63.962498
-63.971874
-63.990623
-63.990623
-63.996872
-63.984375
-63.990623
-64.00312
-64.009377
-63.996872
-63.996872
-64.009377
-63.996872
-63.996872
-63.996872
-63.990623
-63.996872
-63.996872
-63.993748
-63.996872
-64.006248
-63.996872
-63.996872
-63.987499
-63.974998
-63.984375
-63.974998
-63.984375
-63.990623
-63.984375
-63.993748
-63.996872
-64.009377
-64.006248
-64.012497
-63.984375
-63.981247
-64.006248
-63.996872
-63.993748
-63.984375
-63.962498
-63.96875
-63.978123
-63.981247
-63.96875
-63.971874
-63.965622
-63.993748
-63.984375
-63.962498
-63.978123
-63.974998
-63.959373
-63.962498
-63.959373
-63.965622
-63.974998
-63.984375
-63.996872
-63.996872
-63.996872
-63.996872
-63.984375
-63.984375
-63.971874
-63.990623
-63.987499
-63.978123
-63.971874
-63.971874
-63.981247
-64.009377
-63.984375
-63.996872
-63.996872
-63.978123
-63.993748
-63.984375
-63.981247
-63.981247
-63.993748
-63.996872
-64.025002
-64.015625
-63.996872
-63.993748
-63.987499
-63.96875
-63.971874
-63.962498
-63.956249
-63.956249
-63.959373
-63.971874
-63.971874
-63.956249
-63.974998
-63.990623
-63.996872
-64.009377
-64.006248
-63.996872
-64.015625
-64.021873
-64.018745
-64.053116
-64.062492
-64.068741
-64.046875
-64.037498
-64.043747
-64.046875
-64.046875
-64.03437
-64.025002
-64.018745
-64.018745
-64.018745
-64.012497
-64.025002
-64.028122
-64.006248
-63.996872
-63.987499
-63.978123
-63.996872
-64.015625
-64.006248
-64.021873
-63.996872
-63.996872
-64.021873
-64.025002
-64
-63.996872
-63.996872
-64.006248
-64.03125
-64.015625
-64.021873
-64.037498
-64.015625
-64.021873
-64.03437
-64.021873
-64.009377
-64.028122
-64.018745
-64.025002
-64.03125
-64.009377
-64.021873
-64.012497
-64.018745
-64.009377
-64.018745
-64.006248
-64.028122
-64.03437
-64.015625
-64
-63.996872
-63.990623
-63.993748
-63.996872
-63.996872
-63.996872
-63.971874
-63.984375
-64.015625
-64.009377
-64.015625
-64.03437
-64.03125
-64.040627
-64.046875
-64.028122
-64.043747
-64.025002
-64.015625
-64.025002
-64.03437
-63.996872
-64.009377
-64.006248
-63.996872
-64.028122
-64.009377
-64.009377
-64.018745
-64.018745
-64.043747
-64.046875
-64.03125
-64.028122
-64.018745
-63.996872
-64.012497
-63.996872
-63.996872
-64.018745
-64.015625
-64.025002
-64.03125
-64.046875
-64.03437
-64.040627
-64.043747
-64.040627
-64.053116
-64.03437
-64.046875
-64.046875
-64.043747
-64.021873
-64.021873
-64.012497
-64.009377
-64.012497
-64.009377
-63.996872
-64.015625
-64.018745
-64.021873
-64.015625
-64.025002
-64.046875
-64.046875
-64.046875
-64.043747
-64.037498
-64.012497
-64.03437
-64.021873
-63.993748
-63.993748
-63.996872
-64.00312
-63.996872
-63.978123
-63.974998
-63.990623
-63.996872
-64.009377
-63.996872
-63.996872
-63.996872
-63.996872
-64.009377
-64.028122
-64.043747
-64.025002
-64.037498
-64.028122
-64.015625
-64.021873
-64.006248
-63.996872
-64.012497
-63.996872
-64.00312
-64.012497
-64.009377
-64.012497
-64.040627
-63.996872
-63.984375
-63.984375
-63.987499
-63.990623
-63.996872
-63.987499
-63.996872
-64.025002
-64.025002
-64.015625
-64.025002
-64.028122
-64.03437
-64.03437
-64.021873
-64.025002
-64.015625
-64.009377
-64.028122
-64.015625
-63.996872
-64.006248
-63.996872
-63.996872
-64
-63.996872
-63.996872
-63.996872
-63.990623
-63.996872
-63.984375
-63.984375
-63.96875
-63.981247
-63.971874
-63.996872
-63.996872
-63.990623
-63.96875
-63.987499
-63.996872
-64.012497
-64.015625
-63.996872
-64.012497
-63.996872
-64.012497
-63.996872
-63.974998
-63.965622
-63.987499
-63.959373
-63.965622
-63.978123
-63.962498
-63.965622
-63.978123
-63.971874
-63.965622
-63.978123
-63.978123
-63.993748
-64.009377
-63.981247
-63.996872
-63.984375
-63.962498
-63.959373
-63.971874
-63.949997
-63.965622
-63.971874
-63.978123
-63.978123
-63.996872
-63.990623
-63.996872
-63.978123
-63.990623
-63.990623
-63.974998
-63.965622
-63.953125
-63.956249
-63.971874
-63.984375
-63.990623
-63.996872
-63.996872
-63.984375
-63.981247
-63.996872
-64.00312
-64.021873
-64.03437
-64.018745
-64.015625
-64.025002
-64.012497
-64.021873
-63.996872
-63.996872
-63.984375
-63.978123
-63.996872
-64.012497
-64.006248
-64.03437
-64.025002
-64.015625
-63.996872
-64.018745
-64.006248
-64.006248
-64.015625
-63.996872
-64.018745
-63.990623
-63.996872
-64.015625
-64.012497
-64.015625
-63.996872
-63.996872
-63.996872
-64.006248
-63.996872
-64.009377
-64.015625
-64.009377
-63.996872
-64.00312
-63.996872
-64.028122
-64.046875
-64.046875
-64.043747
-64.046875
-64.040627
-64.053116
-64.049995
-64.037498
-64.025002
-64.03125
-64.018745
-64.037498
-64.03437
-64.037498
-64.043747
-64.037498
-64.043747
-64.037498
-64.046875
-64.046875
-64.03125
-64.03125
-64.015625
-64.021873
-64.043747
-64.049995
-64.059372
-64.046875
-64.040627
-64.040627
-64.043747
-64.046875
-64.03437
-64.028122
-64.03125
-64.03437
-64.028122
-64.049995
-64.046875
-64.03437
-64.03437
-64.03125
-64.028122
-64.037498
-64.025002
-64.028122
-64.028122
-64.021873
-64.037498
-64.046875
-64.046875
-64.046875
-64.03437
-64.046875
-64.046875
-64.056244
-64.040627
-64.03437
-64.049995
-64.037498
-64.03437
-64.046875
-64.037498
-64.043747
-64.046875
-64.028122
-64.043747
-64.03437
-64.025002
-64.012497
-63.996872
-64.009377
-64.012497
-63.996872
-64.006248
-64.025002
-64.03125
-64.03437
-64.040627
-64.040627
-64.037498
-64.03437
-64.03125
-64.03125
-64.028122
-64.018745
-64.025002
-64.028122
-64.03125
-64.043747
-64.025002
-64.015625
-64.025002
-64.03437
-64.021873
-64.015625
-64.018745
-64.025002
-64.037498
-64.021873
-64.025002
-64.025002
-64.018745
-64.012497
-64.009377
-64.015625
-64.040627
-64.03437
-64.043747
-64.046875
-64.053116
-64.043747
-64.059372
-64.046875
-64.043747
-64.059372
-64.046875
-64.049995
-64.056244
-64.03125
-64.018745
-64.025002
-64.03125
-64.03437
-64.059372
-64.03125
-64.043747
-64.046875
-64.028122
-64.046875
-64.040627
-64.015625
-64.018745
-64.025002
-64.009377
-64.040627
-64.040627
-64.009377
-64.03437
-64.012497
-64.009377
-64.012497
-64.012497
-63.996872
-64.009377
-64.018745
-64.009377
-64.03125
-64.028122
-64.018745
-63.996872
-63.996872
-64.015625
-64.021873
-64.021873
-64.025002
-64.009377
-64.00312
-64.03125
-64.037498
-64.043747
-64.059372
-64.049995
-64.03125
-63.996872
-64.00312
-63.996872
-64.015625
-64.028122
-64.03437
-64.025002
-64.018745
-63.996872
-63.996872
-64.006248
-64.006248
-63.996872
-63.996872
-63.996872
-64.015625
-64.009377
-64.015625
-64.028122
-64.025002
-64.021873
-64.043747
-64.03125
-64.046875
-64.046875
-64.028122
-64.018745
-64.028122
-64.018745
-64.040627
-64.043747
-64.03437
-64.037498
-64.021873
-64.021873
-64.021873
-64.018745
-64.006248
-64.018745
-64.015625
-64.018745
-64.006248
-63.996872
-64.009377
-64.015625
-63.996872
-64.021873
-63.996872
-64.018745
-64.043747
-64.046875
-64.015625
-64.03437
-64.037498
-64.037498
-64.043747
-64.043747
-64.037498
-64.043747
-64.046875
-64.03125
-64.03125
-64.021873
-64.046875
-64.03437
-64.025002
-64.025002
-64.037498
-64.028122
-64.040627
-64.037498
-64.025002
-64.03125
-64.040627
-64.025002
-64.043747
-64.021873
-64.015625
-64.021873
-64.009377
-63.984375
-64.009377
-64.00312
-64.012497
-63.996872
-64.006248
-63.996872
-64.015625
-64.012497
-64.009377
-64.015625
-63.996872
-63.996872
-63.996872
-63.990623
-63.996872
-64.006248
-63.996872
-63.996872
-64.028122
-64.025002
-64.018745
-64.015625
-63.996872
-64.03125
-64.028122
-64.009377
-64.012497
-64.03437
-64.037498
-64.049995
-64.046875
-64.046875
-64.046875
-64.021873
-64.021873
-64.053116
-64.015625
-64.012497
-64.03437
-64.021873
-64.028122
-64.028122
-64.015625
-64.046875
-64.025002
-64.021873
-64.046875
-64.03125
-64.021873
-64.037498
-64.037498
-64.040627
-64.056244
-64.049995
-64.046875
-64.06562
-64.053116
-64.049995
-64.06562
-64.053116
-64.059372
-64.059372
-64.046875
-64.043747
-64.056244
-64.046875
-64.053116
-64.059372
-64.056244
-64.059372
-64.068741
-64.043747
-64.059372
-64.046875
-64.049995
-64.074997
-64.074997
-64.071869
-64.06562
-64.053116
-64.046875
-64.053116
-64.06562
-64.056244
-64.071869
-64.059372
-64.056244
-64.06562
-64.071869
-64.074997
-64.087494
-64.081245
-64.078117
-64.084366
-64.056244
-64.049995
-64.059372
-64.043747
-64.06562
-64.068741
-64.053116
-64.056244
-64.062492
-64.046875
-64.071869
-64.06562
-64.062492
-64.059372
-64.056244
-64.053116
-64.062492
-64.059372
-64.059372
-64.078117
-64.084366
-64.081245
-64.087494
-64.06562
-64.062492
-64.059372
-64.043747
-64.049995
-64.06562
-64.049995
-64.053116
-64.056244
-64.06562
-64.074997
-64.084366
-64.06562
-64.084366
-64.093742
-64.087494
-64.099991
-64.078117
-64.090622
-64.09687
-64.084366
-64.081245
-64.078117
-64.071869
-64.062492
-64.071869
-64.062492
-64.056244
-64.046875
-64.053116
-64.06562
-64.071869
-64.081245
-64.09687
-64.09687
-64.090622
-64.093742
-64.09687
-64.071869
-64.078117
-64.049995
-64.046875
-64.074997
-64.062492
-64.074997
-64.081245
-64.078117
-64.074997
-64.090622
-64.068741
-64.09687
-64.112495
-64.109367
-64.093742
-64.099991
-64.09687
-64.093742
-64.103119
-64.084366
-64.081245
-64.081245
-64.071869
-64.078117
-64.078117
-64.093742
-64.090622
-64.06562
-64.074997
-64.087494
-64.059372
-64.071869
-64.068741
-64.056244
-64.074997
-64.087494
-64.074997
-64.068741
-64.090622
-64.074997
-64.071869
-64.071869
-64.062492
-64.084366
-64.084366
-64.078117
-64.084366
-64.062492
-64.053116
-64.053116
-64.049995
-64.053116
-64.06562
-64.087494
-64.074997
-64.084366
-64.06562
-64.046875
-64.046875
-64.046875
-64.062492
-64.068741
-64.056244
-64.049995
-64.062492
-64.053116
-64.062492
-64.074997
-64.049995
-64.068741
-64.071869
-64.071869
-64.056244
-64.043747
-64.025002
-64.03437
-64.046875
-64.040627
-64.049995
-64.046875
-64.053116
-64.06562
-64.046875
-64.053116
-64.06562
-64.059372
-64.06562
-64.06562
-64.06562
-64.068741
-64.087494
-64.074997
-64.06562
-64.053116
-64.046875
-64.040627
-64.03437
-64.028122
-64.040627
-64.03437
-64.025002
-64.037498
-64.043747
-64.03437
-64.03437
-64.028122
-64.021873
-64.028122
-64.015625
-64.015625
-64.03125
-63.996872
-64.018745
-64.03437
-64.012497
-64.03437
-64.03437
-64.021873
-64.046875
-64.06562
-64.056244
-64.053116
-64.056244
-64.028122
-64.025002
-64.021873
-64.021873
-64.012497
-64.018745
-64.028122
-64.046875
-64.071869
-64.046875
-64.062492
-64.043747
-64.074997
-64.074997
-64.056244
-64.059372
-64.062492
-64.046875
-64.046875
-64.056244
-64.046875
-64.03437
-64.062492
-64.043747
-64.053116
-64.062492
-64.06562
-64.078117
-64.06562
-64.068741
-64.084366
-64.068741
-64.068741
-64.068741
-64.049995
-64.046875
-64.046875
-64.03437
-64.059372
-64.053116
-64.043747
-64.059372
-64.071869
-64.06562
-64.084366
-64.087494
-64.087494
-64.09687
-64.081245
-64.087494
-64.071869
-64.068741
-64.074997
-64.059372
-64.059372
-64.037498
-64.053116
-64.046875
-64.053116
-64.059372
-64.06562
-64.068741
-64.09687
-64.084366
-64.078117
-64.081245
-64.081245
-64.059372
-64.06562
-64.059372
-64.068741
-64.074997
-64.078117
-64.090622
-64.090622
-64.071869
-64.081245
-64.078117
-64.068741
-64.059372
-64.06562
-64.056244
-64.081245
-64.074997
-64.068741
-64.078117
-64.062492
-64.068741
-64.059372
-64.06562
-64.056244
-64.074997
-64.084366
-64.087494
-64.090622
-64.084366
-64.078117
-64.068741
-64.078117
-64.078117
-64.071869
-64.071869
-64.087494
-64.090622
-64.071869
-64.093742
-64.103119
-64.106247
-64.112495
-64.090622
-64.087494
-64.103119
-64.121872
-64.106247
-64.118744
-64.121872
-64.109367
-64.109367
-64.09687
-64.106247
-64.118744
-64.112495
-64.115616
-64.131241
-64.093742
-64.115616
-64.121872
-64.12812
-64.143745
-64.137497
-64.109367
-64.124992
-64.103119
-64.103119
-64.09687
-64.103119
-64.103119
-64.109367
-64.099991
-64.09687
-64.099991
-64.106247
-64.093742
-64.09687
-64.093742
-64.112495
-64.106247
-64.103119
-64.099991
-64.109367
-64.09687
-64.099991
-64.099991
-64.093742
-64.099991
-64.09687
-64.074997
-64.084366
-64.081245
-64.078117
-64.087494
-64.074997
-64.068741
-64.093742
-64.093742
-64.084366
-64.109367
-64.099991
-64.106247
-64.134369
-64.115616
-64.106247
-64.109367
-64.109367
-64.121872
-64.118744
-64.112495
-64.115616
-64.115616
-64.124992
-64.146866
-64.134369
-64.156242
-64.162491
-64.149986
-64.143745
-64.146866
-64.146866
-64.134369
-64.143745
-64.118744
-64.115616
-64.109367
-64.090622
-64.081245
-64.090622
-64.074997
-64.090622
-64.09687
-64.081245
-64.106247
-64.121872
-64.134369
-64.134369
-64.146866
-64.131241
-64.146866
-64.146866
-64.134369
-64.149986
-64.134369
-64.121872
-64.137497
-64.109367
-64.109367
-64.121872
-64.112495
-64.109367
-64.118744
-64.09687
-64.106247
-64.09687
-64.109367
-64.124992
-64.124992
-64.124992
-64.121872
-64.112495
-64.112495
-64.106247
-64.121872
-64.109367
-64.112495
-64.109367
-64.09687
-64.118744
-64.115616
-64.106247
-64.118744
-64.103119
-64.112495
-64.12812
-64.121872
-64.134369
-64.149986
-64.146866
-64.146866
-64.162491
-64.146866
-64.146866
-64.146866
-64.143745
-64.12812
-64.140617
-64.12812
-64.156242
-64.149986
-64.146866
-64.165611
-64.174988
-64.165611
-64.171867
-64.146866
-64.146866
-64.153114
-64.131241
-64.124992
-64.137497
-64.140617
-64.124992
-64.137497
-64.124992
-64.121872
-64.146866
-64.140617
-64.146866
-64.140617
-64.140617
-64.140617
-64.146866
-64.140617
-64.140617
-64.131241
-64.124992
-64.115616
-64.109367
-64.118744
-64.146866
-64.131241
-64.143745
-64.146866
-64.146866
-64.153114
-64.184364
-64.153114
-64.134369
-64.124992
-64.115616
-64.112495
-64.121872
-64.106247
-64.118744
-64.121872
-64.099991
-64.090622
-64.090622
-64.09687
-64.09687
-64.109367
-64.099991
-64.131241
-64.134369
-64.106247
-64.124992
-64.112495
-64.103119
-64.115616
-64.118744
-64.121872
-64.112495
-64.118744
-64.112495
-64.118744
-64.103119
-64.106247
-64.124992
-64.118744
-64.137497
-64.146866
-64.118744
-64.109367
-64.124992
-64.118744
-64.134369
-64.137497
-64.137497
-64.146866
-64.143745
-64.140617
-64.149986
-64.146866
-64.146866
-64.12812
-64.12812
-64.131241
-64.121872
-64.087494
-64.081245
-64.103119
-64.087494
-64.090622
-64.103119
-64.112495
-64.103119
-64.115616
-64.121872
-64.137497
-64.146866
-64.12812
-64.143745
-64.143745
-64.137497
-64.156242
-64.143745
-64.121872
-64.115616
-64.112495
-64.09687
-64.09687
-64.109367
-64.106247
-64.109367
-64.099991
-64.09687
-64.109367
-64.109367
-64.103119
-64.109367
-64.106247
-64.118744
-64.118744
-64.121872
-64.131241
-64.134369
-64.112495
-64.118744
-64.109367
-64.106247
-64.103119
-64.106247
-64.09687
-64.118744
-64.121872
-64.115616
-64.115616
-64.115616
-64.115616
-64.112495
-64.124992
-64.115616
-64.134369
-64.118744
-64.131241
-64.121872
-64.109367
-64.09687
-64.115616
-64.09687
-64.115616
-64.12812
-64.121872
-64.12812
-64.118744
-64.137497
-64.134369
-64.140617
-64.134369
-64.146866
-64.143745
-64.146866
-64.174988
-64.146866
-64.149986
-64.153114
-64.143745
-64.146866
-64.121872
-64.12812
-64.137497
-64.134369
-64.12812
-64.134369
-64.137497
-64.153114
-64.134369
-64.146866
-64.153114
-64.181236
-64.146866
-64.153114
-64.162491
-64.165611
-64.149986
-64.165611
-64.162491
-64.171867
-64.162491
-64.153114
-64.146866
-64.153114
-64.153114
-64.146866
-64.143745
-64.12812
-64.109367
-64.131241
-64.12812
-64.118744
-64.134369
-64.106247
-64.12812
-64.137497
-64.146866
-64.134369
-64.124992
-64.109367
-64.131241
-64.12812
-64.131241
-64.118744
-64.115616
-64.118744
-64.156242
-64.140617
-64.146866
-64.159363
-64.146866
-64.146866
-64.146866
-64.146866
-64.143745
-64.146866
-64.146866
-64.146866
-64.153114
-64.146866
-64.159363
-64.146866
-64.12812
-64.124992
-64.149986
-64.134369
-64.137497
-64.121872
-64.137497
-64.146866
-64.143745
-64.146866
-64.162491
-64.171867
-64.184364
-64.196861
-64.174988
-64.178116
-64.196861
-64.171867
-64.184364
-64.178116
-64.168739
-64.184364
-64.165611
-64.146866
-64.168739
-64.168739
-64.159363
-64.171867
-64.159363
-64.146866
-64.162491
-64.190613
-64.146866
-64.149986
-64.143745
-64.134369
-64.153114
-64.149986
-64.146866
-64.159363
-64.162491
-64.168739
-64.174988
-64.184364
-64.187492
-64.174988
-64.171867
-64.181236
-64.181236
-64.165611
-64.178116
-64.181236
-64.178116
-64.184364
-64.181236
-64.165611
-64.159363
-64.159363
-64.153114
-64.168739
-64.190613
-64.184364
-64.187492
-64.184364
-64.171867
-64.196861
-64.171867
-64.168739
-64.193741
-64.174988
-64.187492
-64.187492
-64.156242
-64.162491
-64.146866
-64.12812
-64.140617
-64.156242
-64.165611
-64.184364
-64.171867
-64.159363
-64.156242
-64.171867
-64.178116
-64.171867
-64.168739
-64.165611
-64.178116
-64.159363
-64.159363
-64.159363
-64.149986
-64.171867
-64.171867
-64.165611
-64.156242
-64.181236
-64.174988
-64.196861
-64.196861
-64.209366
-64.212486
-64.196861
-64.174988
-64.187492
-64.196861
-64.187492
-64.212486
-64.199989
-64.196861
-64.215614
-64.206238
-64.215614
-64.218742
-64.224991
-64.212486
-64.240616
-64.231239
-64.221863
-64.234367
-64.228111
-64.228111
-64.231239
-64.221863
-64.246864
-64.237488
-64.206238
-64.209366
-64.203117
-64.181236
-64.212486
-64.215614
-64.203117
-64.203117
-64.209366
-64.203117
-64.206238
-64.206238
-64.190613
-64.199989
-64.171867
-64.181236
-64.193741
-64.156242
-64.168739
-64.178116
-64.174988
-64.190613
-64.196861
-64.171867
-64.171867
-64.178116
-64.171867
-64.193741
-64.184364
-64.181236
-64.199989
-64.190613
-64.181236
-64.193741
-64.181236
-64.187492
-64.199989
-64.196861
-64.193741
-64.196861
-64.178116
-64.178116
-64.181236
-64.171867
-64.184364
-64.212486
-64.193741
-64.187492
-64.190613
-64.181236
-64.196861
-64.193741
-64.190613
-64.212486
-64.190613
-64.199989
-64.203117
-64.187492
-64.184364
-64.178116
-64.162491
-64.156242
-64.181236
-64.168739
-64.159363
-64.165611
-64.153114
-64.165611
-64.187492
-64.190613
-64.203117
-64.212486
-64.206238
-64.209366
-64.224991
-64.218742
-64.215614
-64.190613
-64.199989
-64.215614
-64.206238
-64.196861
-64.190613
-64.187492
-64.174988
-64.171867
-64.165611
-64.140617
-64.143745
-64.146866
-64.146866
-64.149986
-64.153114
-64.159363
-64.174988
-64.181236
-64.199989
-64.203117
-64.184364
-64.221863
-64.212486
-64.174988
-64.171867
-64.187492
-64.196861
-64.190613
-64.193741
-64.212486
-64.218742
-64.199989
-64.190613
-64.190613
-64.196861
-64.181236
-64.209366
-64.193741
-64.187492
-64.212486
-64.181236
-64.178116
-64.162491
-64.165611
-64.162491
-64.178116
-64.184364
-64.193741
-64.203117
-64.193741
-64.196861
-64.212486
-64.193741
-64.199989
-64.196861
-64.199989
-64.209366
-64.199989
-64.209366
-64.212486
-64.224991
-64.215614
-64.215614
-64.228111
-64.209366
-64.215614
-64.215614
-64.203117
-64.190613
-64.193741
-64.187492
-64.196861
-64.206238
-64.215614
-64.199989
-64.203117
-64.199989
-64.206238
-64.203117
-64.187492
-64.178116
-64.178116
-64.187492
-64.193741
-64.181236
-64.190613
-64.181236
-64.181236
-64.199989
-64.196861
-64.203117
-64.209366
-64.187492
-64.193741
-64.196861
-64.187492
-64.181236
-64.196861
-64.209366
-64.224991
-64.240616
-64.196861
-64.206238
-64.212486
-64.218742
-64.206238
-64.206238
-64.190613
-64.196861
-64.190613
-64.190613
-64.206238
-64.206238
-64.212486
-64.218742
-64.209366
-64.203117
-64.218742
-64.193741
-64.193741
-64.199989
-64.215614
-64.206238
-64.212486
-64.190613
-64.196861
-64.193741
-64.193741
-64.190613
-64.221863
-64.215614
-64.218742
-64.228111
-64.209366
-64.212486
-64.190613
-64.190613
-64.212486
-64.218742
-64.203117
-64.212486
-64.209366
-64.215614
-64.231239
-64.218742
-64.215614
-64.221863
-64.206238
-64.209366
-64.221863
-64.215614
-64.224991
-64.237488
-64.240616
-64.246864
-64.249985
-64.243736
-64.243736
-64.246864
-64.246864
-64.249985
-64.262482
-64.253105
-64.256233
-64.249985
-64.249985
-64.243736
-64.240616
-64.26561
-64.271858
-64.262482
-64.274986
-64.274986
-64.243736
-64.262482
-64.274986
-64.259361
-64.262482
-64.271858
-64.253105
-64.246864
-64.234367
-64.228111
-64.231239
-64.237488
-64.228111
-64.234367
-64.237488
-64.215614
-64.237488
-64.246864
-64.234367
-64.228111
-64.224991
-64.218742
-64.212486
-64.218742
-64.221863
-64.228111
-64.196861
-64.228111
-64.203117
-64.193741
-64.209366
-64.199989
-64.218742
-64.231239
-64.234367
-64.246864
-64.253105
-64.243736
-64.224991
-64.221863
-64.224991
-64.218742
-64.237488
-64.224991
-64.199989
-64.209366
-64.190613
-64.190613
-64.165611
-64.137497
-64.174988
-64.171867
-64.168739
-64.184364
-64.190613
-64.187492
-64.193741
-64.168739
-64.171867
-64.165611
-64.153114
-64.146866
-64.143745
-64.149986
-64.146866
-64.165611
-64.156242
-64.156242
-64.156242
-64.156242
-64.178116
-64.181236
-64.162491
-64.184364
-64.203117
-64.203117
-64.196861
-64.184364
-64.174988
-64.178116
-64.171867
-64.165611
-64.146866
-64.159363
-64.168739
-64.190613
-64.190613
-64.174988
-64.193741
-64.187492
-64.184364
-64.199989
-64.178116
-64.181236
-64.162491
-64.153114
-64.159363
-64.153114
-64.143745
-64.146866
-64.134369
-64.143745
-64.146866
-64.162491
-64.159363
-64.156242
-64.174988
-64.165611
-64.184364
-64.178116
-64.153114
-64.171867
-64.181236
-64.178116
-64.193741
-64.159363
-64.149986
-64.165611
-64.159363
-64.168739
-64.184364
-64.196861
-64.178116
-64.174988
-64.146866
-64.137497
-64.146866
-64.146866
-64.156242
-64.184364
-64.171867
-64.156242
-64.156242
-64.146866
-64.146866
-64.134369
-64.146866
-64.153114
-64.162491
-64.146866
-64.153114
-64.159363
-64.153114
-64.159363
-64.140617
-64.149986
-64.146866
-64.156242
-64.146866
-64.146866
-64.146866
-64.159363
-64.162491
-64.153114
-64.146866
-64.149986
-64.146866
-64.146866
-64.146866
-64.146866
-64.146866
-64.140617
-64.140617
-64.140617
-64.153114
-64.124992
-64.146866
-64.159363
-64.146866
-64.156242
-64.168739
-64.159363
-64.162491
-64.171867
-64.178116
-64.168739
-64.174988
-64.165611
-64.174988
-64.165611
-64.168739
-64.187492
-64.178116
-64.178116
-64.196861
-64.171867
-64.174988
-64.168739
-64.140617
-64.168739
-64.153114
-64.134369
-64.153114
-64.146866
-64.134369
-64.159363
-64.162491
-64.168739
-64.181236
-64.162491
-64.178116
-64.190613
-64.178116
-64.162491
-64.181236
-64.171867
-64.165611
-64.168739
-64.146866
-64.149986
-64.168739
-64.171867
-64.184364
-64.181236
-64.174988
-64.187492
-64.174988
-64.190613
-64.174988
-64.162491
-64.171867
-64.174988
-64.174988
-64.187492
-64.196861
-64.190613
-64.196861
-64.190613
-64.187492
-64.174988
-64.171867
-64.156242
-64.181236
-64.181236
-64.174988
-64.193741
-64.190613
-64.184364
-64.184364
-64.193741
-64.187492
-64.215614
-64.218742
-64.187492
-64.184364
-64.178116
-64.168739
-64.187492
-64.168739
-64.156242
-64.187492
-64.184364
-64.187492
-64.206238
-64.193741
-64.174988
-64.187492
-64.165611
-64.187492
-64.190613
-64.168739
-64.171867
-64.178116
-64.181236
-64.218742
-64.212486
-64.199989
-64.212486
-64.212486
-64.181236
-64.184364
-64.171867
-64.168739
-64.196861
-64.199989
-64.193741
-64.190613
-64.171867
-64.171867
-64.181236
-64.184364
-64.181236
-64.168739
-64.165611
-64.168739
-64.168739
-64.156242
-64.146866
-64.137497
-64.12812
-64.146866
-64.162491
-64.174988
-64.190613
-64.190613
-64.190613
-64.199989
-64.193741
-64.187492
-64.181236
-64.159363
-64.165611
-64.168739
-64.156242
-64.143745
-64.168739
-64.153114
-64.153114
-64.156242
-64.159363
-64.159363
-64.146866
-64.140617
-64.159363
-64.171867
-64.174988
-64.203117
-64.193741
-64.187492
-64.187492
-64.203117
-64.190613
-64.184364
-64.162491
-64.162491
-64.165611
-64.146866
-64.134369
-64.149986
-64.153114
-64.153114
-64.159363
-64.156242
-64.174988
-64.181236
-64.168739
-64.203117
-64.181236
-64.174988
-64.184364
-64.184364
-64.178116
-64.184364
-64.174988
-64.181236
-64.190613
-64.165611
-64.153114
-64.165611
-64.153114
-64.153114
-64.159363
-64.137497
-64.121872
-64.143745
-64.149986
-64.159363
-64.153114
-64.159363
-64.165611
-64.162491
-64.159363
-64.165611
-64.162491
-64.143745
-64.159363
-64.159363
-64.143745
-64.174988
-64.140617
-64.137497
-64.140617
-64.159363
-64.146866
-64.168739
-64.137497
-64.146866
-64.143745
-64.143745
-64.121872
-64.143745
-64.140617
-64.146866
-64.156242
-64.131241
-64.137497
-64.159363
-64.140617
-64.162491
-64.140617
-64.12812
-64.134369
-64.137497
-64.131241
-64.153114
-64.140617
-64.124992
-64.12812
-64.115616
-64.09687
-64.103119
-64.103119
-64.115616
-64.12812
-64.121872
-64.124992
-64.134369
-64.099991
-64.106247
-64.109367
-64.106247
-64.121872
-64.12812
-64.121872
-64.12812
-64.121872
-64.12812
-64.115616
-64.109367
-64.106247
-64.12812
-64.143745
-64.118744
-64.131241
-64.146866
-64.143745
-64.153114
-64.143745
-64.146866
-64.153114
-64.143745
-64.146866
-64.153114
-64.149986
-64.165611
-64.162491
-64.156242
-64.159363
-64.159363
-64.12812
-64.115616
-64.121872
-64.115616
-64.118744
-64.124992
-64.103119
-64.124992
-64.121872
-64.146866
-64.134369
-64.156242
-64.134369
-64.131241
-64.146866
-64.146866
-64.146866
-64.146866
-64.156242
-64.165611
-64.149986
-64.146866
-64.153114
-64.143745
-64.153114
-64.146866
-64.146866
-64.146866
-64.165611
-64.171867
-64.156242
-64.153114
-64.153114
-64.146866
-64.146866
-64.159363
-64.168739
-64.171867
-64.162491
-64.159363
-64.168739
-64.165611
-64.171867
-64.149986
-64.137497
-64.165611
-64.168739
-64.174988
-64.190613
-64.168739
-64.181236
-64.193741
-64.184364
-64.190613
-64.187492
-64.181236
-64.196861
-64.209366
-64.196861
-64.203117
-64.203117
-64.184364
-64.193741
-64.159363
-64.153114
-64.178116
-64.174988
-64.178116
-64.193741
-64.178116
-64.168739
-64.196861
-64.190613
-64.184364
-64.209366
-64.181236
-64.162491
-64.165611
-64.168739
-64.165611
-64.187492
-64.174988
-64.171867
-64.159363
-64.140617
-64.153114
-64.149986
-64.149986
-64.171867
-64.199989
-64.193741
-64.196861
-64.174988
-64.171867
-64.174988
-64.165611
-64.159363
-64.165611
-64.171867
-64.181236
-64.203117
-64.187492
-64.196861
-64.203117
-64.187492
-64.199989
-64.184364
-64.187492
-64.196861
-64.196861
-64.181236
-64.206238
-64.190613
-64.171867
-64.190613
-64.159363
-64.159363
-64.193741
-64.196861
-64.199989
-64.193741
-64.181236
-64.184364
-64.184364
-64.187492
-64.187492
-64.174988
-64.153114
-64.168739
-64.162491
-64.159363
-64.159363
-64.149986
-64.146866
-64.162491
-64.149986
-64.131241
-64.134369
-64.137497
-64.134369
-64.165611
-64.168739
-64.165611
-64.174988
-64.165611
-64.174988
-64.159363
-64.146866
-64.149986
-64.159363
-64.159363
-64.149986
-64.140617
-64.12812
-64.146866
-64.156242
-64.156242
-64.174988
-64.178116
-64.178116
-64.171867
-64.174988
-64.159363
-64.149986
-64.146866
-64.146866
-64.162491
-64.146866
-64.140617
-64.143745
-64.121872
-64.124992
-64.131241
-64.131241
-64.140617
-64.143745
-64.140617
-64.143745
-64.143745
-64.134369
-64.146866
-64.156242
-64.131241
-64.140617
-64.140617
-64.134369
-64.137497
-64.140617
-64.140617
-64.134369
-64.134369
-64.124992
-64.137497
-64.143745
-64.137497
-64.162491
-64.143745
-64.143745
-64.153114
-64.140617
-64.121872
-64.12812
-64.121872
-64.143745
-64.140617
-64.12812
-64.140617
-64.143745
-64.134369
-64.146866
-64.146866
-64.156242
-64.153114
-64.124992
-64.146866
-64.137497
-64.131241
-64.134369
-64.124992
-64.146866
-64.146866
-64.162491
-64.143745
-64.146866
-64.165611
-64.153114
-64.156242
-64.153114
-64.153114
-64.156242
-64.162491
-64.143745
-64.146866
-64.143745
-64.134369
-64.12812
-64.134369
-64.124992
-64.118744
-64.121872
-64.09687
-64.140617
-64.162491
-64.153114
-64.156242
-64.153114
-64.149986
-64.165611
-64.159363
-64.168739
-64.171867
-64.153114
-64.168739
-64.187492
-64.168739
-64.146866
-64.149986
-64.153114
-64.156242
-64.153114
-64.146866
-64.143745
-64.143745
-64.137497
-64.159363
-64.165611
-64.149986
-64.168739
-64.159363
-64.168739
-64.171867
-64.174988
-64.159363
-64.171867
-64.168739
-64.153114
-64.184364
-64.156242
-64.165611
-64.156242
-64.156242
-64.168739
-64.159363
-64.159363
-64.165611
-64.153114
-64.146866
-64.156242
-64.174988
-64.153114
-64.174988
-64.153114
-64.178116
-64.187492
-64.181236
-64.184364
-64.184364
-64.165611
-64.146866
-64.165611
-64.159363
-64.171867
-64.159363
-64.146866
-64.156242
-64.178116
-64.165611
-64.178116
-64.196861
-64.190613
-64.178116
-64.184364
-64.174988
-64.199989
-64.215614
-64.187492
-64.203117
-64.209366
-64.174988
-64.184364
-64.168739
-64.156242
-64.178116
-64.184364
-64.171867
-64.181236
-64.184364
-64.184364
-64.193741
-64.178116
-64.190613
-64.181236
-64.174988
-64.178116
-64.162491
-64.171867
-64.174988
-64.171867
-64.168739
-64.165611
-64.171867
-64.156242
-64.174988
-64.159363
-64.156242
-64.187492
-64.190613
-64.190613
-64.224991
-64.206238
-64.203117
-64.209366
-64.196861
-64.190613
-64.203117
-64.193741
-64.203117
-64.221863
-64.196861
-64.209366
-64.196861
-64.215614
-64.221863
-64.196861
-64.199989
-64.203117
-64.218742
-64.212486
-64.231239
-64.218742
-64.209366
-64.231239
-64.203117
-64.196861
-64.187492
-64.184364
-64.162491
-64.171867
-64.168739
-64.156242
-64.174988
-64.156242
-64.165611
-64.178116
-64.168739
-64.178116
-64.193741
-64.171867
-64.184364
-64.199989
-64.190613
-64.196861
-64.212486
-64.190613
-64.174988
-64.196861
-64.190613
-64.184364
-64.165611
-64.181236
-64.190613
-64.178116
-64.206238
-64.203117
-64.196861
-64.209366
-64.240616
-64.231239
-64.240616
-64.243736
-64.237488
-64.240616
-64.234367
-64.221863
-64.221863
-64.240616
-64.209366
-64.212486
-64.206238
-64.209366
-64.231239
-64.215614
-64.174988
-64.190613
-64.187492
-64.203117
-64.181236
-64.153114
-64.162491
-64.181236
-64.171867
-64.187492
-64.206238
-64.196861
-64.199989
-64.181236
-64.181236
-64.184364
-64.215614
-64.206238
-64.218742
-64.212486
-64.193741
-64.190613
-64.178116
-64.171867
-64.190613
-64.187492
-64.171867
-64.171867
-64.187492
-64.171867
-64.199989
-64.196861
-64.196861
-64.203117
-64.196861
-64.215614
-64.224991
-64.199989
-64.212486
-64.209366
-64.184364
-64.187492
-64.184364
-64.196861
-64.196861
-64.196861
-64.178116
-64.190613
-64.199989
-64.193741
-64.196861
-64.187492
-64.196861
-64.237488
-64.228111
-64.240616
-64.237488
-64.237488
-64.203117
-64.234367
-64.240616
-64.234367
-64.240616
-64.262482
-64.26561
-64.246864
-64.228111
-64.231239
-64.237488
-64.221863
-64.228111
-64.218742
-64.218742
-64.249985
-64.243736
-64.231239
-64.234367
-64.228111
-64.237488
-64.237488
-64.231239
-64.237488
-64.246864
-64.240616
-64.249985
-64.278107
-64.256233
-64.262482
-64.281235
-64.253105
-64.259361
-64.259361
-64.249985
-64.224991
-64.246864
-64.221863
-64.228111
-64.234367
-64.218742
-64.246864
-64.206238
-64.209366
-64.203117
-64.209366
-64.199989
-64.209366
-64.206238
-64.193741
-64.196861
-64.196861
-64.199989
-64.215614
-64.206238
-64.209366
-64.224991
-64.218742
-64.221863
-64.228111
-64.206238
-64.218742
-64.228111
-64.209366
-64.209366
-64.203117
-64.203117
-64.224991
-64.215614
-64.199989
-64.212486
-64.206238
-64.199989
-64.231239
-64.212486
-64.193741
-64.228111
-64.218742
-64.187492
-64.231239
-64.218742
-64.221863
-64.234367
-64.221863
-64.234367
-64.218742
-64.212486
-64.209366
-64.209366
-64.196861
-64.215614
-64.221863
-64.203117
-64.215614
-64.203117
-64.181236
-64.206238
-64.193741
-64.196861
-64.206238
-64.193741
-64.199989
-64.203117
-64.209366
-64.206238
-64.221863
-64.212486
-64.212486
-64.206238
-64.196861
-64.206238
-64.199989
-64.184364
-64.184364
-64.193741
-64.184364
-64.196861
-64.218742
-64.196861
-64.228111
-64.203117
-64.190613
-64.206238
-64.203117
-64.206238
-64.196861
-64.181236
-64.178116
-64.178116
-64.171867
-64.178116
-64.199989
-64.203117
-64.209366
-64.218742
-64.212486
-64.206238
-64.218742
-64.234367
-64.218742
-64.199989
-64.199989
-64.187492
-64.196861
-64.187492
-64.203117
-64.209366
-64.196861
-64.215614
-64.215614
-64.215614
-64.240616
-64.218742
-64.209366
-64.218742
-64.224991
-64.237488
-64.234367
-64.206238
-64.215614
-64.228111
-64.231239
-64.237488
-64.246864
-64.228111
-64.234367
-64.221863
-64.215614
-64.206238
-64.196861
-64.196861
-64.209366
-64.209366
-64.221863
-64.228111
-64.221863
-64.212486
-64.240616
-64.237488
-64.243736
-64.249985
-64.240616
-64.218742
-64.218742
-64.221863
-64.231239
-64.228111
-64.228111
-64.234367
-64.231239
-64.221863
-64.237488
-64.256233
-64.228111
-64.228111
-64.218742
-64.221863
-64.231239
-64.231239
-64.215614
-64.231239
-64.246864
-64.221863
-64.231239
-64.234367
-64.240616
-64.249985
-64.215614
-64.231239
-64.246864
-64.246864
-64.243736
-64.256233
-64.246864
-64.240616
-64.246864
-64.237488
-64.237488
-64.237488
-64.218742
-64.234367
-64.228111
-64.221863
-64.231239
-64.215614
-64.218742
-64.237488
-64.212486
-64.199989
-64.218742
-64.206238
-64.221863
-64.224991
-64.218742
-64.240616
-64.228111
-64.228111
-64.224991
-64.221863
-64.224991
-64.234367
-64.224991
-64.212486
-64.209366
-64.206238
-64.203117
-64.199989
-64.193741
-64.196861
-64.190613
-64.193741
-64.187492
-64.190613
-64.196861
-64.196861
-64.221863
-64.215614
-64.215614
-64.231239
-64.228111
-64.240616
-64.237488
-64.234367
-64.246864
-64.224991
-64.209366
-64.215614
-64.206238
-64.221863
-64.228111
-64.228111
-64.224991
-64.237488
-64.246864
-64.246864
-64.253105
-64.243736
-64.243736
-64.259361
-64.26561
-64.256233
-64.253105
-64.234367
-64.253105
-64.262482
-64.246864
-64.246864
-64.246864
-64.246864
-64.253105
-64.240616
-64.212486
-64.215614
-64.231239
-64.215614
-64.224991
-64.237488
-64.240616
-64.237488
-64.228111
-64.215614
-64.224991
-64.215614
-64.190613
-64.203117
-64.178116
-64.178116
-64.187492
-64.199989
-64.199989
-64.196861
-64.203117
-64.215614
-64.212486
-64.203117
-64.224991
-64.231239
-64.224991
-64.237488
-64.228111
-64.234367
-64.243736
-64.240616
-64.228111
-64.228111
-64.243736
-64.234367
-64.234367
-64.224991
-64.231239
-64.249985
-64.231239
-64.221863
-64.228111
-64.218742
-64.184364
-64.196861
-64.184364
-64.165611
-64.184364
-64.178116
-64.184364
-64.196861
-64.174988
-64.181236
-64.171867
-64.156242
-64.165611
-64.165611
-64.149986
-64.171867
-64.174988
-64.146866
-64.181236
-64.187492
-64.168739
-64.174988
-64.174988
-64.171867
-64.174988
-64.193741
-64.181236
-64.190613
-64.187492
-64.184364
-64.190613
-64.181236
-64.196861
-64.190613
-64.168739
-64.193741
-64.209366
-64.196861
-64.193741
-64.184364
-64.159363
-64.165611
-64.162491
-64.174988
-64.171867
-64.159363
-64.146866
-64.174988
-64.178116
-64.165611
-64.178116
-64.178116
-64.178116
-64.187492
-64.190613
-64.168739
-64.184364
-64.187492
-64.187492
-64.193741
-64.162491
-64.181236
-64.215614
-64.184364
-64.187492
-64.199989
-64.196861
-64.218742
-64.215614
-64.187492
-64.196861
-64.181236
-64.171867
-64.168739
-64.162491
-64.162491
-64.174988
-64.174988
-64.168739
-64.190613
-64.193741
-64.196861
-64.215614
-64.196861
-64.181236
-64.184364
-64.168739
-64.162491
-64.184364
-64.159363
-64.168739
-64.162491
-64.168739
-64.174988
-64.146866
-64.146866
-64.178116
-64.159363
-64.168739
-64.168739
-64.140617
-64.134369
-64.156242
-64.134369
-64.131241
-64.134369
-64.134369
-64.12812
-64.156242
-64.12812
-64.134369
-64.153114
-64.153114
-64.171867
-64.149986
-64.146866
-64.178116
-64.171867
-64.146866
-64.168739
-64.140617
-64.153114
-64.149986
-64.146866
-64.140617
-64.156242
-64.146866
-64.165611
-64.156242
-64.156242
-64.156242
-64.171867
-64.149986
-64.165611
-64.162491
-64.146866
-64.131241
-64.112495
-64.099991
-64.121872
-64.115616
-64.099991
-64.118744
-64.109367
-64.081245
-64.106247
-64.115616
-64.153114
-64.168739
-64.146866
-64.146866
-64.146866
-64.140617
-64.146866
-64.143745
-64.112495
-64.112495
-64.137497
-64.115616
-64.118744
-64.140617
-64.140617
-64.134369
-64.156242
-64.137497
-64.143745
-64.146866
-64.149986
-64.146866
-64.149986
-64.162491
-64.171867
-64.140617
-64.134369
-64.146866
-64.143745
-64.12812
-64.121872
-64.134369
-64.118744
-64.134369
-64.134369
-64.137497
-64.143745
-64.137497
-64.146866
-64.178116
-64.159363
-64.171867
-64.146866
-64.146866
-64.149986
-64.149986
-64.131241
-64.12812
-64.140617
-64.146866
-64.156242
-64.146866
-64.137497
-64.137497
-64.118744
-64.112495
-64.121872
-64.118744
-64.118744
-64.131241
-64.12812
-64.121872
-64.12812
-64.121872
-64.12812
-64.124992
-64.118744
-64.115616
-64.131241
-64.121872
-64.109367
-64.118744
-64.112495
-64.124992
-64.112495
-64.112495
-64.109367
-64.081245
-64.071869
-64.090622
-64.084366
-64.071869
-64.071869
-64.06562
-64.062492
-64.074997
-64.071869
-64.09687
-64.09687
-64.09687
-64.09687
-64.131241
-64.099991
-64.12812
-64.140617
-64.099991
-64.121872
-64.118744
-64.115616
-64.109367
-64.071869
-64.078117
-64.068741
-64.059372
-64.06562
-64.09687
-64.078117
-64.093742
-64.109367
-64.121872
-64.140617
-64.146866
-64.137497
-64.156242
-64.149986
-64.12812
-64.146866
-64.146866
-64.137497
-64.140617
-64.149986
-64.12812
-64.146866
-64.146866
-64.109367
-64.124992
-64.124992
-64.115616
-64.134369
-64.131241
-64.140617
-64.149986
-64.121872
-64.112495
-64.12812
-64.12812
-64.109367
-64.115616
-64.09687
-64.137497
-64.131241
-64.131241
-64.143745
-64.140617
-64.137497
-64.146866
-64.146866
-64.134369
-64.143745
-64.153114
-64.143745
-64.156242
-64.149986
-64.153114
-64.149986
-64.124992
-64.140617
-64.146866
-64.146866
-64.153114
-64.153114
-64.146866
-64.149986
-64.162491
-64.162491
-64.159363
-64.184364
-64.171867
-64.174988
-64.153114
-64.153114
-64.156242
-64.149986
-64.134369
-64.156242
-64.165611
-64.134369
-64.140617
-64.159363
-64.159363
-64.156242
-64.137497
-64.140617
-64.143745
-64.124992
-64.140617
-64.140617
-64.146866
-64.134369
-64.156242
-64.149986
-64.149986
-64.156242
-64.153114
-64.156242
-64.171867
-64.159363
-64.146866
-64.165611
-64.146866
-64.162491
-64.146866
-64.149986
-64.168739
-64.168739
-64.162491
-64.168739
-64.146866
-64.137497
-64.162491
-64.156242
-64.168739
-64.181236
-64.190613
-64.196861
-64.199989
-64.168739
-64.171867
-64.159363
-64.153114
-64.165611
-64.165611
-64.159363
-64.168739
-64.165611
-64.165611
-64.159363
-64.143745
-64.115616
-64.146866
-64.168739
-64.159363
-64.174988
-64.171867
-64.181236
-64.193741
-64.178116
-64.153114
-64.146866
-64.143745
-64.134369
-64.124992
-64.12812
-64.146866
-64.159363
-64.159363
-64.165611
-64.165611
-64.171867
-64.215614
-64.199989
-64.196861
-64.199989
-64.187492
-64.181236
-64.196861
-64.199989
-64.181236
-64.171867
-64.159363
-64.171867
-64.178116
-64.159363
-64.153114
-64.159363
-64.156242
-64.153114
-64.171867
-64.146866
-64.143745
-64.143745
-64.137497
-64.159363
-64.162491
-64.140617
-64.134369
-64.12812
-64.09687
-64.12812
-64.112495
-64.078117
-64.112495
-64.09687
-64.093742
-64.118744
-64.099991
-64.115616
-64.137497
-64.134369
-64.140617
-64.134369
-64.140617
-64.140617
-64.121872
-64.131241
-64.143745
-64.137497
-64.121872
-64.143745
-64.149986
-64.140617
-64.178116
-64.168739
-64.162491
-64.168739
-64.165611
-64.143745
-64.140617
-64.146866
-64.137497
-64.143745
-64.146866
-64.137497
-64.146866
-64.159363
-64.146866
-64.146866
-64.140617
-64.146866
-64.156242
-64.137497
-64.140617
-64.146866
-64.143745
-64.156242
-64.171867
-64.134369
-64.137497
-64.162491
-64.143745
-64.134369
-64.137497
-64.134369
-64.118744
-64.146866
-64.149986
-64.181236
-64.187492
-64.190613
-64.174988
-64.149986
-64.159363
-64.156242
-64.146866
-64.165611
-64.153114
-64.153114
-64.156242
-64.146866
-64.134369
-64.153114
-64.165611
-64.146866
-64.162491
-64.159363
-64.146866
-64.143745
-64.143745
-64.165611
-64.153114
-64.131241
-64.140617
-64.156242
-64.137497
-64.12812
-64.143745
-64.149986
-64.153114
-64.168739
-64.153114
-64.140617
-64.162491
-64.159363
-64.165611
-64.159363
-64.149986
-64.146866
-64.162491
-64.131241
-64.140617
-64.146866
-64.140617
-64.159363
-64.153114
-64.149986
-64.162491
-64.156242
-64.153114
-64.165611
-64.149986
-64.149986
-64.156242
-64.149986
-64.146866
-64.181236
-64.149986
-64.156242
-64.156242
-64.143745
-64.168739
-64.171867
-64.146866
-64.153114
-64.171867
-64.149986
-64.153114
-64.162491
-64.171867
-64.190613
-64.156242
-64.137497
-64.146866
-64.137497
-64.131241
-64.12812
-64.103119
-64.09687
-64.09687
-64.093742
-64.09687
-64.109367
-64.109367
-64.118744
-64.131241
-64.118744
-64.146866
-64.134369
-64.143745
-64.156242
-64.171867
-64.146866
-64.165611
-64.178116
-64.149986
-64.156242
-64.143745
-64.146866
-64.153114
-64.131241
-64.137497
-64.146866
-64.140617
-64.156242
-64.178116
-64.153114
-64.140617
-64.146866
-64.146866
-64.140617
-64.134369
-64.115616
-64.106247
-64.118744
-64.112495
-64.140617
-64.146866
-64.140617
-64.146866
-64.134369
-64.137497
-64.140617
-64.131241
-64.131241
-64.143745
-64.149986
-64.146866
-64.146866
-64.146866
-64.146866
-64.156242
-64.174988
-64.190613
-64.171867
-64.168739
-64.159363
-64.184364
-64.178116
-64.181236
-64.174988
-64.168739
-64.178116
-64.187492
-64.171867
-64.171867
-64.156242
-64.146866
-64.149986
-64.146866
-64.156242
-64.159363
-64.159363
-64.146866
-64.156242
-64.159363
-64.168739
-64.181236
-64.162491
-64.156242
-64.165611
-64.165611
-64.184364
-64.196861
-64.165611
-64.146866
-64.146866
-64.140617
-64.140617
-64.134369
-64.131241
-64.137497
-64.140617
-64.112495
-64.140617
-64.162491
-64.140617
-64.143745
-64.146866
-64.146866
-64.168739
-64.146866
-64.146866
-64.146866
-64.131241
-64.124992
-64.159363
-64.156242
-64.149986
-64.143745
-64.12812
-64.137497
-64.131241
-64.112495
-64.134369
-64.137497
-64.134369
-64.140617
-64.121872
-64.131241
-64.131241
-64.137497
-64.121872
-64.103119
-64.134369
-64.131241
-64.134369
-64.115616
-64.12812
-64.165611
-64.134369
-64.124992
-64.134369
-64.146866
-64.131241
-64.146866
-64.143745
-64.159363
-64.146866
-64.134369
-64.146866
-64.134369
-64.121872
-64.140617
-64.140617
-64.124992
-64.124992
-64.109367
-64.112495
-64.134369
-64.134369
-64.143745
-64.146866
-64.137497
-64.134369
-64.124992
-64.124992
-64.09687
-64.118744
-64.106247
-64.137497
-64.137497
-64.12812
-64.140617
-64.149986
-64.134369
-64.146866
-64.159363
-64.156242
-64.162491
-64.153114
-64.143745
-64.137497
-64.121872
-64.121872
-64.12812
-64.140617
-64.137497
-64.137497
-64.153114
-64.149986
-64.168739
-64.156242
-64.162491
-64.184364
-64.171867
-64.162491
-64.162491
-64.168739
-64.171867
-64.168739
-64.171867
-64.165611
-64.178116
-64.149986
-64.156242
-64.156242
-64.143745
-64.159363
-64.143745
-64.134369
-64.134369
-64.124992
-64.143745
-64.146866
-64.149986
-64.149986
-64.165611
-64.140617
-64.146866
-64.162491
-64.146866
-64.146866
-64.184364
-64.146866
-64.153114
-64.146866
-64.146866
-64.168739
-64.187492
-64.174988
-64.184364
-64.174988
-64.156242
-64.174988
-64.146866
-64.156242
-64.168739
-64.168739
-64.149986
-64.149986
-64.124992
-64.12812
-64.12812
-64.109367
-64.106247
-64.118744
-64.106247
-64.118744
-64.12812
-64.134369
-64.134369
-64.143745
-64.118744
-64.131241
-64.146866
-64.146866
-64.146866
-64.146866
-64.134369
-64.159363
-64.159363
-64.146866
-64.140617
-64.12812
-64.124992
-64.140617
-64.137497
-64.146866
-64.162491
-64.146866
-64.134369
-64.137497
-64.131241
-64.103119
-64.103119
-64.103119
-64.115616
-64.121872
-64.099991
-64.115616
-64.115616
-64.103119
-64.121872
-64.099991
-64.109367
-64.124992
-64.121872
-64.118744
-64.12812
-64.118744
-64.106247
-64.112495
-64.093742
-64.103119
-64.121872
-64.099991
-64.112495
-64.121872
-64.093742
-64.090622
-64.09687
-64.087494
-64.087494
-64.093742
-64.06562
-64.081245
-64.074997
-64.078117
-64.09687
-64.106247
-64.109367
-64.090622
-64.090622
-64.071869
-64.087494
-64.06562
-64.084366
-64.090622
-64.099991
-64.09687
-64.115616
-64.081245
-64.071869
-64.09687
-64.090622
-64.106247
-64.109367
-64.087494
-64.09687
-64.109367
-64.09687
-64.103119
-64.09687
-64.093742
-64.09687
-64.103119
-64.090622
-64.099991
-64.090622
-64.084366
-64.093742
-64.099991
-64.087494
-64.115616
-64.115616
-64.118744
-64.131241
-64.121872
-64.12812
-64.146866
-64.140617
-64.12812
-64.143745
-64.103119
-64.118744
-64.118744
-64.106247
-64.124992
-64.112495
-64.081245
-64.106247
-64.099991
-64.103119
-64.115616
-64.099991
-64.109367
-64.146866
-64.140617
-64.121872
-64.115616
-64.109367
-64.143745
-64.156242
-64.168739
-64.146866
-64.146866
-64.134369
-64.112495
-64.121872
-64.099991
-64.115616
-64.087494
-64.103119
-64.106247
-64.121872
-64.112495
-64.146866
-64.159363
-64.153114
-64.165611
-64.162491
-64.159363
-64.153114
-64.149986
-64.140617
-64.143745
-64.124992
-64.121872
-64.131241
-64.121872
-64.134369
-64.159363
-64.143745
-64.153114
-64.165611
-64.162491
-64.165611
-64.143745
-64.146866
-64.162491
-64.156242
-64.143745
-64.168739
-64.149986
-64.149986
-64.153114
-64.159363
-64.146866
-64.153114
-64.159363
-64.153114
-64.153114
-64.143745
-64.134369
-64.146866
-64.121872
-64.118744
-64.124992
-64.131241
-64.140617
-64.12812
-64.12812
-64.140617
-64.143745
-64.140617
-64.162491
-64.146866
-64.134369
-64.149986
-64.131241
-64.137497
-64.156242
-64.137497
-64.134369
-64.146866
-64.146866
-64.156242
-64.159363
-64.12812
-64.137497
-64.156242
-64.134369
-64.121872
-64.124992
-64.124992
-64.115616
-64.112495
-64.09687
-64.09687
-64.09687
-64.112495
-64.12812
-64.109367
-64.115616
-64.124992
-64.099991
-64.09687
-64.118744
-64.115616
-64.12812
-64.137497
-64.124992
-64.12812
-64.118744
-64.112495
-64.115616
-64.121872
-64.131241
-64.121872
-64.134369
-64.112495
-64.109367
-64.103119
-64.084366
-64.093742
-64.109367
-64.093742
-64.109367
-64.109367
-64.112495
-64.115616
-64.12812
-64.103119
-64.106247
-64.09687
-64.090622
-64.115616
-64.09687
-64.103119
-64.106247
-64.109367
-64.118744
-64.118744
-64.124992
-64.131241
-64.149986
-64.131241
-64.115616
-64.124992
-64.112495
-64.121872
-64.12812
-64.103119
-64.121872
-64.118744
-64.090622
-64.09687
-64.071869
-64.078117
-64.084366
-64.074997
-64.078117
-64.09687
-64.084366
-64.09687
-64.121872
-64.131241
-64.12812
-64.115616
-64.106247
-64.118744
-64.109367
-64.09687
-64.090622
-64.093742
-64.093742
-64.093742
-64.074997
-64.081245
-64.099991
-64.099991
-64.09687
-64.109367
-64.121872
-64.118744
-64.131241
-64.131241
-64.131241
-64.140617
-64.112495
-64.09687
-64.099991
-64.090622
-64.099991
-64.109367
-64.109367
-64.109367
-64.103119
-64.099991
-64.109367
-64.109367
-64.087494
-64.099991
-64.103119
-64.106247
-64.124992
-64.118744
-64.115616
-64.115616
-64.118744
-64.093742
-64.106247
-64.134369
-64.146866
-64.140617
-64.12812
-64.12812
-64.131241
-64.118744
-64.124992
-64.118744
-64.118744
-64.103119
-64.103119
-64.084366
-64.099991
-64.112495
-64.09687
-64.109367
-64.103119
-64.106247
-64.103119
-64.118744
-64.115616
-64.121872
-64.09687
-64.106247
-64.115616
-64.106247
-64.106247
-64.09687
-64.09687
-64.09687
-64.103119
-64.093742
-64.103119
-64.09687
-64.090622
-64.084366
-64.103119
-64.099991
-64.115616
-64.103119
-64.093742
-64.09687
-64.109367
-64.106247
-64.12812
-64.09687
-64.099991
-64.118744
-64.115616
-64.099991
-64.09687
-64.093742
-64.071869
-64.081245
-64.081245
-64.081245
-64.078117
-64.053116
-64.059372
-64.087494
-64.071869
-64.06562
-64.068741
-64.078117
-64.078117
-64.081245
-64.06562
-64.068741
-64.081245
-64.06562
-64.084366
-64.090622
-64.074997
-64.090622
-64.081245
-64.087494
-64.103119
-64.090622
-64.09687
-64.09687
-64.09687
-64.09687
-64.112495
-64.099991
-64.103119
-64.099991
-64.084366
-64.087494
-64.093742
-64.059372
-64.059372
-64.068741
-64.049995
-64.071869
-64.062492
-64.062492
-64.084366
-64.062492
-64.059372
-64.087494
-64.074997
-64.084366
-64.087494
-64.09687
-64.081245
-64.093742
-64.09687
-64.090622
-64.109367
-64.099991
-64.109367
-64.103119
-64.112495
-64.121872
-64.106247
-64.090622
-64.09687
-64.084366
-64.090622
-64.084366
-64.074997
-64.062492
-64.087494
-64.09687
-64.093742
-64.099991
-64.109367
-64.106247
-64.121872
-64.121872
-64.118744
-64.118744
-64.099991
-64.12812
-64.137497
-64.103119
-64.103119
-64.112495
-64.106247
-64.106247
-64.09687
-64.071869
-64.059372
-64.078117
-64.078117
-64.09687
-64.121872
-64.131241
-64.109367
-64.103119
-64.09687
-64.109367
-64.121872
-64.099991
-64.118744
-64.087494
-64.09687
-64.09687
-64.103119
-64.093742
-64.090622
-64.081245
-64.09687
-64.09687
-64.081245
-64.071869
-64.087494
-64.09687
-64.099991
-64.099991
-64.103119
-64.112495
-64.109367
-64.09687
-64.124992
-64.118744
-64.109367
-64.109367
-64.099991
-64.109367
-64.115616
-64.099991
-64.106247
-64.09687
-64.09687
-64.115616
-64.12812
-64.121872
-64.124992
-64.109367
-64.103119
-64.090622
-64.09687
-64.09687
-64.112495
-64.118744
-64.121872
-64.134369
-64.131241
-64.106247
-64.112495
-64.09687
-64.09687
-64.090622
-64.09687
-64.093742
-64.124992
-64.115616
-64.115616
-64.131241
-64.109367
-64.124992
-64.124992
-64.137497
-64.124992
-64.12812
-64.106247
-64.121872
-64.124992
-64.118744
-64.137497
-64.146866
-64.143745
-64.131241
-64.134369
-64.137497
-64.146866
-64.115616
-64.131241
-64.124992
-64.106247
-64.099991
-64.118744
-64.106247
-64.103119
-64.118744
-64.099991
-64.118744
-64.118744
-64.106247
-64.112495
-64.109367
-64.099991
-64.103119
-64.115616
-64.103119
-64.121872
-64.12812
-64.106247
-64.112495
-64.109367
-64.103119
-64.118744
-64.118744
-64.115616
-64.153114
-64.131241
-64.137497
-64.134369
-64.131241
-64.134369
-64.124992
-64.121872
-64.124992
-64.137497
-64.143745
-64.156242
-64.174988
-64.181236
-64.168739
-64.174988
-64.149986
-64.140617
-64.134369
-64.115616
-64.134369
-64.115616
-64.121872
-64.124992
-64.12812
-64.140617
-64.149986
-64.134369
-64.12812
-64.146866
-64.134369
-64.140617
-64.137497
-64.121872
-64.124992
-64.121872
-64.143745
-64.153114
-64.137497
-64.131241
-64.12812
-64.131241
-64.115616
-64.134369
-64.124992
-64.131241
-64.143745
-64.146866
-64.146866
-64.146866
-64.156242
-64.121872
-64.146866
-64.137497
-64.115616
-64.115616
-64.09687
-64.115616
-64.121872
-64.103119
-64.099991
-64.084366
-64.078117
-64.071869
-64.087494
-64.093742
-64.103119
-64.124992
-64.131241
-64.146866
-64.137497
-64.137497
-64.156242
-64.143745
-64.118744
-64.12812
-64.140617
-64.121872
-64.121872
-64.115616
-64.103119
-64.109367
-64.103119
-64.09687
-64.109367
-64.118744
-64.12812
-64.140617
-64.112495
-64.106247
-64.09687
-64.074997
-64.087494
-64.081245
-64.09687
-64.09687
-64.106247
-64.093742
-64.09687
-64.106247
-64.118744
-64.146866
-64.131241
-64.118744
-64.112495
-64.112495
-64.112495
-64.12812
-64.118744
-64.137497
-64.124992
-64.124992
-64.118744
-64.106247
-64.106247
-64.106247
-64.131241
-64.109367
-64.112495
-64.109367
-64.103119
-64.12812
-64.112495
-64.12812
-64.146866
-64.134369
-64.131241
-64.146866
-64.115616
-64.115616
-64.124992
-64.109367
-64.103119
-64.109367
-64.090622
-64.09687
-64.118744
-64.112495
-64.115616
-64.115616
-64.115616
-64.118744
-64.103119
-64.093742
-64.093742
-64.106247
-64.09687
-64.118744
-64.131241
-64.109367
-64.140617
-64.137497
-64.118744
-64.12812
-64.115616
-64.131241
-64.140617
-64.134369
-64.149986
-64.137497
-64.140617
-64.143745
-64.140617
-64.140617
-64.153114
-64.156242
-64.146866
-64.149986
-64.146866
-64.162491
-64.146866
-64.146866
-64.146866
-64.153114
-64.137497
-64.134369
-64.146866
-64.115616
-64.112495
-64.12812
-64.121872
-64.103119
-64.106247
-64.099991
-64.109367
-64.124992
-64.118744
-64.121872
-64.143745
-64.121872
-64.12812
-64.137497
-64.146866
-64.156242
-64.149986
-64.156242
-64.156242
-64.146866
-64.140617
-64.153114
-64.146866
-64.165611
-64.178116
-64.184364
-64.178116
-64.209366
-64.181236
-64.196861
-64.196861
-64.206238
-64.231239
-64.221863
-64.209366
-64.199989
-64.190613
-64.162491
-64.174988
-64.146866
-64.146866
-64.149986
-64.137497
-64.134369
-64.149986
-64.153114
-64.140617
-64.146866
-64.159363
-64.143745
-64.146866
-64.156242
-64.171867
-64.184364
-64.184364
-64.165611
-64.171867
-64.156242
-64.165611
-64.181236
-64.181236
-64.209366
-64.199989
-64.171867
-64.184364
-64.184364
-64.168739
-64.168739
-64.159363
-64.146866
-64.159363
-64.156242
-64.146866
-64.168739
-64.162491
-64.178116
-64.168739
-64.143745
-64.146866
-64.153114
-64.168739
-64.165611
-64.171867
-64.162491
-64.153114
-64.187492
-64.149986
-64.146866
-64.156242
-64.156242
-64.159363
-64.174988
-64.149986
-64.143745
-64.131241
-64.115616
-64.149986
-64.143745
-64.156242
-64.165611
-64.162491
-64.156242
-64.174988
-64.178116
-64.171867
-64.190613
-64.196861
-64.171867
-64.187492
-64.165611
-64.181236
-64.187492
-64.174988
-64.171867
-64.190613
-64.174988
-64.190613
-64.203117
-64.199989
-64.196861
-64.181236
-64.187492
-64.193741
-64.203117
-64.215614
-64.218742
-64.206238
-64.190613
-64.199989
-64.206238
-64.212486
-64.209366
-64.206238
-64.199989
-64.209366
-64.193741
-64.203117
-64.215614
-64.190613
-64.206238
-64.221863
-64.228111
-64.221863
-64.240616
-64.228111
-64.221863
-64.196861
-64.199989
-64.221863
-64.224991
-64.209366
-64.234367
-64.221863
-64.212486
-64.237488
-64.224991
-64.196861
-64.203117
-64.193741
-64.196861
-64.209366
-64.206238
-64.218742
-64.221863
-64.215614
-64.246864
-64.240616
-64.224991
-64.237488
-64.246864
-64.228111
-64.224991
-64.209366
-64.206238
-64.221863
-64.218742
-64.221863
-64.221863
-64.215614
-64.203117
-64.221863
-64.199989
-64.228111
-64.253105
-64.234367
-64.246864
-64.256233
-64.240616
-64.246864
-64.243736
-64.224991
-64.237488
-64.234367
-64.246864
-64.231239
-64.228111
-64.209366
-64.221863
-64.224991
-64.209366
-64.206238
-64.181236
-64.190613
-64.231239
-64.224991
-64.234367
-64.209366
-64.218742
-64.228111
-64.240616
-64.240616
-64.224991
-64.234367
-64.240616
-64.237488
-64.246864
-64.218742
-64.215614
-64.218742
-64.221863
-64.231239
-64.237488
-64.218742
-64.234367
-64.240616
-64.221863
-64.237488
-64.231239
-64.243736
-64.256233
-64.237488
-64.240616
-64.224991
-64.203117
-64.199989
-64.212486
-64.196861
-64.203117
-64.215614
-64.206238
-64.218742
-64.231239
-64.234367
-64.221863
-64.234367
-64.218742
-64.218742
-64.206238
-64.196861
-64.190613
-64.196861
-64.209366
-64.218742
-64.218742
-64.218742
-64.221863
-64.215614
-64.196861
-64.228111
-64.221863
-64.237488
-64.253105
-64.240616
-64.249985
-64.256233
-64.212486
-64.237488
-64.243736
-64.221863
-64.234367
-64.249985
-64.237488
-64.246864
-64.237488
-64.243736
-64.234367
-64.224991
-64.215614
-64.234367
-64.234367
-64.243736
-64.259361
-64.246864
-64.237488
-64.246864
-64.237488
-64.228111
-64.234367
-64.231239
-64.243736
-64.256233
-64.253105
-64.249985
-64.259361
-64.26561
-64.278107
-64.281235
-64.259361
-64.26873
-64.271858
-64.271858
-64.281235
-64.281235
-64.29686
-64.321861
-64.312485
-64.315605
-64.318733
-64.306236
-64.303108
-64.309357
-64.33123
-64.337486
-64.33123
-64.309357
-64.303108
-64.321861
-64.274986
-64.29686
-64.29686
-64.287483
-64.29998
-64.303108
-64.281235
-64.26561
-64.26561
-64.262482
-64.262482
-64.246864
-64.26561
-64.281235
-64.256233
-64.262482
-64.274986
-64.281235
-64.290611
-64.274986
-64.253105
-64.278107
-64.290611
-64.284355
-64.284355
-64.29686
-64.303108
-64.312485
-64.318733
-64.306236
-64.315605
-64.318733
-64.29686
-64.321861
-64.315605
-64.29686
-64.29686
-64.303108
-64.312485
-64.321861
-64.29998
-64.312485
-64.321861
-64.321861
-64.33123
-64.349976
-64.349976
-64.346855
-64.374977
-64.337486
-64.346855
-64.346855
-64.321861
-64.318733
-64.334358
-64.318733
-64.33123
-64.33123
-64.334358
-64.334358
-64.340607
-64.334358
-64.340607
-64.340607
-64.324982
-64.346855
-64.337486
-64.334358
-64.346855
-64.346855
-64.365601
-64.365601
-64.368729
-64.353104
-64.353104
-64.346855
-64.356232
-64.368729
-64.346855
-64.36248
-64.346855
-64.346855
-64.374977
-64.371857
-64.36248
-64.356232
-64.356232
-64.346855
-64.371857
-64.365601
-64.374977
-64.39373
-64.371857
-64.371857
-64.378105
-64.368729
-64.356232
-64.36248
-64.365601
-64.36248
-64.381226
-64.359352
-64.371857
-64.396851
-64.384354
-64.403107
-64.384354
-64.371857
-64.39373
-64.39373
-64.378105
-64.387482
-64.387482
-64.374977
-64.374977
-64.374977
-64.36248
-64.399979
-64.39373
-64.378105
-64.39373
-64.384354
-64.371857
-64.378105
-64.368729
-64.384354
-64.387482
-64.371857
-64.346855
-64.359352
-64.368729
-64.365601
-64.353104
-64.353104
-64.365601
-64.365601
-64.340607
-64.349976
-64.353104
-64.353104
-64.346855
-64.349976
-64.340607
-64.346855
-64.340607
-64.32811
-64.340607
-64.343735
-64.340607
-64.36248
-64.349976
-64.343735
-64.337486
-64.340607
-64.334358
-64.346855
-64.346855
-64.349976
-64.349976
-64.346855
-64.349976
-64.346855
-64.343735
-64.353104
-64.346855
-64.337486
-64.349976
-64.343735
-64.343735
-64.365601
-64.378105
-64.371857
-64.381226
-64.368729
-64.371857
-64.384354
-64.374977
-64.371857
-64.365601
-64.349976
-64.368729
-64.365601
-64.353104
-64.384354
-64.36248
-64.381226
-64.365601
-64.36248
-64.365601
-64.371857
-64.374977
-64.353104
-64.359352
-64.36248
-64.343735
-64.349976
-64.324982
-64.337486
-64.349976
-64.356232
-64.368729
-64.378105
-64.387482
-64.381226
-64.384354
-64.371857
-64.374977
-64.381226
-64.36248
-64.378105
-64.374977
-64.346855
-64.353104
-64.36248
-64.353104
-64.346855
-64.365601
-64.36248
-64.371857
-64.374977
-64.356232
-64.374977
-64.359352
-64.365601
-64.381226
-64.36248
-64.387482
-64.396851
-64.403107
-64.396851
-64.381226
-64.387482
-64.406227
-64.42498
-64.415604
-64.406227
-64.428101
-64.406227
-64.418732
-64.406227
-64.409355
-64.418732
-64.418732
-64.396851
-64.406227
-64.399979
-64.409355
-64.406227
-64.399979
-64.412476
-64.415604
-64.418732
-64.390602
-64.396851
-64.403107
-64.378105
-64.403107
-64.403107
-64.396851
-64.384354
-64.378105
-64.396851
-64.390602
-64.396851
-64.396851
-64.384354
-64.387482
-64.39373
-64.399979
-64.396851
-64.396851
-64.399979
-64.399979
-64.421852
-64.42498
-64.415604
-64.409355
-64.406227
-64.415604
-64.412476
-64.409355
-64.403107
-64.409355
-64.396851
-64.403107
-64.403107
-64.368729
-64.371857
-64.409355
-64.418732
-64.399979
-64.409355
-64.396851
-64.418732
-64.39373
-64.381226
-64.39373
-64.396851
-64.39373
-64.396851
-64.390602
-64.378105
-64.421852
-64.39373
-64.381226
-64.384354
-64.378105
-64.390602
-64.428101
-64.406227
-64.399979
-64.399979
-64.384354
-64.406227
-64.418732
-64.415604
-64.418732
-64.428101
-64.418732
-64.431229
-64.412476
-64.409355
-64.42498
-64.415604
-64.415604
-64.431229
-64.428101
-64.42498
-64.434357
-64.403107
-64.378105
-64.387482
-64.396851
-64.39373
-64.412476
-64.409355
-64.403107
-64.412476
-64.396851
-64.431229
-64.415604
-64.403107
-64.428101
-64.42498
-64.428101
-64.418732
-64.418732
-64.42498
-64.418732
-64.409355
-64.396851
-64.418732
-64.409355
-64.428101
-64.443726
-64.446854
-64.468727
-64.484352
-64.468727
-64.468727
-64.493721
-64.471848
-64.487473
-64.481224
-64.453102
-64.446854
-64.437477
-64.440605
-64.456223
-64.443726
-64.434357
-64.431229
-64.428101
-64.412476
-64.437477
-64.42498
-64.446854
-64.462471
-64.440605
-64.437477
-64.440605
-64.437477
-64.449974
-64.446854
-64.434357
-64.437477
-64.440605
-64.42498
-64.431229
-64.446854
-64.431229
-64.412476
-64.412476
-64.421852
-64.421852
-64.428101
-64.431229
-64.446854
-64.428101
-64.431229
-64.446854
-64.437477
-64.415604
-64.431229
-64.42498
-64.406227
-64.409355
-64.431229
-64.449974
-64.456223
-64.421852
-64.434357
-64.437477
-64.421852
-64.440605
-64.446854
-64.421852
-64.440605
-64.446854
-64.434357
-64.440605
-64.456223
-64.456223
-64.471848
-64.462471
-64.434357
-64.456223
-64.446854
-64.418732
-64.446854
-64.418732
-64.42498
-64.428101
-64.421852
-64.399979
-64.399979
-64.409355
-64.403107
-64.39373
-64.403107
-64.403107
-64.421852
-64.421852
-64.437477
-64.415604
-64.406227
-64.418732
-64.440605
-64.412476
-64.415604
-64.409355
-64.396851
-64.412476
-64.412476
-64.434357
-64.434357
-64.434357
-64.431229
-64.440605
-64.431229
-64.428101
-64.434357
-64.421852
-64.434357
-64.446854
-64.446854
-64.437477
-64.42498
-64.443726
-64.437477
-64.446854
-64.443726
-64.446854
-64.449974
-64.437477
-64.434357
-64.42498
-64.431229
-64.446854
-64.428101
-64.434357
-64.456223
-64.434357
-64.443726
-64.434357
-64.415604
-64.412476
-64.403107
-64.403107
-64.418732
-64.434357
-64.440605
-64.440605
-64.431229
-64.406227
-64.437477
-64.434357
-64.437477
-64.428101
-64.428101
-64.415604
-64.42498
-64.421852
-64.412476
-64.421852
-64.415604
-64.403107
-64.412476
-64.418732
-64.396851
-64.428101
-64.415604
-64.415604
-64.415604
-64.428101
-64.449974
-64.453102
-64.449974
-64.440605
-64.443726
-64.421852
-64.421852
-64.403107
-64.390602
-64.412476
-64.409355
-64.387482
-64.378105
-64.390602
-64.409355
-64.428101
-64.421852
-64.418732
-64.421852
-64.418732
-64.42498
-64.434357
-64.431229
-64.434357
-64.428101
-64.409355
-64.409355
-64.406227
-64.403107
-64.403107
-64.396851
-64.396851
-64.406227
-64.403107
-64.396851
-64.387482
-64.381226
-64.396851
-64.399979
-64.396851
-64.396851
-64.409355
-64.418732
-64.409355
-64.403107
-64.403107
-64.396851
-64.396851
-64.381226
-64.390602
-64.396851
-64.412476
-64.421852
-64.431229
-64.428101
-64.446854
-64.453102
-64.440605
-64.431229
-64.421852
-64.406227
-64.412476
-64.384354
-64.374977
-64.381226
-64.36248
-64.378105
-64.384354
-64.381226
-64.381226
-64.387482
-64.36248
-64.378105
-64.39373
-64.396851
-64.387482
-64.39373
-64.371857
-64.381226
-64.399979
-64.399979
-64.409355
-64.428101
-64.381226
-64.390602
-64.409355
-64.415604
-64.406227
-64.406227
-64.387482
-64.387482
-64.390602
-64.374977
-64.396851
-64.406227
-64.390602
-64.396851
-64.371857
-64.381226
-64.39373
-64.390602
-64.396851
-64.412476
-64.381226
-64.390602
-64.365601
-64.368729
-64.381226
-64.381226
-64.36248
-64.359352
-64.368729
-64.349976
-64.337486
-64.359352
-64.343735
-64.340607
-64.343735
-64.365601
-64.390602
-64.381226
-64.371857
-64.406227
-64.387482
-64.378105
-64.39373
-64.378105
-64.409355
-64.406227
-64.399979
-64.396851
-64.378105
-64.396851
-64.421852
-64.412476
-64.387482
-64.390602
-64.368729
-64.356232
-64.365601
-64.349976
-64.324982
-64.359352
-64.346855
-64.353104
-64.371857
-64.378105
-64.371857
-64.390602
-64.396851
-64.384354
-64.378105
-64.384354
-64.396851
-64.396851
-64.374977
-64.384354
-64.384354
-64.368729
-64.371857
-64.378105
-64.359352
-64.368729
-64.384354
-64.371857
-64.390602
-64.371857
-64.346855
-64.371857
-64.356232
-64.353104
-64.368729
-64.36248
-64.374977
-64.412476
-64.390602
-64.403107
-64.431229
-64.409355
-64.399979
-64.42498
-64.428101
-64.434357
-64.428101
-64.403107
-64.409355
-64.406227
-64.378105
-64.390602
-64.387482
-64.353104
-64.371857
-64.371857
-64.371857
-64.378105
-64.381226
-64.387482
-64.384354
-64.381226
-64.374977
-64.384354
-64.378105
-64.384354
-64.406227
-64.399979
-64.384354
-64.365601
-64.356232
-64.346855
-64.346855
-64.337486
-64.353104
-64.353104
-64.343735
-64.346855
-64.353104
-64.343735
-64.36248
-64.346855
-64.353104
-64.365601
-64.374977
-64.39373
-64.390602
-64.378105
-64.346855
-64.371857
-64.381226
-64.396851
-64.39373
-64.378105
-64.399979
-64.412476
-64.390602
-64.390602
-64.368729
-64.356232
-64.378105
-64.353104
-64.349976
-64.346855
-64.356232
-64.337486
-64.343735
-64.346855
-64.346855
-64.343735
-64.334358
-64.346855
-64.368729
-64.387482
-64.403107
-64.396851
-64.368729
-64.378105
-64.39373
-64.378105
-64.403107
-64.406227
-64.396851
-64.396851
-64.39373
-64.384354
-64.39373
-64.384354
-64.381226
-64.396851
-64.374977
-64.365601
-64.378105
-64.374977
-64.371857
-64.381226
-64.384354
-64.368729
-64.374977
-64.359352
-64.346855
-64.365601
-64.36248
-64.359352
-64.371857
-64.346855
-64.356232
-64.359352
-64.353104
-64.359352
-64.359352
-64.346855
-64.346855
-64.353104
-64.346855
-64.36248
-64.356232
-64.321861
-64.33123
-64.309357
-64.315605
-64.346855
-64.346855
-64.346855
-64.349976
-64.334358
-64.353104
-64.346855
-64.346855
-64.36248
-64.359352
-64.359352
-64.365601
-64.346855
-64.33123
-64.334358
-64.346855
-64.349976
-64.334358
-64.33123
-64.340607
-64.340607
-64.349976
-64.337486
-64.343735
-64.32811
-64.33123
-64.343735
-64.343735
-64.337486
-64.346855
-64.334358
-64.353104
-64.365601
-64.349976
-64.359352
-64.374977
-64.365601
-64.343735
-64.365601
-64.359352
-64.378105
-64.356232
-64.36248
-64.368729
-64.374977
-64.36248
-64.36248
-64.356232
-64.346855
-64.353104
-64.353104
-64.368729
-64.384354
-64.371857
-64.368729
-64.365601
-64.365601
-64.349976
-64.349976
-64.346855
-64.340607
-64.343735
-64.334358
-64.32811
-64.32811
-64.315605
-64.337486
-64.334358
-64.33123
-64.346855
-64.353104
-64.343735
-64.356232
-64.346855
-64.33123
-64.33123
-64.334358
-64.343735
-64.346855
-64.33123
-64.318733
-64.32811
-64.309357
-64.318733
-64.318733
-64.312485
-64.33123
-64.334358
-64.334358
-64.346855
-64.340607
-64.321861
-64.334358
-64.346855
-64.349976
-64.359352
-64.368729
-64.334358
-64.353104
-64.365601
-64.349976
-64.356232
-64.334358
-64.315605
-64.324982
-64.32811
-64.32811
-64.33123
-64.32811
-64.324982
-64.33123
-64.312485
-64.324982
-64.337486
-64.340607
-64.315605
-64.312485
-64.281235
-64.29686
-64.306236
-64.315605
-64.324982
-64.324982
-64.337486
-64.33123
-64.324982
-64.321861
-64.337486
-64.312485
-64.29686
-64.315605
-64.290611
-64.29686
-64.324982
-64.334358
-64.32811
-64.321861
-64.306236
-64.32811
-64.33123
-64.321861
-64.334358
-64.334358
-64.337486
-64.346855
-64.359352
-64.346855
-64.349976
-64.349976
-64.334358
-64.340607
-64.343735
-64.33123
-64.337486
-64.349976
-64.346855
-64.371857
-64.356232
-64.381226
-64.368729
-64.340607
-64.334358
-64.346855
-64.309357
-64.318733
-64.315605
-64.29686
-64.309357
-64.306236
-64.29998
-64.306236
-64.33123
-64.315605
-64.334358
-64.337486
-64.334358
-64.334358
-64.346855
-64.321861
-64.340607
-64.346855
-64.356232
-64.368729
-64.359352
-64.356232
-64.353104
-64.349976
-64.365601
-64.349976
-64.343735
-64.340607
-64.346855
-64.349976
-64.381226
-64.365601
-64.365601
-64.381226
-64.381226
-64.371857
-64.378105
-64.378105
-64.353104
-64.356232
-64.356232
-64.36248
-64.378105
-64.359352
-64.349976
-64.359352
-64.346855
-64.349976
-64.346855
-64.343735
-64.346855
-64.337486
-64.346855
-64.343735
-64.359352
-64.346855
-64.343735
-64.349976
-64.359352
-64.346855
-64.353104
-64.346855
-64.356232
-64.346855
-64.343735
-64.356232
-64.32811
-64.340607
-64.346855
-64.353104
-64.340607
-64.340607
-64.356232
-64.343735
-64.359352
-64.340607
-64.349976
-64.349976
-64.36248
-64.353104
-64.349976
-64.340607
-64.343735
-64.340607
-64.346855
-64.343735
-64.337486
-64.321861
-64.343735
-64.334358
-64.33123
-64.346855
-64.321861
-64.312485
-64.33123
-64.346855
-64.346855
-64.353104
-64.346855
-64.346855
-64.346855
-64.324982
-64.32811
-64.337486
-64.32811
-64.309357
-64.337486
-64.309357
-64.312485
-64.306236
-64.303108
-64.324982
-64.303108
-64.309357
-64.309357
-64.306236
-64.318733
-64.315605
-64.309357
-64.312485
-64.334358
-64.312485
-64.321861
-64.334358
-64.334358
-64.33123
-64.33123
-64.337486
-64.343735
-64.36248
-64.359352
-64.359352
-64.353104
-64.343735
-64.359352
-64.359352
-64.356232
-64.36248
-64.36248
-64.36248
-64.365601
-64.378105
-64.346855
-64.36248
-64.353104
-64.343735
-64.365601
-64.346855
-64.337486
-64.337486
-64.346855
-64.359352
-64.356232
-64.343735
-64.353104
-64.343735
-64.340607
-64.346855
-64.346855
-64.32811
-64.36248
-64.381226
-64.36248
-64.359352
-64.387482
-64.378105
-64.387482
-64.390602
-64.381226
-64.403107
-64.399979
-64.418732
-64.396851
-64.399979
-64.406227
-64.399979
-64.36248
-64.371857
-64.384354
-64.390602
-64.381226
-64.378105
-64.384354
-64.378105
-64.406227
-64.396851
-64.371857
-64.365601
-64.346855
-64.340607
-64.32811
-64.334358
-64.343735
-64.353104
-64.346855
-64.36248
-64.349976
-64.321861
-64.33123
-64.340607
-64.359352
-64.368729
-64.346855
-64.349976
-64.371857
-64.349976
-64.340607
-64.343735
-64.353104
-64.346855
-64.343735
-64.346855
-64.356232
-64.349976
-64.346855
-64.346855
-64.334358
-64.33123
-64.340607
-64.340607
-64.346855
-64.36248
-64.36248
-64.365601
-64.387482
-64.374977
-64.39373
-64.390602
-64.365601
-64.371857
-64.390602
-64.406227
-64.42498
-64.428101
-64.409355
-64.39373
-64.39373
-64.381226
-64.387482
-64.406227
-64.381226
-64.381226
-64.36248
-64.346855
-64.378105
-64.378105
-64.346855
-64.36248
-64.337486
-64.356232
-64.353104
-64.343735
-64.334358
-64.353104
-64.346855
-64.346855
-64.374977
-64.346855
-64.349976
-64.368729
-64.346855
-64.346855
-64.346855
-64.346855
-64.346855
-64.346855
-64.321861
-64.343735
-64.349976
-64.324982
-64.356232
-64.346855
-64.371857
-64.371857
-64.356232
-64.353104
-64.371857
-64.378105
-64.374977
-64.387482
-64.390602
-64.39373
-64.390602
-64.346855
-64.353104
-64.346855
-64.334358
-64.36248
-64.365601
-64.353104
-64.359352
-64.346855
-64.32811
-64.340607
-64.343735
-64.337486
-64.359352
-64.349976
-64.346855
-64.374977
-64.365601
-64.36248
-64.39373
-64.381226
-64.356232
-64.371857
-64.349976
-64.346855
-64.359352
-64.349976
-64.381226
-64.378105
-64.387482
-64.396851
