-64.409355
-64.412476
-64.434357
-64.449974
-64.418732
-64.428101
-64.418732
-64.409355
-64.396851
-64.406227
-64.396851
-64.409355
-64.42498
-64.418732
-64.421852
-64.428101
-64.431229
-64.418732
-64.415604
-64.418732
-64.421852
-64.418732
-64.415604
-64.418732
-64.415604
-64.399979
-64.396851
-64.403107
-64.396851
-64.387482
-64.374977
-64.396851
-64.406227
-64.406227
-64.406227
-64.418732
-64.421852
-64.428101
-64.415604
-64.415604
-64.434357
-64.443726
-64.437477
-64.449974
-64.428101
-64.42498
-64.443726
-64.437477
-64.440605
-64.449974
-64.446854
-64.418732
-64.415604
-64.390602
-64.39373
-64.39373
-64.390602
-64.406227
-64.446854
-64.478096
-64.524971
-64.537476
-64.528099
-64.531227
-64.512474
-64.493721
-64.490601
-64.493721
-64.496849
-64.481224
-64.465599
-64.462471
-64.449974
-64.456223
-64.456223
-64.462471
-64.437477
-64.437477
-64.471848
-64.459351
-64.443726
-64.459351
-64.446854
-64.446854
-64.437477
-64.437477
-64.443726
-64.440605
-64.406227
-64.434357
-64.437477
-64.421852
-64.418732
-64.409355
-64.409355
-64.415604
-64.412476
-64.412476
-64.418732
-64.428101
-64.440605
-64.434357
-64.421852
-64.440605
-64.446854
-64.434357
-64.446854
-64.459351
-64.440605
-64.462471
-64.462471
-64.459351
-64.459351
-64.474976
-64.468727
-64.456223
-64.474976
-64.453102
-64.453102
-64.465599
-64.468727
-64.462471
-64.440605
-64.440605
-64.443726
-64.440605
-64.443726
-64.459351
-64.437477
-64.434357
-64.446854
-64.440605
-64.449974
-64.456223
-64.443726
-64.443726
-64.437477
-64.443726
-64.456223
-64.431229
-64.428101
-64.434357
-64.440605
-64.434357
-64.440605
-64.446854
-64.431229
-64.418732
-64.390602
-64.403107
-64.42498
-64.409355
-64.418732
-64.437477
-64.428101
-64.431229
-64.434357
-64.434357
-64.428101
-64.428101
-64.415604
-64.421852
-64.418732
-64.409355
-64.437477
-64.42498
-64.421852
-64.434357
-64.446854
-64.443726
-64.453102
-64.453102
-64.443726
-64.449974
-64.446854
-64.431229
-64.440605
-64.437477
-64.428101
-64.437477
-64.42498
-64.421852
-64.42498
-64.403107
-64.409355
-64.421852
-64.403107
-64.390602
-64.403107
-64.415604
-64.431229
-64.421852
-64.421852
-64.415604
-64.418732
-64.440605
-64.437477
-64.428101
-64.418732
-64.443726
-64.415604
-64.403107
-64.428101
-64.412476
-64.421852
-64.437477
-64.431229
-64.437477
-64.440605
-64.446854
-64.421852
-64.428101
-64.403107
-64.399979
-64.406227
-64.409355
-64.412476
-64.409355
-64.409355
-64.434357
-64.421852
-64.434357
-64.446854
-64.434357
-64.434357
-64.446854
-64.42498
-64.428101
-64.446854
-64.431229
-64.449974
-64.443726
-64.434357
-64.431229
-64.431229
-64.428101
-64.421852
-64.431229
-64.42498
-64.421852
-64.443726
-64.42498
-64.456223
-64.440605
-64.428101
-64.434357
-64.418732
-64.406227
-64.412476
-64.415604
-64.412476
-64.434357
-64.431229
-64.434357
-64.446854
-64.434357
-64.434357
-64.446854
-64.449974
-64.446854
-64.456223
-64.456223
-64.446854
-64.443726
-64.446854
-64.446854
-64.462471
-64.446854
-64.459351
-64.449974
-64.443726
-64.449974
-64.443726
-64.412476
-64.440605
-64.428101
-64.42498
-64.446854
-64.453102
-64.446854
-64.453102
-64.421852
-64.443726
-64.459351
-64.428101
-64.437477
-64.440605
-64.418732
-64.418732
-64.415604
-64.418732
-64.431229
-64.434357
-64.443726
-64.449974
-64.437477
-64.437477
-64.446854
-64.431229
-64.446854
-64.443726
-64.437477
-64.437477
-64.431229
-64.412476
-64.412476
-64.409355
-64.412476
-64.412476
-64.415604
-64.390602
-64.403107
-64.409355
-64.396851
-64.418732
-64.418732
-64.421852
-64.406227
-64.406227
-64.384354
-64.406227
-64.396851
-64.39373
-64.406227
-64.403107
-64.39373
-64.421852
-64.396851
-64.412476
-64.428101
-64.412476
-64.415604
-64.399979
-64.374977
-64.390602
-64.399979
-64.371857
-64.374977
-64.396851
-64.396851
-64.409355
-64.415604
-64.39373
-64.418732
-64.42498
-64.418732
-64.418732
-64.418732
-64.403107
-64.409355
-64.403107
-64.399979
-64.42498
-64.418732
-64.42498
-64.415604
-64.418732
-64.412476
-64.434357
-64.431229
-64.453102
-64.446854
-64.412476
-64.39373
-64.418732
-64.396851
-64.396851
-64.390602
-64.396851
-64.403107
-64.412476
-64.412476
-64.446854
-64.446854
-64.437477
-64.418732
-64.409355
-64.412476
-64.440605
-64.418732
-64.421852
-64.412476
-64.409355
-64.409355
-64.42498
-64.412476
-64.412476
-64.42498
-64.415604
-64.409355
-64.412476
-64.409355
-64.421852
-64.440605
-64.421852
-64.42498
-64.415604
-64.412476
-64.431229
-64.431229
-64.428101
-64.428101
-64.418732
-64.396851
-64.409355
-64.412476
-64.384354
-64.390602
-64.412476
-64.406227
-64.396851
-64.396851
-64.403107
-64.396851
-64.39373
-64.387482
-64.396851
-64.415604
-64.42498
-64.418732
-64.409355
-64.415604
-64.421852
-64.415604
-64.412476
-64.431229
-64.415604
-64.428101
-64.434357
-64.428101
-64.421852
-64.42498
-64.421852
-64.437477
-64.421852
-64.39373
-64.396851
-64.387482
-64.390602
-64.412476
-64.399979
-64.403107
-64.431229
-64.418732
-64.428101
-64.443726
-64.421852
-64.431229
-64.406227
-64.39373
-64.406227
-64.396851
-64.39373
-64.403107
-64.412476
-64.412476
-64.428101
-64.399979
-64.396851
-64.39373
-64.387482
-64.403107
-64.418732
-64.403107
-64.415604
-64.421852
-64.418732
-64.418732
-64.42498
-64.409355
-64.428101
-64.421852
-64.415604
-64.428101
-64.428101
-64.39373
-64.415604
-64.396851
-64.387482
-64.399979
-64.396851
-64.39373
-64.396851
-64.384354
-64.396851
-64.415604
-64.409355
-64.412476
-64.418732
-64.421852
-64.418732
-64.428101
-64.428101
-64.446854
-64.443726
-64.421852
-64.437477
-64.443726
-64.418732
-64.431229
-64.437477
-64.437477
-64.446854
-64.443726
-64.446854
-64.446854
-64.456223
-64.449974
-64.443726
-64.443726
-64.42498
-64.440605
-64.434357
-64.431229
-64.443726
-64.446854
-64.443726
-64.446854
-64.428101
-64.428101
-64.431229
-64.418732
-64.434357
-64.42498
-64.390602
-64.406227
-64.403107
-64.42498
-64.42498
-64.428101
-64.415604
-64.412476
-64.399979
-64.412476
-64.446854
-64.428101
-64.428101
-64.421852
-64.437477
-64.446854
-64.437477
-64.434357
-64.431229
-64.415604
-64.415604
-64.412476
-64.42498
-64.418732
-64.421852
-64.412476
-64.396851
-64.412476
-64.418732
-64.412476
-64.434357
-64.446854
-64.449974
-64.459351
-64.459351
-64.459351
-64.468727
-64.453102
-64.462471
-64.459351
-64.456223
-64.437477
-64.449974
-64.446854
-64.443726
-64.453102
-64.434357
-64.440605
-64.443726
-64.446854
-64.456223
-64.459351
-64.437477
-64.428101
-64.446854
-64.437477
-64.428101
-64.418732
-64.399979
-64.406227
-64.403107
-64.403107
-64.434357
-64.406227
-64.412476
-64.443726
-64.434357
-64.428101
-64.437477
-64.42498
-64.434357
-64.446854
-64.434357
-64.446854
-64.446854
-64.440605
-64.465599
-64.437477
-64.418732
-64.434357
-64.42498
-64.409355
-64.415604
-64.431229
-64.42498
-64.443726
-64.446854
-64.431229
-64.434357
-64.415604
-64.415604
-64.440605
-64.431229
-64.418732
-64.421852
-64.396851
-64.421852
-64.418732
-64.396851
-64.387482
-64.403107
-64.387482
-64.390602
-64.374977
-64.368729
-64.390602
-64.39373
-64.403107
-64.418732
-64.412476
-64.409355
-64.412476
-64.39373
-64.403107
-64.412476
-64.387482
-64.399979
-64.396851
-64.371857
-64.365601
-64.356232
-64.368729
-64.381226
-64.387482
-64.36248
-64.378105
-64.374977
-64.381226
-64.384354
-64.381226
-64.390602
-64.396851
-64.387482
-64.371857
-64.396851
-64.387482
-64.39373
-64.396851
-64.403107
-64.403107
-64.396851
-64.378105
-64.399979
-64.396851
-64.406227
-64.421852
-64.437477
-64.428101
-64.421852
-64.431229
-64.415604
-64.42498
-64.399979
-64.384354
-64.403107
-64.387482
-64.365601
-64.378105
-64.368729
-64.368729
-64.384354
-64.353104
-64.36248
-64.381226
-64.371857
-64.359352
-64.374977
-64.374977
-64.374977
-64.378105
-64.365601
-64.368729
-64.36248
-64.353104
-64.371857
-64.381226
-64.359352
-64.371857
-64.387482
-64.378105
-64.381226
-64.381226
-64.387482
-64.39373
-64.390602
-64.36248
-64.36248
-64.359352
-64.349976
-64.36248
-64.346855
-64.346855
-64.343735
-64.343735
-64.337486
-64.340607
-64.312485
-64.32811
-64.324982
-64.318733
-64.318733
-64.318733
-64.321861
-64.343735
-64.334358
-64.337486
-64.33123
-64.346855
-64.340607
-64.353104
-64.371857
-64.368729
-64.374977
-64.378105
-64.359352
-64.36248
-64.346855
-64.349976
-64.359352
-64.374977
-64.371857
-64.384354
-64.365601
-64.378105
-64.387482
-64.384354
-64.390602
-64.371857
-64.353104
-64.368729
-64.381226
-64.374977
-64.353104
-64.356232
-64.343735
-64.340607
-64.334358
-64.32811
-64.356232
-64.343735
-64.343735
-64.356232
-64.346855
-64.340607
-64.36248
-64.359352
-64.378105
-64.387482
-64.381226
-64.36248
-64.371857
-64.346855
-64.36248
-64.346855
-64.343735
-64.356232
-64.353104
-64.36248
-64.353104
-64.36248
-64.356232
-64.359352
-64.371857
-64.378105
-64.390602
-64.371857
-64.384354
-64.396851
-64.374977
-64.390602
-64.415604
-64.39373
-64.390602
-64.406227
-64.378105
-64.390602
-64.406227
-64.390602
-64.412476
-64.409355
-64.39373
-64.406227
-64.396851
-64.371857
-64.384354
-64.384354
-64.381226
-64.403107
-64.390602
-64.399979
-64.384354
-64.365601
-64.368729
-64.381226
-64.39373
-64.396851
-64.368729
-64.365601
-64.365601
-64.384354
-64.384354
-64.399979
-64.399979
-64.384354
-64.378105
-64.396851
-64.381226
-64.374977
-64.365601
-64.353104
-64.349976
-64.353104
-64.349976
-64.39373
-64.390602
-64.390602
-64.381226
-64.378105
-64.387482
-64.403107
-64.396851
-64.403107
-64.415604
-64.415604
-64.39373
-64.371857
-64.365601
-64.39373
-64.384354
-64.368729
-64.381226
-64.371857
-64.368729
-64.390602
-64.390602
-64.387482
-64.387482
-64.390602
-64.387482
-64.384354
-64.381226
-64.390602
-64.390602
-64.384354
-64.381226
-64.381226
-64.36248
-64.365601
-64.371857
-64.371857
-64.365601
-64.359352
-64.36248
-64.368729
-64.378105
-64.371857
-64.378105
-64.378105
-64.368729
-64.387482
-64.381226
-64.353104
-64.374977
-64.378105
-64.371857
-64.406227
-64.378105
-64.371857
-64.39373
-64.365601
-64.374977
-64.371857
-64.371857
-64.387482
-64.409355
-64.378105
-64.390602
-64.387482
-64.39373
-64.374977
-64.371857
-64.346855
-64.353104
-64.368729
-64.378105
-64.371857
-64.343735
-64.343735
-64.346855
-64.36248
-64.343735
-64.346855
-64.346855
-64.343735
-64.346855
-64.324982
-64.346855
-64.337486
-64.337486
-64.343735
-64.359352
-64.36248
-64.374977
-64.371857
-64.359352
-64.359352
-64.374977
-64.371857
-64.387482
-64.399979
-64.387482
-64.381226
-64.371857
-64.36248
-64.365601
-64.346855
-64.346855
-64.349976
-64.346855
-64.346855
-64.359352
-64.343735
-64.340607
-64.353104
-64.353104
-64.346855
-64.349976
-64.346855
-64.337486
-64.353104
-64.346855
-64.359352
-64.371857
-64.371857
-64.381226
-64.371857
-64.349976
-64.374977
-64.368729
-64.381226
-64.371857
-64.349976
-64.365601
-64.368729
-64.353104
-64.346855
-64.340607
-64.340607
-64.346855
-64.36248
-64.36248
-64.368729
-64.378105
-64.365601
-64.371857
-64.384354
-64.346855
-64.356232
-64.371857
-64.359352
-64.365601
-64.36248
-64.356232
-64.365601
-64.359352
-64.356232
-64.346855
-64.334358
-64.334358
-64.36248
-64.359352
-64.359352
-64.359352
-64.346855
-64.337486
-64.346855
-64.343735
-64.346855
-64.353104
-64.343735
-64.340607
-64.32811
-64.309357
-64.315605
-64.315605
-64.309357
-64.321861
-64.318733
-64.315605
-64.33123
-64.324982
-64.324982
-64.334358
-64.343735
-64.343735
-64.36248
-64.334358
-64.343735
-64.340607
-64.343735
-64.349976
-64.353104
-64.359352
-64.346855
-64.32811
-64.318733
-64.318733
-64.324982
-64.309357
-64.306236
-64.318733
-64.312485
-64.337486
-64.334358
-64.337486
-64.340607
-64.353104
-64.346855
-64.334358
-64.349976
-64.321861
-64.340607
-64.359352
-64.346855
-64.365601
-64.346855
-64.340607
-64.343735
-64.318733
-64.312485
-64.318733
-64.315605
-64.32811
-64.321861
-64.318733
-64.32811
-64.337486
-64.318733
-64.340607
-64.334358
-64.324982
-64.353104
-64.353104
-64.343735
-64.346855
-64.324982
-64.303108
-64.29686
-64.281235
-64.290611
-64.29686
-64.29998
-64.337486
-64.346855
-64.340607
-64.346855
-64.340607
-64.33123
-64.356232
-64.374977
-64.36248
-64.365601
-64.365601
-64.36248
-64.36248
-64.390602
-64.368729
-64.368729
-64.374977
-64.371857
-64.381226
-64.371857
-64.36248
-64.387482
-64.36248
-64.368729
-64.359352
-64.337486
-64.346855
-64.349976
-64.334358
-64.32811
-64.346855
-64.337486
-64.349976
-64.337486
-64.33123
-64.32811
-64.32811
-64.318733
-64.334358
-64.321861
-64.321861
-64.349976
-64.340607
-64.32811
-64.315605
-64.29686
-64.315605
-64.32811
-64.32811
-64.318733
-64.337486
-64.315605
-64.324982
-64.349976
-64.356232
-64.346855
-64.356232
-64.356232
-64.36248
-64.371857
-64.359352
-64.381226
-64.365601
-64.356232
-64.359352
-64.365601
-64.36248
-64.368729
-64.368729
-64.359352
-64.353104
-64.340607
-64.337486
-64.36248
-64.36248
-64.359352
-64.381226
-64.359352
-64.353104
-64.365601
-64.374977
-64.374977
-64.381226
-64.374977
-64.381226
-64.390602
-64.387482
-64.387482
-64.390602
-64.359352
-64.374977
-64.381226
-64.384354
-64.371857
-64.371857
-64.374977
-64.365601
-64.36248
-64.356232
-64.368729
-64.353104
-64.346855
-64.349976
-64.346855
-64.337486
-64.356232
-64.337486
-64.343735
-64.359352
-64.359352
-64.371857
-64.371857
-64.346855
-64.353104
-64.371857
-64.356232
-64.359352
-64.356232
-64.343735
-64.368729
-64.349976
-64.343735
-64.346855
-64.340607
-64.353104
-64.365601
-64.353104
-64.368729
-64.381226
-64.384354
-64.378105
-64.378105
-64.378105
-64.39373
-64.387482
-64.371857
-64.378105
-64.371857
-64.346855
-64.346855
-64.368729
-64.368729
-64.399979
-64.368729
-64.346855
-64.36248
-64.356232
-64.365601
-64.378105
-64.378105
-64.365601
-64.368729
-64.346855
-64.334358
-64.356232
-64.346855
-64.365601
-64.374977
-64.346855
-64.353104
-64.36248
-64.356232
-64.378105
-64.384354
-64.356232
-64.36248
-64.343735
-64.340607
-64.359352
-64.368729
-64.368729
-64.381226
-64.381226
-64.365601
-64.378105
-64.36248
-64.343735
-64.349976
-64.353104
-64.359352
-64.374977
-64.368729
-64.356232
-64.365601
-64.384354
-64.371857
-64.39373
-64.384354
-64.396851
-64.415604
-64.409355
-64.406227
-64.415604
-64.406227
-64.418732
-64.409355
-64.384354
-64.409355
-64.415604
-64.396851
-64.428101
-64.42498
-64.431229
-64.446854
-64.437477
-64.428101
-64.42498
-64.415604
-64.431229
-64.431229
-64.431229
-64.434357
-64.412476
-64.396851
-64.421852
-64.406227
-64.390602
-64.406227
-64.403107
-64.396851
-64.406227
-64.406227
-64.418732
-64.431229
-64.403107
-64.415604
-64.434357
-64.437477
-64.434357
-64.431229
-64.415604
-64.421852
-64.399979
-64.39373
-64.384354
-64.399979
-64.384354
-64.384354
-64.384354
-64.346855
-64.359352
-64.384354
-64.346855
-64.368729
-64.371857
-64.378105
-64.39373
-64.387482
-64.381226
-64.371857
-64.378105
-64.374977
-64.39373
-64.384354
-64.39373
-64.412476
-64.384354
-64.406227
-64.39373
-64.365601
-64.384354
-64.396851
-64.378105
-64.371857
-64.368729
-64.356232
-64.359352
-64.36248
-64.378105
-64.396851
-64.378105
-64.39373
-64.396851
-64.387482
-64.384354
-64.39373
-64.390602
-64.378105
-64.378105
-64.378105
-64.353104
-64.374977
-64.349976
-64.353104
-64.36248
-64.353104
-64.346855
-64.346855
-64.337486
-64.36248
-64.368729
-64.346855
-64.356232
-64.371857
-64.365601
-64.359352
-64.365601
-64.359352
-64.359352
-64.371857
-64.359352
-64.381226
-64.378105
-64.365601
-64.349976
-64.36248
-64.356232
-64.36248
-64.365601
-64.371857
-64.371857
-64.365601
-64.384354
-64.371857
-64.359352
-64.368729
-64.384354
-64.387482
-64.403107
-64.403107
-64.390602
-64.418732
-64.42498
-64.390602
-64.421852
-64.434357
-64.39373
-64.403107
-64.384354
-64.365601
-64.39373
-64.374977
-64.378105
-64.415604
-64.384354
-64.399979
-64.403107
-64.387482
-64.396851
-64.409355
-64.39373
-64.409355
-64.42498
-64.428101
-64.431229
-64.418732
-64.403107
-64.415604
-64.418732
-64.434357
-64.446854
-64.443726
-64.428101
-64.443726
-64.440605
-64.434357
-64.446854
-64.446854
-64.443726
-64.456223
-64.446854
-64.440605
-64.440605
-64.428101
-64.428101
-64.440605
-64.440605
-64.468727
-64.459351
-64.446854
-64.446854
-64.446854
-64.434357
-64.446854
-64.456223
-64.440605
-64.459351
-64.449974
-64.446854
-64.453102
-64.453102
-64.446854
-64.462471
-64.437477
-64.446854
-64.462471
-64.449974
-64.446854
-64.449974
-64.431229
-64.437477
-64.446854
-64.434357
-64.446854
-64.459351
-64.446854
-64.459351
-64.465599
-64.462471
-64.459351
-64.456223
-64.446854
-64.459351
-64.453102
-64.453102
-64.462471
-64.440605
-64.434357
-64.428101
-64.406227
-64.415604
-64.403107
-64.396851
-64.399979
-64.403107
-64.39373
-64.396851
-64.409355
-64.412476
-64.42498
-64.412476
-64.421852
-64.421852
-64.415604
-64.415604
-64.415604
-64.431229
-64.418732
-64.428101
-64.412476
-64.399979
-64.418732
-64.409355
-64.406227
-64.431229
-64.421852
-64.418732
-64.434357
-64.440605
-64.431229
-64.446854
-64.446854
-64.446854
-64.431229
-64.418732
-64.421852
-64.415604
-64.409355
-64.403107
-64.403107
-64.399979
-64.406227
-64.406227
-64.418732
-64.437477
-64.42498
-64.403107
-64.409355
-64.406227
-64.390602
-64.396851
-64.387482
-64.384354
-64.399979
-64.39373
-64.412476
-64.415604
-64.396851
-64.412476
-64.412476
-64.409355
-64.421852
-64.431229
-64.403107
-64.403107
-64.431229
-64.42498
-64.421852
-64.431229
-64.431229
-64.453102
-64.440605
-64.437477
-64.431229
-64.434357
-64.415604
-64.437477
-64.434357
-64.431229
-64.431229
-64.421852
-64.434357
-64.440605
-64.412476
-64.428101
-64.446854
-64.437477
-64.446854
-64.440605
-64.446854
-64.446854
-64.453102
-64.440605
-64.446854
-64.449974
-64.431229
-64.440605
-64.42498
-64.42498
-64.434357
-64.42498
-64.412476
-64.431229
-64.428101
-64.437477
-64.428101
-64.428101
-64.421852
-64.449974
-64.440605
-64.453102
-64.449974
-64.446854
-64.456223
-64.421852
-64.428101
-64.428101
-64.415604
-64.437477
-64.440605
-64.431229
-64.418732
-64.446854
-64.431229
-64.42498
-64.431229
-64.396851
-64.421852
-64.446854
-64.437477
-64.446854
-64.456223
-64.446854
-64.443726
-64.459351
-64.443726
-64.449974
-64.446854
-64.446854
-64.449974
-64.446854
-64.453102
-64.462471
-64.440605
-64.434357
-64.446854
-64.446854
-64.431229
-64.415604
-64.406227
-64.406227
-64.399979
-64.412476
-64.412476
-64.418732
-64.39373
-64.412476
-64.409355
-64.403107
-64.396851
-64.39373
-64.381226
-64.406227
-64.406227
-64.378105
-64.396851
-64.403107
-64.390602
-64.412476
-64.409355
-64.403107
-64.418732
-64.403107
-64.415604
-64.421852
-64.440605
-64.418732
-64.428101
-64.390602
-64.406227
-64.412476
-64.412476
-64.415604
-64.421852
-64.42498
-64.443726
-64.437477
-64.421852
-64.431229
-64.434357
-64.440605
-64.446854
-64.443726
-64.431229
-64.428101
-64.42498
-64.418732
-64.409355
-64.412476
-64.428101
-64.434357
-64.431229
-64.421852
-64.42498
-64.39373
-64.390602
-64.421852
-64.406227
-64.396851
-64.403107
-64.384354
-64.384354
-64.390602
-64.390602
-64.406227
-64.403107
-64.399979
-64.403107
-64.403107
-64.399979
-64.42498
-64.399979
-64.412476
-64.431229
-64.437477
-64.42498
-64.437477
-64.428101
-64.415604
-64.428101
-64.428101
-64.415604
-64.412476
-64.396851
-64.399979
-64.406227
-64.378105
-64.403107
-64.412476
-64.406227
-64.421852
-64.415604
-64.421852
-64.415604
-64.437477
-64.446854
-64.459351
-64.437477
-64.421852
-64.434357
-64.446854
-64.449974
-64.434357
-64.387482
-64.399979
-64.412476
-64.415604
-64.387482
-64.399979
-64.387482
-64.381226
-64.39373
-64.384354
-64.396851
-64.403107
-64.396851
-64.387482
-64.39373
-64.403107
-64.396851
-64.390602
-64.399979
-64.39373
-64.374977
-64.371857
-64.390602
-64.39373
-64.39373
-64.384354
-64.371857
-64.378105
-64.387482
-64.384354
-64.378105
-64.387482
-64.368729
-64.378105
-64.384354
-64.390602
-64.399979
-64.409355
-64.39373
-64.409355
-64.390602
-64.390602
-64.403107
-64.384354
-64.381226
-64.39373
-64.396851
-64.374977
-64.374977
-64.371857
-64.371857
-64.359352
-64.346855
-64.356232
-64.384354
-64.378105
-64.374977
-64.39373
-64.384354
-64.396851
-64.39373
-64.374977
-64.406227
-64.412476
-64.39373
-64.396851
-64.412476
-64.403107
-64.387482
-64.381226
-64.371857
-64.390602
-64.387482
-64.381226
-64.378105
-64.396851
-64.409355
-64.42498
-64.409355
-64.415604
-64.421852
-64.396851
-64.396851
-64.415604
-64.39373
-64.396851
-64.384354
-64.384354
-64.384354
-64.381226
-64.387482
-64.374977
-64.384354
-64.371857
-64.384354
-64.365601
-64.374977
-64.371857
-64.36248
-64.365601
-64.387482
-64.387482
-64.381226
-64.390602
-64.387482
-64.384354
-64.381226
-64.39373
-64.390602
-64.399979
-64.374977
-64.365601
-64.36248
-64.346855
-64.368729
-64.36248
-64.359352
-64.365601
-64.368729
-64.353104
-64.359352
-64.353104
-64.359352
-64.359352
-64.346855
-64.346855
-64.346855
-64.346855
-64.340607
-64.337486
-64.337486
-64.312485
-64.337486
-64.321861
-64.321861
-64.32811
-64.312485
-64.337486
-64.343735
-64.337486
-64.346855
-64.337486
-64.315605
-64.32811
-64.321861
-64.334358
-64.346855
-64.340607
-64.340607
-64.353104
-64.346855
-64.346855
-64.359352
-64.346855
-64.368729
-64.356232
-64.340607
-64.346855
-64.353104
-64.340607
-64.340607
-64.359352
-64.353104
-64.356232
-64.368729
-64.374977
-64.390602
-64.374977
-64.374977
-64.356232
-64.359352
-64.346855
-64.346855
-64.346855
-64.315605
-64.324982
-64.33123
-64.343735
-64.353104
-64.346855
-64.340607
-64.368729
-64.371857
-64.378105
-64.384354
-64.365601
-64.384354
-64.390602
-64.384354
-64.378105
-64.374977
-64.353104
-64.374977
-64.381226
-64.359352
-64.359352
-64.368729
-64.343735
-64.346855
-64.340607
-64.346855
-64.371857
-64.371857
-64.378105
-64.371857
-64.349976
-64.356232
-64.371857
-64.365601
-64.378105
-64.374977
-64.368729
-64.378105
-64.359352
-64.346855
-64.353104
-64.36248
-64.356232
-64.368729
-64.374977
-64.349976
-64.356232
-64.359352
-64.353104
-64.359352
-64.359352
-64.346855
-64.346855
-64.356232
-64.32811
-64.33123
-64.343735
-64.346855
-64.356232
-64.343735
-64.346855
-64.384354
-64.368729
-64.36248
-64.374977
-64.359352
-64.346855
-64.346855
-64.343735
-64.349976
-64.334358
-64.337486
-64.349976
-64.356232
-64.343735
-64.337486
-64.315605
-64.306236
-64.340607
-64.315605
-64.29998
-64.324982
-64.309357
-64.318733
-64.321861
-64.312485
-64.337486
-64.32811
-64.324982
-64.32811
-64.337486
-64.318733
-64.312485
-64.318733
-64.29686
-64.312485
-64.321861
-64.303108
-64.29998
-64.284355
-64.284355
-64.284355
-64.287483
-64.281235
-64.29686
-64.281235
-64.278107
-64.29686
-64.29686
-64.293732
-64.29686
-64.29686
-64.284355
-64.303108
-64.306236
-64.29686
-64.324982
-64.312485
-64.340607
-64.324982
-64.32811
-64.346855
-64.32811
-64.346855
-64.353104
-64.337486
-64.343735
-64.346855
-64.343735
-64.340607
-64.365601
-64.353104
-64.346855
-64.368729
-64.36248
-64.356232
-64.36248
-64.353104
-64.343735
-64.337486
-64.343735
-64.334358
-64.346855
-64.33123
-64.356232
-64.346855
-64.334358
-64.309357
-64.324982
-64.315605
-64.346855
-64.346855
-64.346855
-64.337486
-64.353104
-64.337486
-64.343735
-64.343735
-64.32811
-64.334358
-64.324982
-64.318733
-64.324982
-64.315605
-64.318733
-64.324982
-64.321861
-64.306236
-64.303108
-64.321861
-64.32811
-64.334358
-64.318733
-64.337486
-64.318733
-64.309357
-64.33123
-64.321861
-64.318733
-64.309357
-64.303108
-64.309357
-64.309357
-64.321861
-64.321861
-64.349976
-64.346855
-64.346855
-64.346855
-64.346855
-64.340607
-64.343735
-64.315605
-64.312485
-64.315605
-64.318733
-64.321861
-64.33123
-64.334358
-64.318733
-64.334358
-64.321861
-64.346855
-64.343735
-64.32811
-64.343735
-64.324982
-64.312485
-64.315605
-64.309357
-64.29686
-64.312485
-64.321861
-64.290611
-64.29998
-64.29686
-64.303108
-64.303108
-64.309357
-64.321861
-64.340607
-64.29998
-64.29998
-64.306236
-64.287483
-64.318733
-64.32811
-64.318733
-64.334358
-64.315605
-64.324982
-64.353104
-64.340607
-64.334358
-64.346855
-64.33123
-64.346855
-64.324982
-64.29686
-64.29686
-64.321861
-64.312485
-64.312485
-64.306236
-64.29686
-64.303108
-64.32811
-64.324982
-64.321861
-64.33123
-64.303108
-64.303108
-64.306236
-64.290611
-64.318733
-64.312485
-64.290611
-64.306236
-64.303108
-64.315605
-64.340607
-64.312485
-64.315605
-64.346855
-64.340607
-64.334358
-64.349976
-64.33123
-64.315605
-64.315605
-64.321861
-64.315605
-64.293732
-64.293732
-64.284355
-64.284355
-64.278107
-64.306236
-64.309357
-64.303108
-64.32811
-64.32811
-64.315605
-64.306236
-64.306236
-64.309357
-64.29686
-64.29686
-64.293732
-64.33123
-64.324982
-64.321861
-64.32811
-64.29686
-64.309357
-64.309357
-64.29686
-64.303108
-64.29998
-64.29998
-64.318733
-64.318733
-64.29686
-64.321861
-64.306236
-64.281235
-64.29998
-64.29686
-64.284355
-64.29686
-64.278107
-64.259361
-64.271858
-64.271858
-64.281235
-64.284355
-64.274986
-64.290611
-64.287483
-64.26561
-64.281235
-64.29686
-64.303108
-64.29998
-64.29686
-64.29686
-64.318733
-64.312485
-64.293732
-64.318733
-64.312485
-64.29686
-64.303108
-64.318733
-64.290611
-64.29998
-64.312485
-64.318733
-64.324982
-64.315605
-64.290611
-64.29998
-64.29998
-64.303108
-64.309357
-64.29686
-64.309357
-64.312485
-64.284355
-64.290611
-64.29686
-64.29686
-64.32811
-64.343735
-64.334358
-64.353104
-64.340607
-64.321861
-64.337486
-64.309357
-64.303108
-64.312485
-64.303108
-64.29998
-64.29998
-64.29998
-64.29686
-64.29686
-64.281235
-64.287483
-64.287483
-64.29686
-64.309357
-64.32811
-64.315605
-64.312485
-64.312485
-64.318733
-64.309357
-64.33123
-64.321861
-64.312485
-64.293732
-64.284355
-64.284355
-64.271858
-64.259361
-64.284355
-64.274986
-64.259361
-64.249985
-64.246864
-64.256233
-64.26873
-64.259361
-64.246864
-64.243736
-64.221863
-64.224991
-64.221863
-64.209366
-64.209366
-64.203117
-64.196861
-64.215614
-64.212486
-64.206238
-64.221863
-64.196861
-64.212486
-64.221863
-64.209366
-64.212486
-64.212486
-64.212486
-64.209366
-64.218742
-64.215614
-64.209366
-64.218742
-64.196861
-64.234367
-64.231239
-64.228111
-64.246864
-64.243736
-64.218742
-64.234367
-64.246864
-64.240616
-64.246864
-64.249985
-64.237488
-64.26873
-64.256233
-64.231239
-64.231239
-64.203117
-64.196861
-64.212486
-64.196861
-64.196861
-64.218742
-64.221863
-64.221863
-64.234367
-64.209366
-64.237488
-64.243736
-64.234367
-64.253105
-64.240616
-64.234367
-64.246864
-64.256233
-64.253105
-64.293732
-64.26873
-64.253105
-64.249985
-64.243736
-64.253105
-64.243736
-64.228111
-64.240616
-64.246864
-64.246864
-64.231239
-64.240616
-64.228111
-64.218742
-64.206238
-64.209366
-64.212486
-64.212486
-64.209366
-64.243736
-64.249985
-64.253105
-64.26561
-64.271858
-64.271858
-64.29686
-64.290611
-64.278107
-64.29686
-64.287483
-64.26873
-64.278107
-64.281235
-64.256233
-64.259361
-64.26873
-64.278107
-64.287483
-64.274986
-64.29686
-64.293732
-64.293732
-64.29686
-64.293732
-64.26561
-64.29686
-64.278107
-64.293732
-64.303108
-64.29998
-64.303108
-64.309357
-64.293732
-64.281235
-64.26873
-64.271858
-64.253105
-64.253105
-64.237488
-64.246864
-64.26873
-64.274986
-64.26873
-64.278107
-64.249985
-64.26561
-64.287483
-64.284355
-64.281235
-64.281235
-64.278107
-64.26873
-64.274986
-64.26873
-64.274986
-64.26873
-64.26561
-64.26873
-64.253105
-64.234367
-64.249985
-64.253105
-64.278107
-64.271858
-64.256233
-64.246864
-64.271858
-64.26873
-64.259361
-64.256233
-64.253105
-64.234367
-64.256233
-64.234367
-64.237488
-64.262482
-64.243736
-64.240616
-64.246864
-64.246864
-64.274986
-64.281235
-64.253105
-64.26561
-64.259361
-64.246864
-64.26873
-64.26873
-64.262482
-64.281235
-64.26561
-64.290611
-64.29998
-64.284355
-64.287483
-64.290611
-64.290611
-64.271858
-64.281235
-64.271858
-64.278107
-64.26873
-64.253105
-64.253105
-64.26873
-64.243736
-64.262482
-64.262482
-64.262482
-64.271858
-64.26561
-64.26873
-64.29686
-64.274986
-64.26561
-64.259361
-64.246864
-64.274986
-64.26561
-64.271858
-64.284355
-64.29998
-64.284355
-64.278107
-64.290611
-64.253105
-64.243736
-64.259361
-64.262482
-64.249985
-64.253105
-64.246864
-64.253105
-64.253105
-64.234367
-64.228111
-64.228111
-64.243736
-64.246864
-64.246864
-64.237488
-64.253105
-64.246864
-64.262482
-64.262482
-64.256233
-64.240616
-64.243736
-64.240616
-64.231239
-64.253105
-64.246864
-64.256233
-64.253105
-64.253105
-64.271858
-64.249985
-64.246864
-64.274986
-64.278107
-64.271858
-64.29686
-64.287483
-64.281235
-64.281235
-64.287483
-64.284355
-64.278107
-64.256233
-64.259361
-64.256233
-64.240616
-64.262482
-64.26561
-64.237488
-64.278107
-64.287483
-64.284355
-64.290611
-64.274986
-64.26873
-64.287483
-64.281235
-64.274986
-64.29686
-64.287483
-64.284355
-64.293732
-64.29686
-64.284355
-64.281235
-64.281235
-64.278107
-64.284355
-64.259361
-64.26873
-64.284355
-64.278107
-64.293732
-64.334358
-64.312485
-64.312485
-64.318733
-64.303108
-64.309357
-64.29686
-64.29686
-64.321861
-64.318733
-64.309357
-64.309357
-64.309357
-64.287483
-64.306236
-64.303108
-64.284355
-64.290611
-64.290611
-64.293732
-64.287483
-64.284355
-64.26561
-64.29686
-64.278107
-64.287483
-64.29686
-64.293732
-64.284355
-64.293732
-64.281235
-64.303108
-64.29998
-64.306236
-64.315605
-64.306236
-64.312485
-64.309357
-64.29686
-64.281235
-64.29686
-64.306236
-64.303108
-64.309357
-64.29686
-64.321861
-64.337486
-64.324982
-64.318733
-64.321861
-64.281235
-64.29686
-64.293732
-64.278107
-64.290611
-64.287483
-64.274986
-64.287483
-64.287483
-64.281235
-64.29998
-64.309357
-64.281235
-64.274986
-64.274986
-64.284355
-64.29998
-64.29686
-64.318733
-64.29686
-64.287483
-64.287483
-64.278107
-64.290611
-64.287483
-64.290611
-64.274986
-64.278107
-64.309357
-64.306236
-64.315605
-64.309357
-64.303108
-64.312485
-64.303108
-64.29686
-64.29686
-64.29686
-64.287483
-64.278107
-64.284355
-64.26873
-64.290611
-64.287483
-64.293732
-64.29686
-64.306236
-64.29998
-64.29686
-64.284355
-64.26873
-64.281235
-64.278107
-64.29686
-64.29686
-64.278107
-64.281235
-64.29686
-64.312485
-64.334358
-64.353104
-64.337486
-64.334358
-64.337486
-64.324982
-64.343735
-64.349976
-64.309357
-64.32811
-64.303108
-64.29686
-64.29686
-64.287483
-64.29686
-64.29686
-64.274986
-64.287483
-64.290611
-64.293732
-64.284355
-64.303108
-64.303108
-64.309357
-64.303108
-64.29998
-64.309357
-64.334358
-64.315605
-64.334358
-64.321861
-64.303108
-64.324982
-64.33123
-64.318733
-64.337486
-64.29998
-64.29686
-64.32811
-64.29686
-64.293732
-64.281235
-64.278107
-64.293732
-64.303108
-64.29998
-64.321861
-64.337486
-64.321861
-64.32811
-64.337486
-64.312485
-64.309357
-64.33123
-64.306236
-64.29686
-64.29998
-64.284355
-64.290611
-64.29686
-64.293732
-64.306236
-64.29686
-64.315605
-64.334358
-64.309357
-64.318733
-64.334358
-64.315605
-64.29686
-64.309357
-64.29686
-64.315605
-64.318733
-64.303108
-64.309357
-64.32811
-64.309357
-64.334358
-64.337486
-64.309357
-64.312485
-64.29998
-64.29686
-64.29686
-64.290611
-64.290611
-64.324982
-64.29686
-64.284355
-64.29686
-64.284355
-64.293732
-64.29686
-64.29686
-64.306236
-64.321861
-64.29686
-64.287483
-64.29686
-64.284355
-64.29998
-64.290611
-64.274986
-64.274986
-64.271858
-64.26561
-64.274986
-64.278107
-64.29686
-64.306236
-64.29686
-64.29686
-64.306236
-64.303108
-64.274986
-64.262482
-64.262482
-64.256233
-64.274986
-64.271858
-64.29686
-64.281235
-64.271858
-64.26873
-64.278107
-64.271858
-64.274986
-64.29686
-64.271858
-64.29686
-64.29686
-64.29998
-64.318733
-64.318733
-64.321861
-64.309357
-64.303108
-64.29686
-64.306236
-64.284355
-64.281235
-64.309357
-64.318733
-64.306236
-64.321861
-64.315605
-64.315605
-64.321861
-64.284355
-64.29686
-64.303108
-64.29686
-64.33123
-64.33123
-64.315605
-64.312485
-64.306236
-64.29686
-64.309357
-64.318733
-64.290611
-64.29686
-64.287483
-64.281235
-64.29686
-64.318733
-64.32811
-64.318733
-64.321861
-64.312485
-64.318733
-64.315605
-64.318733
-64.303108
-64.309357
-64.315605
-64.306236
-64.290611
-64.287483
-64.287483
-64.284355
-64.29686
-64.29686
-64.306236
-64.312485
-64.306236
-64.306236
-64.324982
-64.312485
-64.321861
-64.337486
-64.318733
-64.312485
-64.321861
-64.312485
-64.309357
-64.293732
-64.287483
-64.309357
-64.315605
-64.309357
-64.318733
-64.306236
-64.287483
-64.303108
-64.306236
-64.29686
-64.309357
-64.29686
-64.306236
-64.315605
-64.303108
-64.290611
-64.290611
-64.284355
-64.259361
-64.29686
-64.274986
-64.287483
-64.306236
-64.29686
-64.29686
-64.309357
-64.303108
-64.318733
-64.315605
-64.312485
-64.321861
-64.315605
-64.274986
-64.29686
-64.29998
-64.29686
-64.274986
-64.287483
-64.29686
-64.303108
-64.312485
-64.29998
-64.312485
-64.315605
-64.29686
-64.306236
-64.29686
-64.29686
-64.290611
-64.26873
-64.278107
-64.281235
-64.278107
-64.278107
-64.29686
-64.287483
-64.287483
-64.29686
-64.306236
-64.33123
-64.318733
-64.29686
-64.303108
-64.306236
-64.290611
-64.29686
-64.315605
-64.315605
-64.324982
-64.318733
-64.315605
-64.315605
-64.284355
-64.278107
-64.306236
-64.309357
-64.309357
-64.309357
-64.29686
-64.293732
-64.315605
-64.29686
-64.315605
-64.309357
-64.29686
-64.29686
-64.293732
-64.309357
-64.284355
-64.284355
-64.284355
-64.29686
-64.29686
-64.287483
-64.271858
-64.256233
-64.256233
-64.253105
-64.234367
-64.228111
-64.249985
-64.224991
-64.253105
-64.262482
-64.249985
-64.253105
-64.271858
-64.293732
-64.321861
-64.318733
-64.312485
-64.340607
-64.312485
-64.293732
-64.29686
-64.271858
-64.274986
-64.29686
-64.278107
-64.274986
-64.290611
-64.284355
-64.284355
-64.29686
-64.29686
-64.303108
-64.303108
-64.29686
-64.29686
-64.29686
-64.29686
-64.278107
-64.29686
-64.281235
-64.278107
-64.284355
-64.278107
-64.303108
-64.29686
-64.281235
-64.303108
-64.290611
-64.29686
-64.29686
-64.309357
-64.318733
-64.312485
-64.315605
-64.321861
-64.315605
-64.29998
-64.29686
-64.287483
-64.284355
-64.290611
-64.29686
-64.271858
-64.26873
-64.271858
-64.271858
-64.284355
-64.284355
-64.29686
-64.321861
-64.29998
-64.290611
-64.303108
-64.287483
-64.29686
-64.29998
-64.29686
-64.290611
-64.306236
-64.29998
-64.29686
-64.312485
-64.29686
-64.290611
-64.306236
-64.29998
-64.29686
-64.303108
-64.321861
-64.315605
-64.312485
-64.318733
-64.318733
-64.312485
-64.29686
-64.309357
-64.303108
-64.293732
-64.29998
-64.324982
-64.318733
-64.315605
-64.303108
-64.309357
-64.312485
-64.306236
-64.312485
-64.315605
-64.293732
-64.29998
-64.303108
-64.293732
-64.309357
-64.29686
-64.29686
-64.290611
-64.262482
-64.26873
-64.271858
-64.259361
-64.26561
-64.293732
-64.293732
-64.287483
-64.293732
-64.309357
-64.315605
-64.315605
-64.29686
-64.309357
-64.334358
-64.312485
-64.334358
-64.353104
-64.353104
-64.346855
-64.346855
-64.340607
-64.346855
-64.346855
-64.337486
-64.337486
-64.334358
-64.346855
-64.334358
-64.337486
-64.312485
-64.343735
-64.340607
-64.334358
-64.334358
-64.32811
-64.340607
-64.32811
-64.334358
-64.33123
-64.312485
-64.29686
-64.303108
-64.321861
-64.309357
-64.315605
-64.334358
-64.309357
-64.315605
-64.32811
-64.309357
-64.309357
-64.315605
-64.29686
-64.26873
-64.256233
-64.234367
-64.26561
-64.293732
-64.293732
-64.293732
-64.312485
-64.29686
-64.29998
-64.306236
-64.29686
-64.318733
-64.318733
-64.315605
-64.321861
-64.29686
-64.287483
-64.29998
-64.29686
-64.306236
-64.303108
-64.284355
-64.293732
-64.290611
-64.284355
-64.287483
-64.281235
-64.262482
-64.278107
-64.274986
-64.293732
-64.290611
-64.281235
-64.281235
-64.278107
-64.287483
-64.290611
-64.284355
-64.284355
-64.29686
-64.321861
-64.312485
-64.29998
-64.303108
-64.29686
-64.312485
-64.29686
-64.29686
-64.29686
-64.29686
-64.284355
-64.306236
-64.309357
-64.306236
-64.33123
-64.312485
-64.29686
-64.303108
-64.309357
-64.321861
-64.33123
-64.312485
-64.306236
-64.309357
-64.29686
-64.321861
-64.32811
-64.306236
-64.29686
-64.29686
-64.303108
-64.334358
-64.321861
-64.315605
-64.29998
-64.309357
-64.293732
-64.32811
-64.312485
-64.303108
-64.309357
-64.29686
-64.287483
-64.309357
-64.293732
-64.29686
-64.293732
-64.290611
-64.281235
-64.29686
-64.293732
-64.29686
-64.309357
-64.29686
-64.303108
-64.29686
-64.293732
-64.29686
-64.309357
-64.29686
-64.306236
-64.303108
-64.29998
-64.312485
-64.293732
-64.29686
-64.309357
-64.293732
-64.26873
-64.303108
-64.284355
-64.284355
-64.29686
-64.274986
-64.253105
-64.249985
-64.26873
-64.26873
-64.274986
-64.271858
-64.281235
-64.287483
-64.287483
-64.293732
-64.306236
-64.29686
-64.29686
-64.293732
-64.284355
-64.287483
-64.26873
-64.271858
-64.281235
-64.290611
-64.278107
-64.290611
-64.278107
-64.271858
-64.278107
-64.246864
-64.256233
-64.262482
-64.262482
-64.26873
-64.256233
-64.246864
-64.240616
-64.240616
-64.212486
-64.209366
-64.215614
-64.187492
-64.199989
-64.221863
-64.199989
-64.206238
-64.203117
-64.199989
-64.218742
-64.218742
-64.221863
-64.246864
-64.246864
-64.240616
-64.259361
-64.246864
-64.246864
-64.262482
-64.256233
-64.249985
-64.26561
-64.253105
-64.256233
-64.249985
-64.228111
-64.246864
-64.253105
-64.243736
-64.240616
-64.243736
-64.228111
-64.246864
-64.240616
-64.240616
-64.246864
-64.246864
-64.246864
-64.271858
-64.262482
-64.26561
-64.287483
-64.26873
-64.29686
-64.290611
-64.259361
-64.256233
-64.271858
-64.249985
-64.259361
-64.278107
-64.274986
-64.284355
-64.287483
-64.278107
-64.284355
-64.290611
-64.271858
-64.281235
-64.278107
-64.271858
-64.287483
-64.271858
-64.256233
-64.26873
-64.259361
-64.249985
-64.246864
-64.237488
-64.240616
-64.249985
-64.256233
-64.240616
-64.234367
-64.231239
-64.234367
-64.215614
-64.215614
-64.228111
-64.237488
-64.246864
-64.253105
-64.26873
-64.256233
-64.259361
-64.256233
-64.256233
-64.271858
-64.290611
-64.259361
-64.26561
-64.256233
-64.253105
-64.26561
-64.26873
-64.274986
-64.278107
-64.26561
-64.274986
-64.262482
-64.26561
-64.287483
-64.287483
-64.26561
-64.284355
-64.249985
-64.249985
-64.26873
-64.271858
-64.278107
-64.281235
-64.281235
-64.274986
-64.26873
-64.249985
-64.243736
-64.246864
-64.243736
-64.243736
-64.249985
-64.256233
-64.246864
-64.287483
-64.262482
-64.26873
-64.290611
-64.26873
-64.271858
-64.271858
-64.271858
-64.29686
-64.287483
-64.26873
-64.278107
-64.293732
-64.281235
-64.29686
-64.284355
-64.284355
-64.274986
-64.271858
-64.259361
-64.271858
-64.274986
-64.26561
-64.290611
-64.26561
-64.284355
-64.293732
-64.271858
-64.259361
-64.259361
-64.262482
-64.271858
-64.278107
-64.246864
-64.243736
-64.256233
-64.26561
-64.287483
-64.26873
-64.26561
-64.271858
-64.26873
-64.259361
-64.26873
-64.259361
-64.26561
-64.274986
-64.29686
-64.281235
-64.271858
-64.256233
-64.253105
-64.256233
-64.246864
-64.259361
-64.287483
-64.259361
-64.26873
-64.253105
-64.253105
-64.26561
-64.253105
-64.243736
-64.234367
-64.246864
-64.246864
-64.262482
-64.256233
-64.240616
-64.253105
-64.259361
-64.271858
-64.274986
-64.249985
-64.246864
-64.26873
-64.259361
-64.246864
-64.253105
-64.253105
-64.253105
-64.256233
-64.246864
-64.243736
-64.253105
-64.253105
-64.259361
-64.249985
-64.237488
-64.253105
-64.256233
-64.234367
-64.246864
-64.234367
-64.234367
-64.262482
-64.249985
-64.246864
-64.234367
-64.240616
-64.243736
-64.246864
-64.249985
-64.237488
-64.26561
-64.246864
-64.262482
-64.259361
-64.231239
-64.237488
-64.231239
-64.234367
-64.218742
-64.243736
-64.234367
-64.253105
-64.249985
-64.234367
-64.271858
-64.259361
-64.249985
-64.274986
-64.253105
-64.26561
-64.271858
-64.246864
-64.240616
-64.218742
-64.203117
-64.199989
-64.224991
-64.199989
-64.206238
-64.218742
-64.212486
-64.212486
-64.212486
-64.224991
-64.246864
-64.224991
-64.218742
-64.228111
-64.243736
-64.224991
-64.240616
-64.246864
-64.234367
-64.240616
-64.228111
-64.193741
-64.199989
-64.209366
-64.206238
-64.224991
-64.215614
-64.243736
-64.246864
-64.240616
-64.246864
-64.249985
-64.240616
-64.253105
-64.243736
-64.234367
-64.215614
-64.215614
-64.199989
-64.221863
-64.203117
-64.215614
-64.221863
-64.228111
-64.234367
-64.234367
-64.246864
-64.243736
-64.246864
-64.240616
-64.240616
-64.240616
-64.234367
-64.228111
-64.246864
-64.243736
-64.237488
-64.237488
-64.246864
-64.253105
-64.240616
-64.237488
-64.240616
-64.234367
-64.234367
-64.224991
-64.218742
-64.209366
-64.237488
-64.249985
-64.243736
-64.228111
-64.234367
-64.234367
-64.243736
-64.237488
-64.215614
-64.228111
-64.228111
-64.249985
-64.243736
-64.224991
-64.246864
-64.246864
-64.253105
-64.26561
-64.234367
-64.224991
-64.256233
-64.26561
-64.240616
-64.243736
-64.234367
-64.240616
-64.259361
-64.234367
-64.228111
-64.237488
-64.215614
-64.215614
-64.231239
-64.224991
-64.228111
-64.246864
-64.243736
-64.240616
-64.234367
-64.234367
-64.259361
-64.246864
-64.249985
-64.246864
-64.246864
-64.234367
-64.246864
-64.224991
-64.240616
-64.253105
-64.246864
-64.253105
-64.262482
-64.256233
-64.256233
-64.253105
-64.256233
-64.253105
-64.253105
-64.256233
-64.259361
-64.246864
-64.259361
-64.249985
-64.240616
-64.246864
-64.262482
-64.271858
-64.259361
-64.259361
-64.271858
-64.259361
-64.259361
-64.253105
-64.234367
-64.243736
-64.253105
-64.26873
-64.281235
-64.26561
-64.259361
-64.278107
-64.249985
-64.26561
-64.274986
-64.246864
-64.234367
-64.240616
-64.234367
-64.215614
-64.240616
-64.224991
-64.240616
-64.243736
-64.218742
-64.237488
-64.243736
-64.228111
-64.231239
-64.234367
-64.231239
-64.246864
-64.259361
-64.246864
-64.253105
-64.246864
-64.231239
-64.228111
-64.234367
-64.234367
-64.228111
-64.221863
-64.228111
-64.224991
-64.209366
-64.218742
-64.231239
-64.231239
-64.243736
-64.259361
-64.240616
-64.256233
-64.271858
-64.274986
-64.284355
-64.293732
-64.271858
-64.284355
-64.26561
-64.284355
-64.29998
-64.26873
-64.26873
-64.262482
-64.259361
-64.259361
-64.262482
-64.253105
-64.26873
-64.26561
-64.253105
-64.237488
-64.246864
-64.246864
-64.259361
-64.243736
-64.234367
-64.234367
-64.246864
-64.237488
-64.231239
-64.246864
-64.243736
-64.26873
-64.253105
-64.249985
-64.262482
-64.259361
-64.26561
-64.274986
-64.26873
-64.290611
-64.306236
-64.29686
-64.29686
-64.29998
-64.29998
-64.29686
-64.29686
-64.293732
-64.29686
-64.290611
-64.290611
-64.278107
-64.278107
-64.271858
-64.290611
-64.278107
-64.278107
-64.281235
-64.274986
-64.271858
-64.271858
-64.281235
-64.278107
-64.274986
-64.262482
-64.271858
-64.274986
-64.26873
-64.29686
-64.271858
-64.246864
-64.253105
-64.256233
-64.256233
-64.246864
-64.256233
-64.26561
-64.271858
-64.259361
-64.249985
-64.26873
-64.278107
-64.278107
-64.29686
-64.309357
-64.29686
-64.303108
-64.284355
-64.274986
-64.274986
-64.271858
-64.284355
-64.312485
-64.290611
-64.29686
-64.309357
-64.29686
-64.287483
-64.26873
-64.259361
-64.271858
-64.281235
-64.281235
-64.284355
-64.274986
-64.26561
-64.274986
-64.26873
-64.26561
-64.290611
-64.29686
-64.312485
-64.312485
-64.290611
-64.290611
-64.29686
-64.29686
-64.303108
-64.29998
-64.306236
-64.309357
-64.315605
-64.274986
-64.306236
-64.309357
-64.309357
-64.32811
-64.321861
-64.29686
-64.324982
-64.32811
-64.346855
-64.334358
-64.343735
-64.346855
-64.349976
-64.321861
-64.321861
-64.340607
-64.33123
-64.318733
-64.306236
-64.29686
-64.29998
-64.312485
-64.309357
-64.290611
-64.315605
-64.303108
-64.321861
-64.321861
-64.321861
-64.346855
-64.334358
-64.303108
-64.334358
-64.312485
-64.32811
-64.334358
-64.334358
-64.312485
-64.334358
-64.312485
-64.312485
-64.29998
-64.293732
-64.29998
-64.321861
-64.29998
-64.309357
-64.315605
-64.306236
-64.306236
-64.324982
-64.315605
-64.324982
-64.346855
-64.32811
-64.334358
-64.324982
-64.29686
-64.303108
-64.309357
-64.29686
-64.318733
-64.318733
-64.315605
-64.340607
-64.334358
-64.321861
-64.349976
-64.315605
-64.315605
-64.324982
-64.309357
-64.309357
-64.318733
-64.309357
-64.29998
-64.321861
-64.321861
-64.32811
-64.315605
-64.29686
-64.303108
-64.309357
-64.303108
-64.321861
-64.321861
-64.324982
-64.340607
-64.33123
-64.321861
-64.324982
-64.33123
-64.315605
-64.318733
-64.306236
-64.309357
-64.312485
-64.315605
-64.29998
-64.334358
-64.33123
-64.309357
-64.315605
-64.306236
-64.33123
-64.324982
-64.32811
-64.321861
-64.303108
-64.29686
-64.309357
-64.290611
-64.29998
-64.309357
-64.33123
-64.318733
-64.334358
-64.312485
-64.312485
-64.312485
-64.306236
-64.293732
-64.309357
-64.309357
-64.324982
-64.309357
-64.315605
-64.315605
-64.32811
-64.312485
-64.32811
-64.33123
-64.321861
-64.318733
-64.32811
-64.315605
-64.346855
-64.337486
-64.324982
-64.343735
-64.321861
-64.32811
-64.346855
-64.32811
-64.321861
-64.337486
-64.315605
-64.318733
-64.32811
-64.334358
-64.346855
-64.340607
-64.318733
-64.318733
-64.353104
-64.343735
-64.321861
-64.33123
-64.306236
-64.318733
-64.312485
-64.309357
-64.312485
-64.303108
-64.303108
-64.312485
-64.334358
-64.337486
-64.346855
-64.340607
-64.32811
-64.343735
-64.324982
-64.312485
-64.324982
-64.324982
-64.309357
-64.318733
-64.309357
-64.33123
-64.321861
-64.306236
-64.32811
-64.324982
-64.324982
-64.343735
-64.334358
-64.337486
-64.343735
-64.346855
-64.346855
-64.343735
-64.340607
-64.340607
-64.334358
-64.32811
-64.340607
-64.346855
-64.33123
-64.324982
-64.337486
-64.321861
-64.340607
-64.36248
-64.337486
-64.346855
-64.346855
-64.343735
-64.349976
-64.346855
-64.334358
-64.346855
-64.33123
-64.321861
-64.321861
-64.315605
-64.306236
-64.33123
-64.321861
-64.324982
-64.334358
-64.340607
-64.334358
-64.346855
-64.343735
-64.356232
-64.374977
-64.353104
-64.368729
-64.353104
-64.32811
-64.29998
-64.315605
-64.33123
-64.337486
-64.334358
-64.32811
-64.33123
-64.337486
-64.346855
-64.356232
-64.33123
-64.343735
-64.346855
-64.346855
-64.349976
-64.353104
-64.337486
-64.33123
-64.337486
-64.318733
-64.312485
-64.315605
-64.274986
-64.290611
-64.303108
-64.290611
-64.29686
-64.290611
-64.284355
-64.293732
-64.29686
-64.290611
-64.306236
-64.315605
-64.312485
-64.318733
-64.312485
-64.29686
-64.309357
-64.309357
-64.287483
-64.29686
-64.29686
-64.29686
-64.303108
-64.29686
-64.293732
-64.284355
-64.271858
-64.287483
-64.278107
-64.281235
-64.29686
-64.290611
-64.303108
-64.29998
-64.29686
-64.29998
-64.29686
-64.29686
-64.271858
-64.293732
-64.290611
-64.281235
-64.29686
-64.284355
-64.312485
-64.32811
-64.306236
-64.29998
-64.29686
-64.281235
-64.271858
-64.281235
-64.274986
-64.281235
-64.290611
-64.287483
-64.29686
-64.303108
-64.284355
-64.287483
-64.293732
-64.29686
-64.293732
-64.281235
-64.287483
-64.315605
-64.29998
-64.293732
-64.315605
-64.312485
-64.318733
-64.321861
-64.324982
-64.309357
-64.324982
-64.318733
-64.29998
-64.290611
-64.278107
-64.29686
-64.287483
-64.278107
-64.29686
-64.29686
-64.29686
-64.306236
-64.315605
-64.321861
-64.309357
-64.312485
-64.29686
-64.29686
-64.29686
-64.306236
-64.315605
-64.29686
-64.321861
-64.33123
-64.32811
-64.29686
-64.318733
-64.29998
-64.29998
-64.303108
-64.287483
-64.262482
-64.271858
-64.26873
-64.290611
-64.312485
-64.309357
-64.324982
-64.321861
-64.309357
-64.32811
-64.318733
-64.315605
-64.321861
-64.312485
-64.309357
-64.303108
-64.321861
-64.312485
-64.293732
-64.281235
-64.290611
-64.29998
-64.293732
-64.312485
-64.346855
-64.337486
-64.346855
-64.343735
-64.321861
-64.343735
-64.32811
-64.309357
-64.318733
-64.315605
-64.29686
-64.29998
-64.312485
-64.29998
-64.321861
-64.309357
-64.315605
-64.309357
-64.33123
-64.33123
-64.324982
-64.324982
-64.33123
-64.321861
-64.309357
-64.309357
-64.321861
-64.306236
-64.343735
-64.353104
-64.346855
-64.353104
-64.353104
-64.334358
-64.334358
-64.321861
-64.315605
-64.340607
-64.343735
-64.368729
-64.356232
-64.337486
-64.318733
-64.340607
-64.337486
-64.346855
-64.346855
-64.337486
-64.321861
-64.340607
-64.334358
-64.32811
-64.32811
-64.321861
-64.315605
-64.324982
-64.315605
-64.356232
-64.368729
-64.36248
-64.371857
-64.349976
-64.346855
-64.356232
-64.337486
-64.33123
-64.334358
-64.33123
-64.324982
-64.346855
-64.346855
-64.346855
-64.346855
-64.346855
-64.353104
-64.356232
-64.365601
-64.36248
-64.346855
-64.346855
-64.349976
-64.346855
-64.340607
-64.346855
-64.346855
-64.32811
-64.334358
-64.343735
-64.340607
-64.32811
-64.321861
-64.324982
-64.359352
-64.346855
-64.337486
-64.356232
-64.346855
-64.32811
-64.359352
-64.340607
-64.343735
-64.337486
-64.33123
-64.321861
-64.315605
-64.321861
-64.318733
-64.346855
-64.343735
-64.374977
-64.378105
-64.346855
-64.349976
-64.353104
-64.346855
-64.353104
-64.346855
-64.343735
-64.334358
-64.33123
-64.340607
-64.353104
-64.353104
-64.353104
-64.359352
-64.32811
-64.324982
-64.318733
-64.303108
-64.306236
-64.306236
-64.290611
-64.306236
-64.29686
-64.29998
-64.309357
-64.321861
-64.312485
-64.337486
-64.32811
-64.309357
-64.33123
-64.337486
-64.346855
-64.346855
-64.321861
-64.312485
-64.303108
-64.29998
-64.29998
-64.306236
-64.29686
-64.315605
-64.343735
-64.318733
-64.32811
-64.337486
-64.346855
-64.343735
-64.349976
-64.343735
-64.346855
-64.321861
-64.318733
-64.32811
-64.321861
-64.306236
-64.321861
-64.303108
-64.318733
-64.33123
-64.334358
-64.315605
-64.318733
-64.312485
-64.321861
-64.340607
-64.343735
-64.340607
-64.346855
-64.334358
-64.324982
-64.321861
-64.309357
-64.318733
-64.321861
-64.315605
-64.32811
-64.340607
-64.334358
-64.337486
-64.33123
-64.315605
-64.315605
-64.303108
-64.309357
-64.315605
-64.318733
-64.32811
-64.346855
-64.340607
-64.343735
-64.36248
-64.368729
-64.378105
-64.387482
-64.374977
-64.368729
-64.359352
-64.340607
-64.346855
-64.315605
-64.309357
-64.309357
-64.33123
-64.312485
-64.318733
-64.29686
-64.312485
-64.32811
-64.321861
-64.33123
-64.346855
-64.321861
-64.318733
-64.318733
-64.29686
-64.318733
-64.321861
-64.334358
-64.337486
-64.365601
-64.340607
-64.371857
-64.353104
-64.346855
-64.349976
-64.346855
-64.337486
-64.346855
-64.356232
-64.334358
-64.334358
-64.334358
-64.312485
-64.337486
-64.346855
-64.36248
-64.36248
-64.353104
-64.359352
-64.346855
-64.346855
-64.33123
-64.337486
-64.321861
-64.334358
-64.321861
-64.324982
-64.340607
-64.346855
-64.343735
-64.353104
-64.356232
-64.343735
-64.346855
-64.337486
-64.315605
-64.33123
-64.334358
-64.321861
-64.340607
-64.346855
-64.33123
-64.346855
-64.318733
-64.321861
-64.318733
-64.312485
-64.324982
-64.32811
-64.303108
-64.315605
-64.318733
-64.306236
-64.29998
-64.303108
-64.274986
-64.29686
-64.324982
-64.321861
-64.321861
-64.340607
-64.321861
-64.337486
-64.340607
-64.346855
-64.349976
-64.346855
-64.340607
-64.346855
-64.312485
-64.309357
-64.309357
-64.303108
-64.293732
-64.303108
-64.309357
-64.315605
-64.29998
-64.318733
-64.349976
-64.356232
-64.378105
-64.378105
-64.365601
-64.346855
-64.374977
-64.365601
-64.378105
-64.371857
-64.36248
-64.365601
-64.36248
-64.365601
-64.346855
-64.346855
-64.334358
-64.32811
-64.315605
-64.315605
-64.324982
-64.334358
-64.334358
-64.346855
-64.374977
-64.368729
-64.368729
-64.396851
-64.371857
-64.39373
-64.387482
-64.368729
-64.368729
-64.381226
-64.378105
-64.381226
-64.378105
-64.356232
-64.374977
-64.387482
-64.374977
-64.390602
-64.396851
-64.415604
-64.421852
-64.396851
-64.378105
-64.399979
-64.374977
-64.365601
-64.36248
-64.359352
-64.346855
-64.356232
-64.346855
-64.359352
-64.378105
-64.346855
-64.365601
-64.365601
-64.343735
-64.378105
-64.368729
-64.36248
-64.353104
-64.337486
-64.32811
-64.337486
-64.334358
-64.346855
-64.340607
-64.340607
-64.343735
-64.343735
-64.324982
-64.340607
-64.334358
-64.318733
-64.340607
-64.337486
-64.343735
-64.334358
-64.346855
-64.359352
-64.365601
-64.36248
-64.33123
-64.353104
-64.349976
-64.353104
-64.353104
-64.340607
-64.343735
-64.337486
-64.324982
-64.337486
-64.32811
-64.346855
-64.359352
-64.374977
-64.359352
-64.36248
-64.384354
-64.365601
-64.368729
-64.365601
-64.36248
-64.36248
-64.340607
-64.33123
-64.337486
-64.312485
-64.315605
-64.349976
-64.371857
-64.349976
-64.337486
-64.334358
-64.353104
-64.371857
-64.349976
-64.346855
-64.346855
-64.359352
-64.349976
-64.356232
-64.36248
-64.356232
-64.365601
-64.371857
-64.390602
-64.390602
-64.368729
-64.390602
-64.381226
-64.374977
-64.396851
-64.381226
-64.371857
-64.387482
-64.381226
-64.381226
-64.387482
-64.374977
-64.368729
-64.374977
-64.371857
-64.365601
-64.349976
-64.346855
-64.346855
-64.371857
-64.353104
-64.349976
-64.353104
-64.343735
-64.365601
-64.346855
-64.359352
-64.349976
-64.337486
-64.346855
-64.365601
-64.356232
-64.343735
-64.353104
-64.359352
-64.359352
-64.368729
-64.346855
-64.337486
-64.33123
-64.315605
-64.324982
-64.343735
-64.321861
-64.33123
-64.33123
-64.315605
-64.312485
-64.318733
-64.321861
-64.321861
-64.33123
-64.315605
-64.343735
-64.343735
-64.324982
-64.346855
-64.340607
-64.309357
-64.32811
-64.306236
-64.321861
-64.337486
-64.32811
-64.324982
-64.334358
-64.337486
-64.346855
-64.365601
-64.356232
-64.349976
-64.337486
-64.321861
-64.306236
-64.315605
-64.324982
-64.321861
-64.312485
-64.29686
-64.315605
-64.303108
-64.309357
-64.312485
-64.33123
-64.32811
-64.346855
-64.340607
-64.340607
-64.353104
-64.32811
-64.343735
-64.353104
-64.312485
-64.309357
-64.321861
-64.33123
-64.32811
-64.324982
-64.337486
-64.334358
-64.343735
-64.312485
-64.312485
-64.309357
-64.309357
-64.309357
-64.29686
-64.278107
-64.29686
-64.29686
-64.284355
-64.306236
-64.29686
-64.306236
-64.315605
-64.312485
-64.312485
-64.33123
-64.312485
-64.303108
-64.303108
-64.318733
-64.324982
-64.32811
-64.340607
-64.312485
-64.334358
-64.321861
-64.337486
-64.340607
-64.32811
-64.318733
-64.315605
-64.315605
-64.349976
-64.33123
-64.33123
-64.349976
-64.337486
-64.334358
-64.346855
-64.346855
-64.346855
-64.356232
-64.337486
-64.343735
-64.346855
-64.36248
-64.353104
-64.374977
-64.340607
-64.365601
-64.353104
-64.334358
-64.356232
-64.340607
-64.340607
-64.340607
-64.321861
-64.334358
-64.32811
-64.334358
-64.318733
-64.318733
-64.312485
-64.318733
-64.334358
-64.321861
-64.321861
-64.334358
-64.334358
-64.346855
-64.337486
-64.334358
-64.343735
-64.334358
-64.318733
-64.337486
-64.343735
-64.340607
-64.33123
-64.340607
-64.353104
-64.371857
-64.346855
-64.346855
-64.359352
-64.346855
-64.334358
-64.334358
-64.324982
-64.340607
-64.346855
-64.334358
-64.334358
-64.33123
-64.32811
-64.32811
-64.337486
-64.334358
-64.334358
-64.346855
-64.340607
-64.346855
-64.353104
-64.346855
-64.36248
-64.340607
-64.346855
-64.343735
-64.321861
-64.318733
-64.337486
-64.343735
-64.346855
-64.36248
-64.353104
-64.36248
-64.384354
-64.36248
-64.353104
-64.353104
-64.353104
-64.356232
-64.381226
-64.365601
-64.390602
-64.384354
-64.359352
-64.340607
-64.353104
-64.359352
-64.359352
-64.359352
-64.359352
-64.365601
-64.359352
-64.346855
-64.359352
-64.346855
-64.359352
-64.368729
-64.365601
-64.387482
-64.371857
-64.349976
-64.349976
-64.356232
-64.343735
-64.359352
-64.374977
-64.381226
-64.346855
-64.353104
-64.359352
-64.356232
-64.346855
-64.346855
-64.343735
-64.343735
-64.340607
-64.374977
-64.365601
-64.368729
-64.374977
-64.365601
-64.368729
-64.371857
-64.346855
-64.343735
-64.356232
-64.343735
-64.359352
-64.365601
-64.371857
-64.365601
-64.374977
-64.340607
-64.359352
-64.356232
-64.359352
-64.374977
-64.359352
-64.346855
-64.371857
-64.365601
-64.356232
-64.36248
-64.374977
-64.356232
-64.378105
-64.384354
-64.387482
-64.39373
-64.39373
-64.396851
-64.406227
-64.384354
-64.387482
-64.384354
-64.359352
-64.346855
-64.368729
-64.353104
-64.365601
-64.374977
-64.381226
-64.387482
-64.387482
-64.381226
-64.359352
-64.368729
-64.378105
-64.368729
-64.378105
-64.368729
-64.359352
-64.346855
-64.365601
-64.381226
-64.384354
-64.384354
-64.381226
-64.365601
-64.343735
-64.343735
-64.346855
-64.353104
-64.349976
-64.346855
-64.346855
-64.36248
-64.365601
-64.365601
-64.368729
-64.356232
-64.371857
-64.371857
-64.378105
-64.365601
-64.356232
-64.36248
-64.387482
-64.365601
-64.371857
-64.378105
-64.384354
-64.399979
-64.384354
-64.368729
-64.356232
-64.368729
-64.356232
-64.371857
-64.387482
-64.36248
-64.378105
-64.36248
-64.36248
-64.378105
-64.374977
-64.36248
-64.368729
-64.368729
-64.384354
-64.399979
-64.365601
-64.365601
-64.384354
-64.384354
-64.356232
-64.353104
-64.32811
-64.337486
-64.353104
-64.340607
-64.368729
-64.365601
-64.381226
-64.387482
-64.387482
-64.368729
-64.374977
-64.384354
-64.371857
-64.384354
-64.381226
-64.403107
-64.390602
-64.378105
-64.368729
-64.368729
-64.36248
-64.36248
-64.359352
-64.343735
-64.359352
-64.374977
-64.384354
-64.384354
-64.399979
-64.368729
-64.365601
-64.368729
-64.365601
-64.384354
-64.390602
-64.396851
-64.387482
-64.387482
-64.371857
-64.390602
-64.406227
-64.387482
-64.39373
-64.387482
-64.396851
-64.406227
-64.409355
-64.399979
-64.396851
-64.374977
-64.349976
-64.39373
-64.368729
-64.387482
-64.39373
-64.387482
-64.387482
-64.381226
-64.359352
-64.384354
-64.384354
-64.374977
-64.390602
-64.381226
-64.39373
-64.399979
-64.378105
-64.359352
-64.346855
-64.346855
-64.36248
-64.368729
-64.36248
-64.368729
-64.378105
-64.359352
-64.36248
-64.378105
-64.356232
-64.368729
-64.384354
-64.365601
-64.374977
-64.378105
-64.368729
-64.384354
-64.399979
-64.409355
-64.418732
-64.403107
-64.396851
-64.399979
-64.390602
-64.374977
-64.378105
-64.371857
-64.368729
-64.396851
-64.387482
-64.412476
-64.42498
-64.39373
-64.409355
-64.434357
-64.421852
-64.421852
-64.421852
-64.412476
-64.403107
-64.396851
-64.39373
-64.387482
-64.390602
-64.39373
-64.421852
-64.409355
-64.39373
-64.412476
-64.409355
-64.387482
-64.415604
-64.409355
-64.409355
-64.409355
-64.381226
-64.378105
-64.390602
-64.403107
-64.384354
-64.387482
-64.371857
-64.371857
-64.368729
-64.36248
-64.365601
-64.374977
-64.374977
-64.368729
-64.374977
-64.36248
-64.384354
-64.384354
-64.378105
-64.39373
-64.390602
-64.374977
-64.409355
-64.409355
-64.409355
-64.412476
-64.396851
-64.374977
-64.390602
-64.365601
-64.359352
-64.353104
-64.337486
-64.337486
-64.343735
-64.324982
-64.346855
-64.346855
-64.346855
-64.346855
-64.340607
-64.334358
-64.359352
-64.381226
-64.368729
-64.371857
-64.371857
-64.365601
-64.365601
-64.359352
-64.346855
-64.365601
-64.365601
-64.365601
-64.36248
-64.346855
-64.343735
-64.36248
-64.346855
-64.346855
-64.36248
-64.356232
-64.353104
-64.374977
-64.356232
-64.374977
-64.353104
-64.346855
-64.365601
-64.374977
-64.365601
-64.359352
-64.334358
-64.343735
-64.353104
-64.343735
-64.334358
-64.368729
-64.365601
-64.384354
-64.396851
-64.381226
-64.378105
-64.390602
-64.390602
-64.403107
-64.384354
-64.378105
-64.390602
-64.396851
-64.36248
-64.36248
-64.390602
-64.39373
-64.39373
-64.396851
-64.403107
-64.421852
-64.390602
-64.396851
-64.431229
-64.409355
-64.399979
-64.412476
-64.399979
-64.418732
-64.415604
-64.415604
-64.396851
-64.421852
-64.415604
-64.412476
-64.418732
-64.403107
-64.406227
-64.412476
-64.396851
-64.431229
-64.428101
-64.406227
-64.415604
-64.387482
-64.390602
-64.384354
-64.378105
-64.371857
-64.381226
-64.378105
-64.371857
-64.378105
-64.384354
-64.39373
-64.406227
-64.403107
-64.396851
-64.406227
-64.39373
-64.409355
-64.406227
-64.403107
-64.399979
-64.403107
-64.374977
-64.39373
-64.381226
-64.378105
-64.39373
-64.378105
-64.371857
-64.384354
-64.378105
-64.36248
-64.371857
-64.371857
-64.371857
-64.396851
-64.415604
-64.409355
-64.415604
-64.406227
-64.415604
-64.415604
-64.415604
-64.409355
-64.396851
-64.378105
-64.371857
-64.387482
-64.365601
-64.384354
-64.384354
-64.390602
-64.421852
-64.384354
-64.390602
-64.403107
-64.415604
-64.415604
-64.415604
-64.406227
-64.396851
-64.39373
-64.399979
-64.403107
-64.418732
-64.409355
-64.415604
-64.406227
-64.381226
-64.384354
-64.403107
-64.396851
-64.406227
-64.412476
-64.431229
-64.418732
-64.418732
-64.406227
-64.406227
-64.406227
-64.387482
-64.396851
-64.39373
-64.390602
-64.396851
-64.390602
-64.384354
-64.390602
-64.384354
-64.387482
-64.406227
-64.406227
-64.399979
-64.390602
-64.381226
-64.387482
-64.409355
-64.39373
-64.396851
-64.390602
-64.384354
-64.39373
-64.39373
-64.396851
-64.387482
-64.371857
-64.371857
-64.387482
-64.378105
-64.374977
-64.378105
-64.371857
-64.371857
-64.390602
-64.384354
-64.374977
-64.381226
-64.381226
-64.378105
-64.390602
-64.390602
-64.403107
-64.406227
-64.371857
-64.371857
-64.356232
-64.346855
-64.356232
-64.359352
-64.36248
-64.374977
-64.381226
-64.349976
-64.374977
-64.36248
-64.353104
-64.359352
-64.353104
-64.346855
-64.349976
-64.343735
-64.346855
-64.346855
-64.346855
-64.340607
-64.359352
-64.349976
-64.359352
-64.371857
-64.346855
-64.356232
-64.371857
-64.346855
-64.371857
-64.365601
-64.349976
-64.356232
-64.343735
-64.343735
-64.346855
-64.343735
-64.33123
-64.334358
-64.33123
-64.321861
-64.32811
-64.353104
-64.337486
-64.356232
-64.340607
-64.353104
-64.346855
-64.340607
-64.346855
-64.356232
-64.353104
-64.349976
-64.340607
-64.33123
-64.349976
-64.340607
-64.33123
-64.33123
-64.312485
-64.324982
-64.337486
-64.337486
-64.321861
-64.315605
-64.315605
-64.318733
-64.334358
-64.334358
-64.343735
-64.353104
-64.343735
-64.346855
-64.343735
-64.343735
-64.33123
-64.346855
-64.334358
-64.337486
-64.340607
-64.32811
-64.340607
-64.321861
-64.309357
-64.321861
-64.321861
-64.324982
-64.353104
-64.337486
-64.315605
-64.334358
-64.32811
-64.343735
-64.359352
-64.349976
-64.343735
-64.349976
-64.343735
-64.334358
-64.337486
-64.321861
-64.315605
-64.315605
-64.309357
-64.353104
-64.346855
-64.340607
-64.343735
-64.346855
-64.337486
-64.356232
-64.371857
-64.374977
-64.387482
-64.409355
-64.406227
-64.403107
-64.396851
-64.381226
-64.374977
-64.371857
-64.390602
-64.384354
-64.365601
-64.365601
-64.353104
-64.353104
-64.349976
-64.381226
-64.368729
-64.365601
-64.384354
-64.371857
-64.384354
-64.365601
-64.343735
-64.353104
-64.346855
-64.346855
-64.353104
-64.346855
-64.343735
-64.33123
-64.318733
-64.309357
-64.321861
-64.312485
-64.334358
-64.356232
-64.356232
-64.356232
-64.356232
-64.349976
-64.365601
-64.381226
-64.365601
-64.378105
-64.374977
-64.349976
-64.359352
-64.356232
-64.340607
-64.353104
-64.353104
-64.343735
-64.353104
-64.340607
-64.343735
-64.349976
-64.346855
-64.334358
-64.365601
-64.359352
-64.356232
-64.374977
-64.349976
-64.356232
-64.359352
-64.359352
-64.359352
-64.371857
-64.353104
-64.374977
-64.365601
-64.346855
-64.356232
-64.356232
-64.346855
-64.359352
-64.356232
-64.359352
-64.368729
-64.368729
-64.371857
-64.359352
-64.356232
-64.346855
-64.346855
-64.32811
-64.321861
-64.337486
-64.334358
-64.349976
-64.343735
-64.32811
-64.346855
-64.346855
-64.324982
-64.324982
-64.324982
-64.33123
-64.334358
-64.334358
-64.340607
-64.346855
-64.337486
-64.343735
-64.349976
-64.337486
-64.346855
-64.365601
-64.356232
-64.374977
-64.365601
-64.334358
-64.343735
-64.32811
-64.321861
-64.340607
-64.324982
-64.312485
-64.33123
-64.318733
-64.346855
-64.368729
-64.346855
-64.356232
-64.353104
-64.36248
-64.346855
-64.365601
-64.334358
-64.32811
-64.33123
-64.33123
-64.33123
-64.346855
-64.334358
-64.334358
-64.346855
-64.346855
-64.340607
-64.346855
-64.312485
-64.315605
-64.309357
-64.318733
-64.315605
-64.337486
-64.346855
-64.337486
-64.340607
-64.334358
-64.318733
-64.29686
-64.306236
-64.321861
-64.315605
-64.309357
-64.321861
-64.321861
-64.315605
-64.324982
-64.318733
-64.324982
-64.349976
-64.324982
-64.334358
-64.334358
-64.343735
-64.340607
-64.346855
-64.337486
-64.340607
-64.346855
-64.334358
-64.33123
-64.324982
-64.33123
-64.334358
-64.32811
-64.337486
-64.349976
-64.346855
-64.33123
-64.346855
-64.324982
-64.33123
-64.343735
-64.315605
-64.312485
-64.315605
-64.306236
-64.303108
-64.306236
-64.29686
-64.303108
-64.309357
-64.287483
-64.290611
-64.29686
-64.290611
-64.309357
-64.290611
-64.274986
-64.284355
-64.29686
-64.290611
-64.309357
-64.29686
-64.318733
-64.32811
-64.315605
-64.312485
-64.318733
-64.321861
-64.318733
-64.337486
-64.321861
-64.315605
-64.321861
-64.29686
-64.29998
-64.309357
-64.278107
-64.29998
-64.290611
-64.274986
-64.284355
-64.290611
-64.281235
-64.312485
-64.309357
-64.306236
-64.33123
-64.306236
-64.293732
-64.303108
-64.290611
-64.293732
-64.290611
-64.278107
-64.309357
-64.29686
-64.290611
-64.29686
-64.312485
-64.309357
-64.318733
-64.318733
-64.29686
-64.29998
-64.293732
-64.287483
-64.287483
-64.278107
-64.259361
-64.287483
-64.271858
-64.274986
-64.293732
-64.26561
-64.284355
-64.287483
-64.284355
-64.256233
-64.26873
-64.26873
-64.281235
-64.29998
-64.284355
-64.287483
-64.290611
-64.256233
-64.256233
-64.246864
-64.246864
-64.253105
-64.237488
-64.253105
-64.278107
-64.281235
-64.293732
-64.29686
-64.278107
-64.293732
-64.290611
-64.26561
-64.26561
-64.29998
-64.287483
-64.281235
-64.29686
-64.26873
-64.281235
-64.293732
-64.274986
-64.284355
-64.271858
-64.26561
-64.29686
-64.281235
-64.274986
-64.278107
-64.281235
-64.262482
-64.271858
-64.278107
-64.262482
-64.271858
-64.26561
-64.262482
-64.26561
-64.243736
-64.26561
-64.259361
-64.256233
-64.259361
-64.271858
-64.256233
-64.246864
-64.237488
-64.228111
-64.240616
-64.240616
-64.224991
-64.243736
-64.246864
-64.243736
-64.253105
-64.249985
-64.246864
-64.246864
-64.259361
-64.26873
-64.259361
-64.271858
-64.287483
-64.29686
-64.29998
-64.271858
-64.274986
-64.262482
-64.271858
-64.274986
-64.271858
-64.256233
-64.278107
-64.26873
-64.278107
-64.262482
-64.26561
-64.262482
-64.26873
-64.246864
-64.259361
-64.249985
-64.246864
-64.262482
-64.246864
-64.249985
-64.259361
-64.253105
-64.253105
-64.253105
-64.240616
-64.240616
-64.26873
-64.262482
-64.274986
-64.274986
-64.26873
-64.287483
-64.290611
-64.278107
-64.271858
-64.293732
-64.278107
-64.281235
-64.287483
-64.26561
-64.26561
-64.246864
-64.249985
-64.256233
-64.246864
-64.237488
-64.262482
-64.262482
-64.246864
-64.240616
-64.237488
-64.224991
-64.218742
-64.231239
-64.246864
-64.278107
-64.274986
-64.271858
-64.290611
-64.253105
-64.274986
-64.262482
-64.243736
-64.249985
-64.253105
-64.237488
-64.26873
-64.246864
-64.246864
-64.246864
-64.253105
-64.234367
-64.256233
-64.26561
-64.26873
-64.271858
-64.262482
-64.271858
-64.29686
-64.281235
-64.274986
-64.274986
-64.256233
-64.26561
-64.246864
-64.224991
-64.253105
-64.249985
-64.246864
-64.246864
-64.243736
-64.228111
-64.240616
-64.249985
-64.240616
-64.246864
-64.243736
-64.234367
-64.246864
-64.246864
-64.224991
-64.221863
-64.224991
-64.215614
-64.243736
-64.249985
-64.259361
-64.26561
-64.218742
-64.234367
-64.253105
-64.243736
-64.243736
-64.243736
-64.234367
-64.249985
-64.237488
-64.231239
-64.237488
-64.237488
-64.228111
-64.234367
-64.231239
-64.221863
-64.224991
-64.221863
-64.224991
-64.218742
-64.228111
-64.231239
-64.246864
-64.234367
-64.253105
-64.278107
-64.262482
-64.262482
-64.26561
-64.256233
-64.234367
-64.234367
-64.231239
-64.237488
-64.224991
-64.228111
-64.249985
-64.237488
-64.228111
-64.243736
-64.246864
-64.224991
-64.243736
-64.237488
-64.231239
-64.249985
-64.237488
-64.253105
-64.26873
-64.256233
-64.246864
-64.231239
-64.237488
-64.240616
-64.240616
-64.221863
-64.243736
-64.237488
-64.243736
-64.259361
-64.256233
-64.240616
-64.246864
-64.246864
-64.246864
-64.26561
-64.246864
-64.237488
-64.256233
-64.246864
-64.234367
-64.246864
-64.240616
-64.240616
-64.246864
-64.237488
-64.249985
-64.262482
-64.246864
-64.221863
-64.253105
-64.26561
-64.26561
-64.26561
-64.259361
-64.274986
-64.287483
-64.26873
-64.278107
-64.26873
-64.246864
-64.249985
-64.246864
-64.246864
-64.256233
-64.262482
-64.253105
-64.271858
-64.243736
-64.228111
-64.246864
-64.262482
-64.249985
-64.246864
-64.221863
-64.221863
-64.246864
-64.228111
-64.253105
-64.249985
-64.237488
-64.246864
-64.240616
-64.231239
-64.240616
-64.231239
-64.221863
-64.246864
-64.256233
-64.253105
-64.246864
-64.253105
-64.246864
-64.262482
-64.253105
-64.256233
-64.262482
-64.237488
-64.249985
-64.274986
-64.262482
-64.256233
-64.243736
-64.218742
-64.234367
-64.243736
-64.246864
-64.246864
-64.231239
-64.240616
-64.256233
-64.246864
-64.26561
-64.26561
-64.256233
-64.246864
-64.237488
-64.243736
-64.234367
-64.246864
-64.231239
-64.218742
-64.240616
-64.218742
-64.212486
-64.243736
-64.243736
-64.243736
-64.259361
-64.231239
-64.237488
-64.228111
-64.218742
-64.249985
-64.234367
-64.259361
-64.262482
-64.26561
-64.259361
-64.284355
-64.256233
-64.26561
-64.278107
-64.253105
-64.256233
-64.26873
-64.243736
-64.246864
-64.26873
-64.262482
-64.259361
-64.271858
-64.281235
-64.274986
-64.281235
-64.271858
-64.281235
-64.271858
-64.26561
-64.274986
-64.271858
-64.26873
-64.26561
-64.262482
-64.256233
-64.26561
-64.262482
-64.256233
-64.249985
-64.256233
-64.281235
-64.287483
-64.290611
-64.274986
-64.253105
-64.240616
-64.246864
-64.243736
-64.256233
-64.274986
-64.271858
-64.256233
-64.26873
-64.26873
-64.274986
-64.281235
-64.281235
-64.278107
-64.293732
-64.290611
-64.26873
-64.281235
-64.278107
-64.287483
-64.293732
-64.284355
-64.262482
-64.26561
-64.249985
-64.256233
-64.278107
-64.284355
-64.290611
-64.303108
-64.281235
-64.284355
-64.29686
-64.284355
-64.293732
-64.29686
-64.290611
-64.274986
-64.287483
-64.287483
-64.290611
-64.281235
-64.281235
-64.29686
-64.26873
-64.271858
-64.278107
-64.26561
-64.246864
-64.259361
-64.253105
-64.259361
-64.271858
-64.26561
-64.278107
-64.26873
-64.249985
-64.26561
-64.262482
-64.249985
-64.259361
-64.271858
-64.271858
-64.293732
-64.271858
-64.246864
-64.287483
-64.262482
-64.26561
-64.293732
-64.278107
-64.26561
-64.29998
-64.26561
-64.274986
-64.287483
-64.259361
-64.278107
-64.262482
-64.26873
-64.278107
-64.278107
-64.253105
-64.274986
-64.256233
-64.259361
-64.26873
-64.284355
-64.26561
-64.26561
-64.259361
-64.262482
-64.271858
-64.246864
-64.256233
-64.26561
-64.259361
-64.246864
-64.259361
-64.246864
-64.253105
-64.240616
-64.231239
-64.240616
-64.262482
-64.26561
-64.256233
-64.259361
-64.246864
-64.259361
-64.249985
-64.253105
-64.246864
-64.240616
-64.218742
-64.246864
-64.256233
-64.253105
-64.278107
-64.262482
-64.26561
-64.262482
-64.26561
-64.253105
-64.271858
-64.262482
-64.253105
-64.256233
-64.271858
-64.256233
-64.26873
-64.243736
-64.271858
-64.26873
-64.246864
-64.240616
-64.246864
-64.246864
-64.246864
-64.237488
-64.212486
-64.206238
-64.203117
-64.203117
-64.237488
-64.212486
-64.224991
-64.234367
-64.215614
-64.193741
-64.196861
-64.193741
-64.209366
-64.246864
-64.243736
-64.246864
-64.246864
-64.237488
-64.215614
-64.234367
-64.234367
-64.234367
-64.246864
-64.218742
-64.224991
-64.234367
-64.234367
-64.246864
-64.240616
-64.256233
-64.246864
-64.240616
-64.234367
-64.256233
-64.243736
-64.237488
-64.246864
-64.237488
-64.224991
-64.237488
-64.224991
-64.240616
-64.246864
-64.240616
-64.243736
-64.228111
-64.221863
-64.221863
-64.218742
-64.209366
-64.237488
-64.212486
-64.184364
-64.209366
-64.224991
-64.218742
-64.224991
-64.215614
-64.215614
-64.231239
-64.243736
-64.234367
-64.240616
-64.215614
-64.218742
-64.221863
-64.206238
-64.224991
-64.228111
-64.221863
-64.231239
-64.231239
-64.246864
-64.249985
-64.26561
-64.246864
-64.246864
-64.253105
-64.253105
-64.303108
-64.293732
-64.278107
-64.287483
-64.278107
-64.290611
-64.274986
-64.26873
-64.259361
-64.26873
-64.253105
-64.256233
-64.262482
-64.249985
-64.237488
-64.234367
-64.215614
-64.212486
-64.221863
-64.224991
-64.231239
-64.234367
-64.237488
-64.256233
-64.231239
-64.228111
-64.246864
-64.231239
-64.221863
-64.240616
-64.240616
-64.231239
-64.228111
-64.237488
-64.249985
-64.249985
-64.237488
-64.228111
-64.212486
-64.190613
-64.196861
-64.212486
-64.203117
-64.199989
-64.231239
-64.215614
-64.246864
-64.246864
-64.234367
-64.246864
-64.243736
-64.249985
-64.246864
-64.246864
-64.240616
-64.259361
-64.243736
-64.234367
-64.221863
-64.212486
-64.215614
-64.246864
-64.221863
-64.203117
-64.224991
-64.224991
-64.228111
-64.209366
-64.193741
-64.215614
-64.212486
-64.203117
-64.206238
-64.206238
-64.203117
-64.224991
-64.199989
-64.203117
-64.215614
-64.228111
-64.209366
-64.206238
-64.184364
-64.193741
-64.199989
-64.184364
-64.184364
-64.196861
-64.181236
-64.181236
-64.190613
-64.193741
-64.174988
-64.193741
-64.184364
-64.203117
-64.209366
-64.184364
-64.190613
-64.203117
-64.196861
-64.212486
-64.215614
-64.199989
-64.209366
-64.190613
-64.209366
-64.196861
-64.196861
-64.174988
-64.187492
-64.181236
-64.190613
-64.190613
-64.190613
-64.174988
-64.168739
-64.162491
-64.174988
-64.184364
-64.165611
-64.187492
-64.184364
-64.165611
-64.171867
-64.174988
-64.184364
-64.203117
-64.193741
-64.206238
-64.240616
-64.215614
-64.218742
-64.228111
-64.228111
-64.218742
-64.212486
-64.178116
-64.171867
-64.165611
-64.171867
-64.196861
-64.196861
-64.193741
-64.184364
-64.181236
-64.178116
-64.193741
-64.203117
-64.215614
-64.224991
-64.212486
-64.196861
-64.212486
-64.237488
-64.212486
-64.218742
-64.196861
-64.215614
-64.234367
-64.228111
-64.228111
-64.234367
-64.221863
-64.212486
-64.234367
-64.206238
-64.209366
-64.203117
-64.178116
-64.184364
-64.212486
-64.193741
-64.196861
-64.209366
-64.187492
-64.187492
-64.196861
-64.184364
-64.196861
-64.187492
-64.184364
-64.190613
-64.193741
-64.196861
-64.203117
-64.203117
-64.203117
-64.218742
-64.187492
-64.181236
-64.168739
-64.162491
-64.168739
-64.159363
-64.171867
-64.174988
-64.174988
-64.181236
-64.215614
-64.196861
-64.193741
-64.196861
-64.190613
-64.196861
-64.209366
-64.196861
-64.193741
-64.196861
-64.190613
-64.199989
-64.199989
-64.190613
-64.187492
-64.193741
-64.206238
-64.199989
-64.199989
-64.196861
-64.184364
-64.178116
-64.190613
-64.199989
-64.187492
-64.184364
-64.187492
-64.184364
-64.174988
-64.193741
-64.199989
-64.206238
-64.203117
-64.199989
-64.196861
-64.209366
-64.203117
-64.187492
-64.196861
-64.171867
-64.184364
-64.181236
-64.190613
-64.184364
-64.196861
-64.187492
-64.174988
-64.162491
-64.149986
-64.165611
-64.181236
-64.171867
-64.165611
-64.159363
-64.156242
-64.159363
-64.165611
-64.146866
-64.165611
-64.162491
-64.156242
-64.181236
-64.153114
-64.162491
-64.153114
-64.146866
-64.143745
-64.149986
-64.134369
-64.137497
-64.146866
-64.140617
-64.168739
-64.181236
-64.184364
-64.174988
-64.184364
-64.168739
-64.193741
-64.193741
-64.187492
-64.187492
-64.193741
-64.168739
-64.196861
-64.190613
-64.187492
-64.199989
-64.199989
-64.193741
-64.203117
-64.209366
-64.209366
-64.212486
-64.178116
-64.206238
-64.193741
-64.168739
-64.156242
-64.153114
-64.134369
-64.140617
-64.12812
-64.137497
-64.156242
-64.153114
-64.146866
-64.146866
-64.134369
-64.153114
-64.171867
-64.159363
-64.162491
-64.153114
-64.149986
-64.146866
-64.171867
-64.168739
-64.168739
-64.168739
-64.162491
-64.174988
-64.184364
-64.171867
-64.187492
-64.193741
-64.196861
-64.218742
-64.224991
-64.212486
-64.240616
-64.224991
-64.190613
-64.184364
-64.165611
-64.153114
-64.159363
-64.149986
-64.159363
-64.149986
-64.153114
-64.146866
-64.146866
-64.146866
-64.165611
-64.174988
-64.140617
-64.137497
-64.149986
-64.146866
-64.159363
-64.146866
-64.149986
-64.165611
-64.168739
-64.146866
-64.159363
-64.153114
-64.143745
-64.149986
-64.153114
-64.162491
-64.171867
-64.159363
-64.184364
-64.187492
-64.159363
-64.165611
-64.162491
-64.146866
-64.146866
-64.156242
-64.143745
-64.140617
-64.153114
-64.146866
-64.168739
-64.174988
-64.168739
-64.184364
-64.203117
-64.190613
-64.196861
-64.209366
-64.218742
-64.224991
-64.209366
-64.218742
-64.218742
-64.218742
-64.212486
-64.228111
-64.209366
-64.199989
-64.206238
-64.203117
-64.221863
-64.228111
-64.184364
-64.168739
-64.178116
-64.156242
-64.178116
-64.187492
-64.178116
-64.178116
-64.159363
-64.184364
-64.196861
-64.193741
-64.193741
-64.199989
-64.181236
-64.171867
-64.171867
-64.187492
-64.171867
-64.171867
-64.153114
-64.184364
-64.187492
-64.184364
-64.162491
-64.162491
-64.165611
-64.153114
-64.146866
-64.140617
-64.159363
-64.178116
-64.156242
-64.168739
-64.178116
-64.165611
-64.168739
-64.162491
-64.162491
-64.153114
-64.156242
-64.156242
-64.165611
-64.168739
-64.174988
-64.181236
-64.168739
-64.178116
-64.206238
-64.199989
-64.187492
-64.196861
-64.193741
-64.199989
-64.193741
-64.162491
-64.178116
-64.162491
-64.178116
-64.196861
-64.181236
-64.174988
-64.171867
-64.171867
-64.174988
-64.184364
-64.171867
-64.174988
-64.190613
-64.199989
-64.187492
-64.203117
-64.212486
-64.181236
-64.196861
-64.193741
-64.165611
-64.171867
-64.156242
-64.165611
-64.165611
-64.146866
-64.187492
-64.184364
-64.193741
-64.196861
-64.190613
-64.174988
-64.187492
-64.171867
-64.171867
-64.178116
-64.184364
-64.178116
-64.178116
-64.153114
-64.168739
-64.171867
-64.153114
-64.168739
-64.168739
-64.168739
-64.184364
-64.199989
-64.181236
-64.181236
-64.190613
-64.153114
-64.181236
-64.190613
-64.165611
-64.184364
-64.190613
-64.184364
-64.196861
-64.206238
-64.193741
-64.196861
-64.212486
-64.190613
-64.199989
-64.196861
-64.196861
-64.178116
-64.149986
-64.153114
-64.149986
-64.134369
-64.137497
-64.137497
-64.140617
-64.146866
-64.156242
-64.143745
-64.153114
-64.165611
-64.181236
-64.184364
-64.178116
-64.196861
-64.184364
-64.184364
-64.165611
-64.184364
-64.156242
-64.156242
-64.156242
-64.153114
-64.146866
-64.162491
-64.162491
-64.174988
-64.178116
-64.171867
-64.196861
-64.196861
-64.178116
-64.206238
-64.196861
-64.187492
-64.193741
-64.196861
-64.184364
-64.196861
-64.206238
-64.193741
-64.221863
-64.196861
-64.174988
-64.165611
-64.171867
-64.171867
-64.168739
-64.146866
-64.140617
-64.149986
-64.134369
-64.146866
-64.146866
-64.140617
-64.156242
-64.149986
-64.153114
-64.171867
-64.178116
-64.168739
-64.203117
-64.187492
-64.199989
-64.221863
-64.184364
-64.193741
-64.203117
-64.193741
-64.190613
-64.171867
-64.187492
-64.193741
-64.190613
-64.193741
-64.184364
-64.203117
-64.196861
-64.196861
-64.206238
-64.184364
-64.168739
-64.190613
-64.193741
-64.209366
-64.196861
-64.178116
-64.171867
-64.174988
-64.171867
-64.187492
-64.184364
-64.193741
-64.196861
-64.215614
-64.206238
-64.209366
-64.209366
-64.203117
-64.218742
-64.184364
-64.190613
-64.206238
-64.187492
-64.190613
-64.215614
-64.196861
-64.203117
-64.181236
-64.193741
-64.196861
-64.209366
-64.206238
-64.209366
-64.203117
-64.206238
-64.209366
-64.199989
-64.199989
-64.199989
-64.187492
-64.168739
-64.184364
-64.168739
-64.156242
-64.165611
-64.149986
-64.149986
-64.168739
-64.156242
-64.174988
-64.181236
-64.156242
-64.165611
-64.168739
-64.159363
-64.171867
-64.187492
-64.199989
-64.212486
-64.199989
-64.187492
-64.196861
-64.165611
-64.149986
-64.168739
-64.184364
-64.165611
-64.159363
-64.171867
-64.168739
-64.174988
-64.159363
-64.153114
-64.159363
-64.162491
-64.174988
-64.174988
-64.178116
-64.193741
-64.193741
-64.181236
-64.196861
-64.199989
-64.190613
-64.193741
-64.174988
-64.171867
-64.178116
-64.174988
-64.162491
-64.190613
-64.178116
-64.196861
-64.196861
-64.199989
-64.221863
-64.221863
-64.231239
-64.246864
-64.249985
-64.228111
-64.221863
-64.218742
-64.215614
-64.206238
-64.206238
-64.209366
-64.215614
-64.206238
-64.190613
-64.196861
-64.187492
-64.190613
-64.203117
-64.209366
-64.181236
-64.218742
-64.203117
-64.190613
-64.218742
-64.212486
-64.215614
-64.221863
-64.234367
-64.228111
-64.228111
-64.196861
-64.212486
-64.193741
-64.193741
-64.203117
-64.212486
-64.193741
-64.206238
-64.199989
-64.203117
-64.209366
-64.199989
-64.190613
-64.243736
-64.228111
-64.224991
-64.218742
-64.228111
-64.206238
-64.234367
-64.212486
-64.196861
-64.218742
-64.187492
-64.190613
-64.190613
-64.181236
-64.178116
-64.168739
-64.149986
-64.165611
-64.168739
-64.156242
-64.187492
-64.184364
-64.168739
-64.181236
-64.184364
-64.162491
-64.184364
-64.162491
-64.165611
-64.171867
-64.171867
-64.162491
-64.174988
-64.178116
-64.168739
-64.168739
-64.171867
-64.159363
-64.174988
-64.156242
-64.153114
-64.153114
-64.137497
-64.156242
-64.165611
-64.159363
-64.174988
-64.171867
-64.181236
-64.196861
-64.181236
-64.162491
-64.165611
-64.162491
-64.162491
-64.168739
-64.174988
-64.181236
-64.190613
-64.196861
-64.206238
-64.178116
-64.181236
-64.171867
-64.162491
-64.159363
-64.171867
-64.168739
-64.156242
-64.171867
-64.196861
-64.184364
-64.181236
-64.187492
-64.181236
-64.178116
-64.187492
-64.190613
-64.203117
-64.184364
-64.187492
-64.206238
-64.187492
-64.174988
-64.174988
-64.159363
-64.181236
-64.190613
-64.168739
-64.168739
-64.193741
-64.196861
-64.193741
-64.199989
-64.193741
-64.190613
-64.187492
-64.171867
-64.193741
-64.178116
-64.171867
-64.162491
-64.159363
-64.174988
-64.174988
-64.181236
-64.190613
-64.193741
-64.184364
-64.174988
-64.190613
-64.165611
-64.184364
-64.199989
-64.199989
-64.193741
-64.206238
-64.199989
-64.206238
-64.193741
-64.162491
-64.178116
-64.168739
-64.146866
-64.168739
-64.159363
-64.162491
-64.187492
-64.184364
-64.156242
-64.174988
-64.168739
-64.165611
-64.159363
-64.156242
-64.165611
-64.149986
-64.153114
-64.159363
-64.153114
-64.143745
-64.131241
-64.134369
-64.124992
-64.12812
-64.12812
-64.121872
-64.12812
-64.146866
-64.146866
-64.146866
-64.153114
-64.143745
-64.140617
-64.140617
-64.146866
-64.149986
-64.140617
-64.143745
-64.140617
-64.140617
-64.146866
-64.153114
-64.140617
-64.146866
-64.153114
-64.140617
-64.165611
-64.168739
-64.159363
-64.187492
-64.206238
-64.196861
-64.221863
-64.228111
-64.193741
-64.221863
-64.221863
-64.174988
-64.168739
-64.196861
-64.165611
-64.162491
-64.187492
-64.174988
-64.190613
-64.184364
-64.196861
-64.193741
-64.196861
-64.193741
-64.165611
-64.159363
-64.162491
-64.165611
-64.143745
-64.156242
-64.162491
-64.146866
-64.171867
-64.174988
-64.178116
-64.206238
-64.209366
-64.190613
-64.196861
-64.190613
-64.184364
-64.184364
-64.162491
-64.174988
-64.190613
-64.178116
-64.168739
-64.165611
-64.156242
-64.146866
-64.168739
-64.162491
-64.165611
-64.178116
-64.159363
-64.178116
-64.178116
-64.171867
-64.171867
-64.178116
-64.178116
-64.193741
-64.178116
-64.153114
-64.165611
-64.162491
-64.156242
-64.165611
-64.159363
-64.159363
-64.181236
-64.149986
-64.165611
-64.171867
-64.156242
-64.159363
-64.149986
-64.162491
-64.162491
-64.165611
-64.162491
-64.178116
-64.156242
-64.146866
-64.156242
-64.162491
-64.153114
-64.146866
-64.143745
-64.140617
-64.156242
-64.140617
-64.168739
-64.181236
-64.178116
-64.178116
-64.190613
-64.181236
-64.184364
-64.187492
-64.153114
-64.165611
-64.174988
-64.178116
-64.184364
-64.171867
-64.156242
-64.174988
-64.171867
-64.153114
-64.162491
-64.159363
-64.171867
-64.171867
-64.174988
-64.171867
-64.184364
-64.187492
-64.178116
-64.196861
-64.190613
-64.196861
-64.178116
-64.171867
-64.159363
-64.187492
-64.171867
-64.187492
-64.184364
-64.159363
-64.165611
-64.171867
-64.168739
-64.184364
-64.181236
-64.174988
-64.190613
-64.190613
-64.181236
-64.193741
-64.215614
-64.221863
-64.221863
-64.218742
-64.212486
-64.237488
-64.221863
-64.224991
-64.240616
-64.231239
-64.237488
-64.231239
-64.215614
-64.212486
-64.221863
-64.228111
-64.234367
-64.246864
-64.243736
-64.246864
-64.249985
-64.224991
-64.246864
-64.231239
-64.221863
-64.249985
-64.243736
-64.249985
-64.243736
-64.224991
-64.209366
-64.193741
-64.184364
-64.190613
-64.196861
-64.196861
-64.203117
-64.209366
-64.212486
-64.196861
-64.193741
-64.206238
-64.209366
-64.203117
-64.199989
-64.215614
-64.231239
-64.218742
-64.234367
-64.218742
-64.196861
-64.218742
-64.215614
-64.187492
-64.187492
-64.190613
-64.193741
-64.199989
-64.181236
-64.181236
-64.196861
-64.190613
-64.193741
-64.178116
-64.184364
-64.184364
-64.209366
-64.187492
-64.196861
-64.203117
-64.212486
-64.221863
-64.212486
-64.224991
-64.203117
-64.206238
-64.218742
-64.234367
-64.243736
-64.221863
-64.243736
-64.253105
-64.256233
-64.26561
-64.253105
-64.246864
-64.246864
-64.218742
-64.231239
-64.224991
-64.240616
-64.237488
-64.246864
-64.237488
-64.243736
-64.246864
-64.246864
-64.262482
-64.271858
-64.262482
-64.281235
-64.281235
-64.26561
-64.278107
-64.284355
-64.271858
-64.287483
-64.26561
-64.246864
-64.237488
-64.237488
-64.237488
-64.271858
-64.26873
-64.281235
-64.290611
-64.26873
-64.271858
-64.26561
-64.271858
-64.284355
-64.290611
-64.290611
-64.287483
-64.278107
-64.259361
-64.271858
-64.259361
-64.246864
-64.26561
-64.246864
-64.243736
-64.243736
-64.253105
-64.246864
-64.256233
-64.259361
-64.26561
-64.256233
-64.246864
-64.278107
-64.290611
-64.271858
-64.26873
-64.256233
-64.256233
-64.234367
-64.234367
-64.237488
-64.231239
-64.246864
-64.246864
-64.26873
-64.249985
-64.26873
-64.256233
-64.253105
-64.246864
-64.253105
-64.246864
-64.224991
-64.234367
-64.209366
-64.218742
-64.228111
-64.237488
-64.243736
-64.243736
-64.246864
-64.274986
-64.26873
-64.262482
-64.259361
-64.259361
-64.246864
-64.26561
-64.26561
-64.271858
-64.26873
-64.278107
-64.274986
-64.284355
-64.284355
-64.278107
-64.290611
-64.253105
-64.253105
-64.284355
-64.274986
-64.287483
-64.281235
-64.259361
-64.271858
-64.271858
-64.262482
-64.26873
-64.274986
-64.259361
-64.259361
-64.26873
-64.26873
-64.274986
-64.306236
-64.29686
-64.318733
-64.315605
-64.309357
-64.321861
-64.324982
-64.309357
-64.315605
-64.318733
-64.29686
-64.303108
-64.287483
-64.306236
-64.306236
-64.281235
-64.274986
-64.29686
-64.281235
-64.29686
-64.303108
-64.29686
-64.303108
-64.321861
-64.309357
-64.334358
-64.32811
-64.334358
-64.337486
-64.32811
-64.324982
-64.343735
-64.340607
-64.334358
-64.334358
-64.33123
-64.340607
-64.340607
-64.33123
-64.309357
-64.312485
-64.309357
-64.315605
-64.32811
-64.309357
-64.309357
-64.32811
-64.306236
-64.312485
-64.29998
-64.29686
-64.321861
-64.315605
-64.315605
-64.287483
-64.274986
-64.262482
-64.26873
-64.262482
-64.274986
-64.287483
-64.278107
-64.290611
-64.312485
-64.312485
-64.303108
-64.315605
-64.318733
-64.324982
-64.318733
-64.306236
-64.315605
-64.321861
-64.318733
-64.334358
-64.324982
-64.315605
-64.321861
-64.321861
-64.33123
-64.346855
-64.343735
-64.346855
-64.349976
-64.324982
-64.334358
-64.353104
-64.33123
-64.340607
-64.36248
-64.36248
-64.374977
-64.359352
-64.346855
-64.365601
-64.368729
-64.359352
-64.349976
-64.343735
-64.346855
-64.349976
-64.346855
-64.33123
-64.33123
-64.324982
-64.33123
-64.340607
-64.346855
-64.32811
-64.340607
-64.346855
-64.349976
-64.368729
-64.365601
-64.36248
-64.359352
-64.359352
-64.349976
-64.349976
-64.346855
-64.340607
-64.346855
-64.346855
-64.346855
-64.349976
-64.346855
-64.368729
-64.378105
-64.365601
-64.378105
-64.384354
-64.381226
-64.399979
-64.415604
-64.409355
-64.406227
-64.412476
-64.406227
-64.409355
-64.399979
-64.409355
-64.399979
-64.387482
-64.390602
-64.406227
-64.396851
-64.39373
-64.421852
-64.403107
-64.421852
-64.406227
-64.403107
-64.418732
-64.403107
-64.371857
-64.378105
-64.371857
-64.371857
-64.371857
-64.387482
-64.374977
-64.396851
-64.387482
-64.396851
-64.415604
-64.387482
-64.390602
-64.403107
-64.39373
-64.403107
-64.390602
-64.368729
-64.371857
-64.387482
-64.368729
-64.36248
-64.356232
-64.343735
-64.346855
-64.343735
-64.340607
-64.346855
-64.353104
-64.365601
-64.39373
-64.381226
-64.371857
-64.387482
-64.374977
-64.368729
-64.384354
-64.371857
-64.381226
-64.390602
-64.368729
-64.365601
-64.374977
-64.365601
-64.368729
-64.374977
-64.36248
-64.368729
-64.374977
-64.384354
-64.399979
-64.384354
-64.371857
-64.387482
-64.384354
-64.371857
-64.39373
-64.403107
-64.418732
-64.446854
-64.434357
-64.446854
-64.456223
-64.434357
-64.418732
-64.415604
-64.396851
-64.39373
-64.390602
-64.396851
-64.399979
-64.387482
-64.381226
-64.365601
-64.39373
-64.387482
-64.384354
-64.399979
-64.381226
-64.396851
-64.399979
-64.412476
-64.421852
-64.421852
-64.390602
-64.415604
-64.409355
-64.396851
-64.381226
-64.381226
-64.371857
-64.418732
-64.415604
-64.396851
-64.399979
-64.390602
-64.412476
-64.418732
-64.431229
-64.42498
-64.421852
-64.421852
-64.415604
-64.412476
-64.406227
-64.409355
-64.390602
-64.396851
-64.409355
-64.384354
-64.371857
-64.390602
-64.406227
-64.409355
-64.42498
-64.406227
-64.399979
-64.39373
-64.396851
-64.403107
-64.384354
-64.384354
-64.390602
-64.387482
-64.365601
-64.36248
-64.371857
-64.371857
-64.378105
-64.381226
-64.384354
-64.378105
-64.365601
-64.365601
-64.390602
-64.384354
-64.390602
-64.403107
-64.403107
-64.396851
-64.412476
-64.387482
-64.378105
-64.412476
-64.406227
-64.390602
-64.406227
-64.396851
-64.399979
-64.406227
-64.371857
-64.39373
-64.390602
-64.390602
-64.384354
-64.384354
-64.384354
-64.396851
-64.403107
-64.381226
-64.384354
-64.381226
-64.381226
-64.409355
-64.403107
-64.381226
-64.387482
-64.396851
-64.384354
-64.412476
-64.399979
-64.42498
-64.409355
-64.406227
-64.396851
-64.412476
-64.387482
-64.39373
-64.418732
-64.390602
-64.399979
-64.412476
-64.39373
-64.381226
-64.371857
-64.365601
-64.365601
-64.384354
-64.387482
-64.403107
-64.403107
-64.403107
-64.42498
-64.409355
-64.396851
-64.399979
-64.390602
-64.384354
-64.356232
-64.346855
-64.368729
-64.368729
-64.365601
-64.378105
-64.368729
-64.356232
-64.381226
-64.387482
-64.368729
-64.390602
-64.403107
-64.39373
-64.418732
-64.412476
-64.421852
-64.434357
-64.42498
-64.412476
-64.428101
-64.409355
-64.396851
-64.381226
-64.365601
-64.36248
-64.381226
-64.353104
-64.371857
-64.371857
-64.374977
-64.396851
-64.387482
-64.374977
-64.381226
-64.381226
-64.387482
-64.403107
-64.387482
-64.396851
-64.418732
-64.415604
-64.384354
-64.390602
-64.371857
-64.365601
-64.368729
-64.343735
-64.346855
-64.359352
-64.36248
-64.396851
-64.390602
-64.384354
-64.406227
-64.403107
-64.384354
-64.406227
-64.403107
-64.399979
-64.39373
-64.381226
-64.374977
-64.365601
-64.359352
-64.349976
-64.356232
-64.346855
-64.356232
-64.349976
-64.33123
-64.318733
-64.324982
-64.334358
-64.337486
-64.356232
-64.356232
-64.346855
-64.340607
-64.321861
-64.309357
-64.324982
-64.349976
-64.356232
-64.337486
-64.33123
-64.346855
-64.334358
-64.340607
-64.353104
-64.343735
-64.340607
-64.346855
-64.324982
-64.334358
-64.353104
-64.346855
-64.346855
-64.353104
-64.337486
-64.343735
-64.365601
-64.343735
-64.346855
-64.356232
-64.346855
-64.346855
-64.33123
-64.32811
-64.32811
-64.346855
-64.346855
-64.349976
-64.346855
-64.349976
-64.378105
-64.374977
-64.378105
-64.403107
-64.390602
-64.371857
-64.371857
-64.359352
-64.359352
-64.349976
-64.353104
-64.337486
-64.365601
-64.353104
-64.353104
-64.340607
-64.315605
-64.343735
-64.33123
-64.33123
-64.340607
-64.33123
-64.321861
-64.349976
-64.337486
-64.337486
-64.365601
-64.365601
-64.346855
-64.334358
-64.321861
-64.33123
-64.321861
-64.324982
-64.321861
-64.340607
-64.324982
-64.33123
-64.353104
-64.36248
-64.371857
-64.384354
-64.359352
-64.384354
-64.371857
-64.36248
-64.356232
-64.36248
-64.356232
-64.353104
-64.349976
-64.33123
-64.343735
-64.36248
-64.353104
-64.349976
-64.334358
-64.337486
-64.356232
-64.346855
-64.343735
-64.349976
-64.340607
-64.359352
-64.353104
-64.346855
-64.346855
-64.365601
-64.33123
-64.337486
-64.343735
-64.33123
-64.33123
-64.340607
-64.346855
-64.346855
-64.36248
-64.356232
-64.374977
-64.387482
-64.387482
-64.396851
-64.359352
-64.346855
-64.353104
-64.318733
-64.337486
-64.315605
-64.303108
-64.312485
-64.32811
-64.321861
-64.324982
-64.32811
-64.321861
-64.33123
-64.340607
-64.343735
-64.356232
-64.384354
-64.356232
-64.371857
-64.346855
-64.346855
-64.359352
-64.346855
-64.346855
-64.359352
-64.346855
-64.340607
-64.343735
-64.343735
-64.346855
-64.356232
-64.343735
-64.356232
-64.36248
-64.359352
-64.365601
-64.368729
-64.374977
-64.384354
-64.371857
-64.349976
-64.349976
-64.340607
-64.337486
-64.346855
-64.32811
-64.321861
-64.340607
-64.346855
-64.359352
-64.349976
-64.324982
-64.32811
-64.321861
-64.306236
-64.334358
-64.346855
-64.353104
-64.365601
-64.374977
-64.346855
-64.365601
-64.36248
-64.346855
-64.36248
-64.36248
-64.36248
-64.403107
-64.387482
-64.378105
-64.368729
-64.349976
-64.36248
-64.368729
-64.340607
-64.346855
-64.349976
-64.346855
-64.340607
-64.356232
-64.349976
-64.359352
-64.365601
-64.343735
-64.346855
-64.359352
-64.356232
-64.368729
-64.359352
-64.368729
-64.381226
-64.349976
-64.353104
-64.353104
-64.359352
-64.359352
-64.365601
-64.371857
-64.353104
-64.36248
-64.349976
-64.359352
-64.356232
-64.337486
-64.359352
-64.346855
-64.346855
-64.359352
-64.381226
-64.353104
-64.368729
-64.384354
-64.371857
-64.365601
-64.368729
-64.365601
-64.36248
-64.353104
-64.353104
-64.343735
-64.337486
-64.324982
-64.32811
-64.318733
-64.318733
-64.318733
-64.318733
-64.318733
-64.346855
-64.353104
-64.387482
-64.387482
-64.356232
-64.356232
-64.346855
-64.353104
-64.346855
-64.346855
-64.340607
-64.32811
-64.33123
-64.321861
-64.356232
-64.353104
-64.353104
-64.359352
-64.36248
-64.346855
-64.36248
-64.356232
-64.340607
-64.346855
-64.340607
-64.346855
-64.374977
-64.374977
-64.371857
-64.365601
-64.353104
-64.334358
-64.346855
-64.334358
-64.371857
-64.371857
-64.371857
-64.374977
-64.365601
-64.365601
-64.387482
-64.378105
-64.381226
-64.39373
-64.384354
-64.378105
-64.396851
-64.368729
-64.359352
-64.365601
-64.334358
-64.33123
-64.359352
-64.346855
-64.343735
-64.346855
-64.318733
-64.33123
-64.365601
-64.368729
-64.387482
-64.378105
-64.349976
-64.371857
-64.387482
-64.384354
-64.378105
-64.371857
-64.374977
-64.381226
-64.378105
-64.371857
-64.371857
-64.368729
-64.356232
-64.371857
-64.349976
-64.368729
-64.378105
-64.365601
-64.356232
-64.371857
-64.381226
-64.381226
-64.384354
-64.390602
-64.403107
-64.390602
-64.371857
-64.403107
-64.390602
-64.371857
-64.378105
-64.374977
-64.36248
-64.359352
-64.349976
-64.346855
-64.374977
-64.36248
-64.349976
-64.356232
-64.346855
-64.349976
-64.359352
-64.349976
-64.349976
-64.337486
-64.343735
-64.340607
-64.346855
-64.32811
-64.346855
-64.353104
-64.349976
-64.359352
-64.359352
-64.359352
-64.36248
-64.356232
-64.340607
-64.343735
-64.337486
-64.343735
-64.346855
-64.32811
-64.337486
-64.359352
-64.33123
-64.334358
-64.337486
-64.33123
-64.349976
-64.371857
-64.368729
-64.365601
-64.371857
-64.353104
-64.365601
-64.381226
-64.390602
-64.387482
-64.396851
-64.399979
-64.396851
-64.371857
-64.374977
-64.374977
-64.356232
-64.378105
-64.378105
-64.36248
-64.368729
-64.359352
-64.359352
-64.359352
-64.365601
-64.343735
-64.346855
-64.359352
-64.346855
-64.343735
-64.359352
-64.346855
-64.353104
-64.356232
-64.343735
-64.356232
-64.356232
-64.343735
-64.343735
-64.337486
-64.33123
-64.346855
-64.334358
-64.315605
-64.346855
-64.346855
-64.349976
-64.359352
-64.359352
-64.368729
-64.384354
-64.368729
-64.371857
-64.365601
-64.359352
-64.343735
-64.346855
-64.321861
-64.343735
-64.32811
-64.324982
-64.337486
-64.340607
-64.346855
-64.36248
-64.356232
-64.368729
-64.374977
-64.384354
-64.390602
-64.39373
-64.368729
-64.349976
-64.359352
-64.334358
-64.343735
-64.359352
-64.356232
-64.349976
-64.349976
-64.353104
-64.374977
-64.359352
-64.343735
-64.346855
-64.346855
-64.353104
-64.353104
-64.343735
-64.343735
-64.340607
-64.340607
-64.321861
-64.346855
-64.359352
-64.365601
-64.374977
-64.353104
-64.349976
-64.334358
-64.324982
-64.337486
-64.356232
-64.340607
-64.353104
-64.353104
-64.334358
-64.36248
-64.365601
-64.374977
-64.36248
-64.36248
-64.36248
-64.371857
-64.390602
-64.378105
-64.390602
-64.39373
-64.356232
-64.349976
-64.334358
-64.346855
-64.353104
-64.343735
-64.346855
-64.365601
-64.349976
-64.353104
-64.353104
-64.33123
-64.346855
-64.346855
-64.340607
-64.359352
-64.356232
-64.346855
-64.36248
-64.356232
-64.36248
-64.371857
-64.349976
-64.343735
-64.359352
-64.343735
-64.334358
-64.346855
-64.343735
-64.346855
-64.365601
-64.346855
-64.349976
-64.346855
-64.33123
-64.32811
-64.312485
-64.32811
-64.32811
-64.32811
-64.340607
-64.365601
-64.340607
-64.334358
-64.343735
-64.324982
-64.32811
-64.32811
-64.33123
-64.343735
-64.36248
-64.378105
-64.356232
-64.381226
-64.371857
-64.356232
-64.365601
-64.353104
-64.368729
-64.381226
-64.378105
-64.378105
-64.371857
-64.356232
-64.359352
-64.353104
-64.346855
-64.359352
-64.365601
-64.346855
-64.374977
-64.36248
-64.371857
-64.384354
-64.39373
-64.403107
-64.406227
-64.403107
-64.396851
-64.399979
-64.39373
-64.396851
-64.396851
-64.378105
-64.36248
-64.356232
-64.346855
-64.343735
-64.343735
-64.324982
-64.321861
-64.33123
-64.33123
-64.32811
-64.349976
-64.346855
-64.371857
-64.353104
-64.343735
-64.356232
-64.36248
-64.349976
-64.371857
-64.365601
-64.356232
-64.365601
-64.371857
-64.368729
-64.378105
-64.365601
-64.371857
-64.396851
-64.36248
-64.36248
-64.349976
-64.334358
-64.349976
-64.343735
-64.334358
-64.343735
-64.324982
-64.337486
-64.337486
-64.32811
-64.321861
-64.334358
-64.353104
-64.340607
-64.346855
-64.343735
-64.356232
-64.353104
-64.343735
-64.359352
-64.359352
-64.346855
-64.353104
-64.353104
-64.36248
-64.346855
-64.346855
-64.334358
-64.346855
-64.356232
-64.343735
-64.337486
-64.346855
-64.346855
-64.36248
-64.343735
-64.343735
-64.36248
-64.371857
-64.343735
-64.359352
-64.343735
-64.33123
-64.346855
-64.33123
-64.346855
-64.365601
-64.353104
-64.356232
-64.36248
-64.346855
-64.343735
-64.340607
-64.324982
-64.343735
-64.318733
-64.29686
-64.340607
-64.343735
-64.343735
-64.349976
-64.346855
-64.33123
-64.349976
-64.346855
-64.359352
-64.371857
-64.359352
-64.334358
-64.349976
-64.36248
-64.359352
-64.368729
-64.349976
-64.356232
-64.346855
-64.33123
-64.337486
-64.337486
-64.315605
-64.340607
-64.346855
-64.324982
-64.349976
-64.346855
-64.337486
-64.340607
-64.346855
-64.365601
-64.359352
-64.378105
-64.356232
-64.396851
-64.387482
-64.381226
-64.381226
-64.365601
-64.36248
-64.36248
-64.346855
-64.353104
-64.349976
-64.340607
-64.349976
-64.374977
-64.349976
-64.387482
-64.36248
-64.353104
-64.353104
-64.368729
-64.349976
-64.359352
-64.353104
-64.343735
-64.356232
-64.378105
-64.359352
-64.36248
-64.353104
-64.36248
-64.378105
-64.384354
-64.396851
-64.403107
-64.381226
-64.387482
-64.384354
-64.378105
-64.371857
-64.396851
-64.381226
-64.390602
-64.374977
-64.343735
-64.359352
-64.356232
-64.359352
-64.374977
-64.359352
-64.378105
-64.384354
-64.378105
-64.365601
-64.378105
-64.359352
-64.346855
-64.378105
-64.36248
-64.343735
-64.365601
-64.353104
-64.353104
-64.359352
-64.349976
-64.381226
-64.396851
-64.381226
-64.381226
-64.381226
-64.353104
-64.356232
-64.353104
-64.368729
-64.390602
-64.39373
-64.384354
-64.39373
-64.396851
-64.384354
-64.434357
-64.412476
-64.403107
-64.428101
-64.409355
-64.399979
-64.381226
-64.365601
-64.39373
-64.387482
-64.390602
-64.396851
-64.387482
-64.378105
-64.378105
-64.39373
-64.396851
-64.406227
-64.39373
-64.39373
-64.399979
-64.387482
-64.359352
-64.381226
-64.365601
-64.353104
-64.384354
-64.378105
-64.39373
-64.387482
-64.371857
-64.384354
-64.39373
-64.387482
-64.371857
-64.365601
-64.356232
-64.378105
-64.406227
-64.387482
-64.412476
-64.387482
-64.368729
-64.365601
-64.36248
-64.374977
-64.381226
-64.390602
-64.387482
-64.396851
-64.378105
-64.371857
-64.381226
-64.381226
-64.374977
-64.374977
-64.365601
-64.381226
-64.39373
-64.396851
-64.403107
-64.406227
-64.403107
-64.387482
-64.396851
-64.396851
-64.39373
-64.412476
-64.39373
-64.412476
-64.390602
-64.387482
-64.399979
-64.381226
-64.384354
-64.390602
-64.378105
-64.353104
-64.371857
-64.359352
-64.36248
-64.384354
-64.371857
-64.359352
-64.378105
-64.381226
-64.390602
-64.415604
-64.390602
-64.378105
-64.399979
-64.371857
-64.39373
-64.381226
-64.381226
-64.39373
-64.403107
-64.396851
-64.409355
-64.390602
-64.381226
-64.399979
-64.403107
-64.387482
-64.403107
-64.39373
-64.396851
-64.415604
-64.415604
-64.396851
-64.39373
-64.387482
-64.399979
-64.384354
-64.371857
-64.399979
-64.381226
-64.365601
-64.368729
-64.359352
-64.359352
-64.374977
-64.368729
-64.359352
-64.365601
-64.356232
-64.378105
-64.396851
-64.390602
-64.378105
-64.399979
-64.381226
-64.381226
-64.39373
-64.381226
-64.374977
-64.384354
-64.378105
-64.378105
-64.384354
-64.381226
-64.381226
-64.374977
-64.368729
-64.378105
-64.381226
-64.387482
-64.384354
-64.371857
-64.381226
-64.396851
-64.378105
-64.381226
-64.387482
-64.378105
-64.39373
-64.406227
-64.428101
-64.412476
-64.406227
-64.403107
-64.403107
-64.409355
-64.390602
-64.406227
-64.378105
-64.346855
-64.359352
-64.349976
-64.309357
-64.33123
-64.346855
-64.337486
-64.343735
-64.346855
-64.346855
-64.381226
-64.356232
-64.343735
-64.353104
-64.346855
-64.343735
-64.356232
-64.346855
-64.356232
-64.353104
-64.346855
-64.349976
-64.368729
-64.36248
-64.378105
-64.378105
-64.368729
-64.396851
-64.378105
-64.378105
-64.396851
-64.39373
-64.359352
-64.378105
-64.368729
-64.381226
-64.381226
-64.353104
-64.356232
-64.368729
-64.356232
-64.346855
-64.36248
-64.343735
-64.346855
-64.359352
-64.353104
-64.365601
-64.374977
-64.353104
-64.365601
-64.381226
-64.374977
-64.384354
-64.396851
-64.368729
-64.365601
-64.346855
-64.353104
-64.368729
-64.368729
-64.349976
-64.356232
-64.337486
-64.321861
-64.33123
-64.337486
-64.334358
-64.353104
-64.36248
-64.356232
-64.349976
-64.33123
-64.340607
-64.33123
-64.334358
-64.321861
-64.33123
-64.340607
-64.359352
-64.359352
-64.353104
-64.353104
-64.356232
-64.371857
-64.36248
-64.356232
-64.387482
-64.390602
-64.378105
-64.359352
-64.39373
-64.387482
-64.387482
-64.403107
-64.374977
-64.368729
-64.353104
-64.356232
-64.349976
-64.353104
-64.337486
-64.346855
-64.353104
-64.359352
-64.349976
-64.359352
-64.36248
-64.368729
-64.368729
-64.343735
-64.36248
-64.353104
-64.349976
-64.368729
-64.36248
-64.343735
-64.346855
-64.356232
-64.356232
-64.353104
-64.343735
-64.343735
-64.334358
-64.321861
-64.318733
-64.334358
-64.315605
-64.32811
-64.32811
-64.318733
-64.340607
-64.346855
-64.334358
-64.36248
-64.346855
-64.33123
-64.346855
-64.343735
-64.346855
-64.334358
-64.321861
-64.32811
-64.346855
-64.32811
-64.343735
-64.356232
-64.343735
-64.346855
-64.349976
-64.343735
-64.368729
-64.381226
-64.384354
-64.378105
-64.381226
-64.371857
-64.371857
-64.387482
-64.374977
-64.365601
-64.384354
-64.353104
-64.374977
-64.36248
-64.371857
-64.390602
-64.381226
-64.396851
-64.390602
-64.381226
-64.359352
-64.356232
-64.353104
-64.346855
-64.353104
-64.346855
-64.353104
-64.337486
-64.32811
-64.32811
-64.315605
-64.315605
-64.340607
-64.340607
-64.340607
-64.353104
-64.359352
-64.346855
-64.349976
-64.36248
-64.33123
-64.334358
-64.33123
-64.324982
-64.33123
-64.340607
-64.337486
-64.334358
-64.321861
-64.343735
-64.346855
-64.349976
-64.349976
-64.346855
-64.359352
-64.371857
-64.374977
-64.353104
-64.368729
-64.346855
-64.346855
-64.334358
-64.334358
-64.337486
-64.349976
-64.340607
-64.346855
-64.371857
-64.36248
-64.365601
-64.378105
-64.365601
-64.36248
-64.378105
-64.365601
-64.359352
-64.36248
-64.346855
-64.359352
-64.353104
-64.349976
-64.349976
-64.334358
-64.334358
-64.353104
-64.359352
-64.371857
-64.365601
-64.381226
-64.387482
-64.403107
-64.390602
-64.396851
-64.396851
-64.374977
-64.378105
-64.359352
-64.353104
-64.365601
-64.381226
-64.356232
-64.321861
-64.340607
-64.343735
-64.32811
-64.334358
-64.337486
-64.36248
-64.374977
-64.36248
-64.374977
-64.371857
-64.349976
-64.381226
-64.368729
-64.36248
-64.365601
-64.36248
-64.368729
-64.371857
-64.368729
-64.346855
-64.378105
-64.359352
-64.346855
-64.349976
-64.346855
-64.343735
-64.346855
-64.337486
-64.353104
-64.353104
-64.353104
-64.349976
-64.359352
-64.349976
-64.349976
-64.368729
-64.374977
-64.384354
-64.371857
-64.365601
-64.381226
-64.365601
-64.356232
-64.387482
-64.387482
-64.374977
-64.384354
-64.374977
-64.374977
-64.384354
-64.381226
-64.371857
-64.384354
-64.384354
-64.368729
-64.378105
-64.368729
-64.399979
-64.428101
-64.418732
-64.446854
-64.446854
-64.446854
-64.440605
-64.415604
-64.42498
-64.428101
-64.437477
-64.440605
-64.440605
-64.409355
-64.406227
-64.399979
-64.399979
-64.421852
-64.434357
-64.434357
-64.446854
-64.431229
-64.418732
-64.415604
-64.403107
-64.39373
-64.390602
-64.390602
-64.371857
-64.384354
-64.399979
-64.384354
-64.403107
-64.415604
-64.39373
-64.396851
-64.403107
-64.412476
-64.406227
-64.399979
-64.384354
-64.371857
-64.365601
-64.368729
-64.396851
-64.390602
-64.396851
-64.409355
-64.39373
-64.396851
-64.396851
-64.39373
-64.409355
-64.406227
-64.409355
-64.403107
-64.396851
-64.409355
-64.412476
-64.412476
-64.396851
-64.396851
-64.409355
-64.406227
-64.396851
-64.387482
-64.399979
-64.403107
-64.421852
-64.437477
-64.440605
-64.418732
-64.440605
-64.418732
-64.421852
-64.403107
-64.42498
-64.403107
-64.378105
-64.384354
-64.374977
-64.378105
-64.387482
-64.384354
-64.396851
-64.390602
-64.381226
-64.381226
-64.381226
-64.381226
-64.384354
-64.36248
-64.36248
-64.371857
-64.365601
-64.365601
-64.381226
-64.381226
-64.378105
-64.381226
-64.365601
-64.36248
-64.346855
-64.334358
-64.374977
-64.371857
-64.365601
-64.387482
-64.399979
-64.387482
-64.399979
-64.390602
-64.412476
-64.421852
-64.412476
-64.42498
-64.437477
-64.399979
-64.381226
-64.365601
-64.365601
-64.371857
-64.374977
-64.371857
-64.39373
-64.39373
-64.39373
-64.399979
-64.374977
-64.365601
-64.381226
-64.390602
-64.384354
-64.390602
-64.403107
-64.399979
-64.396851
-64.39373
-64.396851
-64.418732
-64.415604
-64.403107
-64.412476
-64.396851
-64.399979
-64.399979
-64.384354
-64.384354
-64.384354
-64.353104
-64.371857
-64.374977
-64.371857
-64.371857
-64.36248
-64.365601
-64.349976
-64.359352
-64.36248
-64.384354
-64.387482
-64.374977
-64.384354
-64.381226
-64.399979
-64.412476
-64.381226
-64.371857
-64.381226
-64.374977
-64.399979
-64.406227
-64.406227
-64.399979
-64.403107
-64.353104
-64.346855
-64.359352
-64.353104
-64.365601
-64.356232
-64.346855
-64.384354
-64.378105
-64.378105
-64.39373
-64.399979
-64.390602
-64.406227
-64.403107
-64.415604
-64.418732
-64.409355
-64.409355
-64.415604
-64.418732
-64.399979
-64.403107
-64.403107
-64.399979
-64.396851
-64.396851
-64.412476
-64.409355
-64.399979
-64.390602
-64.406227
-64.384354
-64.399979
-64.390602
-64.396851
-64.409355
-64.406227
-64.381226
-64.384354
-64.368729
-64.356232
-64.374977
-64.381226
-64.384354
-64.399979
-64.384354
-64.390602
-64.390602
-64.371857
-64.374977
-64.390602
-64.381226
-64.39373
-64.381226
-64.374977
-64.396851
-64.390602
-64.374977
-64.387482
-64.381226
-64.381226
-64.390602
-64.381226
-64.390602
-64.415604
-64.403107
-64.387482
-64.403107
-64.39373
-64.396851
-64.406227
-64.399979
-64.387482
-64.403107
-64.396851
-64.384354
-64.399979
-64.381226
-64.396851
-64.396851
-64.390602
-64.403107
-64.412476
-64.39373
-64.418732
-64.403107
-64.39373
-64.428101
-64.431229
-64.406227
-64.421852
-64.381226
-64.384354
-64.415604
-64.415604
-64.378105
-64.390602
-64.406227
-64.403107
-64.399979
-64.415604
-64.428101
-64.434357
-64.42498
-64.403107
-64.421852
-64.409355
-64.403107
-64.412476
-64.39373
-64.396851
-64.396851
-64.403107
-64.406227
-64.387482
-64.359352
-64.390602
-64.368729
-64.365601
-64.368729
-64.365601
-64.365601
-64.378105
-64.381226
-64.371857
-64.371857
-64.371857
-64.384354
-64.390602
-64.368729
-64.374977
-64.353104
-64.340607
-64.359352
-64.384354
-64.403107
-64.384354
-64.36248
-64.346855
-64.365601
-64.399979
-64.390602
-64.399979
-64.368729
-64.359352
-64.368729
-64.371857
-64.371857
-64.387482
-64.381226
-64.384354
-64.396851
-64.384354
-64.371857
-64.387482
-64.356232
-64.368729
-64.378105
-64.371857
-64.356232
-64.371857
-64.356232
-64.371857
-64.371857
-64.356232
-64.365601
-64.365601
-64.353104
-64.356232
-64.353104
-64.353104
-64.371857
-64.365601
-64.390602
-64.406227
-64.368729
-64.371857
-64.403107
-64.381226
-64.374977
-64.381226
-64.353104
-64.349976
-64.356232
-64.346855
-64.356232
-64.346855
-64.334358
-64.353104
-64.346855
-64.346855
-64.378105
-64.396851
-64.378105
-64.374977
-64.371857
-64.359352
-64.349976
-64.334358
-64.33123
-64.346855
-64.359352
-64.346855
-64.346855
-64.346855
-64.349976
-64.359352
-64.349976
-64.381226
-64.387482
-64.396851
-64.378105
-64.384354
-64.371857
-64.381226
-64.387482
-64.368729
-64.374977
-64.356232
-64.368729
-64.374977
-64.371857
-64.368729
-64.384354
-64.359352
-64.32811
-64.334358
-64.324982
-64.346855
-64.359352
-64.371857
-64.368729
-64.359352
-64.36248
-64.368729
-64.374977
-64.381226
-64.387482
-64.378105
-64.371857
-64.365601
-64.371857
-64.343735
-64.353104
-64.346855
-64.359352
-64.368729
-64.359352
-64.359352
-64.39373
-64.359352
-64.368729
-64.384354
-64.359352
-64.378105
-64.371857
-64.359352
-64.368729
-64.387482
-64.374977
-64.387482
-64.412476
-64.409355
-64.415604
-64.39373
-64.406227
-64.403107
-64.396851
-64.396851
-64.403107
-64.409355
-64.415604
-64.406227
-64.406227
-64.39373
-64.406227
-64.403107
-64.399979
-64.406227
-64.39373
-64.390602
-64.403107
-64.384354
-64.412476
-64.421852
-64.387482
-64.39373
-64.396851
-64.384354
-64.39373
-64.39373
-64.390602
-64.384354
-64.384354
-64.390602
-64.421852
-64.390602
-64.384354
-64.390602
-64.39373
-64.396851
-64.396851
-64.390602
-64.396851
-64.406227
-64.387482
-64.387482
-64.412476
-64.399979
-64.399979
-64.387482
-64.381226
-64.384354
-64.374977
-64.390602
-64.390602
-64.387482
-64.399979
-64.406227
-64.403107
-64.390602
-64.421852
-64.403107
-64.403107
-64.406227
-64.403107
-64.396851
-64.403107
-64.39373
-64.384354
-64.371857
-64.36248
-64.349976
-64.359352
-64.337486
-64.343735
-64.346855
-64.324982
-64.324982
-64.365601
-64.346855
-64.353104
-64.349976
-64.359352
-64.36248
-64.365601
-64.356232
-64.381226
-64.359352
-64.365601
-64.396851
-64.378105
-64.378105
-64.368729
-64.349976
-64.356232
-64.359352
-64.353104
-64.371857
-64.390602
-64.378105
-64.399979
-64.396851
-64.381226
-64.403107
-64.399979
-64.403107
-64.403107
-64.399979
-64.396851
-64.378105
-64.349976
-64.36248
-64.359352
-64.359352
-64.359352
-64.374977
-64.359352
-64.353104
-64.365601
-64.356232
-64.346855
-64.349976
-64.337486
-64.365601
-64.365601
-64.346855
-64.359352
-64.359352
-64.334358
-64.356232
-64.371857
-64.36248
-64.371857
-64.374977
-64.381226
-64.390602
-64.371857
-64.371857
-64.390602
-64.384354
-64.371857
-64.371857
-64.368729
-64.378105
-64.406227
-64.390602
-64.399979
-64.406227
-64.378105
-64.396851
-64.381226
-64.39373
-64.399979
-64.390602
-64.378105
-64.403107
-64.415604
-64.387482
-64.403107
-64.396851
-64.399979
-64.399979
-64.374977
-64.390602
-64.409355
-64.384354
-64.384354
-64.403107
-64.415604
-64.396851
-64.415604
-64.39373
-64.409355
-64.415604
-64.409355
-64.403107
-64.409355
-64.387482
-64.381226
-64.384354
-64.353104
-64.368729
-64.381226
-64.368729
-64.365601
-64.365601
-64.368729
-64.399979
-64.390602
-64.396851
-64.42498
-64.412476
-64.428101
-64.428101
-64.403107
-64.39373
-64.406227
-64.406227
-64.399979
-64.390602
-64.387482
-64.399979
-64.409355
-64.387482
-64.381226
-64.384354
-64.368729
-64.387482
-64.390602
-64.390602
-64.415604
-64.390602
-64.403107
-64.421852
-64.443726
-64.446854
-64.471848
-64.459351
-64.490601
-64.503098
-64.496849
-64.518723
-64.521851
-64.521851
-64.512474
-64.540596
-64.524971
-64.531227
-64.553093
-64.556221
-64.559341
-64.562469
-64.565598
-64.587471
-64.596848
-64.584343
-64.612473
-64.621841
-64.593719
-64.609344
-64.624969
-64.606216
-64.621841
-64.609344
-64.599968
-64.621841
-64.637466
-64.662468
-64.665588
-64.643723
-64.646843
-64.646843
-64.596848
-64.618721
-64.634346
-64.634346
-64.649963
-64.646843
-64.646843
-64.643723
-64.65934
-64.665588
-64.668716
-64.665588
-64.65934
-64.69059
-64.671837
-64.684341
-64.687462
-64.681213
-64.674965
-64.674965
-64.665588
-64.671837
-64.709343
-64.687462
-64.696838
-64.72184
-64.709343
-64.724968
-64.724968
-64.734337
-64.746834
-64.759331
-64.768707
-64.790581
-64.784332
-64.765587
-64.774956
-64.774956
-64.771835
-64.774956
-64.774956
-64.774956
-64.771835
-64.784332
-64.774956
-64.778084
-64.75621
-64.75621
-64.771835
-64.781212
-64.799957
-64.81871
-64.803085
-64.81871
-64.821831
-64.824959
-64.846832
-64.846832
-64.846832
-64.871826
-64.868706
-64.862457
-64.856201
-64.871826
-64.859329
-64.878082
-64.865578
-64.859329
-64.896828
-64.887451
-64.881203
-64.874954
-64.849953
-64.859329
-64.874954
-64.871826
-64.865578
-64.896828
-64.915581
-64.931206
-64.934326
-64.931206
-64.943703
-64.946823
-64.943703
-64.949951
-64.962448
-64.943703
-64.965576
-64.9562
-64.946823
-64.946823
-64.943703
-64.968697
-64.974953
-64.965576
-64.953072
-64.959328
-64.968697
-64.959328
-64.959328
-64.934326
-64.943703
-64.946823
-64.949951
-64.946823
-64.965576
-64.971825
-64.984322
-64.981201
-64.984322
-64.999947
-64.981201
-64.971825
-64.98745
-64.990578
-64.978073
-64.990578
-64.984322
-64.981201
-64.98745
-64.984322
-64.978073
-65.003075
-64.996826
-65.012451
-65.028076
-65.024948
-65.009323
-65.012451
-65.037453
-65.046822
-65.05307
-65.043701
-65.046822
-65.046822
-65.05307
-65.062447
-65.074944
-65.074944
-65.068695
-65.068695
-65.05307
-65.062447
-65.05307
-65.046822
-65.046822
-65.046822
-65.05307
-65.071823
-65.046822
-65.071823
-65.090569
-65.078072
-65.071823
-65.08432
-65.056198
-65.074944
-65.093697
-65.103073
-65.109322
-65.096817
-65.093697
-65.096817
-65.106194
-65.143692
-65.159317
-65.140572
-65.156189
-65.18119
-65.18119
-65.187439
-65.199944
-65.171814
-65.190567
-65.178062
-65.143692
-65.146812
-65.156189
-65.137444
-65.165565
-65.168694
-65.143692
-65.159317
-65.159317
-65.146812
-65.178062
-65.193687
-65.168694
-65.184319
-65.184319
-65.184319
-65.206192
-65.193687
-65.196815
-65.196815
-65.187439
-65.196815
-65.209312
-65.187439
-65.206192
-65.21244
-65.221817
-65.228065
-65.24369
-65.228065
-65.24369
-65.246819
-65.228065
-65.246819
-65.228065
-65.240562
-65.240562
-65.221817
-65.218689
-65.246819
-65.234314
-65.231194
-65.24369
-65.240562
-65.237442
-65.253059
-65.259308
-65.265556
-65.271812
-65.262436
-65.271812
-65.296806
-65.287437
-65.287437
-65.296806
-65.271812
-65.265556
-65.265556
-65.253059
-65.284309
-65.278061
-65.268684
-65.271812
-65.287437
-65.296806
-65.299934
-65.309311
-65.315559
-65.346802
-65.321808
-65.315559
-65.324936
-65.318687
-65.340561
-65.356178
-65.34993
-65.368683
-65.38118
-65.356178
-65.359306
-65.362427
-65.34993
-65.371803
-65.359306
-65.331184
-65.346802
-65.353058
-65.346802
-65.340561
-65.331184
-65.343681
-65.346802
-65.346802
-65.346802
-65.368683
-65.362427
-65.359306
-65.371803
-65.362427
-65.390556
-65.396805
-65.390556
-65.403053
-65.418678
-65.403053
-65.421806
-65.406181
-65.396805
-65.396805
-65.409302
-65.409302
-65.415558
-65.421806
-65.421806
-65.431183
-65.424927
-65.428055
-65.44368
-65.421806
-65.424927
-65.462425
-65.453049
-65.453049
-65.465553
-65.459297
-65.474922
-65.468674
-65.462425
-65.47805
-65.471802
-65.490547
-65.471802
-65.484299
-65.456177
-65.481178
-65.474922
-65.481178
-65.493675
-65.496803
-65.490547
-65.496803
-65.496803
-65.490547
-65.462425
-65.47805
-65.487427
-65.496803
-65.515549
-65.5093
-65.515549
-65.496803
-65.503052
-65.5093
-65.515549
-65.518677
-65.524925
-65.503052
-65.518677
-65.506172
-65.493675
-65.490547
-65.503052
-65.515549
-65.528053
-65.531174
-65.518677
-65.543678
-65.553047
-65.54055
-65.556168
-65.553047
-65.543678
-65.562424
-65.556168
-65.546799
-65.549919
-65.559296
-65.590546
-65.581169
-65.553047
-65.546799
-65.546799
-65.546799
-65.553047
-65.565544
-65.546799
-65.581169
-65.590546
-65.603043
-65.609299
-65.631172
-65.640549
-65.646797
-65.646797
-65.624924
-65.634293
-65.631172
-65.615547
-65.646797
-65.609299
-65.624924
-65.628044
-65.612419
-65.621796
-65.628044
-65.640549
-65.637421
-65.653038
-65.640549
-65.659294
-65.671791
-65.671791
-65.681168
-65.690544
-65.668663
-65.662415
-65.631172
-65.646797
-65.649918
-65.649918
-65.628044
-65.631172
-65.640549
-65.649918
-65.668663
-65.649918
-65.659294
-65.674919
-65.67804
-65.681168
-65.668663
-65.67804
-65.696793
-65.703041
-65.703041
-65.721794
-65.712418
-65.703041
-65.706169
-65.696793
-65.681168
-65.699913
-65.718666
-65.721794
-65.731163
-65.724915
-65.715538
-65.728043
-65.699913
-65.703041
-65.721794
-65.718666
-65.724915
-65.724915
-65.728043
-65.718666
-65.712418
-65.715538
-65.721794
-65.724915
-65.70929
-65.743668
-65.746788
-65.734291
-65.746788
-65.746788
-65.756157
-65.746788
-65.753036
-65.737419
-65.756157
-65.734291
-65.728043
-65.746788
-65.756157
-65.759285
-65.759285
-65.771782
-65.771782
-65.796783
-65.768661
-65.771782
-65.77491
-65.77491
-65.784286
-65.787407
-65.790535
-65.796783
-65.796783
-65.809288
-65.799911
-65.815536
-65.809288
-65.796783
-65.809288
-65.803032
-65.803032
-65.784286
-65.781158
-65.793663
-65.778038
-65.787407
-65.809288
-65.818657
-65.796783
-65.809288
-65.80616
-65.815536
-65.815536
-65.80616
-65.803032
-65.80616
-65.809288
-65.815536
-65.799911
-65.803032
-65.812408
-65.80616
-65.793663
-65.793663
-65.796783
-65.796783
-65.799911
-65.796783
-65.809288
-65.818657
-65.831161
-65.821785
-65.815536
-65.821785
-65.846786
-65.843658
-65.834282
-65.843658
-65.849907
-65.818657
-65.834282
-65.824913
-65.80616
-65.846786
-65.849907
-65.846786
-65.859283
-65.890533
-65.881157
-65.893654
-65.881157
-65.874908
-65.868652
-65.859283
-65.862404
-65.887405
-65.893654
-65.890533
-65.890533
-65.87178
-65.887405
-65.890533
-65.859283
-65.87178
-65.878029
-65.862404
-65.887405
-65.893654
-65.893654
-65.909279
-65.899902
-65.893654
-65.896782
-65.899902
-65.893654
-65.896782
-65.906158
-65.896782
-65.928032
-65.921783
-65.918655
-65.946777
-65.924904
-65.940529
-65.956154
-65.940529
-65.940529
-65.953026
-65.915527
-65.909279
-65.940529
-65.918655
-65.921783
-65.946777
-65.93428
-65.937408
-65.946777
-65.940529
-65.946777
-65.949898
-65.943657
-65.971779
-65.949898
-65.956154
-65.953026
-65.93428
-65.946777
-65.937408
-65.943657
-65.946777
-65.971779
-65.953026
-65.946777
-65.953026
-65.946777
-65.971779
-65.978027
-65.968651
-65.974899
-65.971779
-65.974899
-65.984276
-66.009277
-66.006149
-65.996773
-66.009277
-66.006149
-66.012398
-65.981148
-65.971779
-65.984276
-65.984276
-65.981148
-65.984276
-65.984276
-65.993652
-65.999901
-65.981148
-65.984276
-65.984276
-65.971779
-65.981148
-65.996773
-65.996773
-66.003029
-66.015526
-65.993652
-65.996773
-65.990524
-65.971779
-65.993652
-65.987404
-65.978027
-65.974899
-65.981148
-65.993652
-65.996773
-66.003029
-66.012398
-66.028023
-66.034279
-66.031151
-66.034279
-66.034279
-66.037399
-66.018654
-66.018654
-66.034279
-66.024902
-66.003029
-66.021774
-66.034279
-66.037399
-66.040527
-66.031151
-66.034279
-66.043648
-66.037399
-66.046776
-66.046776
-66.053024
-66.037399
-66.037399
-66.037399
-66.034279
-66.043648
-66.037399
-66.040527
-66.040527
-66.040527
-66.037399
-66.028023
-66.015526
-66.015526
-66.012398
-66.012398
-66.021774
-66.028023
-66.031151
-66.028023
-66.028023
-66.028023
-66.040527
-66.043648
-66.049896
-66.068649
-66.068649
-66.062393
-66.046776
-66.046776
-66.049896
-66.059273
-66.059273
-66.059273
-66.059273
-66.037399
-66.024902
-66.040527
-66.021774
-66.037399
-66.046776
-66.046776
-66.078018
-66.074898
-66.065521
-66.056145
-66.053024
-66.056145
-66.07177
-66.07177
-66.065521
-66.078018
-66.068649
-66.07177
-66.078018
-66.078018
-66.081146
-66.096771
-66.112396
-66.118645
-66.128021
-66.115524
-66.118645
-66.112396
-66.10302
-66.096771
-66.112396
-66.096771
-66.10302
-66.118645
-66.090523
-66.096771
-66.106148
-66.099899
-66.121773
-66.121773
-66.121773
-66.124893
-66.112396
-66.128021
-66.128021
-66.106148
-66.099899
-66.109268
-66.096771
-66.096771
-66.112396
-66.109268
-66.118645
-66.140518
-66.128021
-66.128021
-66.121773
-66.131149
-66.13427
-66.137398
-66.131149
-66.137398
-66.146767
-66.131149
-66.146767
-66.128021
-66.121773
-66.137398
-66.137398
-66.13427
-66.143646
-66.124893
-66.143646
-66.140518
-66.124893
-66.146767
-66.174889
-66.156143
-66.156143
-66.171768
-66.146767
-66.140518
-66.153015
-66.156143
-66.171768
-66.190514
-66.184265
-66.215515
-66.19677
-66.190514
-66.19677
-66.16552
-66.16864
-66.159264
-66.146767
-66.153015
-66.187393
-66.156143
-66.153015
-66.16552
-66.16552
-66.187393
-66.193642
-66.181145
-66.171768
-66.174889
-66.159264
-66.171768
-66.16552
-66.156143
-66.146767
-66.156143
-66.153015
-66.146767
-66.153015
-66.137398
-66.16864
-66.181145
-66.16552
-66.193642
-66.203018
-66.193642
-66.171768
-66.159264
-66.171768
-66.174889
-66.16864
-66.153015
-66.174889
-66.146767
-66.146767
-66.178017
-66.16864
-66.178017
-66.190514
-66.16552
-66.159264
-66.178017
-66.153015
-66.181145
-66.171768
-66.171768
-66.187393
-66.184265
-66.19989
-66.212395
-66.203018
-66.190514
-66.19677
-66.181145
-66.184265
-66.184265
-66.184265
-66.181145
-66.184265
-66.16552
-66.178017
-66.178017
-66.16552
-66.178017
-66.187393
-66.171768
-66.178017
-66.19677
-66.209267
-66.206139
-66.203018
-66.193642
-66.174889
-66.16552
-66.171768
-66.181145
-66.178017
-66.181145
-66.171768
-66.187393
-66.181145
-66.174889
-66.184265
-66.156143
-66.190514
-66.16864
-66.171768
-66.181145
-66.174889
-66.19989
-66.190514
-66.181145
-66.187393
-66.19989
-66.178017
-66.193642
-66.206139
-66.184265
-66.19677
-66.181145
-66.190514
-66.178017
-66.162392
-66.171768
-66.190514
-66.171768
-66.171768
-66.181145
-66.181145
-66.178017
-66.174889
-66.156143
-66.153015
-66.159264
-66.16864
-66.187393
-66.19989
-66.19677
-66.209267
-66.224892
-66.218643
-66.215515
-66.209267
-66.206139
-66.212395
-66.193642
-66.174889
-66.181145
-66.171768
-66.203018
-66.209267
-66.215515
-66.19677
-66.22802
-66.203018
-66.19677
-66.19677
-66.193642
-66.221764
-66.221764
-66.218643
-66.215515
-66.234268
-66.218643
-66.221764
-66.224892
-66.218643
-66.237389
-66.237389
-66.218643
-66.23114
-66.215515
-66.23114
-66.246765
-66.224892
-66.212395
-66.23114
-66.212395
-66.218643
-66.218643
-66.193642
-66.221764
-66.218643
-66.218643
-66.206139
-66.224892
-66.218643
-66.221764
-66.221764
-66.234268
-66.249886
-66.253014
-66.259262
-66.256134
-66.22802
-66.203018
-66.19989
-66.178017
-66.156143
-66.162392
-66.146767
-66.131149
-66.121773
-66.106148
-66.121773
-66.146767
-66.131149
-66.118645
-66.112396
-66.087395
-66.096771
-66.068649
-66.056145
-66.074898
-66.065521
-66.068649
-66.074898
-66.053024
-66.043648
-66.046776
-66.053024
-66.043648
-66.049896
-66.034279
-66.021774
-66.024902
-66.031151
-66.012398
-66.018654
-66.028023
-66.028023
-66.034279
-66.021774
-66.012398
-66.003029
-65.978027
-65.965523
-65.965523
-65.946777
-65.953026
-65.946777
-65.924904
-65.949898
-65.943657
-65.943657
-65.953026
-65.93428
-65.924904
-65.93428
-65.924904
-65.928032
-65.943657
-65.912407
-65.909279
-65.924904
-65.890533
-65.899902
-65.884277
-65.874908
-65.881157
-65.893654
-65.890533
-65.90303
-65.924904
-65.896782
-65.896782
-65.906158
-65.896782
-65.912407
-65.918655
-65.896782
-65.896782
-65.896782
-65.853027
-65.862404
-65.846786
-65.846786
-65.846786
-65.831161
-65.849907
-65.846786
-65.831161
-65.834282
-65.821785
-65.812408
-65.809288
-65.824913
-65.799911
-65.815536
-65.809288
-65.799911
-65.790535
-65.790535
-65.765533
-65.77491
-65.771782
-65.77491
-65.784286
-65.759285
-65.759285
-65.737419
-65.724915
-65.746788
-65.753036
-65.743668
-65.74054
-65.746788
-65.731163
-65.728043
-65.70929
-65.693665
-65.703041
-65.693665
-65.693665
-65.699913
-65.687416
-65.690544
-65.706169
-65.699913
-65.693665
-65.696793
-65.690544
-65.684288
-65.699913
-65.690544
-65.690544
-65.706169
-65.684288
-65.696793
-65.696793
-65.653038
-65.671791
-65.681168
-65.67804
-65.674919
-65.665543
-65.656166
-65.671791
-65.668663
-65.665543
-65.674919
-65.668663
-65.653038
-65.662415
-65.646797
-65.643669
-65.643669
-65.624924
-65.606171
-65.618668
-65.606171
-65.615547
-65.628044
-65.612419
-65.612419
-65.637421
-65.618668
-65.609299
-65.628044
-65.621796
-65.615547
-65.618668
-65.618668
-65.637421
-65.628044
-65.615547
-65.612419
-65.596794
-65.590546
-65.609299
-65.609299
-65.603043
-65.596794
-65.587418
-65.568672
-65.596794
-65.568672
-65.556168
-65.565544
-65.559296
-65.546799
-65.546799
-65.537422
-65.546799
-65.546799
-65.531174
-65.521797
-65.512428
-65.518677
-65.528053
-65.528053
-65.524925
-65.543678
-65.546799
-65.528053
-65.543678
-65.54055
-65.506172
-65.531174
-65.524925
-65.528053
-65.54055
-65.546799
-65.546799
-65.537422
-65.524925
-65.503052
-65.521797
-65.499924
-65.503052
-65.496803
-65.471802
-65.471802
-65.474922
-65.465553
-65.471802
-65.468674
-65.456177
-65.468674
-65.47805
-65.474922
-65.468674
-65.471802
-65.459297
-65.468674
-65.47805
-65.471802
-65.481178
-65.468674
-65.471802
-65.47805
-65.449928
-65.434303
-65.44368
-65.446808
-65.44368
-65.459297
-65.440552
-65.431183
-65.440552
-65.431183
-65.415558
-65.440552
-65.431183
-65.41243
-65.415558
-65.396805
-65.428055
-65.424927
-65.403053
-65.418678
-65.390556
-65.384308
-65.38118
-65.38118
-65.399933
-65.41243
-65.406181
-65.403053
-65.406181
-65.396805
-65.396805
-65.374931
-65.38118
-65.374931
-65.384308
-65.362427
-65.384308
-65.38118
-65.393677
-65.396805
-65.387428
-65.362427
-65.396805
-65.384308
-65.362427
-65.374931
-65.371803
-65.362427
-65.353058
-65.340561
-65.315559
-65.315559
-65.312431
-65.299934
-65.296806
-65.296806
-65.318687
-65.315559
-65.328056
-65.318687
-65.343681
-65.340561
-65.337433
-65.331184
-65.315559
-65.331184
-65.318687
-65.315559
-65.321808
-65.331184
-65.328056
-65.337433
-65.315559
-65.296806
-65.309311
-65.296806
-65.290558
-65.303062
-65.290558
-65.296806
-65.309311
-65.278061
-65.284309
-65.309311
-65.268684
-65.268684
-65.296806
-65.268684
-65.268684
-65.265556
-65.265556
-65.268684
-65.265556
-65.265556
-65.296806
-65.296806
-65.296806
-65.306183
-65.296806
-65.293686
-65.296806
-65.256187
-65.265556
-65.293686
-65.296806
-65.299934
-65.296806
-65.293686
-65.274933
-65.296806
-65.284309
-65.274933
-65.284309
-65.253059
-65.259308
-65.262436
-65.259308
-65.278061
-65.262436
-65.246819
-65.24369
-65.246819
-65.256187
-65.253059
-65.256187
-65.246819
-65.262436
-65.231194
-65.234314
-65.24369
-65.221817
-65.231194
-65.224937
-65.203064
-65.209312
-65.21244
-65.209312
-65.21244
-65.203064
-65.171814
-65.187439
-65.187439
-65.184319
-65.184319
-65.165565
-65.162437
-65.190567
-65.168694
-65.168694
-65.184319
-65.187439
-65.184319
-65.196815
-65.187439
-65.190567
-65.209312
-65.196815
-65.190567
-65.171814
-65.159317
-65.159317
-65.159317
-65.143692
-65.14994
-65.146812
-65.134323
-65.146812
-65.156189
-65.140572
-65.143692
-65.140572
-65.146812
-65.153069
-65.153069
-65.131195
-65.153069
-65.140572
-65.165565
-65.187439
-65.178062
-65.168694
-65.168694
-65.159317
-65.146812
-65.165565
-65.153069
-65.159317
-65.14994
-65.143692
-65.153069
-65.146812
-65.143692
-65.14994
-65.146812
-65.156189
-65.146812
-65.131195
-65.121819
-65.121819
-65.137444
-65.146812
-65.143692
-65.143692
-65.121819
-65.128067
-65.128067
-65.140572
-65.146812
-65.140572
-65.121819
-65.124947
-65.131195
-65.128067
-65.134323
-65.124947
-65.134323
-65.131195
-65.121819
-65.121819
-65.099945
-65.106194
-65.112442
-65.103073
-65.096817
-65.106194
-65.093697
-65.08432
-65.096817
-65.096817
-65.11557
-65.103073
-65.093697
-65.093697
-65.087448
-65.071823
-65.081192
-65.096817
-65.096817
-65.090569
-65.11557
-65.096817
-65.093697
-65.074944
-65.059319
-65.078072
-65.065567
-65.062447
-65.071823
-65.074944
-65.068695
-65.08432
-65.078072
-65.081192
-65.103073
-65.078072
-65.08432
-65.087448
-65.078072
-65.074944
-65.068695
-65.065567
-65.059319
-65.068695
-65.065567
-65.068695
-65.056198
-65.05307
-65.059319
-65.05307
-65.046822
-65.056198
-65.05307
-65.031197
-65.046822
-65.046822
-65.040573
-65.049942
-65.049942
-65.049942
-65.046822
-65.031197
-65.046822
-65.068695
-65.046822
-65.028076
-65.043701
-65.037453
-65.040573
-65.049942
-65.040573
-65.046822
-65.037453
-65.040573
-65.040573
-65.037453
-65.012451
-65.028076
-65.021828
-65.024948
-65.040573
-65.040573
-65.003075
-65.024948
-65.009323
-65.012451
-65.040573
-65.043701
-65.031197
-65.037453
-64.999947
-64.984322
-65.003075
-64.968697
-64.978073
-64.990578
-64.984322
-64.981201
-64.978073
-64.974953
-64.990578
-64.996826
-64.981201
-64.996826
-64.978073
-64.968697
-64.990578
-64.999947
-64.971825
-64.999947
-64.981201
-64.959328
-64.971825
-64.971825
-64.974953
-64.984322
-64.965576
-64.946823
-64.962448
-64.965576
-64.965576
-64.996826
-64.990578
-64.98745
-64.98745
-64.971825
-64.993698
-64.965576
-64.962448
-64.965576
-64.971825
-64.971825
-64.965576
-64.978073
-64.984322
-64.981201
-64.971825
-64.953072
-64.946823
-64.959328
-64.971825
-64.990578
-64.968697
-64.968697
-64.98745
-64.965576
-64.971825
-64.978073
-64.962448
-64.965576
-64.965576
-64.949951
-64.943703
-64.962448
-64.962448
-64.965576
-64.974953
-64.946823
-64.959328
-64.962448
-64.959328
-64.946823
-64.946823
-64.953072
-64.965576
-64.946823
-64.9562
-64.940582
-64.943703
-64.934326
-64.943703
-64.934326
-64.934326
-64.9562
-64.940582
-64.946823
-64.946823
-64.959328
-64.949951
-64.949951
-64.946823
-64.940582
-64.928078
-64.924957
-64.934326
-64.931206
-64.915581
-64.931206
-64.899956
-64.906204
-64.906204
-64.915581
-64.906204
-64.912453
-64.921829
-64.918701
-64.909332
-64.890579
-64.899956
-64.915581
-64.931206
-64.921829
-64.921829
-64.909332
-64.903076
-64.912453
-64.912453
-64.934326
-64.924957
-64.915581
-64.915581
-64.899956
-64.928078
-64.943703
-64.937454
-64.931206
-64.946823
-64.921829
-64.915581
-64.915581
-64.903076
-64.915581
-64.906204
-64.890579
-64.881203
-64.896828
-64.871826
-64.878082
-64.890579
-64.859329
-64.893707
-64.874954
-64.884331
-64.893707
-64.896828
-64.884331
-64.893707
-64.896828
-64.906204
-64.915581
-64.896828
-64.903076
-64.896828
-64.896828
-64.906204
-64.912453
-64.909332
-64.931206
-64.937454
-64.906204
-64.918701
-64.918701
-64.893707
-64.881203
-64.874954
-64.881203
-64.846832
-64.846832
-64.856201
-64.871826
-64.868706
-64.874954
-64.874954
-64.881203
-64.868706
-64.884331
-64.862457
-64.874954
-64.868706
-64.849953
-64.843712
-64.840584
-64.837456
-64.840584
-64.853081
-64.846832
-64.834335
-64.828087
-64.837456
-64.846832
-64.824959
-64.821831
-64.837456
-64.843712
-64.824959
-64.846832
-64.821831
-64.824959
-64.843712
-64.824959
-64.824959
-64.846832
-64.846832
-64.846832
-64.868706
-64.846832
-64.846832
-64.846832
-64.843712
-64.831207
-64.824959
-64.81871
-64.815582
-64.828087
-64.809334
-64.812462
-64.796837
-64.796837
-64.796837
-64.81871
-64.796837
-64.790581
-64.774956
-64.784332
-64.803085
-64.771835
-64.796837
-64.796837
-64.781212
-64.793709
-64.793709
-64.793709
-64.784332
-64.793709
-64.768707
-64.781212
-64.796837
-64.768707
-64.768707
-64.771835
-64.753082
-64.765587
-64.765587
-64.75621
-64.765587
-64.749962
-64.753082
-64.778084
-64.78746
-64.778084
-64.778084
-64.771835
-64.759331
-64.784332
-64.790581
-64.771835
-64.784332
-64.778084
-64.790581
-64.790581
-64.781212
-64.790581
-64.78746
-64.740593
-64.759331
-64.762459
-64.746834
-64.762459
-64.762459
-64.746834
-64.768707
-64.759331
-64.75621
-64.746834
-64.753082
-64.740593
-64.746834
-64.746834
-64.746834
-64.746834
-64.72184
-64.709343
-64.734337
-64.743713
-64.737465
-64.75621
-64.743713
-64.746834
-64.737465
-64.724968
-64.731216
-64.749962
-64.746834
-64.746834
-64.728088
-64.740593
-64.740593
-64.72184
-64.740593
-64.753082
-64.746834
-64.728088
-64.740593
-64.740593
-64.737465
-64.731216
-64.709343
-64.706215
-64.715591
-64.696838
-64.696838
-64.72184
-64.706215
-64.72184
-64.712463
-64.696838
-64.696838
-64.696838
-64.665588
-64.696838
-64.687462
-64.687462
-64.718712
-64.696838
-64.678093
-64.696838
-64.678093
-64.703087
-64.699966
-64.684341
-64.674965
-64.681213
-64.665588
-64.653091
-64.65934
-64.681213
-64.662468
-64.674965
-64.65934
-64.662468
-64.662468
-64.634346
-64.634346
-64.624969
-64.612473
-64.615593
-64.628098
-64.634346
-64.640594
-64.631218
-64.624969
-64.646843
-64.646843
-64.631218
-64.634346
-64.621841
-64.599968
-64.628098
-64.596848
-64.596848
-64.596848
-64.584343
-64.587471
-64.596848
-64.599968
-64.603096
-64.599968
-64.609344
-64.624969
-64.606216
-64.593719
-64.596848
-64.606216
-64.587471
-64.596848
-64.599968
-64.590591
-64.603096
-64.568718
-64.559341
-64.571846
-64.571846
-64.587471
-64.578094
-64.574966
-64.562469
-64.574966
-64.562469
-64.571846
-64.571846
-64.571846
-64.556221
-64.584343
-64.565598
-64.553093
-64.562469
-64.546844
-64.553093
-64.553093
-64.556221
-64.562469
-64.578094
-64.553093
-64.559341
-64.537476
-64.546844
-64.556221
-64.534348
-64.537476
-64.543724
-64.524971
-64.553093
-64.556221
-64.534348
-64.546844
-64.578094
-64.546844
-64.549973
-64.546844
-64.531227
-64.546844
-64.559341
-64.546844
-64.546844
-64.528099
-64.512474
-64.509346
-64.515602
-64.534348
-64.549973
-64.549973
-64.549973
-64.543724
-64.528099
-64.543724
-64.537476
-64.518723
-64.521851
-64.531227
-64.512474
-64.534348
-64.531227
-64.509346
-64.509346
-64.521851
-64.524971
-64.534348
-64.546844
-64.537476
-64.553093
-64.540596
-64.509346
-64.521851
-64.534348
-64.531227
-64.534348
-64.521851
-64.537476
-64.546844
-64.512474
-64.515602
-64.518723
-64.524971
-64.549973
-64.540596
-64.521851
-64.515602
-64.524971
-64.509346
-64.496849
-64.496849
-64.493721
-64.512474
-64.503098
-64.487473
-64.484352
-64.493721
-64.496849
-64.503098
-64.496849
-64.496849
-64.499977
-64.506226
-64.496849
-64.512474
-64.496849
-64.496849
-64.512474
-64.487473
-64.490601
-64.484352
-64.471848
-64.468727
-64.465599
-64.456223
-64.456223
-64.468727
-64.453102
-64.449974
-64.453102
-64.453102
-64.474976
-64.453102
-64.449974
-64.471848
-64.481224
-64.487473
-64.496849
-64.487473
-64.496849
-64.471848
-64.459351
-64.459351
-64.449974
-64.456223
-64.456223
-64.459351
-64.449974
-64.449974
-64.468727
-64.471848
-64.493721
-64.496849
-64.490601
-64.487473
-64.481224
-64.462471
-64.465599
-64.471848
-64.462471
-64.478096
-64.462471
-64.456223
-64.487473
-64.453102
-64.446854
-64.446854
-64.446854
-64.440605
-64.440605
-64.431229
-64.421852
-64.428101
-64.403107
-64.409355
-64.399979
-64.403107
-64.428101
-64.437477
-64.42498
-64.431229
-64.42498
-64.418732
-64.428101
-64.434357
-64.406227
-64.431229
-64.428101
-64.418732
-64.443726
-64.446854
-64.434357
-64.440605
-64.431229
-64.428101
-64.428101
-64.403107
-64.418732
-64.437477
-64.440605
-64.456223
-64.465599
-64.468727
-64.465599
-64.456223
-64.421852
-64.431229
-64.446854
-64.437477
-64.459351
-64.440605
-64.434357
-64.440605
-64.446854
-64.443726
-64.453102
-64.446854
-64.446854
-64.434357
-64.431229
-64.434357
-64.434357
-64.412476
-64.406227
-64.421852
-64.406227
-64.412476
-64.421852
-64.415604
-64.42498
-64.434357
-64.403107
-64.418732
-64.406227
-64.396851
-64.415604
-64.387482
-64.403107
-64.415604
-64.42498
-64.412476
-64.399979
-64.396851
-64.406227
-64.415604
-64.399979
-64.381226
-64.396851
-64.353104
-64.368729
-64.390602
-64.378105
-64.378105
-64.378105
-64.378105
-64.406227
-64.39373
-64.390602
-64.396851
-64.378105
-64.396851
-64.415604
-64.409355
-64.387482
-64.399979
-64.374977
-64.353104
-64.365601
-64.36248
-64.346855
-64.353104
-64.356232
-64.353104
-64.353104
-64.349976
-64.346855
-64.353104
-64.346855
-64.349976
-64.353104
-64.346855
-64.337486
-64.337486
-64.334358
-64.337486
-64.33123
-64.346855
-64.378105
-64.371857
-64.371857
-64.368729
-64.368729
-64.371857
-64.384354
-64.378105
-64.381226
-64.390602
-64.356232
-64.374977
-64.381226
-64.371857
-64.368729
-64.359352
-64.353104
-64.349976
-64.346855
-64.33123
-64.36248
-64.371857
-64.349976
-64.353104
-64.353104
-64.340607
-64.374977
-64.378105
-64.378105
-64.384354
-64.368729
-64.368729
-64.365601
-64.340607
-64.32811
-64.33123
-64.33123
-64.337486
-64.340607
-64.33123
-64.346855
-64.346855
-64.340607
-64.340607
-64.346855
-64.343735
-64.349976
-64.334358
-64.337486
-64.359352
-64.371857
-64.359352
-64.36248
-64.371857
-64.346855
-64.36248
-64.334358
-64.32811
-64.337486
-64.343735
-64.334358
-64.353104
-64.343735
-64.346855
-64.353104
-64.32811
-64.349976
-64.359352
-64.353104
-64.356232
-64.353104
-64.343735
-64.346855
-64.32811
-64.321861
-64.346855
-64.359352
-64.368729
-64.387482
-64.39373
-64.39373
-64.384354
-64.356232
-64.356232
-64.365601
-64.346855
-64.337486
-64.346855
-64.32811
-64.346855
-64.340607
-64.343735
-64.371857
-64.365601
-64.346855
-64.32811
-64.33123
-64.324982
-64.315605
-64.337486
-64.318733
-64.334358
-64.32811
-64.318733
-64.343735
-64.337486
-64.346855
-64.343735
-64.346855
-64.349976
-64.356232
-64.346855
-64.353104
-64.371857
-64.340607
-64.312485
-64.309357
-64.29686
-64.324982
-64.337486
-64.346855
-64.349976
-64.32811
-64.318733
-64.33123
-64.321861
-64.340607
-64.349976
-64.346855
-64.346855
-64.33123
-64.346855
-64.346855
-64.343735
-64.334358
-64.334358
-64.340607
-64.334358
-64.33123
-64.337486
-64.33123
-64.32811
-64.356232
-64.346855
-64.365601
-64.381226
-64.368729
-64.353104
-64.371857
-64.381226
-64.396851
-64.378105
-64.374977
-64.396851
-64.390602
-64.39373
-64.390602
-64.390602
-64.396851
-64.415604
-64.406227
-64.384354
-64.374977
-64.365601
-64.365601
-64.368729
-64.349976
-64.378105
-64.365601
-64.36248
-64.371857
-64.371857
-64.368729
-64.365601
-64.365601
-64.346855
-64.359352
-64.346855
-64.343735
-64.359352
-64.36248
-64.356232
-64.36248
-64.346855
-64.374977
-64.390602
-64.39373
-64.384354
-64.387482
-64.371857
-64.365601
-64.387482
-64.368729
-64.365601
-64.36248
-64.346855
-64.353104
-64.346855
-64.343735
-64.346855
-64.346855
-64.340607
-64.349976
-64.346855
-64.346855
-64.365601
-64.359352
-64.356232
-64.365601
-64.346855
-64.349976
-64.337486
-64.315605
-64.337486
-64.346855
-64.324982
-64.337486
-64.340607
-64.32811
-64.346855
-64.346855
-64.340607
-64.353104
-64.368729
-64.365601
-64.356232
-64.368729
-64.356232
-64.359352
-64.368729
-64.353104
-64.346855
-64.346855
-64.346855
-64.356232
-64.368729
-64.36248
-64.378105
-64.353104
-64.371857
-64.349976
-64.346855
-64.346855
-64.384354
-64.384354
-64.368729
-64.371857
-64.359352
-64.371857
-64.368729
-64.346855
-64.346855
-64.346855
-64.334358
-64.365601
-64.346855
-64.353104
-64.359352
-64.36248
-64.36248
-64.381226
-64.365601
-64.378105
-64.39373
-64.378105
-64.378105
-64.384354
-64.371857
-64.36248
-64.365601
-64.346855
-64.349976
-64.32811
-64.340607
-64.33123
-64.334358
-64.32811
-64.32811
-64.324982
-64.309357
-64.346855
-64.321861
-64.33123
-64.337486
-64.318733
-64.318733
-64.33123
-64.32811
-64.321861
-64.337486
-64.32811
-64.340607
-64.359352
-64.324982
-64.32811
-64.349976
-64.337486
-64.340607
-64.343735
-64.32811
-64.334358
-64.346855
-64.343735
-64.33123
-64.337486
-64.337486
-64.324982
-64.334358
-64.321861
-64.340607
-64.337486
-64.337486
-64.334358
-64.343735
-64.324982
-64.346855
-64.334358
-64.346855
-64.337486
-64.343735
-64.343735
-64.343735
-64.321861
-64.324982
-64.346855
-64.324982
-64.340607
-64.340607
-64.337486
-64.346855
-64.353104
-64.349976
-64.384354
-64.371857
-64.356232
-64.353104
-64.378105
-64.359352
-64.378105
-64.368729
-64.353104
-64.359352
-64.353104
-64.368729
-64.346855
-64.346855
-64.36248
-64.374977
-64.343735
-64.334358
-64.346855
-64.343735
-64.353104
-64.349976
-64.340607
-64.340607
-64.349976
-64.356232
-64.368729
-64.353104
-64.356232
-64.353104
-64.36248
-64.365601
-64.371857
-64.353104
-64.359352
-64.374977
-64.368729
-64.371857
-64.371857
-64.365601
-64.378105
-64.396851
-64.387482
-64.403107
-64.387482
-64.396851
-64.406227
-64.418732
-64.409355
-64.421852
-64.409355
-64.390602
-64.396851
-64.409355
-64.403107
-64.39373
-64.374977
-64.39373
-64.409355
-64.396851
-64.396851
-64.403107
-64.39373
-64.409355
-64.418732
-64.396851
-64.406227
-64.396851
-64.387482
-64.39373
-64.384354
-64.368729
-64.378105
-64.365601
-64.36248
-64.36248
-64.368729
-64.374977
-64.384354
-64.349976
-64.346855
-64.371857
-64.374977
-64.378105
-64.374977
-64.365601
-64.374977
-64.381226
-64.381226
-64.39373
-64.415604
-64.387482
-64.390602
-64.390602
-64.381226
-64.374977
-64.390602
-64.390602
-64.378105
-64.374977
-64.374977
-64.384354
-64.387482
-64.390602
-64.403107
-64.412476
-64.39373
-64.390602
-64.384354
-64.390602
-64.418732
-64.406227
-64.396851
-64.421852
-64.387482
-64.384354
-64.409355
-64.39373
-64.396851
-64.409355
-64.387482
-64.403107
-64.381226
-64.378105
-64.371857
-64.378105
-64.368729
-64.387482
-64.371857
-64.374977
-64.371857
-64.359352
-64.359352
-64.374977
-64.384354
-64.387482
-64.390602
-64.365601
-64.368729
-64.371857
-64.368729
-64.387482
-64.403107
-64.387482
-64.390602
-64.399979
-64.396851
-64.381226
-64.378105
-64.359352
-64.371857
-64.378105
-64.374977
-64.396851
-64.39373
-64.378105
-64.396851
-64.399979
-64.390602
-64.39373
-64.371857
-64.371857
-64.399979
-64.403107
-64.399979
-64.412476
-64.390602
-64.409355
-64.39373
-64.396851
-64.399979
-64.406227
-64.381226
-64.387482
-64.387482
-64.390602
-64.39373
-64.399979
-64.381226
-64.374977
-64.368729
-64.371857
-64.359352
-64.36248
-64.368729
-64.396851
-64.396851
-64.396851
-64.406227
-64.403107
-64.39373
-64.421852
-64.403107
-64.403107
-64.399979
-64.381226
-64.396851
-64.390602
-64.396851
-64.421852
-64.431229
-64.412476
-64.396851
-64.384354
-64.387482
-64.406227
-64.39373
-64.396851
-64.412476
-64.39373
-64.390602
-64.39373
-64.387482
-64.371857
-64.374977
-64.374977
-64.381226
-64.403107
-64.384354
-64.390602
-64.381226
-64.359352
-64.387482
-64.390602
-64.365601
-64.387482
-64.356232
-64.334358
-64.365601
-64.353104
-64.356232
-64.371857
-64.359352
-64.368729
-64.378105
-64.359352
-64.371857
-64.368729
-64.359352
-64.346855
-64.343735
-64.356232
-64.359352
-64.381226
-64.36248
-64.374977
-64.368729
-64.378105
-64.365601
-64.384354
-64.378105
-64.387482
-64.371857
-64.346855
-64.353104
-64.346855
-64.356232
-64.356232
-64.349976
-64.346855
-64.346855
-64.346855
-64.334358
-64.346855
-64.359352
-64.353104
-64.365601
-64.356232
-64.356232
-64.384354
-64.384354
-64.387482
-64.390602
-64.381226
-64.374977
-64.359352
-64.36248
-64.371857
-64.349976
-64.334358
-64.346855
-64.356232
-64.365601
-64.359352
-64.346855
-64.337486
-64.353104
-64.346855
-64.321861
-64.32811
-64.306236
-64.309357
-64.334358
-64.32811
-64.334358
-64.346855
-64.340607
-64.349976
-64.334358
-64.318733
-64.32811
-64.32811
-64.324982
-64.346855
-64.340607
-64.318733
-64.321861
-64.318733
-64.334358
-64.33123
-64.343735
-64.32811
-64.353104
-64.356232
-64.346855
-64.365601
-64.359352
-64.343735
-64.36248
-64.337486
-64.334358
-64.346855
-64.321861
-64.343735
-64.349976
-64.334358
-64.353104
-64.346855
-64.321861
-64.312485
-64.324982
-64.334358
-64.337486
-64.309357
-64.315605
-64.343735
-64.337486
-64.343735
-64.356232
-64.353104
-64.346855
-64.353104
-64.368729
-64.365601
-64.371857
-64.36248
-64.346855
-64.33123
-64.32811
-64.321861
-64.334358
-64.334358
-64.324982
-64.334358
-64.324982
-64.334358
-64.343735
-64.312485
-64.340607
-64.346855
-64.346855
-64.343735
-64.36248
-64.353104
-64.381226
-64.368729
-64.356232
-64.365601
-64.349976
-64.353104
-64.36248
-64.356232
-64.368729
-64.365601
-64.343735
-64.359352
-64.353104
-64.334358
-64.349976
-64.359352
-64.346855
-64.356232
-64.359352
-64.346855
-64.356232
-64.353104
-64.353104
-64.36248
-64.349976
-64.32811
-64.33123
-64.334358
-64.346855
-64.359352
-64.378105
-64.374977
-64.390602
-64.359352
-64.387482
-64.384354
-64.368729
-64.381226
-64.381226
-64.356232
-64.365601
-64.39373
-64.399979
-64.396851
-64.403107
-64.384354
-64.412476
-64.409355
-64.406227
-64.399979
-64.396851
-64.384354
-64.384354
-64.387482
-64.396851
-64.396851
-64.387482
-64.396851
-64.396851
-64.396851
-64.390602
-64.399979
-64.399979
-64.387482
-64.396851
-64.368729
-64.384354
-64.368729
-64.349976
-64.368729
-64.346855
-64.359352
-64.387482
-64.381226
-64.368729
-64.390602
-64.390602
-64.399979
-64.403107
-64.39373
-64.39373
-64.399979
-64.39373
-64.396851
-64.412476
-64.374977
-64.381226
-64.39373
-64.390602
-64.371857
-64.371857
-64.371857
-64.387482
-64.384354
